strategy,record_coverage_4d,population_coverage_4d,record_coverage_3d,population_coverage_3d,record_coverage_2d,population_coverage_2d,record_coverage_1d,population_coverage_1d,cmo,records,population,records_4d,population_4d,records_3d,population_3d,records_2d,population_2d,records_1d,population_1d,cmo_label,official_destinations_4d,official_n_destinations_4d,official_maximum_level,review_rules,review_rule_types,review_scopes,application_variables,panel_pair_n_max,panel_forward_share_max,panel_reverse_share_max
oficial,1,1,1,1,1,1,1,1,4100,8063,3473701,8063,3473701,8063,3473701,8063,3473701,8063,3473701,Trabajadores en el cultivo de maíz y/o frijol,6111,1,4d,NA,NA,NA,NA,NA,NA,NA
oficial_panel,1,1,1,1,1,1,1,1,4100,8063,3473701,8063,3473701,8063,3473701,8063,3473701,8063,3473701,Trabajadores en el cultivo de maíz y/o frijol,6111,1,4d,NA,NA,NA,NA,NA,NA,NA
oficial_panel_enoe,1,1,1,1,1,1,1,1,4100,8063,3473701,8063,3473701,8063,3473701,8063,3473701,8063,3473701,Trabajadores en el cultivo de maíz y/o frijol,6111,1,4d,NA,NA,NA,NA,NA,NA,NA
oficial,0,0,1,1,1,1,1,1,7111,12287,3460965,0,0,12287,3460965,12287,3460965,12287,3460965,Despachadores y dependientes de comercio,4211|4212|4213|4214,4,3d,CMO2012_SINCO2011_GLOBAL_7111,panel_global,validacion_panel_ENOE,cmo_4d,1809,0.6465926949804025,0.7742411399436193
oficial_panel,1,1,1,1,1,1,1,1,7111,12287,3460965,12287,3460965,12287,3460965,12287,3460965,12287,3460965,Despachadores y dependientes de comercio,4211|4212|4213|4214,4,3d,CMO2012_SINCO2011_GLOBAL_7111,panel_global,validacion_panel_ENOE,cmo_4d,1809,0.6465926949804025,0.7742411399436193
oficial_panel_enoe,1,1,1,1,1,1,1,1,7111,12287,3460965,12287,3460965,12287,3460965,12287,3460965,12287,3460965,Despachadores y dependientes de comercio,4211|4212|4213|4214,4,3d,CMO2012_SINCO2011_GLOBAL_7111,panel_global,validacion_panel_ENOE,cmo_4d,1809,0.6465926949804025,0.7742411399436193
oficial,1,1,1,1,1,1,1,1,7100,7920,2395379,7920,2395379,7920,2395379,7920,2395379,7920,2395379,Comerciantes en establecimientos,4111,1,4d,NA,NA,NA,NA,NA,NA,NA
oficial_panel,1,1,1,1,1,1,1,1,7100,7920,2395379,7920,2395379,7920,2395379,7920,2395379,7920,2395379,Comerciantes en establecimientos,4111,1,4d,NA,NA,NA,NA,NA,NA,NA
oficial_panel_enoe,1,1,1,1,1,1,1,1,7100,7920,2395379,7920,2395379,7920,2395379,7920,2395379,7920,2395379,Comerciantes en establecimientos,4111,1,4d,NA,NA,NA,NA,NA,NA,NA
oficial,0,0,0,0,0,0,0,0,8200,6593,1922531,0,0,0,0,0,0,0,0,Trabajadores en servicios domésticos,5113|9611|9643,3,unresolved,CMO2012_SINCO2011_GLOBAL_8200,panel_global,validacion_panel_ENOE,cmo_4d,2145,0.9216315072898476,0.9690190752162144
oficial_panel,1,1,1,1,1,1,1,1,8200,6593,1922531,6593,1922531,6593,1922531,6593,1922531,6593,1922531,Trabajadores en servicios domésticos,5113|9611|9643,3,unresolved,CMO2012_SINCO2011_GLOBAL_8200,panel_global,validacion_panel_ENOE,cmo_4d,2145,0.9216315072898476,0.9690190752162144
oficial_panel_enoe,1,1,1,1,1,1,1,1,8200,6593,1922531,6593,1922531,6593,1922531,6593,1922531,6593,1922531,Trabajadores en servicios domésticos,5113|9611|9643,3,unresolved,CMO2012_SINCO2011_GLOBAL_8200,panel_global,validacion_panel_ENOE,cmo_4d,2145,0.9216315072898476,0.9690190752162144
oficial,1,1,1,1,1,1,1,1,5460,4530,1373899,4530,1373899,4530,1373899,4530,1373899,4530,1373899,"Ayudantes, peones y similares en la construcción",9221,1,4d,NA,NA,NA,NA,NA,NA,NA
oficial_panel,1,1,1,1,1,1,1,1,5460,4530,1373899,4530,1373899,4530,1373899,4530,1373899,4530,1373899,"Ayudantes, peones y similares en la construcción",9221,1,4d,NA,NA,NA,NA,NA,NA,NA
oficial_panel_enoe,1,1,1,1,1,1,1,1,5460,4530,1373899,4530,1373899,4530,1373899,4530,1373899,4530,1373899,"Ayudantes, peones y similares en la construcción",9221,1,4d,NA,NA,NA,NA,NA,NA,NA
oficial,0,0,0,0,0,0,0,0,7201,4153,1266964,0,0,0,0,0,0,0,0,Vendedores ambulantes de artículos diversos,4224|9512|9661|9663,4,unresolved,CMO2012_SINCO2011_SCIAN_7201_14|CMO2012_SINCO2011_P4F_7201_3|CMO2012_SINCO2011_P4F_7201_8|CMO2012_SINCO2011_P4A_P4F_7201_4632_2,scian_sector|p4f|p4a_p4f,aplicacion_auxiliar_ENOE,cmo_4d|scian|cmo_4d|p4f|cmo_4d|p4a|p4f,269,0.9711624274877289,1
oficial_panel,0,0,0,0,0,0,0,0,7201,4153,1266964,0,0,0,0,0,0,0,0,Vendedores ambulantes de artículos diversos,4224|9512|9661|9663,4,unresolved,CMO2012_SINCO2011_SCIAN_7201_14|CMO2012_SINCO2011_P4F_7201_3|CMO2012_SINCO2011_P4F_7201_8|CMO2012_SINCO2011_P4A_P4F_7201_4632_2,scian_sector|p4f|p4a_p4f,aplicacion_auxiliar_ENOE,cmo_4d|scian|cmo_4d|p4f|cmo_4d|p4a|p4f,269,0.9711624274877289,1
oficial_panel_enoe,0.6265350349145197,0.6752086089265362,0.6265350349145197,0.6752086089265362,0.6265350349145197,0.6752086089265362,1,1,7201,4153,1266964,2602,855465,2602,855465,2602,855465,4153,1266964,Vendedores ambulantes de artículos diversos,4224|9512|9661|9663,4,unresolved,CMO2012_SINCO2011_SCIAN_7201_14|CMO2012_SINCO2011_P4F_7201_3|CMO2012_SINCO2011_P4F_7201_8|CMO2012_SINCO2011_P4A_P4F_7201_4632_2,scian_sector|p4f|p4a_p4f,aplicacion_auxiliar_ENOE,cmo_4d|scian|cmo_4d|p4f|cmo_4d|p4a|p4f,269,0.9711624274877289,1
oficial,0,0,1,1,1,1,1,1,8124,4589,1209335,0,0,4589,1209335,4589,1209335,4589,1209335,"Trabajadores de aseo en oficinas, escuelas, hospitales y otros establecimientos",9621|9631|9662,3,2d,CMO2012_SINCO2011_GLOBAL_8124,panel_global,validacion_panel_ENOE,cmo_4d,688,0.5995489914948705,0.773184342778113
oficial_panel,1,1,1,1,1,1,1,1,8124,4589,1209335,4589,1209335,4589,1209335,4589,1209335,4589,1209335,"Trabajadores de aseo en oficinas, escuelas, hospitales y otros establecimientos",9621|9631|9662,3,2d,CMO2012_SINCO2011_GLOBAL_8124,panel_global,validacion_panel_ENOE,cmo_4d,688,0.5995489914948705,0.773184342778113
oficial_panel_enoe,1,1,1,1,1,1,1,1,8124,4589,1209335,4589,1209335,4589,1209335,4589,1209335,4589,1209335,"Trabajadores de aseo en oficinas, escuelas, hospitales y otros establecimientos",9621|9631|9662,3,2d,CMO2012_SINCO2011_GLOBAL_8124,panel_global,validacion_panel_ENOE,cmo_4d,688,0.5995489914948705,0.773184342778113
oficial,1,1,1,1,1,1,1,1,5520,3902,1099270,3902,1099270,3902,1099270,3902,1099270,3902,1099270,"Conductores de autobuses, camiones, camionetas y automóviles de pasajeros",8342,1,4d,NA,NA,NA,NA,NA,NA,NA
oficial_panel,1,1,1,1,1,1,1,1,5520,3902,1099270,3902,1099270,3902,1099270,3902,1099270,3902,1099270,"Conductores de autobuses, camiones, camionetas y automóviles de pasajeros",8342,1,4d,NA,NA,NA,NA,NA,NA,NA
oficial_panel_enoe,1,1,1,1,1,1,1,1,5520,3902,1099270,3902,1099270,3902,1099270,3902,1099270,3902,1099270,"Conductores de autobuses, camiones, camionetas y automóviles de pasajeros",8342,1,4d,NA,NA,NA,NA,NA,NA,NA
oficial,1,1,1,1,1,1,1,1,5260,4104,1096883,4104,1096883,4104,1096883,4104,1096883,4104,1096883,Albañiles,7121,1,4d,NA,NA,NA,NA,NA,NA,NA
oficial_panel,1,1,1,1,1,1,1,1,5260,4104,1096883,4104,1096883,4104,1096883,4104,1096883,4104,1096883,Albañiles,7121,1,4d,NA,NA,NA,NA,NA,NA,NA
oficial_panel_enoe,1,1,1,1,1,1,1,1,5260,4104,1096883,4104,1096883,4104,1096883,4104,1096883,4104,1096883,Albañiles,7121,1,4d,NA,NA,NA,NA,NA,NA,NA
oficial,0,0,1,1,1,1,1,1,8100,3507,985557,0,0,3507,985557,3507,985557,3507,985557,Fonderos (preparan y sirven alimentos) en establecimientos,5112|5114,2,3d,NA,NA,NA,NA,NA,NA,NA
oficial_panel,0,0,1,1,1,1,1,1,8100,3507,985557,0,0,3507,985557,3507,985557,3507,985557,Fonderos (preparan y sirven alimentos) en establecimientos,5112|5114,2,3d,NA,NA,NA,NA,NA,NA,NA
oficial_panel_enoe,0,0,1,1,1,1,1,1,8100,3507,985557,0,0,3507,985557,3507,985557,3507,985557,Fonderos (preparan y sirven alimentos) en establecimientos,5112|5114,2,3d,NA,NA,NA,NA,NA,NA,NA
oficial,0,0,0,0,0,0,0,0,6270,3914,900434,0,0,0,0,0,0,0,0,Otros trabajadores en servicios administrativos no clasificados anteriormente,3115|9731|9732,3,unresolved,CMO2012_SINCO2011_SCIAN_6270_15,scian_sector,aplicacion_auxiliar_ENOE,cmo_4d|scian,42,0.5778953834522516,0.5914194816131749
oficial_panel,0,0,0,0,0,0,0,0,6270,3914,900434,0,0,0,0,0,0,0,0,Otros trabajadores en servicios administrativos no clasificados anteriormente,3115|9731|9732,3,unresolved,CMO2012_SINCO2011_SCIAN_6270_15,scian_sector,aplicacion_auxiliar_ENOE,cmo_4d|scian,42,0.5778953834522516,0.5914194816131749
oficial_panel_enoe,0.0858456821665815,0.08272011052448042,0.0858456821665815,0.08272011052448042,0.0858456821665815,0.08272011052448042,1,1,6270,3914,900434,336,74484,336,74484,336,74484,3914,900434,Otros trabajadores en servicios administrativos no clasificados anteriormente,3115|9731|9732,3,unresolved,CMO2012_SINCO2011_SCIAN_6270_15,scian_sector,aplicacion_auxiliar_ENOE,cmo_4d|scian,42,0.5778953834522516,0.5914194816131749
oficial,1,1,1,1,1,1,1,1,7210,2692,853855,2692,853855,2692,853855,2692,853855,2692,853855,Vendedores y preparadores de alimentos en la vía pública,9521,1,4d,NA,NA,NA,NA,NA,NA,NA
oficial_panel,1,1,1,1,1,1,1,1,7210,2692,853855,2692,853855,2692,853855,2692,853855,2692,853855,Vendedores y preparadores de alimentos en la vía pública,9521,1,4d,NA,NA,NA,NA,NA,NA,NA
oficial_panel_enoe,1,1,1,1,1,1,1,1,7210,2692,853855,2692,853855,2692,853855,2692,853855,2692,853855,Vendedores y preparadores de alimentos en la vía pública,9521,1,4d,NA,NA,NA,NA,NA,NA,NA
oficial,1,1,1,1,1,1,1,1,5521,2694,832961,2694,832961,2694,832961,2694,832961,2694,832961,"Conductores de camiones, camionetas y automóviles de carga",8341,1,4d,NA,NA,NA,NA,NA,NA,NA
oficial_panel,1,1,1,1,1,1,1,1,5521,2694,832961,2694,832961,2694,832961,2694,832961,2694,832961,"Conductores de camiones, camionetas y automóviles de carga",8341,1,4d,NA,NA,NA,NA,NA,NA,NA
oficial_panel_enoe,1,1,1,1,1,1,1,1,5521,2694,832961,2694,832961,2694,832961,2694,832961,2694,832961,"Conductores de camiones, camionetas y automóviles de carga",8341,1,4d,NA,NA,NA,NA,NA,NA,NA
oficial,1,1,1,1,1,1,1,1,6200,3097,777117,3097,777117,3097,777117,3097,777117,3097,777117,Secretarias,3111,1,4d,NA,NA,NA,NA,NA,NA,NA
oficial_panel,1,1,1,1,1,1,1,1,6200,3097,777117,3097,777117,3097,777117,3097,777117,3097,777117,Secretarias,3111,1,4d,NA,NA,NA,NA,NA,NA,NA
oficial_panel_enoe,1,1,1,1,1,1,1,1,6200,3097,777117,3097,777117,3097,777117,3097,777117,3097,777117,Secretarias,3111,1,4d,NA,NA,NA,NA,NA,NA,NA
oficial,1,1,1,1,1,1,1,1,1330,2425,660802,2425,660802,2425,660802,2425,660802,2425,660802,Profesores de enseñanza primaria,2332,1,4d,NA,NA,NA,NA,NA,NA,NA
oficial_panel,1,1,1,1,1,1,1,1,1330,2425,660802,2425,660802,2425,660802,2425,660802,2425,660802,Profesores de enseñanza primaria,2332,1,4d,NA,NA,NA,NA,NA,NA,NA
oficial_panel_enoe,1,1,1,1,1,1,1,1,1330,2425,660802,2425,660802,2425,660802,2425,660802,2425,660802,Profesores de enseñanza primaria,2332,1,4d,NA,NA,NA,NA,NA,NA,NA
oficial,0,0,0,0,0,0,0,0,8303,2449,652645,0,0,0,0,0,0,0,0,Vigilantes y guardias,5313|9633,2,unresolved,CMO2012_SINCO2011_GLOBAL_8303,panel_global,validacion_panel_ENOE,cmo_4d,438,0.7702987223838127,0.8116180563959821
oficial_panel,1,1,1,1,1,1,1,1,8303,2449,652645,2449,652645,2449,652645,2449,652645,2449,652645,Vigilantes y guardias,5313|9633,2,unresolved,CMO2012_SINCO2011_GLOBAL_8303,panel_global,validacion_panel_ENOE,cmo_4d,438,0.7702987223838127,0.8116180563959821
oficial_panel_enoe,1,1,1,1,1,1,1,1,8303,2449,652645,2449,652645,2449,652645,2449,652645,2449,652645,Vigilantes y guardias,5313|9633,2,unresolved,CMO2012_SINCO2011_GLOBAL_8303,panel_global,validacion_panel_ENOE,cmo_4d,438,0.7702987223838127,0.8116180563959821
oficial,1,1,1,1,1,1,1,1,5202,2074,608115,2074,608115,2074,608115,2074,608115,2074,608115,"Trabajadores en la elaboración de pan, tortilla, repostería y otros productos de cereales y harinas",7513,1,4d,NA,NA,NA,NA,NA,NA,NA
oficial_panel,1,1,1,1,1,1,1,1,5202,2074,608115,2074,608115,2074,608115,2074,608115,2074,608115,"Trabajadores en la elaboración de pan, tortilla, repostería y otros productos de cereales y harinas",7513,1,4d,NA,NA,NA,NA,NA,NA,NA
oficial_panel_enoe,1,1,1,1,1,1,1,1,5202,2074,608115,2074,608115,2074,608115,2074,608115,2074,608115,"Trabajadores en la elaboración de pan, tortilla, repostería y otros productos de cereales y harinas",7513,1,4d,NA,NA,NA,NA,NA,NA,NA
oficial,1,1,1,1,1,1,1,1,4103,1849,568617,1849,568617,1849,568617,1849,568617,1849,568617,Trabajadores en el cultivo de hortalizas y verduras,6112,1,4d,NA,NA,NA,NA,NA,NA,NA
oficial_panel,1,1,1,1,1,1,1,1,4103,1849,568617,1849,568617,1849,568617,1849,568617,1849,568617,Trabajadores en el cultivo de hortalizas y verduras,6112,1,4d,NA,NA,NA,NA,NA,NA,NA
oficial_panel_enoe,1,1,1,1,1,1,1,1,4103,1849,568617,1849,568617,1849,568617,1849,568617,1849,568617,Trabajadores en el cultivo de hortalizas y verduras,6112,1,4d,NA,NA,NA,NA,NA,NA,NA
oficial,1,1,1,1,1,1,1,1,5208,2021,532877,2021,532877,2021,532877,2021,532877,2021,532877,Trabajadores en la elaboración de comidas,5111,1,4d,NA,NA,NA,NA,NA,NA,NA
oficial_panel,1,1,1,1,1,1,1,1,5208,2021,532877,2021,532877,2021,532877,2021,532877,2021,532877,Trabajadores en la elaboración de comidas,5111,1,4d,NA,NA,NA,NA,NA,NA,NA
oficial_panel_enoe,1,1,1,1,1,1,1,1,5208,2021,532877,2021,532877,2021,532877,2021,532877,2021,532877,Trabajadores en la elaboración de comidas,5111,1,4d,NA,NA,NA,NA,NA,NA,NA
oficial,0,0,1,1,1,1,1,1,6210,2108,528437,0,0,2108,528437,2108,528437,2108,528437,"Cajeros, pagadores y cobradores",3121|3122,2,3d,CMO2012_SINCO2011_GLOBAL_6210,panel_global,validacion_panel_ENOE,cmo_4d,279,0.5566281392694064,0.6398828086531202
oficial_panel,1,1,1,1,1,1,1,1,6210,2108,528437,2108,528437,2108,528437,2108,528437,2108,528437,"Cajeros, pagadores y cobradores",3121|3122,2,3d,CMO2012_SINCO2011_GLOBAL_6210,panel_global,validacion_panel_ENOE,cmo_4d,279,0.5566281392694064,0.6398828086531202
oficial_panel_enoe,1,1,1,1,1,1,1,1,6210,2108,528437,2108,528437,2108,528437,2108,528437,2108,528437,"Cajeros, pagadores y cobradores",3121|3122,2,3d,CMO2012_SINCO2011_GLOBAL_6210,panel_global,validacion_panel_ENOE,cmo_4d,279,0.5566281392694064,0.6398828086531202
oficial,0,0,1,1,1,1,1,1,8101,2022,514143,0,0,2022,514143,2022,514143,2022,514143,"Cantineros, meseros y camareros",5115|5116,2,3d,CMO2012_SINCO2011_GLOBAL_8101,panel_global,validacion_panel_ENOE,cmo_4d,222,0.603519646301554,0.7020052374688026
oficial_panel,1,1,1,1,1,1,1,1,8101,2022,514143,2022,514143,2022,514143,2022,514143,2022,514143,"Cantineros, meseros y camareros",5115|5116,2,3d,CMO2012_SINCO2011_GLOBAL_8101,panel_global,validacion_panel_ENOE,cmo_4d,222,0.603519646301554,0.7020052374688026
oficial_panel_enoe,1,1,1,1,1,1,1,1,8101,2022,514143,2022,514143,2022,514143,2022,514143,2022,514143,"Cantineros, meseros y camareros",5115|5116,2,3d,CMO2012_SINCO2011_GLOBAL_8101,panel_global,validacion_panel_ENOE,cmo_4d,222,0.603519646301554,0.7020052374688026
oficial,1,1,1,1,1,1,1,1,4106,1488,485681,1488,485681,1488,485681,1488,485681,1488,485681,Trabajadores en el cultivo de frutales,6114,1,4d,NA,NA,NA,NA,NA,NA,NA
oficial_panel,1,1,1,1,1,1,1,1,4106,1488,485681,1488,485681,1488,485681,1488,485681,1488,485681,Trabajadores en el cultivo de frutales,6114,1,4d,NA,NA,NA,NA,NA,NA,NA
oficial_panel_enoe,1,1,1,1,1,1,1,1,4106,1488,485681,1488,485681,1488,485681,1488,485681,1488,485681,Trabajadores en el cultivo de frutales,6114,1,4d,NA,NA,NA,NA,NA,NA,NA
oficial,1,1,1,1,1,1,1,1,5245,1761,484603,1761,484603,1761,484603,1761,484603,1761,484603,"Mecánicos, ajustadores y trabajadores de mantenimiento y reparación de vehiculos de motor (aviones, automóviles, etcétera)",2632,1,4d,NA,NA,NA,NA,NA,NA,NA
oficial_panel,1,1,1,1,1,1,1,1,5245,1761,484603,1761,484603,1761,484603,1761,484603,1761,484603,"Mecánicos, ajustadores y trabajadores de mantenimiento y reparación de vehiculos de motor (aviones, automóviles, etcétera)",2632,1,4d,NA,NA,NA,NA,NA,NA,NA
oficial_panel_enoe,1,1,1,1,1,1,1,1,5245,1761,484603,1761,484603,1761,484603,1761,484603,1761,484603,"Mecánicos, ajustadores y trabajadores de mantenimiento y reparación de vehiculos de motor (aviones, automóviles, etcétera)",2632,1,4d,NA,NA,NA,NA,NA,NA,NA
oficial,0,0,0,0,0,0,0,0,5400,1734,453965,0,0,0,0,0,0,0,0,"Ayudantes, peones y similares en la fabricación de alimentos, bebidas y productos de tabaco",9236|9411,2,1d,NA,NA,NA,NA,NA,NA,NA
oficial_panel,0,0,0,0,0,0,0,0,5400,1734,453965,0,0,0,0,0,0,0,0,"Ayudantes, peones y similares en la fabricación de alimentos, bebidas y productos de tabaco",9236|9411,2,1d,NA,NA,NA,NA,NA,NA,NA
oficial_panel_enoe,0,0,0,0,0,0,1,1,5400,1734,453965,0,0,0,0,0,0,1734,453965,"Ayudantes, peones y similares en la fabricación de alimentos, bebidas y productos de tabaco",9236|9411,2,1d,NA,NA,NA,NA,NA,NA,NA
oficial,1,1,1,1,1,1,1,1,5440,1616,448109,1616,448109,1616,448109,1616,448109,1616,448109,"Ayudantes, peones y similares en la fabricación metalúrgica y en la fabricación de maquinaria y productos metálicos, eléctricos y electrónicos",9231,1,4d,NA,NA,NA,NA,NA,NA,NA
oficial_panel,1,1,1,1,1,1,1,1,5440,1616,448109,1616,448109,1616,448109,1616,448109,1616,448109,"Ayudantes, peones y similares en la fabricación metalúrgica y en la fabricación de maquinaria y productos metálicos, eléctricos y electrónicos",9231,1,4d,NA,NA,NA,NA,NA,NA,NA
oficial_panel_enoe,1,1,1,1,1,1,1,1,5440,1616,448109,1616,448109,1616,448109,1616,448109,1616,448109,"Ayudantes, peones y similares en la fabricación metalúrgica y en la fabricación de maquinaria y productos metálicos, eléctricos y electrónicos",9231,1,4d,NA,NA,NA,NA,NA,NA,NA
oficial,1,1,1,1,1,1,1,1,6221,1420,426574,1420,426574,1420,426574,1420,426574,1420,426574,Trabajadores en control de almacenes y bodegas,3132,1,4d,NA,NA,NA,NA,NA,NA,NA
oficial_panel,1,1,1,1,1,1,1,1,6221,1420,426574,1420,426574,1420,426574,1420,426574,1420,426574,Trabajadores en control de almacenes y bodegas,3132,1,4d,NA,NA,NA,NA,NA,NA,NA
oficial_panel_enoe,1,1,1,1,1,1,1,1,6221,1420,426574,1420,426574,1420,426574,1420,426574,1420,426574,Trabajadores en control de almacenes y bodegas,3132,1,4d,NA,NA,NA,NA,NA,NA,NA
oficial,1,1,1,1,1,1,1,1,1251,1522,409151,1522,409151,1522,409151,1522,409151,1522,409151,Técnicos en ciencias contables financieras,2512,1,4d,NA,NA,NA,NA,NA,NA,NA
oficial_panel,1,1,1,1,1,1,1,1,1251,1522,409151,1522,409151,1522,409151,1522,409151,1522,409151,Técnicos en ciencias contables financieras,2512,1,4d,NA,NA,NA,NA,NA,NA,NA
oficial_panel_enoe,1,1,1,1,1,1,1,1,1251,1522,409151,1522,409151,1522,409151,1522,409151,1522,409151,Técnicos en ciencias contables financieras,2512,1,4d,NA,NA,NA,NA,NA,NA,NA
oficial,1,1,1,1,1,1,1,1,4110,1392,403490,1392,403490,1392,403490,1392,403490,1392,403490,Trabajadores en la cría de ganado bovino,6121,1,4d,NA,NA,NA,NA,NA,NA,NA
oficial_panel,1,1,1,1,1,1,1,1,4110,1392,403490,1392,403490,1392,403490,1392,403490,1392,403490,Trabajadores en la cría de ganado bovino,6121,1,4d,NA,NA,NA,NA,NA,NA,NA
oficial_panel_enoe,1,1,1,1,1,1,1,1,4110,1392,403490,1392,403490,1392,403490,1392,403490,1392,403490,Trabajadores en la cría de ganado bovino,6121,1,4d,NA,NA,NA,NA,NA,NA,NA
oficial,1,1,1,1,1,1,1,1,5222,1237,388572,1237,388572,1237,388572,1237,388572,1237,388572,"Sastres, modistos y costureras que confeccionan o reparan prendas de vestir de tela, cuero, piel y similares",7341,1,4d,NA,NA,NA,NA,NA,NA,NA
oficial_panel,1,1,1,1,1,1,1,1,5222,1237,388572,1237,388572,1237,388572,1237,388572,1237,388572,"Sastres, modistos y costureras que confeccionan o reparan prendas de vestir de tela, cuero, piel y similares",7341,1,4d,NA,NA,NA,NA,NA,NA,NA
oficial_panel_enoe,1,1,1,1,1,1,1,1,5222,1237,388572,1237,388572,1237,388572,1237,388572,1237,388572,"Sastres, modistos y costureras que confeccionan o reparan prendas de vestir de tela, cuero, piel y similares",7341,1,4d,NA,NA,NA,NA,NA,NA,NA
oficial,0,0,1,1,1,1,1,1,1205,1407,384735,0,0,1407,384735,1407,384735,1407,384735,"Técnicos en ingeniería eléctrica, electrónica, informática y en telecomunicaciones",2641|2643|2651|2652,4,2d,CMO2012_SINCO2011_SCIAN_1205_14|CMO2012_SINCO2011_P4A_SCIAN2_1205_81,scian_sector|p4a_scian2,aplicacion_auxiliar_ENOE,cmo_4d|scian|cmo_4d|p4a,59,0.912569786980324,0.8466770015502325
oficial_panel,0,0,1,1,1,1,1,1,1205,1407,384735,0,0,1407,384735,1407,384735,1407,384735,"Técnicos en ingeniería eléctrica, electrónica, informática y en telecomunicaciones",2641|2643|2651|2652,4,2d,CMO2012_SINCO2011_SCIAN_1205_14|CMO2012_SINCO2011_P4A_SCIAN2_1205_81,scian_sector|p4a_scian2,aplicacion_auxiliar_ENOE,cmo_4d|scian|cmo_4d|p4a,59,0.912569786980324,0.8466770015502325
oficial_panel_enoe,0.5280739161336176,0.567419132649746,1,1,1,1,1,1,1205,1407,384735,743,218306,1407,384735,1407,384735,1407,384735,"Técnicos en ingeniería eléctrica, electrónica, informática y en telecomunicaciones",2641|2643|2651|2652,4,2d,CMO2012_SINCO2011_SCIAN_1205_14|CMO2012_SINCO2011_P4A_SCIAN2_1205_81,scian_sector|p4a_scian2,aplicacion_auxiliar_ENOE,cmo_4d|scian|cmo_4d|p4a,59,0.912569786980324,0.8466770015502325
oficial,1,1,1,1,1,1,1,1,7130,1565,377224,1565,377224,1565,377224,1565,377224,1565,377224,"Agentes, representantes, distribuidores y proveedores de ventas",4221,1,4d,NA,NA,NA,NA,NA,NA,NA
oficial_panel,1,1,1,1,1,1,1,1,7130,1565,377224,1565,377224,1565,377224,1565,377224,1565,377224,"Agentes, representantes, distribuidores y proveedores de ventas",4221,1,4d,NA,NA,NA,NA,NA,NA,NA
oficial_panel_enoe,1,1,1,1,1,1,1,1,7130,1565,377224,1565,377224,1565,377224,1565,377224,1565,377224,"Agentes, representantes, distribuidores y proveedores de ventas",4221,1,4d,NA,NA,NA,NA,NA,NA,NA
oficial,0,0,0,0,0,0,0,0,1220,1280,357870,0,0,0,0,0,0,0,0,Enfermeros y técnicos en medicina humana,2811|2817|2821|2823|2824|2825|2826,7,2d,CMO2012_SINCO2011_GLOBAL_1220,panel_global,validacion_panel_ENOE,cmo_4d,284,0.6681570844054499,0.8948676431825884
oficial_panel,1,1,1,1,1,1,1,1,1220,1280,357870,1280,357870,1280,357870,1280,357870,1280,357870,Enfermeros y técnicos en medicina humana,2811|2817|2821|2823|2824|2825|2826,7,2d,CMO2012_SINCO2011_GLOBAL_1220,panel_global,validacion_panel_ENOE,cmo_4d,284,0.6681570844054499,0.8948676431825884
oficial_panel_enoe,1,1,1,1,1,1,1,1,1220,1280,357870,1280,357870,1280,357870,1280,357870,1280,357870,Enfermeros y técnicos en medicina humana,2811|2817|2821|2823|2824|2825|2826,7,2d,CMO2012_SINCO2011_GLOBAL_1220,panel_global,validacion_panel_ENOE,cmo_4d,284,0.6681570844054499,0.8948676431825884
oficial,0,0,1,1,1,1,1,1,1172,1445,354646,0,0,1445,354646,1445,354646,1445,354646,Contadores públicos,2121|2122,2,3d,CMO2012_SINCO2011_GLOBAL_1172,panel_global,validacion_panel_ENOE,cmo_4d,323,0.7143963281526952,0.7720500206239499
oficial_panel,1,1,1,1,1,1,1,1,1172,1445,354646,1445,354646,1445,354646,1445,354646,1445,354646,Contadores públicos,2121|2122,2,3d,CMO2012_SINCO2011_GLOBAL_1172,panel_global,validacion_panel_ENOE,cmo_4d,323,0.7143963281526952,0.7720500206239499
oficial_panel_enoe,1,1,1,1,1,1,1,1,1172,1445,354646,1445,354646,1445,354646,1445,354646,1445,354646,Contadores públicos,2121|2122,2,3d,CMO2012_SINCO2011_GLOBAL_1172,panel_global,validacion_panel_ENOE,cmo_4d,323,0.7143963281526952,0.7720500206239499
oficial,1,1,1,1,1,1,1,1,4108,840,327603,840,327603,840,327603,840,327603,840,327603,"Trabajadores en otros cultivos agrícolas no mencionados anteriormente (caña, nopal, cártamo, etcétera)",6116,1,4d,NA,NA,NA,NA,NA,NA,NA
oficial_panel,1,1,1,1,1,1,1,1,4108,840,327603,840,327603,840,327603,840,327603,840,327603,"Trabajadores en otros cultivos agrícolas no mencionados anteriormente (caña, nopal, cártamo, etcétera)",6116,1,4d,NA,NA,NA,NA,NA,NA,NA
oficial_panel_enoe,1,1,1,1,1,1,1,1,4108,840,327603,840,327603,840,327603,840,327603,840,327603,"Trabajadores en otros cultivos agrícolas no mencionados anteriormente (caña, nopal, cártamo, etcétera)",6116,1,4d,NA,NA,NA,NA,NA,NA,NA
oficial,1,1,1,1,1,1,1,1,1320,1344,327321,1344,327321,1344,327321,1344,327321,1344,327321,Profesores de enseñanza secundaria,2331,1,4d,NA,NA,NA,NA,NA,NA,NA
oficial_panel,1,1,1,1,1,1,1,1,1320,1344,327321,1344,327321,1344,327321,1344,327321,1344,327321,Profesores de enseñanza secundaria,2331,1,4d,NA,NA,NA,NA,NA,NA,NA
oficial_panel_enoe,1,1,1,1,1,1,1,1,1320,1344,327321,1344,327321,1344,327321,1344,327321,1344,327321,Profesores de enseñanza secundaria,2331,1,4d,NA,NA,NA,NA,NA,NA,NA
oficial,1,1,1,1,1,1,1,1,8126,976,316158,976,316158,976,316158,976,316158,976,316158,Cargadores y descargadores de mercancías,9331,1,4d,NA,NA,NA,NA,NA,NA,NA
oficial_panel,1,1,1,1,1,1,1,1,8126,976,316158,976,316158,976,316158,976,316158,976,316158,Cargadores y descargadores de mercancías,9331,1,4d,NA,NA,NA,NA,NA,NA,NA
oficial_panel_enoe,1,1,1,1,1,1,1,1,8126,976,316158,976,316158,976,316158,976,316158,976,316158,Cargadores y descargadores de mercancías,9331,1,4d,NA,NA,NA,NA,NA,NA,NA
oficial,1,1,1,1,1,1,1,1,8130,1200,310898,1200,310898,1200,310898,1200,310898,1200,310898,"Peluqueros, barberos, estilistas y peinadores",5211,1,4d,NA,NA,NA,NA,NA,NA,NA
oficial_panel,1,1,1,1,1,1,1,1,8130,1200,310898,1200,310898,1200,310898,1200,310898,1200,310898,"Peluqueros, barberos, estilistas y peinadores",5211,1,4d,NA,NA,NA,NA,NA,NA,NA
oficial_panel_enoe,1,1,1,1,1,1,1,1,8130,1200,310898,1200,310898,1200,310898,1200,310898,1200,310898,"Peluqueros, barberos, estilistas y peinadores",5211,1,4d,NA,NA,NA,NA,NA,NA,NA
oficial,0,0,1,1,1,1,1,1,5230,1060,308936,0,0,1060,308936,1060,308936,1060,308936,"Carpinteros, ebanistas, barnizadores, cepilladores y similares, en la elaboración de productos de madera",7123|7311|7312,3,1d,CMO2012_SINCO2011_GLOBAL_5230,panel_global,validacion_panel_ENOE,cmo_4d,183,0.7717190388170055,0.757788674682609
oficial_panel,1,1,1,1,1,1,1,1,5230,1060,308936,1060,308936,1060,308936,1060,308936,1060,308936,"Carpinteros, ebanistas, barnizadores, cepilladores y similares, en la elaboración de productos de madera",7123|7311|7312,3,1d,CMO2012_SINCO2011_GLOBAL_5230,panel_global,validacion_panel_ENOE,cmo_4d,183,0.7717190388170055,0.757788674682609
oficial_panel_enoe,1,1,1,1,1,1,1,1,5230,1060,308936,1060,308936,1060,308936,1060,308936,1060,308936,"Carpinteros, ebanistas, barnizadores, cepilladores y similares, en la elaboración de productos de madera",7123|7311|7312,3,1d,CMO2012_SINCO2011_GLOBAL_5230,panel_global,validacion_panel_ENOE,cmo_4d,183,0.7717190388170055,0.757788674682609
oficial,1,1,1,1,1,1,1,1,1160,1178,302750,1178,302750,1178,302750,1178,302750,1178,302750,Abogados,2135,1,4d,NA,NA,NA,NA,NA,NA,NA
oficial_panel,1,1,1,1,1,1,1,1,1160,1178,302750,1178,302750,1178,302750,1178,302750,1178,302750,Abogados,2135,1,4d,NA,NA,NA,NA,NA,NA,NA
oficial_panel_enoe,1,1,1,1,1,1,1,1,1160,1178,302750,1178,302750,1178,302750,1178,302750,1178,302750,Abogados,2135,1,4d,NA,NA,NA,NA,NA,NA,NA
oficial,1,1,1,1,1,1,1,1,5345,955,299088,955,299088,955,299088,955,299088,955,299088,Ensambladores y montadores de partes eléctricas y electrónicas,8212,1,4d,NA,NA,NA,NA,NA,NA,NA
oficial_panel,1,1,1,1,1,1,1,1,5345,955,299088,955,299088,955,299088,955,299088,955,299088,Ensambladores y montadores de partes eléctricas y electrónicas,8212,1,4d,NA,NA,NA,NA,NA,NA,NA
oficial_panel_enoe,1,1,1,1,1,1,1,1,5345,955,299088,955,299088,955,299088,955,299088,955,299088,Ensambladores y montadores de partes eléctricas y electrónicas,8212,1,4d,NA,NA,NA,NA,NA,NA,NA
oficial,0,0,0,0,0,0,0,0,8301,1001,293593,0,0,0,0,0,0,0,0,Policías y agentes de tránsito,1526|5301|5312,3,unresolved,CMO2012_SINCO2011_GLOBAL_8301,panel_global,validacion_panel_ENOE,cmo_4d,470,0.7574605412022182,0.8942166294765337
oficial_panel,1,1,1,1,1,1,1,1,8301,1001,293593,1001,293593,1001,293593,1001,293593,1001,293593,Policías y agentes de tránsito,1526|5301|5312,3,unresolved,CMO2012_SINCO2011_GLOBAL_8301,panel_global,validacion_panel_ENOE,cmo_4d,470,0.7574605412022182,0.8942166294765337
oficial_panel_enoe,1,1,1,1,1,1,1,1,8301,1001,293593,1001,293593,1001,293593,1001,293593,1001,293593,Policías y agentes de tránsito,1526|5301|5312,3,unresolved,CMO2012_SINCO2011_GLOBAL_8301,panel_global,validacion_panel_ENOE,cmo_4d,470,0.7574605412022182,0.8942166294765337
oficial,1,1,1,1,1,1,1,1,6111,1062,287126,1062,287126,1062,287126,1062,287126,1062,287126,"Jefes de departamento, coordinadores y supervisores en administración, recursos humanos, materiales, archivo y similares",1511,1,4d,NA,NA,NA,NA,NA,NA,NA
oficial_panel,1,1,1,1,1,1,1,1,6111,1062,287126,1062,287126,1062,287126,1062,287126,1062,287126,"Jefes de departamento, coordinadores y supervisores en administración, recursos humanos, materiales, archivo y similares",1511,1,4d,NA,NA,NA,NA,NA,NA,NA
oficial_panel_enoe,1,1,1,1,1,1,1,1,6111,1062,287126,1062,287126,1062,287126,1062,287126,1062,287126,"Jefes de departamento, coordinadores y supervisores en administración, recursos humanos, materiales, archivo y similares",1511,1,4d,NA,NA,NA,NA,NA,NA,NA
oficial,1,1,1,1,1,1,1,1,1340,1135,279995,1135,279995,1135,279995,1135,279995,1135,279995,Profesores de enseñanza preescolar,2335,1,4d,NA,NA,NA,NA,NA,NA,NA
oficial_panel,1,1,1,1,1,1,1,1,1340,1135,279995,1135,279995,1135,279995,1135,279995,1135,279995,Profesores de enseñanza preescolar,2335,1,4d,NA,NA,NA,NA,NA,NA,NA
oficial_panel_enoe,1,1,1,1,1,1,1,1,1340,1135,279995,1135,279995,1135,279995,1135,279995,1135,279995,Profesores de enseñanza preescolar,2335,1,4d,NA,NA,NA,NA,NA,NA,NA
oficial,0,0,1,1,1,1,1,1,6230,1011,271515,0,0,1011,271515,1011,271515,1011,271515,Recepcionistas y otros trabajadores que brindan información,3211|3212|4232,3,unresolved,CMO2012_SINCO2011_SCIAN_6230_16,scian_sector,aplicacion_auxiliar_ENOE,cmo_4d|scian,63,0.6720886287005817,0.7251150399612497
oficial_panel,0,0,1,1,1,1,1,1,6230,1011,271515,0,0,1011,271515,1011,271515,1011,271515,Recepcionistas y otros trabajadores que brindan información,3211|3212|4232,3,unresolved,CMO2012_SINCO2011_SCIAN_6230_16,scian_sector,aplicacion_auxiliar_ENOE,cmo_4d|scian,63,0.6720886287005817,0.7251150399612497
oficial_panel_enoe,0.27299703264094954,0.25940003314733995,1,1,1,1,1,1,6230,1011,271515,276,70431,1011,271515,1011,271515,1011,271515,Recepcionistas y otros trabajadores que brindan información,3211|3212|4232,3,unresolved,CMO2012_SINCO2011_SCIAN_6230_16,scian_sector,aplicacion_auxiliar_ENOE,cmo_4d|scian,63,0.6720886287005817,0.7251150399612497
oficial,0,0,1,1,1,1,1,1,1130,1094,263027,0,0,1094,263027,1094,263027,1094,263027,Médicos generales y especialistas,2411|2412|2425|2427,4,2d,CMO2012_SINCO2011_GLOBAL_1130,panel_global,validacion_panel_ENOE,cmo_4d,229,0.5866197183098592,0.970638630579076
oficial_panel,1,1,1,1,1,1,1,1,1130,1094,263027,1094,263027,1094,263027,1094,263027,1094,263027,Médicos generales y especialistas,2411|2412|2425|2427,4,2d,CMO2012_SINCO2011_GLOBAL_1130,panel_global,validacion_panel_ENOE,cmo_4d,229,0.5866197183098592,0.970638630579076
oficial_panel_enoe,1,1,1,1,1,1,1,1,1130,1094,263027,1094,263027,1094,263027,1094,263027,1094,263027,Médicos generales y especialistas,2411|2412|2425|2427,4,2d,CMO2012_SINCO2011_GLOBAL_1130,panel_global,validacion_panel_ENOE,cmo_4d,229,0.5866197183098592,0.970638630579076
oficial,1,1,1,1,1,1,1,1,5200,786,249414,786,249414,786,249414,786,249414,786,249414,"Trabajadores en la elaboración de productos de carne, pescado y derivados",7511,1,4d,NA,NA,NA,NA,NA,NA,NA
oficial_panel,1,1,1,1,1,1,1,1,5200,786,249414,786,249414,786,249414,786,249414,786,249414,"Trabajadores en la elaboración de productos de carne, pescado y derivados",7511,1,4d,NA,NA,NA,NA,NA,NA,NA
oficial_panel_enoe,1,1,1,1,1,1,1,1,5200,786,249414,786,249414,786,249414,786,249414,786,249414,"Trabajadores en la elaboración de productos de carne, pescado y derivados",7511,1,4d,NA,NA,NA,NA,NA,NA,NA
oficial,1,1,1,1,1,1,1,1,5270,891,245802,891,245802,891,245802,891,245802,891,245802,Electricistas y linieros,2642,1,4d,NA,NA,NA,NA,NA,NA,NA
oficial_panel,1,1,1,1,1,1,1,1,5270,891,245802,891,245802,891,245802,891,245802,891,245802,Electricistas y linieros,2642,1,4d,NA,NA,NA,NA,NA,NA,NA
oficial_panel_enoe,1,1,1,1,1,1,1,1,5270,891,245802,891,245802,891,245802,891,245802,891,245802,Electricistas y linieros,2642,1,4d,NA,NA,NA,NA,NA,NA,NA
oficial,1,1,1,1,1,1,1,1,5322,872,234600,872,234600,872,234600,872,234600,872,234600,"Operadores de máquinas de coser, bordar y cortar para la fabricación de productos textiles y prendas de vestir",8153,1,4d,NA,NA,NA,NA,NA,NA,NA
oficial_panel,1,1,1,1,1,1,1,1,5322,872,234600,872,234600,872,234600,872,234600,872,234600,"Operadores de máquinas de coser, bordar y cortar para la fabricación de productos textiles y prendas de vestir",8153,1,4d,NA,NA,NA,NA,NA,NA,NA
oficial_panel_enoe,1,1,1,1,1,1,1,1,5322,872,234600,872,234600,872,234600,872,234600,872,234600,"Operadores de máquinas de coser, bordar y cortar para la fabricación de productos textiles y prendas de vestir",8153,1,4d,NA,NA,NA,NA,NA,NA,NA
oficial,1,1,1,1,1,1,1,1,4104,336,229565,336,229565,336,229565,336,229565,336,229565,Trabajadores en el cultivo de café y/o cacao,6113,1,4d,NA,NA,NA,NA,NA,NA,NA
oficial_panel,1,1,1,1,1,1,1,1,4104,336,229565,336,229565,336,229565,336,229565,336,229565,Trabajadores en el cultivo de café y/o cacao,6113,1,4d,NA,NA,NA,NA,NA,NA,NA
oficial_panel_enoe,1,1,1,1,1,1,1,1,4104,336,229565,336,229565,336,229565,336,229565,336,229565,Trabajadores en el cultivo de café y/o cacao,6113,1,4d,NA,NA,NA,NA,NA,NA,NA
oficial,1,1,1,1,1,1,1,1,5343,680,205208,680,205208,680,205208,680,205208,680,205208,"Operadores de máquinas que cortan, perforan, doblan, labran, etc., piezas y productos metálicos",8123,1,4d,NA,NA,NA,NA,NA,NA,NA
oficial_panel,1,1,1,1,1,1,1,1,5343,680,205208,680,205208,680,205208,680,205208,680,205208,"Operadores de máquinas que cortan, perforan, doblan, labran, etc., piezas y productos metálicos",8123,1,4d,NA,NA,NA,NA,NA,NA,NA
oficial_panel_enoe,1,1,1,1,1,1,1,1,5343,680,205208,680,205208,680,205208,680,205208,680,205208,"Operadores de máquinas que cortan, perforan, doblan, labran, etc., piezas y productos metálicos",8123,1,4d,NA,NA,NA,NA,NA,NA,NA
oficial,1,1,1,1,1,1,1,1,1300,877,194131,877,194131,877,194131,877,194131,877,194131,Profesores universitarios y de otros establecimientos de enseñanza superior,2321,1,4d,NA,NA,NA,NA,NA,NA,NA
oficial_panel,1,1,1,1,1,1,1,1,1300,877,194131,877,194131,877,194131,877,194131,877,194131,Profesores universitarios y de otros establecimientos de enseñanza superior,2321,1,4d,NA,NA,NA,NA,NA,NA,NA
oficial_panel_enoe,1,1,1,1,1,1,1,1,1300,877,194131,877,194131,877,194131,877,194131,877,194131,Profesores universitarios y de otros establecimientos de enseñanza superior,2321,1,4d,NA,NA,NA,NA,NA,NA,NA
oficial,0,0,1,1,1,1,1,1,5246,637,192753,0,0,637,192753,637,192753,637,192753,"Mecánicos, ajustadores, instaladores y trabajadores de mantenimiento y reparación de maquinaria, instrumentos industriales y equipos de refrigeración",2634|2638,2,3d,CMO2012_SINCO2011_SCIAN_5246_19,scian_sector,aplicacion_auxiliar_ENOE,cmo_4d|scian,24,0.5699985386526377,0.7428050652340752
oficial_panel,0,0,1,1,1,1,1,1,5246,637,192753,0,0,637,192753,637,192753,637,192753,"Mecánicos, ajustadores, instaladores y trabajadores de mantenimiento y reparación de maquinaria, instrumentos industriales y equipos de refrigeración",2634|2638,2,3d,CMO2012_SINCO2011_SCIAN_5246_19,scian_sector,aplicacion_auxiliar_ENOE,cmo_4d|scian,24,0.5699985386526377,0.7428050652340752
oficial_panel_enoe,0.31711145996860285,0.3437871265298076,1,1,1,1,1,1,5246,637,192753,202,66266,637,192753,637,192753,637,192753,"Mecánicos, ajustadores, instaladores y trabajadores de mantenimiento y reparación de maquinaria, instrumentos industriales y equipos de refrigeración",2634|2638,2,3d,CMO2012_SINCO2011_SCIAN_5246_19,scian_sector,aplicacion_auxiliar_ENOE,cmo_4d|scian,24,0.5699985386526377,0.7428050652340752
oficial,1,1,1,1,1,1,1,1,2122,657,192479,657,192479,657,192479,657,192479,657,192479,"Directores, gerentes y administradores de área o establecimientos en actividades comerciales (incluye la venta de seguros y bienes raíces)",1411,1,4d,NA,NA,NA,NA,NA,NA,NA
oficial_panel,1,1,1,1,1,1,1,1,2122,657,192479,657,192479,657,192479,657,192479,657,192479,"Directores, gerentes y administradores de área o establecimientos en actividades comerciales (incluye la venta de seguros y bienes raíces)",1411,1,4d,NA,NA,NA,NA,NA,NA,NA
oficial_panel_enoe,1,1,1,1,1,1,1,1,2122,657,192479,657,192479,657,192479,657,192479,657,192479,"Directores, gerentes y administradores de área o establecimientos en actividades comerciales (incluye la venta de seguros y bienes raíces)",1411,1,4d,NA,NA,NA,NA,NA,NA,NA
oficial,1,1,1,1,1,1,1,1,5248,772,192140,772,192140,772,192140,772,192140,772,192140,"Herreros, balconeros, aluminadores y forjadores",7221,1,4d,NA,NA,NA,NA,NA,NA,NA
oficial_panel,1,1,1,1,1,1,1,1,5248,772,192140,772,192140,772,192140,772,192140,772,192140,"Herreros, balconeros, aluminadores y forjadores",7221,1,4d,NA,NA,NA,NA,NA,NA,NA
oficial_panel_enoe,1,1,1,1,1,1,1,1,5248,772,192140,772,192140,772,192140,772,192140,772,192140,"Herreros, balconeros, aluminadores y forjadores",7221,1,4d,NA,NA,NA,NA,NA,NA,NA
oficial,0,0,1,1,1,1,1,1,2121,649,188723,0,0,649,188723,649,188723,649,188723,"Directores, gerentes y administradores de área o establecimientos de finanzas, contabilidad, recursos humanos, administración e impartición de justicia",1211|1212|1224|1321,4,1d,NA,NA,NA,NA,NA,NA,NA
oficial_panel,0,0,1,1,1,1,1,1,2121,649,188723,0,0,649,188723,649,188723,649,188723,"Directores, gerentes y administradores de área o establecimientos de finanzas, contabilidad, recursos humanos, administración e impartición de justicia",1211|1212|1224|1321,4,1d,NA,NA,NA,NA,NA,NA,NA
oficial_panel_enoe,0,0,1,1,1,1,1,1,2121,649,188723,0,0,649,188723,649,188723,649,188723,"Directores, gerentes y administradores de área o establecimientos de finanzas, contabilidad, recursos humanos, administración e impartición de justicia",1211|1212|1224|1321,4,1d,NA,NA,NA,NA,NA,NA,NA
oficial,1,1,1,1,1,1,1,1,8201,659,186224,659,186224,659,186224,659,186224,659,186224,"Personas dedicadas al cuidado de ancianos, enfermos y niños en casas particulares, excepto enfermeras",5222,1,4d,NA,NA,NA,NA,NA,NA,NA
oficial_panel,1,1,1,1,1,1,1,1,8201,659,186224,659,186224,659,186224,659,186224,659,186224,"Personas dedicadas al cuidado de ancianos, enfermos y niños en casas particulares, excepto enfermeras",5222,1,4d,NA,NA,NA,NA,NA,NA,NA
oficial_panel_enoe,1,1,1,1,1,1,1,1,8201,659,186224,659,186224,659,186224,659,186224,659,186224,"Personas dedicadas al cuidado de ancianos, enfermos y niños en casas particulares, excepto enfermeras",5222,1,4d,NA,NA,NA,NA,NA,NA,NA
oficial,0,0,0,0,0,0,0,0,1105,657,186122,0,0,0,0,0,0,0,0,"Ingenieros eléctricos, en electrónica, informática y telecomunicaciones",2241|2242|2271|2272|2281,5,2d,NA,NA,NA,NA,NA,NA,NA
oficial_panel,0,0,0,0,0,0,0,0,1105,657,186122,0,0,0,0,0,0,0,0,"Ingenieros eléctricos, en electrónica, informática y telecomunicaciones",2241|2242|2271|2272|2281,5,2d,NA,NA,NA,NA,NA,NA,NA
oficial_panel_enoe,0,0,0,0,0,0,1,1,1105,657,186122,0,0,0,0,0,0,657,186122,"Ingenieros eléctricos, en electrónica, informática y telecomunicaciones",2241|2242|2271|2272|2281,5,2d,NA,NA,NA,NA,NA,NA,NA
oficial,1,1,1,1,1,1,1,1,1310,735,178707,735,178707,735,178707,735,178707,735,178707,Profesores de preparatoria y equivalentes,2322,1,4d,NA,NA,NA,NA,NA,NA,NA
oficial_panel,1,1,1,1,1,1,1,1,1310,735,178707,735,178707,735,178707,735,178707,735,178707,Profesores de preparatoria y equivalentes,2322,1,4d,NA,NA,NA,NA,NA,NA,NA
oficial_panel_enoe,1,1,1,1,1,1,1,1,1310,735,178707,735,178707,735,178707,735,178707,735,178707,Profesores de preparatoria y equivalentes,2322,1,4d,NA,NA,NA,NA,NA,NA,NA
oficial,0,0,1,1,1,1,1,1,6160,615,172672,0,0,615,172672,615,172672,615,172672,"Jefes de departamento, coordinadores y supervisores en servicios de restaurante, hospedaje y comercio",1711|1712,2,3d,NA,NA,NA,NA,NA,NA,NA
oficial_panel,0,0,1,1,1,1,1,1,6160,615,172672,0,0,615,172672,615,172672,615,172672,"Jefes de departamento, coordinadores y supervisores en servicios de restaurante, hospedaje y comercio",1711|1712,2,3d,NA,NA,NA,NA,NA,NA,NA
oficial_panel_enoe,0,0,1,1,1,1,1,1,6160,615,172672,0,0,615,172672,615,172672,615,172672,"Jefes de departamento, coordinadores y supervisores en servicios de restaurante, hospedaje y comercio",1711|1712,2,3d,NA,NA,NA,NA,NA,NA,NA
oficial,0,0,0,0,0,0,0,0,4120,713,170204,0,0,0,0,0,0,0,0,Trabajadores que combinan actividades agrícolas con ganaderas,6131|9113,2,unresolved,NA,NA,NA,NA,NA,NA,NA
oficial_panel,0,0,0,0,0,0,0,0,4120,713,170204,0,0,0,0,0,0,0,0,Trabajadores que combinan actividades agrícolas con ganaderas,6131|9113,2,unresolved,NA,NA,NA,NA,NA,NA,NA
oficial_panel_enoe,0,0,0,0,0,0,1,1,4120,713,170204,0,0,0,0,0,0,713,170204,Trabajadores que combinan actividades agrícolas con ganaderas,6131|9113,2,unresolved,NA,NA,NA,NA,NA,NA,NA
oficial,0,0,0,0,0,0,0,0,5141,590,162133,0,0,0,0,0,0,0,0,"Supervisores, inspectores y similares en la fabricación metalúrgica y en la fabricación de productos eléctricos y electrónicos, la reparación y mantenimiento de maquinaria y productos metálicos y de precisión",2630|7201|8201,3,unresolved,NA,NA,NA,NA,NA,NA,NA
oficial_panel,0,0,0,0,0,0,0,0,5141,590,162133,0,0,0,0,0,0,0,0,"Supervisores, inspectores y similares en la fabricación metalúrgica y en la fabricación de productos eléctricos y electrónicos, la reparación y mantenimiento de maquinaria y productos metálicos y de precisión",2630|7201|8201,3,unresolved,NA,NA,NA,NA,NA,NA,NA
oficial_panel_enoe,0,0,0,0,0,0,1,1,5141,590,162133,0,0,0,0,0,0,590,162133,"Supervisores, inspectores y similares en la fabricación metalúrgica y en la fabricación de productos eléctricos y electrónicos, la reparación y mantenimiento de maquinaria y productos metálicos y de precisión",2630|7201|8201,3,unresolved,NA,NA,NA,NA,NA,NA,NA
oficial,0,0,0,0,0,0,0,0,7121,573,158589,0,0,0,0,0,0,0,0,Repartidores,8344|9723,2,unresolved,CMO2012_SINCO2011_SCIAN_7121_18,scian_sector,aplicacion_auxiliar_ENOE,cmo_4d|scian,12,0.6432971545907891,0.8793587174348697
oficial_panel,0,0,0,0,0,0,0,0,7121,573,158589,0,0,0,0,0,0,0,0,Repartidores,8344|9723,2,unresolved,CMO2012_SINCO2011_SCIAN_7121_18,scian_sector,aplicacion_auxiliar_ENOE,cmo_4d|scian,12,0.6432971545907891,0.8793587174348697
oficial_panel_enoe,0.2286212914485166,0.25866863401623064,0.2286212914485166,0.25866863401623064,0.2286212914485166,0.25866863401623064,1,1,7121,573,158589,131,41022,131,41022,131,41022,573,158589,Repartidores,8344|9723,2,unresolved,CMO2012_SINCO2011_SCIAN_7121_18,scian_sector,aplicacion_auxiliar_ENOE,cmo_4d|scian,12,0.6432971545907891,0.8793587174348697
oficial,0,0,0,0,0,0,0,0,8125,639,157057,0,0,0,0,0,0,0,0,Jardineros,5241|9651,2,unresolved,CMO2012_SINCO2011_GLOBAL_8125,panel_global,validacion_panel_ENOE,cmo_4d,104,0.5255866845859609,0.8174603174603174
oficial_panel,1,1,1,1,1,1,1,1,8125,639,157057,639,157057,639,157057,639,157057,639,157057,Jardineros,5241|9651,2,unresolved,CMO2012_SINCO2011_GLOBAL_8125,panel_global,validacion_panel_ENOE,cmo_4d,104,0.5255866845859609,0.8174603174603174
oficial_panel_enoe,1,1,1,1,1,1,1,1,8125,639,157057,639,157057,639,157057,639,157057,639,157057,Jardineros,5241|9651,2,unresolved,CMO2012_SINCO2011_GLOBAL_8125,panel_global,validacion_panel_ENOE,cmo_4d,104,0.5255866845859609,0.8174603174603174
oficial,1,1,1,1,1,1,1,1,5383,529,156740,529,156740,529,156740,529,156740,529,156740,Operadores de máquinas para la fabricación y ensamble de productos de plástico y hule,8133,1,4d,NA,NA,NA,NA,NA,NA,NA
oficial_panel,1,1,1,1,1,1,1,1,5383,529,156740,529,156740,529,156740,529,156740,529,156740,Operadores de máquinas para la fabricación y ensamble de productos de plástico y hule,8133,1,4d,NA,NA,NA,NA,NA,NA,NA
oficial_panel_enoe,1,1,1,1,1,1,1,1,5383,529,156740,529,156740,529,156740,529,156740,529,156740,Operadores de máquinas para la fabricación y ensamble de productos de plástico y hule,8133,1,4d,NA,NA,NA,NA,NA,NA,NA
oficial,1,1,1,1,1,1,1,1,8151,695,156564,695,156564,695,156564,695,156564,695,156564,Trabajadores en cuidados personales y asistenciales (no se incluye a las enfermeras),5221,1,4d,NA,NA,NA,NA,NA,NA,NA
oficial_panel,1,1,1,1,1,1,1,1,8151,695,156564,695,156564,695,156564,695,156564,695,156564,Trabajadores en cuidados personales y asistenciales (no se incluye a las enfermeras),5221,1,4d,NA,NA,NA,NA,NA,NA,NA
oficial_panel_enoe,1,1,1,1,1,1,1,1,8151,695,156564,695,156564,695,156564,695,156564,695,156564,Trabajadores en cuidados personales y asistenciales (no se incluye a las enfermeras),5221,1,4d,NA,NA,NA,NA,NA,NA,NA
oficial,1,1,1,1,1,1,1,1,6202,559,155885,559,155885,559,155885,559,155885,559,155885,Capturistas de datos,3113,1,4d,NA,NA,NA,NA,NA,NA,NA
oficial_panel,1,1,1,1,1,1,1,1,6202,559,155885,559,155885,559,155885,559,155885,559,155885,Capturistas de datos,3113,1,4d,NA,NA,NA,NA,NA,NA,NA
oficial_panel_enoe,1,1,1,1,1,1,1,1,6202,559,155885,559,155885,559,155885,559,155885,559,155885,Capturistas de datos,3113,1,4d,NA,NA,NA,NA,NA,NA,NA
oficial,1,1,1,1,1,1,1,1,5261,646,153584,646,153584,646,153584,646,153584,646,153584,Pintores de brocha gorda,7135,1,4d,NA,NA,NA,NA,NA,NA,NA
oficial_panel,1,1,1,1,1,1,1,1,5261,646,153584,646,153584,646,153584,646,153584,646,153584,Pintores de brocha gorda,7135,1,4d,NA,NA,NA,NA,NA,NA,NA
oficial_panel_enoe,1,1,1,1,1,1,1,1,5261,646,153584,646,153584,646,153584,646,153584,646,153584,Pintores de brocha gorda,7135,1,4d,NA,NA,NA,NA,NA,NA,NA
oficial,0,0,1,1,1,1,1,1,1204,581,153339,0,0,581,153339,581,153339,581,153339,"Técnicos en ingeniería química, industrial y mecánica",2621|2631|2633|2635|2637|2645,6,2d,NA,NA,NA,NA,NA,NA,NA
oficial_panel,0,0,1,1,1,1,1,1,1204,581,153339,0,0,581,153339,581,153339,581,153339,"Técnicos en ingeniería química, industrial y mecánica",2621|2631|2633|2635|2637|2645,6,2d,NA,NA,NA,NA,NA,NA,NA
oficial_panel_enoe,0,0,1,1,1,1,1,1,1204,581,153339,0,0,581,153339,581,153339,581,153339,"Técnicos en ingeniería química, industrial y mecánica",2621|2631|2633|2635|2637|2645,6,2d,NA,NA,NA,NA,NA,NA,NA
oficial,0,0,1,1,1,1,1,1,1423,482,152065,0,0,482,152065,482,152065,482,152065,Decoradores y diseñadores,2541|2542|2543|2544,4,3d,NA,NA,NA,NA,NA,NA,NA
oficial_panel,0,0,1,1,1,1,1,1,1423,482,152065,0,0,482,152065,482,152065,482,152065,Decoradores y diseñadores,2541|2542|2543|2544,4,3d,NA,NA,NA,NA,NA,NA,NA
oficial_panel_enoe,0,0,1,1,1,1,1,1,1423,482,152065,0,0,482,152065,482,152065,482,152065,Decoradores y diseñadores,2541|2542|2543|2544,4,3d,NA,NA,NA,NA,NA,NA,NA
oficial,1,1,1,1,1,1,1,1,5344,596,150679,596,150679,596,150679,596,150679,596,150679,"Ensambladores y montadores de herramientas, maquinaria, equipos y productos metálicos",8211,1,4d,NA,NA,NA,NA,NA,NA,NA
oficial_panel,1,1,1,1,1,1,1,1,5344,596,150679,596,150679,596,150679,596,150679,596,150679,"Ensambladores y montadores de herramientas, maquinaria, equipos y productos metálicos",8211,1,4d,NA,NA,NA,NA,NA,NA,NA
oficial_panel_enoe,1,1,1,1,1,1,1,1,5344,596,150679,596,150679,596,150679,596,150679,596,150679,"Ensambladores y montadores de herramientas, maquinaria, equipos y productos metálicos",8211,1,4d,NA,NA,NA,NA,NA,NA,NA
oficial,1,1,1,1,1,1,1,1,7110,585,149672,585,149672,585,149672,585,149672,585,149672,Encargados y responsables de comercio,4201,1,4d,NA,NA,NA,NA,NA,NA,NA
oficial_panel,1,1,1,1,1,1,1,1,7110,585,149672,585,149672,585,149672,585,149672,585,149672,Encargados y responsables de comercio,4201,1,4d,NA,NA,NA,NA,NA,NA,NA
oficial_panel_enoe,1,1,1,1,1,1,1,1,7110,585,149672,585,149672,585,149672,585,149672,585,149672,Encargados y responsables de comercio,4201,1,4d,NA,NA,NA,NA,NA,NA,NA
oficial,0,0,0,0,0,0,0,0,4150,599,144346,0,0,0,0,0,0,0,0,Pescadores,6211|9122,2,unresolved,CMO2012_SINCO2011_GLOBAL_4150,panel_global,validacion_panel_ENOE,cmo_4d,135,0.8460484239378712,0.92139670021791
oficial_panel,1,1,1,1,1,1,1,1,4150,599,144346,599,144346,599,144346,599,144346,599,144346,Pescadores,6211|9122,2,unresolved,CMO2012_SINCO2011_GLOBAL_4150,panel_global,validacion_panel_ENOE,cmo_4d,135,0.8460484239378712,0.92139670021791
oficial_panel_enoe,1,1,1,1,1,1,1,1,4150,599,144346,599,144346,599,144346,599,144346,599,144346,Pescadores,6211|9122,2,unresolved,CMO2012_SINCO2011_GLOBAL_4150,panel_global,validacion_panel_ENOE,cmo_4d,135,0.8460484239378712,0.92139670021791
oficial,1,1,1,1,1,1,1,1,5267,582,143057,582,143057,582,143057,582,143057,582,143057,"Plomeros, fontaneros e instaladores de tubería",7134,1,4d,NA,NA,NA,NA,NA,NA,NA
oficial_panel,1,1,1,1,1,1,1,1,5267,582,143057,582,143057,582,143057,582,143057,582,143057,"Plomeros, fontaneros e instaladores de tubería",7134,1,4d,NA,NA,NA,NA,NA,NA,NA
oficial_panel_enoe,1,1,1,1,1,1,1,1,5267,582,143057,582,143057,582,143057,582,143057,582,143057,"Plomeros, fontaneros e instaladores de tubería",7134,1,4d,NA,NA,NA,NA,NA,NA,NA
oficial,1,1,1,1,1,1,1,1,5241,493,142182,493,142182,493,142182,493,142182,493,142182,Soldadores y oxicortadores,7212,1,4d,NA,NA,NA,NA,NA,NA,NA
oficial_panel,1,1,1,1,1,1,1,1,5241,493,142182,493,142182,493,142182,493,142182,493,142182,Soldadores y oxicortadores,7212,1,4d,NA,NA,NA,NA,NA,NA,NA
oficial_panel_enoe,1,1,1,1,1,1,1,1,5241,493,142182,493,142182,493,142182,493,142182,493,142182,Soldadores y oxicortadores,7212,1,4d,NA,NA,NA,NA,NA,NA,NA
oficial,1,1,1,1,1,1,1,1,5401,414,138734,414,138734,414,138734,414,138734,414,138734,"Cargadores, abastecedores, empacadores manuales y similares en la fabricación de alimentos, bebidas y productos de tabaco",9236,1,4d,NA,NA,NA,NA,NA,NA,NA
oficial_panel,1,1,1,1,1,1,1,1,5401,414,138734,414,138734,414,138734,414,138734,414,138734,"Cargadores, abastecedores, empacadores manuales y similares en la fabricación de alimentos, bebidas y productos de tabaco",9236,1,4d,NA,NA,NA,NA,NA,NA,NA
oficial_panel_enoe,1,1,1,1,1,1,1,1,5401,414,138734,414,138734,414,138734,414,138734,414,138734,"Cargadores, abastecedores, empacadores manuales y similares en la fabricación de alimentos, bebidas y productos de tabaco",9236,1,4d,NA,NA,NA,NA,NA,NA,NA
oficial,1,1,1,1,1,1,1,1,5242,532,136800,532,136800,532,136800,532,136800,532,136800,"Hojalateros, chaperos y pintores de metales",7213,1,4d,NA,NA,NA,NA,NA,NA,NA
oficial_panel,1,1,1,1,1,1,1,1,5242,532,136800,532,136800,532,136800,532,136800,532,136800,"Hojalateros, chaperos y pintores de metales",7213,1,4d,NA,NA,NA,NA,NA,NA,NA
oficial_panel_enoe,1,1,1,1,1,1,1,1,5242,532,136800,532,136800,532,136800,532,136800,532,136800,"Hojalateros, chaperos y pintores de metales",7213,1,4d,NA,NA,NA,NA,NA,NA,NA
oficial,0,0,1,1,1,1,1,1,2124,501,136364,0,0,501,136364,501,136364,501,136364,"Directores, gerentes y administradores de área o establecimientos en actividades de producción en industrias manufactureras, en la construcción y los servicios de reparación y mantenimiento",1312|1313|1314|1315,4,3d,NA,NA,NA,NA,NA,NA,NA
oficial_panel,0,0,1,1,1,1,1,1,2124,501,136364,0,0,501,136364,501,136364,501,136364,"Directores, gerentes y administradores de área o establecimientos en actividades de producción en industrias manufactureras, en la construcción y los servicios de reparación y mantenimiento",1312|1313|1314|1315,4,3d,NA,NA,NA,NA,NA,NA,NA
oficial_panel_enoe,0,0,1,1,1,1,1,1,2124,501,136364,0,0,501,136364,501,136364,501,136364,"Directores, gerentes y administradores de área o establecimientos en actividades de producción en industrias manufactureras, en la construcción y los servicios de reparación y mantenimiento",1312|1313|1314|1315,4,3d,NA,NA,NA,NA,NA,NA,NA
oficial,1,1,1,1,1,1,1,1,1412,467,134679,467,134679,467,134679,467,134679,467,134679,Músicos,2172,1,4d,NA,NA,NA,NA,NA,NA,NA
oficial_panel,1,1,1,1,1,1,1,1,1412,467,134679,467,134679,467,134679,467,134679,467,134679,Músicos,2172,1,4d,NA,NA,NA,NA,NA,NA,NA
oficial_panel_enoe,1,1,1,1,1,1,1,1,1412,467,134679,467,134679,467,134679,467,134679,467,134679,Músicos,2172,1,4d,NA,NA,NA,NA,NA,NA,NA
oficial,1,1,1,1,1,1,1,1,5420,449,128166,449,128166,449,128166,449,128166,449,128166,"Ayudantes, peones y similares en la fabricación de textiles y productos de cuero, piel y similares",9235,1,4d,NA,NA,NA,NA,NA,NA,NA
oficial_panel,1,1,1,1,1,1,1,1,5420,449,128166,449,128166,449,128166,449,128166,449,128166,"Ayudantes, peones y similares en la fabricación de textiles y productos de cuero, piel y similares",9235,1,4d,NA,NA,NA,NA,NA,NA,NA
oficial_panel_enoe,1,1,1,1,1,1,1,1,5420,449,128166,449,128166,449,128166,449,128166,449,128166,"Ayudantes, peones y similares en la fabricación de textiles y productos de cuero, piel y similares",9235,1,4d,NA,NA,NA,NA,NA,NA,NA
oficial,1,1,1,1,1,1,1,1,5430,495,127706,495,127706,495,127706,495,127706,495,127706,"Ayudantes, peones y similares en la fabricación de productos de madera y papel y trabajos de impresión",9234,1,4d,NA,NA,NA,NA,NA,NA,NA
oficial_panel,1,1,1,1,1,1,1,1,5430,495,127706,495,127706,495,127706,495,127706,495,127706,"Ayudantes, peones y similares en la fabricación de productos de madera y papel y trabajos de impresión",9234,1,4d,NA,NA,NA,NA,NA,NA,NA
oficial_panel_enoe,1,1,1,1,1,1,1,1,5430,495,127706,495,127706,495,127706,495,127706,495,127706,"Ayudantes, peones y similares en la fabricación de productos de madera y papel y trabajos de impresión",9234,1,4d,NA,NA,NA,NA,NA,NA,NA
oficial,1,1,1,1,1,1,1,1,1131,537,118931,537,118931,537,118931,537,118931,537,118931,Profesionistas en enfermería,2426,1,4d,NA,NA,NA,NA,NA,NA,NA
oficial_panel,1,1,1,1,1,1,1,1,1131,537,118931,537,118931,537,118931,537,118931,537,118931,Profesionistas en enfermería,2426,1,4d,NA,NA,NA,NA,NA,NA,NA
oficial_panel_enoe,1,1,1,1,1,1,1,1,1131,537,118931,537,118931,537,118931,537,118931,537,118931,Profesionistas en enfermería,2426,1,4d,NA,NA,NA,NA,NA,NA,NA
oficial,1,1,1,1,1,1,1,1,5502,415,118062,415,118062,415,118062,415,118062,415,118062,"Conductores de maquinaria móvil para el movimiento de mercancías en fábricas, puertos, comercios, etcétera",8352,1,4d,NA,NA,NA,NA,NA,NA,NA
oficial_panel,1,1,1,1,1,1,1,1,5502,415,118062,415,118062,415,118062,415,118062,415,118062,"Conductores de maquinaria móvil para el movimiento de mercancías en fábricas, puertos, comercios, etcétera",8352,1,4d,NA,NA,NA,NA,NA,NA,NA
oficial_panel_enoe,1,1,1,1,1,1,1,1,5502,415,118062,415,118062,415,118062,415,118062,415,118062,"Conductores de maquinaria móvil para el movimiento de mercancías en fábricas, puertos, comercios, etcétera",8352,1,4d,NA,NA,NA,NA,NA,NA,NA
oficial,0,0,0,0,0,0,0,0,1250,495,115766,0,0,0,0,0,0,0,0,Técnicos en ciencias sociales,2531|2532|2711,3,1d,CMO2012_SINCO2011_SCIAN_1250_16,scian_sector,aplicacion_auxiliar_ENOE,cmo_4d|scian,13,0.5937290033594624,0.9335431969220008
oficial_panel,0,0,0,0,0,0,0,0,1250,495,115766,0,0,0,0,0,0,0,0,Técnicos en ciencias sociales,2531|2532|2711,3,1d,CMO2012_SINCO2011_SCIAN_1250_16,scian_sector,aplicacion_auxiliar_ENOE,cmo_4d|scian,13,0.5937290033594624,0.9335431969220008
oficial_panel_enoe,0.1494949494949495,0.15257502202719278,0.1494949494949495,0.15257502202719278,0.1494949494949495,0.15257502202719278,1,1,1250,495,115766,74,17663,74,17663,74,17663,495,115766,Técnicos en ciencias sociales,2531|2532|2711,3,1d,CMO2012_SINCO2011_SCIAN_1250_16,scian_sector,aplicacion_auxiliar_ENOE,cmo_4d|scian,13,0.5937290033594624,0.9335431969220008
oficial,0,0,1,1,1,1,1,1,2127,467,114766,0,0,467,114766,467,114766,467,114766,"Directores, gerentes y administradores de área o establecimientos en servicios culturales, de esparcimiento, recreativos, restaurante, hospedaje y otros servicios personales",1412|1423,2,2d,NA,NA,NA,NA,NA,NA,NA
oficial_panel,0,0,1,1,1,1,1,1,2127,467,114766,0,0,467,114766,467,114766,467,114766,"Directores, gerentes y administradores de área o establecimientos en servicios culturales, de esparcimiento, recreativos, restaurante, hospedaje y otros servicios personales",1412|1423,2,2d,NA,NA,NA,NA,NA,NA,NA
oficial_panel_enoe,0,0,1,1,1,1,1,1,2127,467,114766,0,0,467,114766,467,114766,467,114766,"Directores, gerentes y administradores de área o establecimientos en servicios culturales, de esparcimiento, recreativos, restaurante, hospedaje y otros servicios personales",1412|1423,2,2d,NA,NA,NA,NA,NA,NA,NA
oficial,1,1,1,1,1,1,1,1,5221,416,112264,416,112264,416,112264,416,112264,416,112264,Tejedores de fibras,7332,1,4d,NA,NA,NA,NA,NA,NA,NA
oficial_panel,1,1,1,1,1,1,1,1,5221,416,112264,416,112264,416,112264,416,112264,416,112264,Tejedores de fibras,7332,1,4d,NA,NA,NA,NA,NA,NA,NA
oficial_panel_enoe,1,1,1,1,1,1,1,1,5221,416,112264,416,112264,416,112264,416,112264,416,112264,Tejedores de fibras,7332,1,4d,NA,NA,NA,NA,NA,NA,NA
oficial,1,1,1,1,1,1,1,1,5204,386,108837,386,108837,386,108837,386,108837,386,108837,"Trabajadores en la elaboración de productos a base de azúcar, chocolate y confitería",7515,1,4d,NA,NA,NA,NA,NA,NA,NA
oficial_panel,1,1,1,1,1,1,1,1,5204,386,108837,386,108837,386,108837,386,108837,386,108837,"Trabajadores en la elaboración de productos a base de azúcar, chocolate y confitería",7515,1,4d,NA,NA,NA,NA,NA,NA,NA
oficial_panel_enoe,1,1,1,1,1,1,1,1,5204,386,108837,386,108837,386,108837,386,108837,386,108837,"Trabajadores en la elaboración de productos a base de azúcar, chocolate y confitería",7515,1,4d,NA,NA,NA,NA,NA,NA,NA
oficial,1,1,1,1,1,1,1,1,4113,323,104595,323,104595,323,104595,323,104595,323,104595,Trabajadores en la cría de caprinos y ovinos,6124,1,4d,NA,NA,NA,NA,NA,NA,NA
oficial_panel,1,1,1,1,1,1,1,1,4113,323,104595,323,104595,323,104595,323,104595,323,104595,Trabajadores en la cría de caprinos y ovinos,6124,1,4d,NA,NA,NA,NA,NA,NA,NA
oficial_panel_enoe,1,1,1,1,1,1,1,1,4113,323,104595,323,104595,323,104595,323,104595,323,104595,Trabajadores en la cría de caprinos y ovinos,6124,1,4d,NA,NA,NA,NA,NA,NA,NA
oficial,1,1,1,1,1,1,1,1,4101,310,104289,310,104289,310,104289,310,104289,310,104289,Trabajadores en el cultivo de cereales,6116,1,4d,NA,NA,NA,NA,NA,NA,NA
oficial_panel,1,1,1,1,1,1,1,1,4101,310,104289,310,104289,310,104289,310,104289,310,104289,Trabajadores en el cultivo de cereales,6116,1,4d,NA,NA,NA,NA,NA,NA,NA
oficial_panel_enoe,1,1,1,1,1,1,1,1,4101,310,104289,310,104289,310,104289,310,104289,310,104289,Trabajadores en el cultivo de cereales,6116,1,4d,NA,NA,NA,NA,NA,NA,NA
oficial,0,0,1,1,1,1,1,1,2125,432,101542,0,0,432,101542,432,101542,432,101542,Directores gerentes y administradores de área o establecimientos de enseñanza e investigación,1223|1324,2,1d,NA,NA,NA,NA,NA,NA,NA
oficial_panel,0,0,1,1,1,1,1,1,2125,432,101542,0,0,432,101542,432,101542,432,101542,Directores gerentes y administradores de área o establecimientos de enseñanza e investigación,1223|1324,2,1d,NA,NA,NA,NA,NA,NA,NA
oficial_panel_enoe,0,0,1,1,1,1,1,1,2125,432,101542,0,0,432,101542,432,101542,432,101542,Directores gerentes y administradores de área o establecimientos de enseñanza e investigación,1223|1324,2,1d,NA,NA,NA,NA,NA,NA,NA
oficial,1,1,1,1,1,1,1,1,6251,360,99221,360,99221,360,99221,360,99221,360,99221,Trabajadores en servicios de mensajería en general,9722,1,4d,NA,NA,NA,NA,NA,NA,NA
oficial_panel,1,1,1,1,1,1,1,1,6251,360,99221,360,99221,360,99221,360,99221,360,99221,Trabajadores en servicios de mensajería en general,9722,1,4d,NA,NA,NA,NA,NA,NA,NA
oficial_panel_enoe,1,1,1,1,1,1,1,1,6251,360,99221,360,99221,360,99221,360,99221,360,99221,Trabajadores en servicios de mensajería en general,9722,1,4d,NA,NA,NA,NA,NA,NA,NA
oficial,0,0,0,0,0,0,0,0,8150,340,98871,0,0,0,0,0,0,0,0,"Trabajadores de apoyo para la realización de espectáculos, turismo y deporte",3222|4233|5251|5254|9713,5,unresolved,NA,NA,NA,NA,NA,NA,NA
oficial_panel,0,0,0,0,0,0,0,0,8150,340,98871,0,0,0,0,0,0,0,0,"Trabajadores de apoyo para la realización de espectáculos, turismo y deporte",3222|4233|5251|5254|9713,5,unresolved,NA,NA,NA,NA,NA,NA,NA
oficial_panel_enoe,0,0,0,0,0,0,1,1,8150,340,98871,0,0,0,0,0,0,340,98871,"Trabajadores de apoyo para la realización de espectáculos, turismo y deporte",3222|4233|5251|5254|9713,5,unresolved,NA,NA,NA,NA,NA,NA,NA
oficial,0,0,0,0,0,0,0,0,6110,353,97836,0,0,0,0,0,0,0,0,"Jefes de departamento, coordinadores y supervisores en contabilidad y finanzas",1512|3101,2,unresolved,NA,NA,NA,NA,NA,NA,NA
oficial_panel,0,0,0,0,0,0,0,0,6110,353,97836,0,0,0,0,0,0,0,0,"Jefes de departamento, coordinadores y supervisores en contabilidad y finanzas",1512|3101,2,unresolved,NA,NA,NA,NA,NA,NA,NA
oficial_panel_enoe,0,0,0,0,0,0,1,1,6110,353,97836,0,0,0,0,0,0,353,97836,"Jefes de departamento, coordinadores y supervisores en contabilidad y finanzas",1512|3101,2,unresolved,NA,NA,NA,NA,NA,NA,NA
oficial,1,1,1,1,1,1,1,1,1132,360,95541,360,95541,360,95541,360,95541,360,95541,Odontólogos,2413,1,4d,NA,NA,NA,NA,NA,NA,NA
oficial_panel,1,1,1,1,1,1,1,1,1132,360,95541,360,95541,360,95541,360,95541,360,95541,Odontólogos,2413,1,4d,NA,NA,NA,NA,NA,NA,NA
oficial_panel_enoe,1,1,1,1,1,1,1,1,1132,360,95541,360,95541,360,95541,360,95541,360,95541,Odontólogos,2413,1,4d,NA,NA,NA,NA,NA,NA,NA
oficial,1,1,1,1,1,1,1,1,5280,292,94185,292,94185,292,94185,292,94185,292,94185,"Trabajadores en la elaboración y reparación de productos de hule, caucho, plástico y vulcanización de neumáticos",7411,1,4d,NA,NA,NA,NA,NA,NA,NA
oficial_panel,1,1,1,1,1,1,1,1,5280,292,94185,292,94185,292,94185,292,94185,292,94185,"Trabajadores en la elaboración y reparación de productos de hule, caucho, plástico y vulcanización de neumáticos",7411,1,4d,NA,NA,NA,NA,NA,NA,NA
oficial_panel_enoe,1,1,1,1,1,1,1,1,5280,292,94185,292,94185,292,94185,292,94185,292,94185,"Trabajadores en la elaboración y reparación de productos de hule, caucho, plástico y vulcanización de neumáticos",7411,1,4d,NA,NA,NA,NA,NA,NA,NA
oficial,0,0,0,0,0,0,0,0,6101,440,93003,0,0,0,0,0,0,0,0,"Jefes de departamento, coordinadores y supervisores en servicios de educación",1523|2311,2,unresolved,NA,NA,NA,NA,NA,NA,NA
oficial_panel,0,0,0,0,0,0,0,0,6101,440,93003,0,0,0,0,0,0,0,0,"Jefes de departamento, coordinadores y supervisores en servicios de educación",1523|2311,2,unresolved,NA,NA,NA,NA,NA,NA,NA
oficial_panel_enoe,0,0,0,0,0,0,1,1,6101,440,93003,0,0,0,0,0,0,440,93003,"Jefes de departamento, coordinadores y supervisores en servicios de educación",1523|2311,2,unresolved,NA,NA,NA,NA,NA,NA,NA
oficial,0,0,1,1,1,1,1,1,8122,354,92272,0,0,354,92272,354,92272,354,92272,"Maleteros, equipajeros y empleados de paquetería y guardarropa",9711|9712,2,3d,CMO2012_SINCO2011_GLOBAL_8122,panel_global,validacion_panel_ENOE,cmo_4d,60,0.7452808418332025,0.6996963472358667
oficial_panel,1,1,1,1,1,1,1,1,8122,354,92272,354,92272,354,92272,354,92272,354,92272,"Maleteros, equipajeros y empleados de paquetería y guardarropa",9711|9712,2,3d,CMO2012_SINCO2011_GLOBAL_8122,panel_global,validacion_panel_ENOE,cmo_4d,60,0.7452808418332025,0.6996963472358667
oficial_panel_enoe,1,1,1,1,1,1,1,1,8122,354,92272,354,92272,354,92272,354,92272,354,92272,"Maleteros, equipajeros y empleados de paquetería y guardarropa",9711|9712,2,3d,CMO2012_SINCO2011_GLOBAL_8122,panel_global,validacion_panel_ENOE,cmo_4d,60,0.7452808418332025,0.6996963472358667
oficial,1,1,1,1,1,1,1,1,5323,528,90289,528,90289,528,90289,528,90289,528,90289,"Operadores de máquinas en la fabricación de calzado y productos de cuero, piel y similares (excepto prendas de vestir)",8154,1,4d,NA,NA,NA,NA,NA,NA,NA
oficial_panel,1,1,1,1,1,1,1,1,5323,528,90289,528,90289,528,90289,528,90289,528,90289,"Operadores de máquinas en la fabricación de calzado y productos de cuero, piel y similares (excepto prendas de vestir)",8154,1,4d,NA,NA,NA,NA,NA,NA,NA
oficial_panel_enoe,1,1,1,1,1,1,1,1,5323,528,90289,528,90289,528,90289,528,90289,528,90289,"Operadores de máquinas en la fabricación de calzado y productos de cuero, piel y similares (excepto prendas de vestir)",8154,1,4d,NA,NA,NA,NA,NA,NA,NA
oficial,0,0,1,1,1,1,1,1,1104,318,89773,0,0,318,89773,318,89773,318,89773,"Ingenieros químicos, industriales y mecánicos",2251|2252|2253,3,3d,NA,NA,NA,NA,NA,NA,NA
oficial_panel,0,0,1,1,1,1,1,1,1104,318,89773,0,0,318,89773,318,89773,318,89773,"Ingenieros químicos, industriales y mecánicos",2251|2252|2253,3,3d,NA,NA,NA,NA,NA,NA,NA
oficial_panel_enoe,0,0,1,1,1,1,1,1,1104,318,89773,0,0,318,89773,318,89773,318,89773,"Ingenieros químicos, industriales y mecánicos",2251|2252|2253,3,3d,NA,NA,NA,NA,NA,NA,NA
oficial,0,0,0,0,0,0,0,0,7131,357,89269,0,0,0,0,0,0,0,0,"Agentes de bienes raíces y trabajadores en el servicio de arrendamiento de bienes inmuebles (casas, edificios, oficinas, etcétera)",4223|4311,2,1d,CMO2012_SINCO2011_GLOBAL_7131,panel_global,validacion_panel_ENOE,cmo_4d,39,0.6279769904843826,0.6824614679424741
oficial_panel,1,1,1,1,1,1,1,1,7131,357,89269,357,89269,357,89269,357,89269,357,89269,"Agentes de bienes raíces y trabajadores en el servicio de arrendamiento de bienes inmuebles (casas, edificios, oficinas, etcétera)",4223|4311,2,1d,CMO2012_SINCO2011_GLOBAL_7131,panel_global,validacion_panel_ENOE,cmo_4d,39,0.6279769904843826,0.6824614679424741
oficial_panel_enoe,1,1,1,1,1,1,1,1,7131,357,89269,357,89269,357,89269,357,89269,357,89269,"Agentes de bienes raíces y trabajadores en el servicio de arrendamiento de bienes inmuebles (casas, edificios, oficinas, etcétera)",4223|4311,2,1d,CMO2012_SINCO2011_GLOBAL_7131,panel_global,validacion_panel_ENOE,cmo_4d,39,0.6279769904843826,0.6824614679424741
oficial,1,1,1,1,1,1,1,1,1100,388,88761,388,88761,388,88761,388,88761,388,88761,Arquitectos y urbanistas,2263,1,4d,NA,NA,NA,NA,NA,NA,NA
oficial_panel,1,1,1,1,1,1,1,1,1100,388,88761,388,88761,388,88761,388,88761,388,88761,Arquitectos y urbanistas,2263,1,4d,NA,NA,NA,NA,NA,NA,NA
oficial_panel_enoe,1,1,1,1,1,1,1,1,1100,388,88761,388,88761,388,88761,388,88761,388,88761,Arquitectos y urbanistas,2263,1,4d,NA,NA,NA,NA,NA,NA,NA
oficial,1,1,1,1,1,1,1,1,5251,298,88080,298,88080,298,88080,298,88080,298,88080,"Trabajadores en la fabricación de productos de cemento, cal, yeso, azulejo, piedra y ladrilleros",7612,1,4d,NA,NA,NA,NA,NA,NA,NA
oficial_panel,1,1,1,1,1,1,1,1,5251,298,88080,298,88080,298,88080,298,88080,298,88080,"Trabajadores en la fabricación de productos de cemento, cal, yeso, azulejo, piedra y ladrilleros",7612,1,4d,NA,NA,NA,NA,NA,NA,NA
oficial_panel_enoe,1,1,1,1,1,1,1,1,5251,298,88080,298,88080,298,88080,298,88080,298,88080,"Trabajadores en la fabricación de productos de cemento, cal, yeso, azulejo, piedra y ladrilleros",7612,1,4d,NA,NA,NA,NA,NA,NA,NA
oficial,0,0,1,1,1,1,1,1,1206,351,87130,0,0,351,87130,351,87130,351,87130,"Técnicos en la operación de equipos de televisión, filmación, proyección y grabación de imagen y sonido y fotógrafos",2653|2654|2655,3,3d,CMO2012_SINCO2011_GLOBAL_1206,panel_global,validacion_panel_ENOE,cmo_4d,41,0.5429058628817894,0.944966790304494
oficial_panel,1,1,1,1,1,1,1,1,1206,351,87130,351,87130,351,87130,351,87130,351,87130,"Técnicos en la operación de equipos de televisión, filmación, proyección y grabación de imagen y sonido y fotógrafos",2653|2654|2655,3,3d,CMO2012_SINCO2011_GLOBAL_1206,panel_global,validacion_panel_ENOE,cmo_4d,41,0.5429058628817894,0.944966790304494
oficial_panel_enoe,1,1,1,1,1,1,1,1,1206,351,87130,351,87130,351,87130,351,87130,351,87130,"Técnicos en la operación de equipos de televisión, filmación, proyección y grabación de imagen y sonido y fotógrafos",2653|2654|2655,3,3d,CMO2012_SINCO2011_GLOBAL_1206,panel_global,validacion_panel_ENOE,cmo_4d,41,0.5429058628817894,0.944966790304494
oficial,1,1,1,1,1,1,1,1,5160,271,85955,271,85955,271,85955,271,85955,271,85955,"Jefes, coordinadores, contratistas y similares en la construcción, instalación, mantenimiento y acabados",1615,1,4d,NA,NA,NA,NA,NA,NA,NA
oficial_panel,1,1,1,1,1,1,1,1,5160,271,85955,271,85955,271,85955,271,85955,271,85955,"Jefes, coordinadores, contratistas y similares en la construcción, instalación, mantenimiento y acabados",1615,1,4d,NA,NA,NA,NA,NA,NA,NA
oficial_panel_enoe,1,1,1,1,1,1,1,1,5160,271,85955,271,85955,271,85955,271,85955,271,85955,"Jefes, coordinadores, contratistas y similares en la construcción, instalación, mantenimiento y acabados",1615,1,4d,NA,NA,NA,NA,NA,NA,NA
oficial,1,1,1,1,1,1,1,1,5227,374,84221,374,84221,374,84221,374,84221,374,84221,Zapateros y trabajadores similares,7353,1,4d,NA,NA,NA,NA,NA,NA,NA
oficial_panel,1,1,1,1,1,1,1,1,5227,374,84221,374,84221,374,84221,374,84221,374,84221,Zapateros y trabajadores similares,7353,1,4d,NA,NA,NA,NA,NA,NA,NA
oficial_panel_enoe,1,1,1,1,1,1,1,1,5227,374,84221,374,84221,374,84221,374,84221,374,84221,Zapateros y trabajadores similares,7353,1,4d,NA,NA,NA,NA,NA,NA,NA
oficial,1,1,1,1,1,1,1,1,5231,201,84169,201,84169,201,84169,201,84169,201,84169,"Artesanos y trabajadores fabriles en la elaboración de productos de bejuco, vara, palma, carrizo y mimbre, excepto madera",7313,1,4d,NA,NA,NA,NA,NA,NA,NA
oficial_panel,1,1,1,1,1,1,1,1,5231,201,84169,201,84169,201,84169,201,84169,201,84169,"Artesanos y trabajadores fabriles en la elaboración de productos de bejuco, vara, palma, carrizo y mimbre, excepto madera",7313,1,4d,NA,NA,NA,NA,NA,NA,NA
oficial_panel_enoe,1,1,1,1,1,1,1,1,5231,201,84169,201,84169,201,84169,201,84169,201,84169,"Artesanos y trabajadores fabriles en la elaboración de productos de bejuco, vara, palma, carrizo y mimbre, excepto madera",7313,1,4d,NA,NA,NA,NA,NA,NA,NA
oficial,1,1,1,1,1,1,1,1,1363,334,83416,334,83416,334,83416,334,83416,334,83416,"Profesores, instructores y capacitadores en educación técnica y capacitación aplicables en la producción y servicios",2715,1,4d,NA,NA,NA,NA,NA,NA,NA
oficial_panel,1,1,1,1,1,1,1,1,1363,334,83416,334,83416,334,83416,334,83416,334,83416,"Profesores, instructores y capacitadores en educación técnica y capacitación aplicables en la producción y servicios",2715,1,4d,NA,NA,NA,NA,NA,NA,NA
oficial_panel_enoe,1,1,1,1,1,1,1,1,1363,334,83416,334,83416,334,83416,334,83416,334,83416,"Profesores, instructores y capacitadores en educación técnica y capacitación aplicables en la producción y servicios",2715,1,4d,NA,NA,NA,NA,NA,NA,NA
oficial,1,1,1,1,1,1,1,1,4107,145,82306,145,82306,145,82306,145,82306,145,82306,Trabajadores en el cultivo de flores,6115,1,4d,NA,NA,NA,NA,NA,NA,NA
oficial_panel,1,1,1,1,1,1,1,1,4107,145,82306,145,82306,145,82306,145,82306,145,82306,Trabajadores en el cultivo de flores,6115,1,4d,NA,NA,NA,NA,NA,NA,NA
oficial_panel_enoe,1,1,1,1,1,1,1,1,4107,145,82306,145,82306,145,82306,145,82306,145,82306,Trabajadores en el cultivo de flores,6115,1,4d,NA,NA,NA,NA,NA,NA,NA
oficial,1,1,1,1,1,1,1,1,5501,312,80971,312,80971,312,80971,312,80971,312,80971,Conductores de maquinaria móvil para la construcción,8351,1,4d,NA,NA,NA,NA,NA,NA,NA
oficial_panel,1,1,1,1,1,1,1,1,5501,312,80971,312,80971,312,80971,312,80971,312,80971,Conductores de maquinaria móvil para la construcción,8351,1,4d,NA,NA,NA,NA,NA,NA,NA
oficial_panel_enoe,1,1,1,1,1,1,1,1,5501,312,80971,312,80971,312,80971,312,80971,312,80971,Conductores de maquinaria móvil para la construcción,8351,1,4d,NA,NA,NA,NA,NA,NA,NA
oficial,1,1,1,1,1,1,1,1,5271,282,79252,282,79252,282,79252,282,79252,282,79252,"Instaladores y reparadores de aparatos electrónicos, electrodomésticos y equipos de telecomunicaciones",2644,1,4d,NA,NA,NA,NA,NA,NA,NA
oficial_panel,1,1,1,1,1,1,1,1,5271,282,79252,282,79252,282,79252,282,79252,282,79252,"Instaladores y reparadores de aparatos electrónicos, electrodomésticos y equipos de telecomunicaciones",2644,1,4d,NA,NA,NA,NA,NA,NA,NA
oficial_panel_enoe,1,1,1,1,1,1,1,1,5271,282,79252,282,79252,282,79252,282,79252,282,79252,"Instaladores y reparadores de aparatos electrónicos, electrodomésticos y equipos de telecomunicaciones",2644,1,4d,NA,NA,NA,NA,NA,NA,NA
oficial,1,1,1,1,1,1,1,1,5481,213,78940,213,78940,213,78940,213,78940,213,78940,"Cargadores, abastecedores, empacadores manuales y similares en la fabricación de químicos, petroquímica, hule, caucho y plástico",9233,1,4d,NA,NA,NA,NA,NA,NA,NA
oficial_panel,1,1,1,1,1,1,1,1,5481,213,78940,213,78940,213,78940,213,78940,213,78940,"Cargadores, abastecedores, empacadores manuales y similares en la fabricación de químicos, petroquímica, hule, caucho y plástico",9233,1,4d,NA,NA,NA,NA,NA,NA,NA
oficial_panel_enoe,1,1,1,1,1,1,1,1,5481,213,78940,213,78940,213,78940,213,78940,213,78940,"Cargadores, abastecedores, empacadores manuales y similares en la fabricación de químicos, petroquímica, hule, caucho y plástico",9233,1,4d,NA,NA,NA,NA,NA,NA,NA
oficial,1,1,1,1,1,1,1,1,2111,235,78860,235,78860,235,78860,235,78860,235,78860,"Presidentes, directores y gerentes generales en instituciones, negocios y empresas privadas",1122,1,4d,NA,NA,NA,NA,NA,NA,NA
oficial_panel,1,1,1,1,1,1,1,1,2111,235,78860,235,78860,235,78860,235,78860,235,78860,"Presidentes, directores y gerentes generales en instituciones, negocios y empresas privadas",1122,1,4d,NA,NA,NA,NA,NA,NA,NA
oficial_panel_enoe,1,1,1,1,1,1,1,1,2111,235,78860,235,78860,235,78860,235,78860,235,78860,"Presidentes, directores y gerentes generales en instituciones, negocios y empresas privadas",1122,1,4d,NA,NA,NA,NA,NA,NA,NA
oficial,1,1,1,1,1,1,1,1,8110,350,76663,350,76663,350,76663,350,76663,350,76663,Lavanderos,9641,1,4d,NA,NA,NA,NA,NA,NA,NA
oficial_panel,1,1,1,1,1,1,1,1,8110,350,76663,350,76663,350,76663,350,76663,350,76663,Lavanderos,9641,1,4d,NA,NA,NA,NA,NA,NA,NA
oficial_panel_enoe,1,1,1,1,1,1,1,1,8110,350,76663,350,76663,350,76663,350,76663,350,76663,Lavanderos,9641,1,4d,NA,NA,NA,NA,NA,NA,NA
oficial,1,1,1,1,1,1,1,1,5290,278,73232,278,73232,278,73232,278,73232,278,73232,Otros trabajadores que desempeñan una ocupación afín a las comprendidas en este grupo,7999,1,4d,NA,NA,NA,NA,NA,NA,NA
oficial_panel,1,1,1,1,1,1,1,1,5290,278,73232,278,73232,278,73232,278,73232,278,73232,Otros trabajadores que desempeñan una ocupación afín a las comprendidas en este grupo,7999,1,4d,NA,NA,NA,NA,NA,NA,NA
oficial_panel_enoe,1,1,1,1,1,1,1,1,5290,278,73232,278,73232,278,73232,278,73232,278,73232,Otros trabajadores que desempeñan una ocupación afín a las comprendidas en este grupo,7999,1,4d,NA,NA,NA,NA,NA,NA,NA
oficial,0,0,1,1,1,1,1,1,8123,292,69911,0,0,292,69911,292,69911,292,69911,"Mozos de hotel, botones y similares",9622|9623,2,3d,CMO2012_SINCO2011_GLOBAL_8123,panel_global,validacion_panel_ENOE,cmo_4d,69,0.8411827113796762,0.8996641074856047
oficial_panel,1,1,1,1,1,1,1,1,8123,292,69911,292,69911,292,69911,292,69911,292,69911,"Mozos de hotel, botones y similares",9622|9623,2,3d,CMO2012_SINCO2011_GLOBAL_8123,panel_global,validacion_panel_ENOE,cmo_4d,69,0.8411827113796762,0.8996641074856047
oficial_panel_enoe,1,1,1,1,1,1,1,1,8123,292,69911,292,69911,292,69911,292,69911,292,69911,"Mozos de hotel, botones y similares",9622|9623,2,3d,CMO2012_SINCO2011_GLOBAL_8123,panel_global,validacion_panel_ENOE,cmo_4d,69,0.8411827113796762,0.8996641074856047
oficial,1,1,1,1,1,1,1,1,1164,258,69030,258,69030,258,69030,258,69030,258,69030,Sicólogos (psicólogos),2142,1,4d,NA,NA,NA,NA,NA,NA,NA
oficial_panel,1,1,1,1,1,1,1,1,1164,258,69030,258,69030,258,69030,258,69030,258,69030,Sicólogos (psicólogos),2142,1,4d,NA,NA,NA,NA,NA,NA,NA
oficial_panel_enoe,1,1,1,1,1,1,1,1,1164,258,69030,258,69030,258,69030,258,69030,258,69030,Sicólogos (psicólogos),2142,1,4d,NA,NA,NA,NA,NA,NA,NA
oficial,1,1,1,1,1,1,1,1,5266,257,68699,257,68699,257,68699,257,68699,257,68699,"Instaladores de materiales de impermeabilización, vidrio, papel tapiz, alfombra y otros materiales en la construcción",7133,1,4d,NA,NA,NA,NA,NA,NA,NA
oficial_panel,1,1,1,1,1,1,1,1,5266,257,68699,257,68699,257,68699,257,68699,257,68699,"Instaladores de materiales de impermeabilización, vidrio, papel tapiz, alfombra y otros materiales en la construcción",7133,1,4d,NA,NA,NA,NA,NA,NA,NA
oficial_panel_enoe,1,1,1,1,1,1,1,1,5266,257,68699,257,68699,257,68699,257,68699,257,68699,"Instaladores de materiales de impermeabilización, vidrio, papel tapiz, alfombra y otros materiales en la construcción",7133,1,4d,NA,NA,NA,NA,NA,NA,NA
oficial,1,1,1,1,1,1,1,1,5470,249,68269,249,68269,249,68269,249,68269,249,68269,"Ayudantes, peones y similares en la generación de energía, la electrónica y las telecomunicaciones",9232,1,4d,NA,NA,NA,NA,NA,NA,NA
oficial_panel,1,1,1,1,1,1,1,1,5470,249,68269,249,68269,249,68269,249,68269,249,68269,"Ayudantes, peones y similares en la generación de energía, la electrónica y las telecomunicaciones",9232,1,4d,NA,NA,NA,NA,NA,NA,NA
oficial_panel_enoe,1,1,1,1,1,1,1,1,5470,249,68269,249,68269,249,68269,249,68269,249,68269,"Ayudantes, peones y similares en la generación de energía, la electrónica y las telecomunicaciones",9232,1,4d,NA,NA,NA,NA,NA,NA,NA
oficial,0,0,0,0,0,0,0,0,5100,210,65401,0,0,0,0,0,0,0,0,"Jefes, coordinadores y similares en la fabricación de alimentos, bebidas y productos de tabaco",1614|5101,2,unresolved,NA,NA,NA,NA,NA,NA,NA
oficial_panel,0,0,0,0,0,0,0,0,5100,210,65401,0,0,0,0,0,0,0,0,"Jefes, coordinadores y similares en la fabricación de alimentos, bebidas y productos de tabaco",1614|5101,2,unresolved,NA,NA,NA,NA,NA,NA,NA
oficial_panel_enoe,0,0,0,0,0,0,1,1,5100,210,65401,0,0,0,0,0,0,210,65401,"Jefes, coordinadores y similares en la fabricación de alimentos, bebidas y productos de tabaco",1614|5101,2,unresolved,NA,NA,NA,NA,NA,NA,NA
oficial,1,1,1,1,1,1,1,1,8140,245,64957,245,64957,245,64957,245,64957,245,64957,"Trabajadores en servicios de alquiler de bienes muebles (autos, vajillas, maquinaria, etcétera",4312,1,4d,NA,NA,NA,NA,NA,NA,NA
oficial_panel,1,1,1,1,1,1,1,1,8140,245,64957,245,64957,245,64957,245,64957,245,64957,"Trabajadores en servicios de alquiler de bienes muebles (autos, vajillas, maquinaria, etcétera",4312,1,4d,NA,NA,NA,NA,NA,NA,NA
oficial_panel_enoe,1,1,1,1,1,1,1,1,8140,245,64957,245,64957,245,64957,245,64957,245,64957,"Trabajadores en servicios de alquiler de bienes muebles (autos, vajillas, maquinaria, etcétera",4312,1,4d,NA,NA,NA,NA,NA,NA,NA
oficial,1,1,1,1,1,1,1,1,5140,181,64190,181,64190,181,64190,181,64190,181,64190,"Jefes, coordinadores y similares en la fabricación metalúrgica y en la fabricación de productos eléctricos y electrónicos, la reparación y mantenimiento de maquinaria y productos metálicos y de precisión",1614,1,4d,NA,NA,NA,NA,NA,NA,NA
oficial_panel,1,1,1,1,1,1,1,1,5140,181,64190,181,64190,181,64190,181,64190,181,64190,"Jefes, coordinadores y similares en la fabricación metalúrgica y en la fabricación de productos eléctricos y electrónicos, la reparación y mantenimiento de maquinaria y productos metálicos y de precisión",1614,1,4d,NA,NA,NA,NA,NA,NA,NA
oficial_panel_enoe,1,1,1,1,1,1,1,1,5140,181,64190,181,64190,181,64190,181,64190,181,64190,"Jefes, coordinadores y similares en la fabricación metalúrgica y en la fabricación de productos eléctricos y electrónicos, la reparación y mantenimiento de maquinaria y productos metálicos y de precisión",1614,1,4d,NA,NA,NA,NA,NA,NA,NA
oficial,0,0,0,0,0,0,0,0,6121,194,63894,0,0,0,0,0,0,0,0,"Jefes de departamento, coordinadores y supervisores en la coordinación del transporte",1623|2661|2662|8301,4,unresolved,NA,NA,NA,NA,NA,NA,NA
oficial_panel,0,0,0,0,0,0,0,0,6121,194,63894,0,0,0,0,0,0,0,0,"Jefes de departamento, coordinadores y supervisores en la coordinación del transporte",1623|2661|2662|8301,4,unresolved,NA,NA,NA,NA,NA,NA,NA
oficial_panel_enoe,0,0,0,0,0,0,1,1,6121,194,63894,0,0,0,0,0,0,194,63894,"Jefes de departamento, coordinadores y supervisores en la coordinación del transporte",1623|2661|2662|8301,4,unresolved,NA,NA,NA,NA,NA,NA,NA
oficial,1,1,1,1,1,1,1,1,7120,244,63251,244,63251,244,63251,244,63251,244,63251,Demostradores,4231,1,4d,NA,NA,NA,NA,NA,NA,NA
oficial_panel,1,1,1,1,1,1,1,1,7120,244,63251,244,63251,244,63251,244,63251,244,63251,Demostradores,4231,1,4d,NA,NA,NA,NA,NA,NA,NA
oficial_panel_enoe,1,1,1,1,1,1,1,1,7120,244,63251,244,63251,244,63251,244,63251,244,63251,Demostradores,4231,1,4d,NA,NA,NA,NA,NA,NA,NA
oficial,1,1,1,1,1,1,1,1,1364,220,62282,220,62282,220,62282,220,62282,220,62282,Profesores e instructores en actividades deportivas,2716,1,4d,NA,NA,NA,NA,NA,NA,NA
oficial_panel,1,1,1,1,1,1,1,1,1364,220,62282,220,62282,220,62282,220,62282,220,62282,Profesores e instructores en actividades deportivas,2716,1,4d,NA,NA,NA,NA,NA,NA,NA
oficial_panel_enoe,1,1,1,1,1,1,1,1,1364,220,62282,220,62282,220,62282,220,62282,220,62282,Profesores e instructores en actividades deportivas,2716,1,4d,NA,NA,NA,NA,NA,NA,NA
oficial,1,1,1,1,1,1,1,1,7133,208,62185,208,62185,208,62185,208,62185,208,62185,Agente de seguros,4222,1,4d,NA,NA,NA,NA,NA,NA,NA
oficial_panel,1,1,1,1,1,1,1,1,7133,208,62185,208,62185,208,62185,208,62185,208,62185,Agente de seguros,4222,1,4d,NA,NA,NA,NA,NA,NA,NA
oficial_panel_enoe,1,1,1,1,1,1,1,1,7133,208,62185,208,62185,208,62185,208,62185,208,62185,Agente de seguros,4222,1,4d,NA,NA,NA,NA,NA,NA,NA
oficial,1,1,1,1,1,1,1,1,1101,271,62027,271,62027,271,62027,271,62027,271,62027,Ingenieros civiles y de la construcción,2261,1,4d,NA,NA,NA,NA,NA,NA,NA
oficial_panel,1,1,1,1,1,1,1,1,1101,271,62027,271,62027,271,62027,271,62027,271,62027,Ingenieros civiles y de la construcción,2261,1,4d,NA,NA,NA,NA,NA,NA,NA
oficial_panel_enoe,1,1,1,1,1,1,1,1,1101,271,62027,271,62027,271,62027,271,62027,271,62027,Ingenieros civiles y de la construcción,2261,1,4d,NA,NA,NA,NA,NA,NA,NA
oficial,1,1,1,1,1,1,1,1,5161,281,60210,281,60210,281,60210,281,60210,281,60210,"Supervisores, inspectores y similares en la construcción, instalación, mantenimiento y acabados",7101,1,4d,NA,NA,NA,NA,NA,NA,NA
oficial_panel,1,1,1,1,1,1,1,1,5161,281,60210,281,60210,281,60210,281,60210,281,60210,"Supervisores, inspectores y similares en la construcción, instalación, mantenimiento y acabados",7101,1,4d,NA,NA,NA,NA,NA,NA,NA
oficial_panel_enoe,1,1,1,1,1,1,1,1,5161,281,60210,281,60210,281,60210,281,60210,281,60210,"Supervisores, inspectores y similares en la construcción, instalación, mantenimiento y acabados",7101,1,4d,NA,NA,NA,NA,NA,NA,NA
oficial,1,1,1,1,1,1,1,1,5441,182,59104,182,59104,182,59104,182,59104,182,59104,"Cargadores, abastecedores, empacadores manuales y similares en la fabricación metalúrgica y en la fabricación de maquinaria y productos metálicos, eléctricos y electrónicos",9231,1,4d,NA,NA,NA,NA,NA,NA,NA
oficial_panel,1,1,1,1,1,1,1,1,5441,182,59104,182,59104,182,59104,182,59104,182,59104,"Cargadores, abastecedores, empacadores manuales y similares en la fabricación metalúrgica y en la fabricación de maquinaria y productos metálicos, eléctricos y electrónicos",9231,1,4d,NA,NA,NA,NA,NA,NA,NA
oficial_panel_enoe,1,1,1,1,1,1,1,1,5441,182,59104,182,59104,182,59104,182,59104,182,59104,"Cargadores, abastecedores, empacadores manuales y similares en la fabricación metalúrgica y en la fabricación de maquinaria y productos metálicos, eléctricos y electrónicos",9231,1,4d,NA,NA,NA,NA,NA,NA,NA
oficial,1,1,1,1,1,1,1,1,1252,248,58298,248,58298,248,58298,248,58298,248,58298,"Técnicos en ciencias administrativas, hotelería y turismo",2511,1,4d,NA,NA,NA,NA,NA,NA,NA
oficial_panel,1,1,1,1,1,1,1,1,1252,248,58298,248,58298,248,58298,248,58298,248,58298,"Técnicos en ciencias administrativas, hotelería y turismo",2511,1,4d,NA,NA,NA,NA,NA,NA,NA
oficial_panel_enoe,1,1,1,1,1,1,1,1,1252,248,58298,248,58298,248,58298,248,58298,248,58298,"Técnicos en ciencias administrativas, hotelería y turismo",2511,1,4d,NA,NA,NA,NA,NA,NA,NA
oficial,1,1,1,1,1,1,1,1,1171,173,58175,173,58175,173,58175,173,58175,173,58175,Administradores de empresas,2111,1,4d,NA,NA,NA,NA,NA,NA,NA
oficial_panel,1,1,1,1,1,1,1,1,1171,173,58175,173,58175,173,58175,173,58175,173,58175,Administradores de empresas,2111,1,4d,NA,NA,NA,NA,NA,NA,NA
oficial_panel_enoe,1,1,1,1,1,1,1,1,1171,173,58175,173,58175,173,58175,173,58175,173,58175,Administradores de empresas,2111,1,4d,NA,NA,NA,NA,NA,NA,NA
oficial,1,1,1,1,1,1,1,1,5240,186,57988,186,57988,186,57988,186,57988,186,57988,"Moldeadores, caldereros y torneros",7211,1,4d,NA,NA,NA,NA,NA,NA,NA
oficial_panel,1,1,1,1,1,1,1,1,5240,186,57988,186,57988,186,57988,186,57988,186,57988,"Moldeadores, caldereros y torneros",7211,1,4d,NA,NA,NA,NA,NA,NA,NA
oficial_panel_enoe,1,1,1,1,1,1,1,1,5240,186,57988,186,57988,186,57988,186,57988,186,57988,"Moldeadores, caldereros y torneros",7211,1,4d,NA,NA,NA,NA,NA,NA,NA
oficial,0,0,0,0,0,0,0,0,1230,226,57892,0,0,0,0,0,0,0,0,Técnicos laboratoristas químicos y biólogos,2612|2813|2827,3,1d,NA,NA,NA,NA,NA,NA,NA
oficial_panel,0,0,0,0,0,0,0,0,1230,226,57892,0,0,0,0,0,0,0,0,Técnicos laboratoristas químicos y biólogos,2612|2813|2827,3,1d,NA,NA,NA,NA,NA,NA,NA
oficial_panel_enoe,0,0,0,0,0,0,1,1,1230,226,57892,0,0,0,0,0,0,226,57892,Técnicos laboratoristas químicos y biólogos,2612|2813|2827,3,1d,NA,NA,NA,NA,NA,NA,NA
oficial,1,1,1,1,1,1,1,1,8203,222,57320,222,57320,222,57320,222,57320,222,57320,Jardineros en casas particulares,5242,1,4d,NA,NA,NA,NA,NA,NA,NA
oficial_panel,1,1,1,1,1,1,1,1,8203,222,57320,222,57320,222,57320,222,57320,222,57320,Jardineros en casas particulares,5242,1,4d,NA,NA,NA,NA,NA,NA,NA
oficial_panel_enoe,1,1,1,1,1,1,1,1,8203,222,57320,222,57320,222,57320,222,57320,222,57320,Jardineros en casas particulares,5242,1,4d,NA,NA,NA,NA,NA,NA,NA
oficial,1,1,1,1,1,1,1,1,8190,207,55265,207,55265,207,55265,207,55265,207,55265,Otros trabajadores que desempeñan una ocupación afín a las comprendidas en este grupo,5999,1,4d,NA,NA,NA,NA,NA,NA,NA
oficial_panel,1,1,1,1,1,1,1,1,8190,207,55265,207,55265,207,55265,207,55265,207,55265,Otros trabajadores que desempeñan una ocupación afín a las comprendidas en este grupo,5999,1,4d,NA,NA,NA,NA,NA,NA,NA
oficial_panel_enoe,1,1,1,1,1,1,1,1,8190,207,55265,207,55265,207,55265,207,55265,207,55265,Otros trabajadores que desempeñan una ocupación afín a las comprendidas en este grupo,5999,1,4d,NA,NA,NA,NA,NA,NA,NA
oficial,0,0,1,1,1,1,1,1,6260,174,54708,0,0,174,54708,174,54708,174,54708,"Despachadores, checadores y similares en la operación del transporte",3141|3142,2,3d,NA,NA,NA,NA,NA,NA,NA
oficial_panel,0,0,1,1,1,1,1,1,6260,174,54708,0,0,174,54708,174,54708,174,54708,"Despachadores, checadores y similares en la operación del transporte",3141|3142,2,3d,NA,NA,NA,NA,NA,NA,NA
oficial_panel_enoe,0,0,1,1,1,1,1,1,6260,174,54708,0,0,174,54708,174,54708,174,54708,"Despachadores, checadores y similares en la operación del transporte",3141|3142,2,3d,NA,NA,NA,NA,NA,NA,NA
oficial,1,1,1,1,1,1,1,1,5272,200,53678,200,53678,200,53678,200,53678,200,53678,Reparadores de equipos electromecánicos,2646,1,4d,NA,NA,NA,NA,NA,NA,NA
oficial_panel,1,1,1,1,1,1,1,1,5272,200,53678,200,53678,200,53678,200,53678,200,53678,Reparadores de equipos electromecánicos,2646,1,4d,NA,NA,NA,NA,NA,NA,NA
oficial_panel_enoe,1,1,1,1,1,1,1,1,5272,200,53678,200,53678,200,53678,200,53678,200,53678,Reparadores de equipos electromecánicos,2646,1,4d,NA,NA,NA,NA,NA,NA,NA
oficial,1,1,1,1,1,1,1,1,6240,173,53221,173,53221,173,53221,173,53221,173,53221,Telefonistas,3213,1,4d,NA,NA,NA,NA,NA,NA,NA
oficial_panel,1,1,1,1,1,1,1,1,6240,173,53221,173,53221,173,53221,173,53221,173,53221,Telefonistas,3213,1,4d,NA,NA,NA,NA,NA,NA,NA
oficial_panel_enoe,1,1,1,1,1,1,1,1,6240,173,53221,173,53221,173,53221,173,53221,173,53221,Telefonistas,3213,1,4d,NA,NA,NA,NA,NA,NA,NA
oficial,1,1,1,1,1,1,1,1,4111,137,52018,137,52018,137,52018,137,52018,137,52018,Trabajadores en la cría de porcinos,6122,1,4d,NA,NA,NA,NA,NA,NA,NA
oficial_panel,1,1,1,1,1,1,1,1,4111,137,52018,137,52018,137,52018,137,52018,137,52018,Trabajadores en la cría de porcinos,6122,1,4d,NA,NA,NA,NA,NA,NA,NA
oficial_panel_enoe,1,1,1,1,1,1,1,1,4111,137,52018,137,52018,137,52018,137,52018,137,52018,Trabajadores en la cría de porcinos,6122,1,4d,NA,NA,NA,NA,NA,NA,NA
oficial,0,0,0,0,0,0,0,0,6180,181,51703,0,0,0,0,0,0,0,0,"Otros jefes de departamento, coordinadores y supervisores en actividades no clasificadas anteriormente",1723|5201|9601,3,unresolved,NA,NA,NA,NA,NA,NA,NA
oficial_panel,0,0,0,0,0,0,0,0,6180,181,51703,0,0,0,0,0,0,0,0,"Otros jefes de departamento, coordinadores y supervisores en actividades no clasificadas anteriormente",1723|5201|9601,3,unresolved,NA,NA,NA,NA,NA,NA,NA
oficial_panel_enoe,0,0,0,0,0,0,1,1,6180,181,51703,0,0,0,0,0,0,181,51703,"Otros jefes de departamento, coordinadores y supervisores en actividades no clasificadas anteriormente",1723|5201|9601,3,unresolved,NA,NA,NA,NA,NA,NA,NA
oficial,1,1,1,1,1,1,1,1,5321,128,50972,128,50972,128,50972,128,50972,128,50972,"Operadores de telares y máquinas para fabricar tejidos de punto, telas y alfombras",8152,1,4d,NA,NA,NA,NA,NA,NA,NA
oficial_panel,1,1,1,1,1,1,1,1,5321,128,50972,128,50972,128,50972,128,50972,128,50972,"Operadores de telares y máquinas para fabricar tejidos de punto, telas y alfombras",8152,1,4d,NA,NA,NA,NA,NA,NA,NA
oficial_panel_enoe,1,1,1,1,1,1,1,1,5321,128,50972,128,50972,128,50972,128,50972,128,50972,"Operadores de telares y máquinas para fabricar tejidos de punto, telas y alfombras",8152,1,4d,NA,NA,NA,NA,NA,NA,NA
oficial,1,1,1,1,1,1,1,1,8120,116,50815,116,50815,116,50815,116,50815,116,50815,Porteros y conserjes en establecimiento,5313,1,4d,NA,NA,NA,NA,NA,NA,NA
oficial_panel,1,1,1,1,1,1,1,1,8120,116,50815,116,50815,116,50815,116,50815,116,50815,Porteros y conserjes en establecimiento,5313,1,4d,NA,NA,NA,NA,NA,NA,NA
oficial_panel_enoe,1,1,1,1,1,1,1,1,8120,116,50815,116,50815,116,50815,116,50815,116,50815,Porteros y conserjes en establecimiento,5313,1,4d,NA,NA,NA,NA,NA,NA,NA
oficial,0,0,0,0,0,0,0,0,8312,198,50520,0,0,0,0,0,0,0,0,Trabajadores de la fuerza armada terrestre,1525|5401|5413,3,unresolved,CMO2012_SINCO2011_GLOBAL_8312,panel_global,validacion_panel_ENOE,cmo_4d,79,0.7096420244136606,0.6151912654151285
oficial_panel,1,1,1,1,1,1,1,1,8312,198,50520,198,50520,198,50520,198,50520,198,50520,Trabajadores de la fuerza armada terrestre,1525|5401|5413,3,unresolved,CMO2012_SINCO2011_GLOBAL_8312,panel_global,validacion_panel_ENOE,cmo_4d,79,0.7096420244136606,0.6151912654151285
oficial_panel_enoe,1,1,1,1,1,1,1,1,8312,198,50520,198,50520,198,50520,198,50520,198,50520,Trabajadores de la fuerza armada terrestre,1525|5401|5413,3,unresolved,CMO2012_SINCO2011_GLOBAL_8312,panel_global,validacion_panel_ENOE,cmo_4d,79,0.7096420244136606,0.6151912654151285
oficial,1,1,1,1,1,1,1,1,5224,186,49526,186,49526,186,49526,186,49526,186,49526,Bordadores y deshiladores,7343,1,4d,NA,NA,NA,NA,NA,NA,NA
oficial_panel,1,1,1,1,1,1,1,1,5224,186,49526,186,49526,186,49526,186,49526,186,49526,Bordadores y deshiladores,7343,1,4d,NA,NA,NA,NA,NA,NA,NA
oficial_panel_enoe,1,1,1,1,1,1,1,1,5224,186,49526,186,49526,186,49526,186,49526,186,49526,Bordadores y deshiladores,7343,1,4d,NA,NA,NA,NA,NA,NA,NA
oficial,1,1,1,1,1,1,1,1,5500,169,49048,169,49048,169,49048,169,49048,169,49048,Conductores de maquinaria móvil agrícola y forestal,6311,1,4d,NA,NA,NA,NA,NA,NA,NA
oficial_panel,1,1,1,1,1,1,1,1,5500,169,49048,169,49048,169,49048,169,49048,169,49048,Conductores de maquinaria móvil agrícola y forestal,6311,1,4d,NA,NA,NA,NA,NA,NA,NA
oficial_panel_enoe,1,1,1,1,1,1,1,1,5500,169,49048,169,49048,169,49048,169,49048,169,49048,Conductores de maquinaria móvil agrícola y forestal,6311,1,4d,NA,NA,NA,NA,NA,NA,NA
oficial,0,0,1,1,1,1,1,1,5380,126,48291,0,0,126,48291,126,48291,126,48291,Operadores de máquinas para el tratamiento de sustancias químicas y agua,8131|8134,2,3d,NA,NA,NA,NA,NA,NA,NA
oficial_panel,0,0,1,1,1,1,1,1,5380,126,48291,0,0,126,48291,126,48291,126,48291,Operadores de máquinas para el tratamiento de sustancias químicas y agua,8131|8134,2,3d,NA,NA,NA,NA,NA,NA,NA
oficial_panel_enoe,0,0,1,1,1,1,1,1,5380,126,48291,0,0,126,48291,126,48291,126,48291,Operadores de máquinas para el tratamiento de sustancias químicas y agua,8131|8134,2,3d,NA,NA,NA,NA,NA,NA,NA
oficial,1,1,1,1,1,1,1,1,6220,164,47195,164,47195,164,47195,164,47195,164,47195,Trabajadores en archivo y correspondencia,3131,1,4d,NA,NA,NA,NA,NA,NA,NA
oficial_panel,1,1,1,1,1,1,1,1,6220,164,47195,164,47195,164,47195,164,47195,164,47195,Trabajadores en archivo y correspondencia,3131,1,4d,NA,NA,NA,NA,NA,NA,NA
oficial_panel_enoe,1,1,1,1,1,1,1,1,6220,164,47195,164,47195,164,47195,164,47195,164,47195,Trabajadores en archivo y correspondencia,3131,1,4d,NA,NA,NA,NA,NA,NA,NA
oficial,1,1,1,1,1,1,1,1,5181,142,46234,142,46234,142,46234,142,46234,142,46234,"Supervisores, inspectores y similares en la fabricación de químicos, petroquímica, hule, caucho y plástico",7401,1,4d,NA,NA,NA,NA,NA,NA,NA
oficial_panel,1,1,1,1,1,1,1,1,5181,142,46234,142,46234,142,46234,142,46234,142,46234,"Supervisores, inspectores y similares en la fabricación de químicos, petroquímica, hule, caucho y plástico",7401,1,4d,NA,NA,NA,NA,NA,NA,NA
oficial_panel_enoe,1,1,1,1,1,1,1,1,5181,142,46234,142,46234,142,46234,142,46234,142,46234,"Supervisores, inspectores y similares en la fabricación de químicos, petroquímica, hule, caucho y plástico",7401,1,4d,NA,NA,NA,NA,NA,NA,NA
oficial,1,1,1,1,1,1,1,1,1360,152,46012,152,46012,152,46012,152,46012,152,46012,Profesores e instructores de educación artística,2712,1,4d,NA,NA,NA,NA,NA,NA,NA
oficial_panel,1,1,1,1,1,1,1,1,1360,152,46012,152,46012,152,46012,152,46012,152,46012,Profesores e instructores de educación artística,2712,1,4d,NA,NA,NA,NA,NA,NA,NA
oficial_panel_enoe,1,1,1,1,1,1,1,1,1360,152,46012,152,46012,152,46012,152,46012,152,46012,Profesores e instructores de educación artística,2712,1,4d,NA,NA,NA,NA,NA,NA,NA
oficial,1,1,1,1,1,1,1,1,4112,175,45792,175,45792,175,45792,175,45792,175,45792,Trabajadores en la cría avícola,6123,1,4d,NA,NA,NA,NA,NA,NA,NA
oficial_panel,1,1,1,1,1,1,1,1,4112,175,45792,175,45792,175,45792,175,45792,175,45792,Trabajadores en la cría avícola,6123,1,4d,NA,NA,NA,NA,NA,NA,NA
oficial_panel_enoe,1,1,1,1,1,1,1,1,4112,175,45792,175,45792,175,45792,175,45792,175,45792,Trabajadores en la cría avícola,6123,1,4d,NA,NA,NA,NA,NA,NA,NA
oficial,0,0,0,0,0,0,0,0,6130,134,45536,0,0,0,0,0,0,0,0,"Jefes de departamento, coordinadores y supervisores en servicios estadísticos e informáticos",1621|3201,2,unresolved,NA,NA,NA,NA,NA,NA,NA
oficial_panel,0,0,0,0,0,0,0,0,6130,134,45536,0,0,0,0,0,0,0,0,"Jefes de departamento, coordinadores y supervisores en servicios estadísticos e informáticos",1621|3201,2,unresolved,NA,NA,NA,NA,NA,NA,NA
oficial_panel_enoe,0,0,0,0,0,0,1,1,6130,134,45536,0,0,0,0,0,0,134,45536,"Jefes de departamento, coordinadores y supervisores en servicios estadísticos e informáticos",1621|3201,2,unresolved,NA,NA,NA,NA,NA,NA,NA
oficial,1,1,1,1,1,1,1,1,8131,161,45455,161,45455,161,45455,161,45455,161,45455,"Maquillistas, manicuristas y pedicuristas",5212,1,4d,NA,NA,NA,NA,NA,NA,NA
oficial_panel,1,1,1,1,1,1,1,1,8131,161,45455,161,45455,161,45455,161,45455,161,45455,"Maquillistas, manicuristas y pedicuristas",5212,1,4d,NA,NA,NA,NA,NA,NA,NA
oficial_panel_enoe,1,1,1,1,1,1,1,1,8131,161,45455,161,45455,161,45455,161,45455,161,45455,"Maquillistas, manicuristas y pedicuristas",5212,1,4d,NA,NA,NA,NA,NA,NA,NA
oficial,1,1,1,1,1,1,1,1,5421,133,45370,133,45370,133,45370,133,45370,133,45370,"Cargadores, abastecedores, empacadores manuales y similares en la fabricación de textiles y productos de cuero, piel y similares.",9235,1,4d,NA,NA,NA,NA,NA,NA,NA
oficial_panel,1,1,1,1,1,1,1,1,5421,133,45370,133,45370,133,45370,133,45370,133,45370,"Cargadores, abastecedores, empacadores manuales y similares en la fabricación de textiles y productos de cuero, piel y similares.",9235,1,4d,NA,NA,NA,NA,NA,NA,NA
oficial_panel_enoe,1,1,1,1,1,1,1,1,5421,133,45370,133,45370,133,45370,133,45370,133,45370,"Cargadores, abastecedores, empacadores manuales y similares en la fabricación de textiles y productos de cuero, piel y similares.",9235,1,4d,NA,NA,NA,NA,NA,NA,NA
oficial,1,1,1,1,1,1,1,1,8111,118,44678,118,44678,118,44678,118,44678,118,44678,Tintoreros y planchadores,9642,1,4d,NA,NA,NA,NA,NA,NA,NA
oficial_panel,1,1,1,1,1,1,1,1,8111,118,44678,118,44678,118,44678,118,44678,118,44678,Tintoreros y planchadores,9642,1,4d,NA,NA,NA,NA,NA,NA,NA
oficial_panel_enoe,1,1,1,1,1,1,1,1,8111,118,44678,118,44678,118,44678,118,44678,118,44678,Tintoreros y planchadores,9642,1,4d,NA,NA,NA,NA,NA,NA,NA
oficial,0,0,0,0,0,0,0,0,6100,220,44470,0,0,0,0,0,0,0,0,"Jefes de departamento, coordinadores y supervisores en servicios de salud y asistencia social",1521|2524,2,unresolved,NA,NA,NA,NA,NA,NA,NA
oficial_panel,0,0,0,0,0,0,0,0,6100,220,44470,0,0,0,0,0,0,0,0,"Jefes de departamento, coordinadores y supervisores en servicios de salud y asistencia social",1521|2524,2,unresolved,NA,NA,NA,NA,NA,NA,NA
oficial_panel_enoe,0,0,0,0,0,0,1,1,6100,220,44470,0,0,0,0,0,0,220,44470,"Jefes de departamento, coordinadores y supervisores en servicios de salud y asistencia social",1521|2524,2,unresolved,NA,NA,NA,NA,NA,NA,NA
oficial,0,0,1,1,1,1,1,1,6150,129,43662,0,0,129,43662,129,43662,129,43662,"Jefes de departamento, coordinadores y supervisores en servicios culturales y de esparcimiento",1721|1722,2,3d,NA,NA,NA,NA,NA,NA,NA
oficial_panel,0,0,1,1,1,1,1,1,6150,129,43662,0,0,129,43662,129,43662,129,43662,"Jefes de departamento, coordinadores y supervisores en servicios culturales y de esparcimiento",1721|1722,2,3d,NA,NA,NA,NA,NA,NA,NA
oficial_panel_enoe,0,0,1,1,1,1,1,1,6150,129,43662,0,0,129,43662,129,43662,129,43662,"Jefes de departamento, coordinadores y supervisores en servicios culturales y de esparcimiento",1721|1722,2,3d,NA,NA,NA,NA,NA,NA,NA
oficial,0,0,0,0,0,0,0,0,4109,187,43443,0,0,0,0,0,0,0,0,Otros trabajadores que desempeñan una ocupación afín a las comprendidas en este subgrupo,6119|9111,2,unresolved,NA,NA,NA,NA,NA,NA,NA
oficial_panel,0,0,0,0,0,0,0,0,4109,187,43443,0,0,0,0,0,0,0,0,Otros trabajadores que desempeñan una ocupación afín a las comprendidas en este subgrupo,6119|9111,2,unresolved,NA,NA,NA,NA,NA,NA,NA
oficial_panel_enoe,0,0,0,0,0,0,1,1,4109,187,43443,0,0,0,0,0,0,187,43443,Otros trabajadores que desempeñan una ocupación afín a las comprendidas en este subgrupo,6119|9111,2,unresolved,NA,NA,NA,NA,NA,NA,NA
oficial,1,1,1,1,1,1,1,1,5223,135,43148,135,43148,135,43148,135,43148,135,43148,"Artesanos y confeccionadores de productos de tela, cuero, piel y similares (excepto prendas de vestir)",7342,1,4d,NA,NA,NA,NA,NA,NA,NA
oficial_panel,1,1,1,1,1,1,1,1,5223,135,43148,135,43148,135,43148,135,43148,135,43148,"Artesanos y confeccionadores de productos de tela, cuero, piel y similares (excepto prendas de vestir)",7342,1,4d,NA,NA,NA,NA,NA,NA,NA
oficial_panel_enoe,1,1,1,1,1,1,1,1,5223,135,43148,135,43148,135,43148,135,43148,135,43148,"Artesanos y confeccionadores de productos de tela, cuero, piel y similares (excepto prendas de vestir)",7342,1,4d,NA,NA,NA,NA,NA,NA,NA
oficial,1,1,1,1,1,1,1,1,5480,129,43079,129,43079,129,43079,129,43079,129,43079,"Ayudantes, peones y similares en la fabricación de químicos, petroquímica, hule, caucho y plástico",9233,1,4d,NA,NA,NA,NA,NA,NA,NA
oficial_panel,1,1,1,1,1,1,1,1,5480,129,43079,129,43079,129,43079,129,43079,129,43079,"Ayudantes, peones y similares en la fabricación de químicos, petroquímica, hule, caucho y plástico",9233,1,4d,NA,NA,NA,NA,NA,NA,NA
oficial_panel_enoe,1,1,1,1,1,1,1,1,5480,129,43079,129,43079,129,43079,129,43079,129,43079,"Ayudantes, peones y similares en la fabricación de químicos, petroquímica, hule, caucho y plástico",9233,1,4d,NA,NA,NA,NA,NA,NA,NA
oficial,1,1,1,1,1,1,1,1,1200,160,42870,160,42870,160,42870,160,42870,160,42870,Técnicos en dibujo,2625,1,4d,NA,NA,NA,NA,NA,NA,NA
oficial_panel,1,1,1,1,1,1,1,1,1200,160,42870,160,42870,160,42870,160,42870,160,42870,Técnicos en dibujo,2625,1,4d,NA,NA,NA,NA,NA,NA,NA
oficial_panel_enoe,1,1,1,1,1,1,1,1,1200,160,42870,160,42870,160,42870,160,42870,160,42870,Técnicos en dibujo,2625,1,4d,NA,NA,NA,NA,NA,NA,NA
oficial,0,0,1,1,1,1,1,1,1401,154,40690,0,0,154,40690,154,40690,154,40690,Periodistas y redactores,2152|2153,2,3d,CMO2012_SINCO2011_GLOBAL_1401,panel_global,validacion_panel_ENOE,cmo_4d,26,0.7204030226700252,0.7941926087748042
oficial_panel,1,1,1,1,1,1,1,1,1401,154,40690,154,40690,154,40690,154,40690,154,40690,Periodistas y redactores,2152|2153,2,3d,CMO2012_SINCO2011_GLOBAL_1401,panel_global,validacion_panel_ENOE,cmo_4d,26,0.7204030226700252,0.7941926087748042
oficial_panel_enoe,1,1,1,1,1,1,1,1,1401,154,40690,154,40690,154,40690,154,40690,154,40690,Periodistas y redactores,2152|2153,2,3d,CMO2012_SINCO2011_GLOBAL_1401,panel_global,validacion_panel_ENOE,cmo_4d,26,0.7204030226700252,0.7941926087748042
oficial,0,0,1,1,1,1,1,1,7212,143,40226,0,0,143,40226,143,40226,143,40226,Lavadores y cuidadores de coches sin establecimiento,9632|9634,2,3d,CMO2012_SINCO2011_GLOBAL_7212,panel_global,validacion_panel_ENOE,cmo_4d,35,0.7625400213447172,0.7241002187313581
oficial_panel,1,1,1,1,1,1,1,1,7212,143,40226,143,40226,143,40226,143,40226,143,40226,Lavadores y cuidadores de coches sin establecimiento,9632|9634,2,3d,CMO2012_SINCO2011_GLOBAL_7212,panel_global,validacion_panel_ENOE,cmo_4d,35,0.7625400213447172,0.7241002187313581
oficial_panel_enoe,1,1,1,1,1,1,1,1,7212,143,40226,143,40226,143,40226,143,40226,143,40226,Lavadores y cuidadores de coches sin establecimiento,9632|9634,2,3d,CMO2012_SINCO2011_GLOBAL_7212,panel_global,validacion_panel_ENOE,cmo_4d,35,0.7625400213447172,0.7241002187313581
oficial,1,1,1,1,1,1,1,1,6102,220,39274,220,39274,220,39274,220,39274,220,39274,"Jefes de departamento, coordinadores y supervisores en administración de justicia y procesos electorales",1524,1,4d,NA,NA,NA,NA,NA,NA,NA
oficial_panel,1,1,1,1,1,1,1,1,6102,220,39274,220,39274,220,39274,220,39274,220,39274,"Jefes de departamento, coordinadores y supervisores en administración de justicia y procesos electorales",1524,1,4d,NA,NA,NA,NA,NA,NA,NA
oficial_panel_enoe,1,1,1,1,1,1,1,1,6102,220,39274,220,39274,220,39274,220,39274,220,39274,"Jefes de departamento, coordinadores y supervisores en administración de justicia y procesos electorales",1524,1,4d,NA,NA,NA,NA,NA,NA,NA
oficial,0,0,1,1,1,1,1,1,6232,150,39167,0,0,150,39167,150,39167,150,39167,"Encuestadores, codificadores, verificadores y similares",3231|3232,2,3d,NA,NA,NA,NA,NA,NA,NA
oficial_panel,0,0,1,1,1,1,1,1,6232,150,39167,0,0,150,39167,150,39167,150,39167,"Encuestadores, codificadores, verificadores y similares",3231|3232,2,3d,NA,NA,NA,NA,NA,NA,NA
oficial_panel_enoe,0,0,1,1,1,1,1,1,6232,150,39167,0,0,150,39167,150,39167,150,39167,"Encuestadores, codificadores, verificadores y similares",3231|3232,2,3d,NA,NA,NA,NA,NA,NA,NA
oficial,1,1,1,1,1,1,1,1,5233,170,39075,170,39075,170,39075,170,39075,170,39075,"Impresores, linotipistas, fotograbadores y similares",7322,1,4d,NA,NA,NA,NA,NA,NA,NA
oficial_panel,1,1,1,1,1,1,1,1,5233,170,39075,170,39075,170,39075,170,39075,170,39075,"Impresores, linotipistas, fotograbadores y similares",7322,1,4d,NA,NA,NA,NA,NA,NA,NA
oficial_panel_enoe,1,1,1,1,1,1,1,1,5233,170,39075,170,39075,170,39075,170,39075,170,39075,"Impresores, linotipistas, fotograbadores y similares",7322,1,4d,NA,NA,NA,NA,NA,NA,NA
oficial,1,1,1,1,1,1,1,1,8202,138,38792,138,38792,138,38792,138,38792,138,38792,Choferes en casas particulares,8343,1,4d,NA,NA,NA,NA,NA,NA,NA
oficial_panel,1,1,1,1,1,1,1,1,8202,138,38792,138,38792,138,38792,138,38792,138,38792,Choferes en casas particulares,8343,1,4d,NA,NA,NA,NA,NA,NA,NA
oficial_panel_enoe,1,1,1,1,1,1,1,1,8202,138,38792,138,38792,138,38792,138,38792,138,38792,Choferes en casas particulares,8343,1,4d,NA,NA,NA,NA,NA,NA,NA
oficial,1,1,1,1,1,1,1,1,5302,125,38462,125,38462,125,38462,125,38462,125,38462,"Operadores de máquinas en la fabricación de pan, tortilla, repostería y otros productos de cereales y harinas",8161,1,4d,NA,NA,NA,NA,NA,NA,NA
oficial_panel,1,1,1,1,1,1,1,1,5302,125,38462,125,38462,125,38462,125,38462,125,38462,"Operadores de máquinas en la fabricación de pan, tortilla, repostería y otros productos de cereales y harinas",8161,1,4d,NA,NA,NA,NA,NA,NA,NA
oficial_panel_enoe,1,1,1,1,1,1,1,1,5302,125,38462,125,38462,125,38462,125,38462,125,38462,"Operadores de máquinas en la fabricación de pan, tortilla, repostería y otros productos de cereales y harinas",8161,1,4d,NA,NA,NA,NA,NA,NA,NA
oficial,1,1,1,1,1,1,1,1,5201,127,36719,127,36719,127,36719,127,36719,127,36719,Trabajadores en la elaboración de productos lácteos,7512,1,4d,NA,NA,NA,NA,NA,NA,NA
oficial_panel,1,1,1,1,1,1,1,1,5201,127,36719,127,36719,127,36719,127,36719,127,36719,Trabajadores en la elaboración de productos lácteos,7512,1,4d,NA,NA,NA,NA,NA,NA,NA
oficial_panel_enoe,1,1,1,1,1,1,1,1,5201,127,36719,127,36719,127,36719,127,36719,127,36719,Trabajadores en la elaboración de productos lácteos,7512,1,4d,NA,NA,NA,NA,NA,NA,NA
oficial,1,1,1,1,1,1,1,1,5121,155,36516,155,36516,155,36516,155,36516,155,36516,"Supervisores, inspectores y similares en la fabricación de textiles y productos de cuero, piel y similares",8101,1,4d,NA,NA,NA,NA,NA,NA,NA
oficial_panel,1,1,1,1,1,1,1,1,5121,155,36516,155,36516,155,36516,155,36516,155,36516,"Supervisores, inspectores y similares en la fabricación de textiles y productos de cuero, piel y similares",8101,1,4d,NA,NA,NA,NA,NA,NA,NA
oficial_panel_enoe,1,1,1,1,1,1,1,1,5121,155,36516,155,36516,155,36516,155,36516,155,36516,"Supervisores, inspectores y similares en la fabricación de textiles y productos de cuero, piel y similares",8101,1,4d,NA,NA,NA,NA,NA,NA,NA
oficial,1,1,1,1,1,1,1,1,4132,148,35945,148,35945,148,35945,148,35945,148,35945,Trabajadores en viveros,6223,1,4d,NA,NA,NA,NA,NA,NA,NA
oficial_panel,1,1,1,1,1,1,1,1,4132,148,35945,148,35945,148,35945,148,35945,148,35945,Trabajadores en viveros,6223,1,4d,NA,NA,NA,NA,NA,NA,NA
oficial_panel_enoe,1,1,1,1,1,1,1,1,4132,148,35945,148,35945,148,35945,148,35945,148,35945,Trabajadores en viveros,6223,1,4d,NA,NA,NA,NA,NA,NA,NA
oficial,1,1,1,1,1,1,1,1,5450,145,35703,145,35703,145,35703,145,35703,145,35703,"Ayudantes, peones y similares en la fabricación de productos de cerámica, vidrio y otros minerales no metálicos",9237,1,4d,NA,NA,NA,NA,NA,NA,NA
oficial_panel,1,1,1,1,1,1,1,1,5450,145,35703,145,35703,145,35703,145,35703,145,35703,"Ayudantes, peones y similares en la fabricación de productos de cerámica, vidrio y otros minerales no metálicos",9237,1,4d,NA,NA,NA,NA,NA,NA,NA
oficial_panel_enoe,1,1,1,1,1,1,1,1,5450,145,35703,145,35703,145,35703,145,35703,145,35703,"Ayudantes, peones y similares en la fabricación de productos de cerámica, vidrio y otros minerales no metálicos",9237,1,4d,NA,NA,NA,NA,NA,NA,NA
oficial,0,0,1,1,1,1,1,1,2123,105,34457,0,0,105,34457,105,34457,105,34457,"Directores, gerentes y administradores de área o establecimientos en comunicaciones y transportes",1322|1323,2,3d,NA,NA,NA,NA,NA,NA,NA
oficial_panel,0,0,1,1,1,1,1,1,2123,105,34457,0,0,105,34457,105,34457,105,34457,"Directores, gerentes y administradores de área o establecimientos en comunicaciones y transportes",1322|1323,2,3d,NA,NA,NA,NA,NA,NA,NA
oficial_panel_enoe,0,0,1,1,1,1,1,1,2123,105,34457,0,0,105,34457,105,34457,105,34457,"Directores, gerentes y administradores de área o establecimientos en comunicaciones y transportes",1322|1323,2,3d,NA,NA,NA,NA,NA,NA,NA
oficial,1,1,1,1,1,1,1,1,5171,96,34402,96,34402,96,34402,96,34402,96,34402,"Supervisores, inspectores y similares en la generación de energía, la instalación, reparación y mantenimiento de equipo eléctrico y de telecomunicaciones",2640,1,4d,NA,NA,NA,NA,NA,NA,NA
oficial_panel,1,1,1,1,1,1,1,1,5171,96,34402,96,34402,96,34402,96,34402,96,34402,"Supervisores, inspectores y similares en la generación de energía, la instalación, reparación y mantenimiento de equipo eléctrico y de telecomunicaciones",2640,1,4d,NA,NA,NA,NA,NA,NA,NA
oficial_panel_enoe,1,1,1,1,1,1,1,1,5171,96,34402,96,34402,96,34402,96,34402,96,34402,"Supervisores, inspectores y similares en la generación de energía, la instalación, reparación y mantenimiento de equipo eléctrico y de telecomunicaciones",2640,1,4d,NA,NA,NA,NA,NA,NA,NA
oficial,1,1,1,1,1,1,1,1,5306,106,33833,106,33833,106,33833,106,33833,106,33833,Operadores de máquinas en la fabricación de bebidas alcohólicas y no alcohólicas,8163,1,4d,NA,NA,NA,NA,NA,NA,NA
oficial_panel,1,1,1,1,1,1,1,1,5306,106,33833,106,33833,106,33833,106,33833,106,33833,Operadores de máquinas en la fabricación de bebidas alcohólicas y no alcohólicas,8163,1,4d,NA,NA,NA,NA,NA,NA,NA
oficial_panel_enoe,1,1,1,1,1,1,1,1,5306,106,33833,106,33833,106,33833,106,33833,106,33833,Operadores de máquinas en la fabricación de bebidas alcohólicas y no alcohólicas,8163,1,4d,NA,NA,NA,NA,NA,NA,NA
oficial,1,1,1,1,1,1,1,1,6140,123,32458,123,32458,123,32458,123,32458,123,32458,"Jefes de departamento, coordinadores y supervisores en servicios de infraestructura (agua, luz, caminos, etcétera)",2523,1,4d,NA,NA,NA,NA,NA,NA,NA
oficial_panel,1,1,1,1,1,1,1,1,6140,123,32458,123,32458,123,32458,123,32458,123,32458,"Jefes de departamento, coordinadores y supervisores en servicios de infraestructura (agua, luz, caminos, etcétera)",2523,1,4d,NA,NA,NA,NA,NA,NA,NA
oficial_panel_enoe,1,1,1,1,1,1,1,1,6140,123,32458,123,32458,123,32458,123,32458,123,32458,"Jefes de departamento, coordinadores y supervisores en servicios de infraestructura (agua, luz, caminos, etcétera)",2523,1,4d,NA,NA,NA,NA,NA,NA,NA
oficial,0,0,0,0,0,0,0,0,4170,114,32389,0,0,0,0,0,0,0,0,"Capataces, caporales, mayorales y similares en actividades agropecuarias,silvícolas y pesqueras",6101|6201,2,1d,NA,NA,NA,NA,NA,NA,NA
oficial_panel,0,0,0,0,0,0,0,0,4170,114,32389,0,0,0,0,0,0,0,0,"Capataces, caporales, mayorales y similares en actividades agropecuarias,silvícolas y pesqueras",6101|6201,2,1d,NA,NA,NA,NA,NA,NA,NA
oficial_panel_enoe,0,0,0,0,0,0,1,1,4170,114,32389,0,0,0,0,0,0,114,32389,"Capataces, caporales, mayorales y similares en actividades agropecuarias,silvícolas y pesqueras",6101|6201,2,1d,NA,NA,NA,NA,NA,NA,NA
oficial,1,1,1,1,1,1,1,1,5264,110,32278,110,32278,110,32278,110,32278,110,32278,"Instaladores de mosaicos, azulejos, pisos y baldosas",7132,1,4d,NA,NA,NA,NA,NA,NA,NA
oficial_panel,1,1,1,1,1,1,1,1,5264,110,32278,110,32278,110,32278,110,32278,110,32278,"Instaladores de mosaicos, azulejos, pisos y baldosas",7132,1,4d,NA,NA,NA,NA,NA,NA,NA
oficial_panel_enoe,1,1,1,1,1,1,1,1,5264,110,32278,110,32278,110,32278,110,32278,110,32278,"Instaladores de mosaicos, azulejos, pisos y baldosas",7132,1,4d,NA,NA,NA,NA,NA,NA,NA
oficial,1,1,1,1,1,1,1,1,5342,114,32201,114,32201,114,32201,114,32201,114,32201,"Operadores de máquinas pulidoras, galvanizadoras y recubridoras de metal",8123,1,4d,NA,NA,NA,NA,NA,NA,NA
oficial_panel,1,1,1,1,1,1,1,1,5342,114,32201,114,32201,114,32201,114,32201,114,32201,"Operadores de máquinas pulidoras, galvanizadoras y recubridoras de metal",8123,1,4d,NA,NA,NA,NA,NA,NA,NA
oficial_panel_enoe,1,1,1,1,1,1,1,1,5342,114,32201,114,32201,114,32201,114,32201,114,32201,"Operadores de máquinas pulidoras, galvanizadoras y recubridoras de metal",8123,1,4d,NA,NA,NA,NA,NA,NA,NA
oficial,1,1,1,1,1,1,1,1,5101,128,31373,128,31373,128,31373,128,31373,128,31373,"Supervisores, inspectores y similares en la fabricación de alimentos, bebidas y productos de tabaco",7501,1,4d,NA,NA,NA,NA,NA,NA,NA
oficial_panel,1,1,1,1,1,1,1,1,5101,128,31373,128,31373,128,31373,128,31373,128,31373,"Supervisores, inspectores y similares en la fabricación de alimentos, bebidas y productos de tabaco",7501,1,4d,NA,NA,NA,NA,NA,NA,NA
oficial_panel_enoe,1,1,1,1,1,1,1,1,5101,128,31373,128,31373,128,31373,128,31373,128,31373,"Supervisores, inspectores y similares en la fabricación de alimentos, bebidas y productos de tabaco",7501,1,4d,NA,NA,NA,NA,NA,NA,NA
oficial,0,0,0,0,0,0,0,0,1221,130,31305,0,0,0,0,0,0,0,0,Técnicos en odontología y mecánica dental,2815|2822,2,2d,NA,NA,NA,NA,NA,NA,NA
oficial_panel,0,0,0,0,0,0,0,0,1221,130,31305,0,0,0,0,0,0,0,0,Técnicos en odontología y mecánica dental,2815|2822,2,2d,NA,NA,NA,NA,NA,NA,NA
oficial_panel_enoe,0,0,0,0,0,0,1,1,1221,130,31305,0,0,0,0,0,0,130,31305,Técnicos en odontología y mecánica dental,2815|2822,2,2d,NA,NA,NA,NA,NA,NA,NA
oficial,1,1,1,1,1,1,1,1,5203,81,30827,81,30827,81,30827,81,30827,81,30827,Trabajadores en la elaboración de productos a base de frutas y verduras,7514,1,4d,NA,NA,NA,NA,NA,NA,NA
oficial_panel,1,1,1,1,1,1,1,1,5203,81,30827,81,30827,81,30827,81,30827,81,30827,Trabajadores en la elaboración de productos a base de frutas y verduras,7514,1,4d,NA,NA,NA,NA,NA,NA,NA
oficial_panel_enoe,1,1,1,1,1,1,1,1,5203,81,30827,81,30827,81,30827,81,30827,81,30827,Trabajadores en la elaboración de productos a base de frutas y verduras,7514,1,4d,NA,NA,NA,NA,NA,NA,NA
oficial,0,0,0,0,0,0,0,0,1390,152,30543,0,0,0,0,0,0,0,0,Otros trabajadores que desempeñan una ocupación afín a las comprendidas en este grupo,2339|2391,2,2d,NA,NA,NA,NA,NA,NA,NA
oficial_panel,0,0,0,0,0,0,0,0,1390,152,30543,0,0,0,0,0,0,0,0,Otros trabajadores que desempeñan una ocupación afín a las comprendidas en este grupo,2339|2391,2,2d,NA,NA,NA,NA,NA,NA,NA
oficial_panel_enoe,0,0,0,0,0,0,1,1,1390,152,30543,0,0,0,0,0,0,152,30543,Otros trabajadores que desempeñan una ocupación afín a las comprendidas en este grupo,2339|2391,2,2d,NA,NA,NA,NA,NA,NA,NA
oficial,0,0,0,0,0,0,0,0,5190,108,30301,0,0,0,0,0,0,0,0,NA,NA,NA,NA,NA,NA,NA,NA,NA,NA,NA
oficial_panel,0,0,0,0,0,0,0,0,5190,108,30301,0,0,0,0,0,0,0,0,NA,NA,NA,NA,NA,NA,NA,NA,NA,NA,NA
oficial_panel_enoe,0,0,0,0,0,0,1,1,5190,108,30301,0,0,0,0,0,0,108,30301,NA,NA,NA,NA,NA,NA,NA,NA,NA,NA,NA
oficial,1,1,1,1,1,1,1,1,1151,123,30183,123,30183,123,30183,123,30183,123,30183,Veterinarios y zootecnistas,2232,1,4d,NA,NA,NA,NA,NA,NA,NA
oficial_panel,1,1,1,1,1,1,1,1,1151,123,30183,123,30183,123,30183,123,30183,123,30183,Veterinarios y zootecnistas,2232,1,4d,NA,NA,NA,NA,NA,NA,NA
oficial_panel_enoe,1,1,1,1,1,1,1,1,1151,123,30183,123,30183,123,30183,123,30183,123,30183,Veterinarios y zootecnistas,2232,1,4d,NA,NA,NA,NA,NA,NA,NA
oficial,1,1,1,1,1,1,1,1,1260,123,29854,123,29854,123,29854,123,29854,123,29854,Técnicos en actividades religiosas,2533,1,4d,NA,NA,NA,NA,NA,NA,NA
oficial_panel,1,1,1,1,1,1,1,1,1260,123,29854,123,29854,123,29854,123,29854,123,29854,Técnicos en actividades religiosas,2533,1,4d,NA,NA,NA,NA,NA,NA,NA
oficial_panel_enoe,1,1,1,1,1,1,1,1,1260,123,29854,123,29854,123,29854,123,29854,123,29854,Técnicos en actividades religiosas,2533,1,4d,NA,NA,NA,NA,NA,NA,NA
oficial,1,1,1,1,1,1,1,1,1431,91,29590,91,29590,91,29590,91,29590,91,29590,"Productores y organizadores de actividades artísticas, culturales y deportivas",1422,1,4d,NA,NA,NA,NA,NA,NA,NA
oficial_panel,1,1,1,1,1,1,1,1,1431,91,29590,91,29590,91,29590,91,29590,91,29590,"Productores y organizadores de actividades artísticas, culturales y deportivas",1422,1,4d,NA,NA,NA,NA,NA,NA,NA
oficial_panel_enoe,1,1,1,1,1,1,1,1,1431,91,29590,91,29590,91,29590,91,29590,91,29590,"Productores y organizadores de actividades artísticas, culturales y deportivas",1422,1,4d,NA,NA,NA,NA,NA,NA,NA
oficial,1,1,1,1,1,1,1,1,5550,80,29540,80,29540,80,29540,80,29540,80,29540,Conductores de vehículos de transporte de tracción humana,9321,1,4d,NA,NA,NA,NA,NA,NA,NA
oficial_panel,1,1,1,1,1,1,1,1,5550,80,29540,80,29540,80,29540,80,29540,80,29540,Conductores de vehículos de transporte de tracción humana,9321,1,4d,NA,NA,NA,NA,NA,NA,NA
oficial_panel_enoe,1,1,1,1,1,1,1,1,5550,80,29540,80,29540,80,29540,80,29540,80,29540,Conductores de vehículos de transporte de tracción humana,9321,1,4d,NA,NA,NA,NA,NA,NA,NA
oficial,1,1,1,1,1,1,1,1,8159,149,28531,149,28531,149,28531,149,28531,149,28531,Otros trabajadores que desempeñan una ocupación afín a las comprendidas en este grupo,5999,1,4d,NA,NA,NA,NA,NA,NA,NA
oficial_panel,1,1,1,1,1,1,1,1,8159,149,28531,149,28531,149,28531,149,28531,149,28531,Otros trabajadores que desempeñan una ocupación afín a las comprendidas en este grupo,5999,1,4d,NA,NA,NA,NA,NA,NA,NA
oficial_panel_enoe,1,1,1,1,1,1,1,1,8159,149,28531,149,28531,149,28531,149,28531,149,28531,Otros trabajadores que desempeñan una ocupación afín a las comprendidas en este grupo,5999,1,4d,NA,NA,NA,NA,NA,NA,NA
oficial,1,1,1,1,1,1,1,1,5431,61,28472,61,28472,61,28472,61,28472,61,28472,"Cargadores, abastecedores, empacadores manuales y similares en la fabricación de productos de madera y papel, y trabajos de impresión",9234,1,4d,NA,NA,NA,NA,NA,NA,NA
oficial_panel,1,1,1,1,1,1,1,1,5431,61,28472,61,28472,61,28472,61,28472,61,28472,"Cargadores, abastecedores, empacadores manuales y similares en la fabricación de productos de madera y papel, y trabajos de impresión",9234,1,4d,NA,NA,NA,NA,NA,NA,NA
oficial_panel_enoe,1,1,1,1,1,1,1,1,5431,61,28472,61,28472,61,28472,61,28472,61,28472,"Cargadores, abastecedores, empacadores manuales y similares en la fabricación de productos de madera y papel, y trabajos de impresión",9234,1,4d,NA,NA,NA,NA,NA,NA,NA
oficial,1,1,1,1,1,1,1,1,5262,123,28021,123,28021,123,28021,123,28021,123,28021,"Yeseros, escayolistas y otros recubridores de techos y paredes",7131,1,4d,NA,NA,NA,NA,NA,NA,NA
oficial_panel,1,1,1,1,1,1,1,1,5262,123,28021,123,28021,123,28021,123,28021,123,28021,"Yeseros, escayolistas y otros recubridores de techos y paredes",7131,1,4d,NA,NA,NA,NA,NA,NA,NA
oficial_panel_enoe,1,1,1,1,1,1,1,1,5262,123,28021,123,28021,123,28021,123,28021,123,28021,"Yeseros, escayolistas y otros recubridores de techos y paredes",7131,1,4d,NA,NA,NA,NA,NA,NA,NA
oficial,1,1,1,1,1,1,1,1,6211,92,26992,92,26992,92,26992,92,26992,92,26992,Taquilleros y empleados de ventanilla,3121,1,4d,NA,NA,NA,NA,NA,NA,NA
oficial_panel,1,1,1,1,1,1,1,1,6211,92,26992,92,26992,92,26992,92,26992,92,26992,Taquilleros y empleados de ventanilla,3121,1,4d,NA,NA,NA,NA,NA,NA,NA
oficial_panel_enoe,1,1,1,1,1,1,1,1,6211,92,26992,92,26992,92,26992,92,26992,92,26992,Taquilleros y empleados de ventanilla,3121,1,4d,NA,NA,NA,NA,NA,NA,NA
oficial,1,1,1,1,1,1,1,1,1120,122,26569,122,26569,122,26569,122,26569,122,26569,Químicos,2222,1,4d,NA,NA,NA,NA,NA,NA,NA
oficial_panel,1,1,1,1,1,1,1,1,1120,122,26569,122,26569,122,26569,122,26569,122,26569,Químicos,2222,1,4d,NA,NA,NA,NA,NA,NA,NA
oficial_panel_enoe,1,1,1,1,1,1,1,1,1120,122,26569,122,26569,122,26569,122,26569,122,26569,Químicos,2222,1,4d,NA,NA,NA,NA,NA,NA,NA
oficial,1,1,1,1,1,1,1,1,5382,50,26377,50,26377,50,26377,50,26377,50,26377,Operadores de máquinas para la fabricación de productos farmacéuticos y cosméticos,8132,1,4d,NA,NA,NA,NA,NA,NA,NA
oficial_panel,1,1,1,1,1,1,1,1,5382,50,26377,50,26377,50,26377,50,26377,50,26377,Operadores de máquinas para la fabricación de productos farmacéuticos y cosméticos,8132,1,4d,NA,NA,NA,NA,NA,NA,NA
oficial_panel_enoe,1,1,1,1,1,1,1,1,5382,50,26377,50,26377,50,26377,50,26377,50,26377,Operadores de máquinas para la fabricación de productos farmacéuticos y cosméticos,8132,1,4d,NA,NA,NA,NA,NA,NA,NA
oficial,1,1,1,1,1,1,1,1,7134,101,26147,101,26147,101,26147,101,26147,101,26147,Valuadores,2514,1,4d,NA,NA,NA,NA,NA,NA,NA
oficial_panel,1,1,1,1,1,1,1,1,7134,101,26147,101,26147,101,26147,101,26147,101,26147,Valuadores,2514,1,4d,NA,NA,NA,NA,NA,NA,NA
oficial_panel_enoe,1,1,1,1,1,1,1,1,7134,101,26147,101,26147,101,26147,101,26147,101,26147,Valuadores,2514,1,4d,NA,NA,NA,NA,NA,NA,NA
oficial,1,1,1,1,1,1,1,1,1203,129,25826,129,25826,129,25826,129,25826,129,25826,"Técnicos en ingeniería topográfica, hidrológica, geológica y geodésica",2622,1,4d,NA,NA,NA,NA,NA,NA,NA
oficial_panel,1,1,1,1,1,1,1,1,1203,129,25826,129,25826,129,25826,129,25826,129,25826,"Técnicos en ingeniería topográfica, hidrológica, geológica y geodésica",2622,1,4d,NA,NA,NA,NA,NA,NA,NA
oficial_panel_enoe,1,1,1,1,1,1,1,1,1203,129,25826,129,25826,129,25826,129,25826,129,25826,"Técnicos en ingeniería topográfica, hidrológica, geológica y geodésica",2622,1,4d,NA,NA,NA,NA,NA,NA,NA
oficial,1,1,1,1,1,1,1,1,5232,63,25547,63,25547,63,25547,63,25547,63,25547,Artesanos y trabajadores fabriles en la elaboración de productos de papel y cartón,7321,1,4d,NA,NA,NA,NA,NA,NA,NA
oficial_panel,1,1,1,1,1,1,1,1,5232,63,25547,63,25547,63,25547,63,25547,63,25547,Artesanos y trabajadores fabriles en la elaboración de productos de papel y cartón,7321,1,4d,NA,NA,NA,NA,NA,NA,NA
oficial_panel_enoe,1,1,1,1,1,1,1,1,5232,63,25547,63,25547,63,25547,63,25547,63,25547,Artesanos y trabajadores fabriles en la elaboración de productos de papel y cartón,7321,1,4d,NA,NA,NA,NA,NA,NA,NA
oficial,1,1,1,1,1,1,1,1,5333,68,25508,68,25508,68,25508,68,25508,68,25508,Operadores de máquinas para la impresión y encuadernación,8144,1,4d,NA,NA,NA,NA,NA,NA,NA
oficial_panel,1,1,1,1,1,1,1,1,5333,68,25508,68,25508,68,25508,68,25508,68,25508,Operadores de máquinas para la impresión y encuadernación,8144,1,4d,NA,NA,NA,NA,NA,NA,NA
oficial_panel_enoe,1,1,1,1,1,1,1,1,5333,68,25508,68,25508,68,25508,68,25508,68,25508,Operadores de máquinas para la impresión y encuadernación,8144,1,4d,NA,NA,NA,NA,NA,NA,NA
oficial,1,1,1,1,1,1,1,1,5353,61,25328,61,25328,61,25328,61,25328,61,25328,Operadores de máquinas en la fabricación de vidrio y productos de vidrio y similares,8173,1,4d,NA,NA,NA,NA,NA,NA,NA
oficial_panel,1,1,1,1,1,1,1,1,5353,61,25328,61,25328,61,25328,61,25328,61,25328,Operadores de máquinas en la fabricación de vidrio y productos de vidrio y similares,8173,1,4d,NA,NA,NA,NA,NA,NA,NA
oficial_panel_enoe,1,1,1,1,1,1,1,1,5353,61,25328,61,25328,61,25328,61,25328,61,25328,Operadores de máquinas en la fabricación de vidrio y productos de vidrio y similares,8173,1,4d,NA,NA,NA,NA,NA,NA,NA
oficial,1,1,1,1,1,1,1,1,5332,78,25271,78,25271,78,25271,78,25271,78,25271,"Operadores de máquinas para la fabricación de productos de madera y similares (bejuco, vara, carrizo, mimbre, etcétera)",8142,1,4d,NA,NA,NA,NA,NA,NA,NA
oficial_panel,1,1,1,1,1,1,1,1,5332,78,25271,78,25271,78,25271,78,25271,78,25271,"Operadores de máquinas para la fabricación de productos de madera y similares (bejuco, vara, carrizo, mimbre, etcétera)",8142,1,4d,NA,NA,NA,NA,NA,NA,NA
oficial_panel_enoe,1,1,1,1,1,1,1,1,5332,78,25271,78,25271,78,25271,78,25271,78,25271,"Operadores de máquinas para la fabricación de productos de madera y similares (bejuco, vara, carrizo, mimbre, etcétera)",8142,1,4d,NA,NA,NA,NA,NA,NA,NA
oficial,1,1,1,1,1,1,1,1,5340,79,24957,79,24957,79,24957,79,24957,79,24957,"Operadores de hornos metalúrgicos, coladores y laminadores",8121,1,4d,NA,NA,NA,NA,NA,NA,NA
oficial_panel,1,1,1,1,1,1,1,1,5340,79,24957,79,24957,79,24957,79,24957,79,24957,"Operadores de hornos metalúrgicos, coladores y laminadores",8121,1,4d,NA,NA,NA,NA,NA,NA,NA
oficial_panel_enoe,1,1,1,1,1,1,1,1,5340,79,24957,79,24957,79,24957,79,24957,79,24957,"Operadores de hornos metalúrgicos, coladores y laminadores",8121,1,4d,NA,NA,NA,NA,NA,NA,NA
oficial,1,1,1,1,1,1,1,1,5304,64,24935,64,24935,64,24935,64,24935,64,24935,"Operadores de máquinas en la fabricación de azúcar, café, chocolate, té y confitería",8161,1,4d,NA,NA,NA,NA,NA,NA,NA
oficial_panel,1,1,1,1,1,1,1,1,5304,64,24935,64,24935,64,24935,64,24935,64,24935,"Operadores de máquinas en la fabricación de azúcar, café, chocolate, té y confitería",8161,1,4d,NA,NA,NA,NA,NA,NA,NA
oficial_panel_enoe,1,1,1,1,1,1,1,1,5304,64,24935,64,24935,64,24935,64,24935,64,24935,"Operadores de máquinas en la fabricación de azúcar, café, chocolate, té y confitería",8161,1,4d,NA,NA,NA,NA,NA,NA,NA
oficial,1,1,1,1,1,1,1,1,6133,89,24857,89,24857,89,24857,89,24857,89,24857,"Jefes de departamento, coordinadores y supervisores en otros servicios Especializados",1629,1,4d,NA,NA,NA,NA,NA,NA,NA
oficial_panel,1,1,1,1,1,1,1,1,6133,89,24857,89,24857,89,24857,89,24857,89,24857,"Jefes de departamento, coordinadores y supervisores en otros servicios Especializados",1629,1,4d,NA,NA,NA,NA,NA,NA,NA
oficial_panel_enoe,1,1,1,1,1,1,1,1,6133,89,24857,89,24857,89,24857,89,24857,89,24857,"Jefes de departamento, coordinadores y supervisores en otros servicios Especializados",1629,1,4d,NA,NA,NA,NA,NA,NA,NA
oficial,1,1,1,1,1,1,1,1,5281,102,24146,102,24146,102,24146,102,24146,102,24146,Trabajadores en la elaboración de sustancias y compuestos químicos,7412,1,4d,NA,NA,NA,NA,NA,NA,NA
oficial_panel,1,1,1,1,1,1,1,1,5281,102,24146,102,24146,102,24146,102,24146,102,24146,Trabajadores en la elaboración de sustancias y compuestos químicos,7412,1,4d,NA,NA,NA,NA,NA,NA,NA
oficial_panel_enoe,1,1,1,1,1,1,1,1,5281,102,24146,102,24146,102,24146,102,24146,102,24146,Trabajadores en la elaboración de sustancias y compuestos químicos,7412,1,4d,NA,NA,NA,NA,NA,NA,NA
oficial,1,1,1,1,1,1,1,1,5243,85,23814,85,23814,85,23814,85,23814,85,23814,"Joyeros, orfebres, plateros, latoneros y cobreros",7223,1,4d,NA,NA,NA,NA,NA,NA,NA
oficial_panel,1,1,1,1,1,1,1,1,5243,85,23814,85,23814,85,23814,85,23814,85,23814,"Joyeros, orfebres, plateros, latoneros y cobreros",7223,1,4d,NA,NA,NA,NA,NA,NA,NA
oficial_panel_enoe,1,1,1,1,1,1,1,1,5243,85,23814,85,23814,85,23814,85,23814,85,23814,"Joyeros, orfebres, plateros, latoneros y cobreros",7223,1,4d,NA,NA,NA,NA,NA,NA,NA
oficial,1,1,1,1,1,1,1,1,8209,81,23060,81,23060,81,23060,81,23060,81,23060,Otros trabajadores que desempeñan una ocupación afín a las comprendidas en este grupo,9611,1,4d,NA,NA,NA,NA,NA,NA,NA
oficial_panel,1,1,1,1,1,1,1,1,8209,81,23060,81,23060,81,23060,81,23060,81,23060,Otros trabajadores que desempeñan una ocupación afín a las comprendidas en este grupo,9611,1,4d,NA,NA,NA,NA,NA,NA,NA
oficial_panel_enoe,1,1,1,1,1,1,1,1,8209,81,23060,81,23060,81,23060,81,23060,81,23060,Otros trabajadores que desempeñan una ocupación afín a las comprendidas en este grupo,9611,1,4d,NA,NA,NA,NA,NA,NA,NA
oficial,1,1,1,1,1,1,1,1,5250,73,22982,73,22982,73,22982,73,22982,73,22982,Alfareros y trabajadores ceramistas,7611,1,4d,NA,NA,NA,NA,NA,NA,NA
oficial_panel,1,1,1,1,1,1,1,1,5250,73,22982,73,22982,73,22982,73,22982,73,22982,Alfareros y trabajadores ceramistas,7611,1,4d,NA,NA,NA,NA,NA,NA,NA
oficial_panel_enoe,1,1,1,1,1,1,1,1,5250,73,22982,73,22982,73,22982,73,22982,73,22982,Alfareros y trabajadores ceramistas,7611,1,4d,NA,NA,NA,NA,NA,NA,NA
oficial,1,1,1,1,1,1,1,1,5522,66,22433,66,22433,66,22433,66,22433,66,22433,Ayudantes de conductor,9311,1,4d,NA,NA,NA,NA,NA,NA,NA
oficial_panel,1,1,1,1,1,1,1,1,5522,66,22433,66,22433,66,22433,66,22433,66,22433,Ayudantes de conductor,9311,1,4d,NA,NA,NA,NA,NA,NA,NA
oficial_panel_enoe,1,1,1,1,1,1,1,1,5522,66,22433,66,22433,66,22433,66,22433,66,22433,Ayudantes de conductor,9311,1,4d,NA,NA,NA,NA,NA,NA,NA
oficial,1,1,1,1,1,1,1,1,1222,38,22067,38,22067,38,22067,38,22067,38,22067,Técnicos en optometría y similares,2812,1,4d,NA,NA,NA,NA,NA,NA,NA
oficial_panel,1,1,1,1,1,1,1,1,1222,38,22067,38,22067,38,22067,38,22067,38,22067,Técnicos en optometría y similares,2812,1,4d,NA,NA,NA,NA,NA,NA,NA
oficial_panel_enoe,1,1,1,1,1,1,1,1,1222,38,22067,38,22067,38,22067,38,22067,38,22067,Técnicos en optometría y similares,2812,1,4d,NA,NA,NA,NA,NA,NA,NA
oficial,1,1,1,1,1,1,1,1,5225,96,22058,96,22058,96,22058,96,22058,96,22058,Tapiceros,7351,1,4d,NA,NA,NA,NA,NA,NA,NA
oficial_panel,1,1,1,1,1,1,1,1,5225,96,22058,96,22058,96,22058,96,22058,96,22058,Tapiceros,7351,1,4d,NA,NA,NA,NA,NA,NA,NA
oficial_panel_enoe,1,1,1,1,1,1,1,1,5225,96,22058,96,22058,96,22058,96,22058,96,22058,Tapiceros,7351,1,4d,NA,NA,NA,NA,NA,NA,NA
oficial,1,1,1,1,1,1,1,1,5206,83,21695,83,21695,83,21695,83,21695,83,21695,Trabajadores en la elaboración de bebidas alcohólicas y no alcohólicas,7517,1,4d,NA,NA,NA,NA,NA,NA,NA
oficial_panel,1,1,1,1,1,1,1,1,5206,83,21695,83,21695,83,21695,83,21695,83,21695,Trabajadores en la elaboración de bebidas alcohólicas y no alcohólicas,7517,1,4d,NA,NA,NA,NA,NA,NA,NA
oficial_panel_enoe,1,1,1,1,1,1,1,1,5206,83,21695,83,21695,83,21695,83,21695,83,21695,Trabajadores en la elaboración de bebidas alcohólicas y no alcohólicas,7517,1,4d,NA,NA,NA,NA,NA,NA,NA
oficial,0,0,0,0,0,0,0,0,4134,76,21151,0,0,0,0,0,0,0,0,Cortadores y recolectores de leña,6225|9124,2,unresolved,NA,NA,NA,NA,NA,NA,NA
oficial_panel,0,0,0,0,0,0,0,0,4134,76,21151,0,0,0,0,0,0,0,0,Cortadores y recolectores de leña,6225|9124,2,unresolved,NA,NA,NA,NA,NA,NA,NA
oficial_panel_enoe,0,0,0,0,0,0,1,1,4134,76,21151,0,0,0,0,0,0,76,21151,Cortadores y recolectores de leña,6225|9124,2,unresolved,NA,NA,NA,NA,NA,NA,NA
oficial,1,1,1,1,1,1,1,1,5244,92,21117,92,21117,92,21117,92,21117,92,21117,"Cerrajeros, pulidores de metal y afiladores de herramientas",7222,1,4d,NA,NA,NA,NA,NA,NA,NA
oficial_panel,1,1,1,1,1,1,1,1,5244,92,21117,92,21117,92,21117,92,21117,92,21117,"Cerrajeros, pulidores de metal y afiladores de herramientas",7222,1,4d,NA,NA,NA,NA,NA,NA,NA
oficial_panel_enoe,1,1,1,1,1,1,1,1,5244,92,21117,92,21117,92,21117,92,21117,92,21117,"Cerrajeros, pulidores de metal y afiladores de herramientas",7222,1,4d,NA,NA,NA,NA,NA,NA,NA
oficial,1,1,1,1,1,1,1,1,5320,86,20405,86,20405,86,20405,86,20405,86,20405,Operadores de máquinas de hilar y rebobinar,8151,1,4d,NA,NA,NA,NA,NA,NA,NA
oficial_panel,1,1,1,1,1,1,1,1,5320,86,20405,86,20405,86,20405,86,20405,86,20405,Operadores de máquinas de hilar y rebobinar,8151,1,4d,NA,NA,NA,NA,NA,NA,NA
oficial_panel_enoe,1,1,1,1,1,1,1,1,5320,86,20405,86,20405,86,20405,86,20405,86,20405,Operadores de máquinas de hilar y rebobinar,8151,1,4d,NA,NA,NA,NA,NA,NA,NA
oficial,1,1,1,1,1,1,1,1,1362,76,20254,76,20254,76,20254,76,20254,76,20254,Profesores e instructores en idiomas extranjeros,2714,1,4d,NA,NA,NA,NA,NA,NA,NA
oficial_panel,1,1,1,1,1,1,1,1,1362,76,20254,76,20254,76,20254,76,20254,76,20254,Profesores e instructores en idiomas extranjeros,2714,1,4d,NA,NA,NA,NA,NA,NA,NA
oficial_panel_enoe,1,1,1,1,1,1,1,1,1362,76,20254,76,20254,76,20254,76,20254,76,20254,Profesores e instructores en idiomas extranjeros,2714,1,4d,NA,NA,NA,NA,NA,NA,NA
oficial,1,1,1,1,1,1,1,1,1121,73,20186,73,20186,73,20186,73,20186,73,20186,Farmacólogos,2428,1,4d,NA,NA,NA,NA,NA,NA,NA
oficial_panel,1,1,1,1,1,1,1,1,1121,73,20186,73,20186,73,20186,73,20186,73,20186,Farmacólogos,2428,1,4d,NA,NA,NA,NA,NA,NA,NA
oficial_panel_enoe,1,1,1,1,1,1,1,1,1121,73,20186,73,20186,73,20186,73,20186,73,20186,Farmacólogos,2428,1,4d,NA,NA,NA,NA,NA,NA,NA
oficial,1,1,1,1,1,1,1,1,5371,67,19921,67,19921,67,19921,67,19921,67,19921,"Operadores de equipo de bombeo, ventilación y refrigeración",8134,1,4d,NA,NA,NA,NA,NA,NA,NA
oficial_panel,1,1,1,1,1,1,1,1,5371,67,19921,67,19921,67,19921,67,19921,67,19921,"Operadores de equipo de bombeo, ventilación y refrigeración",8134,1,4d,NA,NA,NA,NA,NA,NA,NA
oficial_panel_enoe,1,1,1,1,1,1,1,1,5371,67,19921,67,19921,67,19921,67,19921,67,19921,"Operadores de equipo de bombeo, ventilación y refrigeración",8134,1,4d,NA,NA,NA,NA,NA,NA,NA
oficial,1,1,1,1,1,1,1,1,7211,68,19852,68,19852,68,19852,68,19852,68,19852,Limpiadores de calzado,9624,1,4d,NA,NA,NA,NA,NA,NA,NA
oficial_panel,1,1,1,1,1,1,1,1,7211,68,19852,68,19852,68,19852,68,19852,68,19852,Limpiadores de calzado,9624,1,4d,NA,NA,NA,NA,NA,NA,NA
oficial_panel_enoe,1,1,1,1,1,1,1,1,7211,68,19852,68,19852,68,19852,68,19852,68,19852,Limpiadores de calzado,9624,1,4d,NA,NA,NA,NA,NA,NA,NA
oficial,1,1,1,1,1,1,1,1,5324,64,19709,64,19709,64,19709,64,19709,64,19709,"Operadores de máquinas para blanquear, teñir, limpiar y planchar productos textiles, de cuero, piel y similares",8155,1,4d,NA,NA,NA,NA,NA,NA,NA
oficial_panel,1,1,1,1,1,1,1,1,5324,64,19709,64,19709,64,19709,64,19709,64,19709,"Operadores de máquinas para blanquear, teñir, limpiar y planchar productos textiles, de cuero, piel y similares",8155,1,4d,NA,NA,NA,NA,NA,NA,NA
oficial_panel_enoe,1,1,1,1,1,1,1,1,5324,64,19709,64,19709,64,19709,64,19709,64,19709,"Operadores de máquinas para blanquear, teñir, limpiar y planchar productos textiles, de cuero, piel y similares",8155,1,4d,NA,NA,NA,NA,NA,NA,NA
oficial,1,1,1,1,1,1,1,1,5330,73,19673,73,19673,73,19673,73,19673,73,19673,Operadores de máquinas para el tratamiento de la madera y fabricación de triplay y aglomerados,8141,1,4d,NA,NA,NA,NA,NA,NA,NA
oficial_panel,1,1,1,1,1,1,1,1,5330,73,19673,73,19673,73,19673,73,19673,73,19673,Operadores de máquinas para el tratamiento de la madera y fabricación de triplay y aglomerados,8141,1,4d,NA,NA,NA,NA,NA,NA,NA
oficial_panel_enoe,1,1,1,1,1,1,1,1,5330,73,19673,73,19673,73,19673,73,19673,73,19673,Operadores de máquinas para el tratamiento de la madera y fabricación de triplay y aglomerados,8141,1,4d,NA,NA,NA,NA,NA,NA,NA
oficial,1,1,1,1,1,1,1,1,1173,55,19604,55,19604,55,19604,55,19604,55,19604,Profesionistas en mercadotecnia,2112,1,4d,NA,NA,NA,NA,NA,NA,NA
oficial_panel,1,1,1,1,1,1,1,1,1173,55,19604,55,19604,55,19604,55,19604,55,19604,Profesionistas en mercadotecnia,2112,1,4d,NA,NA,NA,NA,NA,NA,NA
oficial_panel_enoe,1,1,1,1,1,1,1,1,1173,55,19604,55,19604,55,19604,55,19604,55,19604,Profesionistas en mercadotecnia,2112,1,4d,NA,NA,NA,NA,NA,NA,NA
oficial,1,1,1,1,1,1,1,1,2101,76,19013,76,19013,76,19013,76,19013,76,19013,Presidentes y autoridades municipales,1113,1,4d,NA,NA,NA,NA,NA,NA,NA
oficial_panel,1,1,1,1,1,1,1,1,2101,76,19013,76,19013,76,19013,76,19013,76,19013,Presidentes y autoridades municipales,1113,1,4d,NA,NA,NA,NA,NA,NA,NA
oficial_panel_enoe,1,1,1,1,1,1,1,1,2101,76,19013,76,19013,76,19013,76,19013,76,19013,Presidentes y autoridades municipales,1113,1,4d,NA,NA,NA,NA,NA,NA,NA
oficial,1,1,1,1,1,1,1,1,1150,83,19011,83,19011,83,19011,83,19011,83,19011,Agrónomos,2231,1,4d,NA,NA,NA,NA,NA,NA,NA
oficial_panel,1,1,1,1,1,1,1,1,1150,83,19011,83,19011,83,19011,83,19011,83,19011,Agrónomos,2231,1,4d,NA,NA,NA,NA,NA,NA,NA
oficial_panel_enoe,1,1,1,1,1,1,1,1,1150,83,19011,83,19011,83,19011,83,19011,83,19011,Agrónomos,2231,1,4d,NA,NA,NA,NA,NA,NA,NA
oficial,1,1,1,1,1,1,1,1,6231,90,18997,90,18997,90,18997,90,18997,90,18997,Trabajadores en agencias de viajes,3221,1,4d,NA,NA,NA,NA,NA,NA,NA
oficial_panel,1,1,1,1,1,1,1,1,6231,90,18997,90,18997,90,18997,90,18997,90,18997,Trabajadores en agencias de viajes,3221,1,4d,NA,NA,NA,NA,NA,NA,NA
oficial_panel_enoe,1,1,1,1,1,1,1,1,6231,90,18997,90,18997,90,18997,90,18997,90,18997,Trabajadores en agencias de viajes,3221,1,4d,NA,NA,NA,NA,NA,NA,NA
oficial,0,0,0,0,0,0,0,0,4119,65,18905,0,0,0,0,0,0,0,0,Otros trabajadores que desempeñan una ocupación afín a las comprendidas en este subgrupo,6129|9112,2,unresolved,NA,NA,NA,NA,NA,NA,NA
oficial_panel,0,0,0,0,0,0,0,0,4119,65,18905,0,0,0,0,0,0,0,0,Otros trabajadores que desempeñan una ocupación afín a las comprendidas en este subgrupo,6129|9112,2,unresolved,NA,NA,NA,NA,NA,NA,NA
oficial_panel_enoe,0,0,0,0,0,0,1,1,4119,65,18905,0,0,0,0,0,0,65,18905,Otros trabajadores que desempeñan una ocupación afín a las comprendidas en este subgrupo,6129|9112,2,unresolved,NA,NA,NA,NA,NA,NA,NA
oficial,1,1,1,1,1,1,1,1,5130,32,18767,32,18767,32,18767,32,18767,32,18767,"Jefes, coordinadores y similares en la fabricación de productos de madera y papel, y en trabajos de impresión",1614,1,4d,NA,NA,NA,NA,NA,NA,NA
oficial_panel,1,1,1,1,1,1,1,1,5130,32,18767,32,18767,32,18767,32,18767,32,18767,"Jefes, coordinadores y similares en la fabricación de productos de madera y papel, y en trabajos de impresión",1614,1,4d,NA,NA,NA,NA,NA,NA,NA
oficial_panel_enoe,1,1,1,1,1,1,1,1,5130,32,18767,32,18767,32,18767,32,18767,32,18767,"Jefes, coordinadores y similares en la fabricación de productos de madera y papel, y en trabajos de impresión",1614,1,4d,NA,NA,NA,NA,NA,NA,NA
oficial,1,1,1,1,1,1,1,1,4135,70,18538,70,18538,70,18538,70,18538,70,18538,Productores de carbón vegetal,6227,1,4d,NA,NA,NA,NA,NA,NA,NA
oficial_panel,1,1,1,1,1,1,1,1,4135,70,18538,70,18538,70,18538,70,18538,70,18538,Productores de carbón vegetal,6227,1,4d,NA,NA,NA,NA,NA,NA,NA
oficial_panel_enoe,1,1,1,1,1,1,1,1,4135,70,18538,70,18538,70,18538,70,18538,70,18538,Productores de carbón vegetal,6227,1,4d,NA,NA,NA,NA,NA,NA,NA
oficial,1,1,1,1,1,1,1,1,5331,46,18453,46,18453,46,18453,46,18453,46,18453,Operadores de máquinas en la elaboración de celulosa y fabricación de papel y similares,8143,1,4d,NA,NA,NA,NA,NA,NA,NA
oficial_panel,1,1,1,1,1,1,1,1,5331,46,18453,46,18453,46,18453,46,18453,46,18453,Operadores de máquinas en la elaboración de celulosa y fabricación de papel y similares,8143,1,4d,NA,NA,NA,NA,NA,NA,NA
oficial_panel_enoe,1,1,1,1,1,1,1,1,5331,46,18453,46,18453,46,18453,46,18453,46,18453,Operadores de máquinas en la elaboración de celulosa y fabricación de papel y similares,8143,1,4d,NA,NA,NA,NA,NA,NA,NA
oficial,1,1,1,1,1,1,1,1,5252,74,18382,74,18382,74,18382,74,18382,74,18382,Trabajadores del vidrio y similares,7613,1,4d,NA,NA,NA,NA,NA,NA,NA
oficial_panel,1,1,1,1,1,1,1,1,5252,74,18382,74,18382,74,18382,74,18382,74,18382,Trabajadores del vidrio y similares,7613,1,4d,NA,NA,NA,NA,NA,NA,NA
oficial_panel_enoe,1,1,1,1,1,1,1,1,5252,74,18382,74,18382,74,18382,74,18382,74,18382,Trabajadores del vidrio y similares,7613,1,4d,NA,NA,NA,NA,NA,NA,NA
oficial,1,1,1,1,1,1,1,1,5451,38,17641,38,17641,38,17641,38,17641,38,17641,"Cargadores, abastecedores, empacadores manuales y similares en la fabricación de productos de cerámica, vidrio y otros minerales no metálicos",9237,1,4d,NA,NA,NA,NA,NA,NA,NA
oficial_panel,1,1,1,1,1,1,1,1,5451,38,17641,38,17641,38,17641,38,17641,38,17641,"Cargadores, abastecedores, empacadores manuales y similares en la fabricación de productos de cerámica, vidrio y otros minerales no metálicos",9237,1,4d,NA,NA,NA,NA,NA,NA,NA
oficial_panel_enoe,1,1,1,1,1,1,1,1,5451,38,17641,38,17641,38,17641,38,17641,38,17641,"Cargadores, abastecedores, empacadores manuales y similares en la fabricación de productos de cerámica, vidrio y otros minerales no metálicos",9237,1,4d,NA,NA,NA,NA,NA,NA,NA
oficial,1,1,1,1,1,1,1,1,7200,82,17614,82,17614,82,17614,82,17614,82,17614,Vendedores ambulantes de periódicos y lotería,9511,1,4d,NA,NA,NA,NA,NA,NA,NA
oficial_panel,1,1,1,1,1,1,1,1,7200,82,17614,82,17614,82,17614,82,17614,82,17614,Vendedores ambulantes de periódicos y lotería,9511,1,4d,NA,NA,NA,NA,NA,NA,NA
oficial_panel_enoe,1,1,1,1,1,1,1,1,7200,82,17614,82,17614,82,17614,82,17614,82,17614,Vendedores ambulantes de periódicos y lotería,9511,1,4d,NA,NA,NA,NA,NA,NA,NA
oficial,1,1,1,1,1,1,1,1,1134,62,17596,62,17596,62,17596,62,17596,62,17596,Profesionistas en nutrición,2423,1,4d,NA,NA,NA,NA,NA,NA,NA
oficial_panel,1,1,1,1,1,1,1,1,1134,62,17596,62,17596,62,17596,62,17596,62,17596,Profesionistas en nutrición,2423,1,4d,NA,NA,NA,NA,NA,NA,NA
oficial_panel_enoe,1,1,1,1,1,1,1,1,1134,62,17596,62,17596,62,17596,62,17596,62,17596,Profesionistas en nutrición,2423,1,4d,NA,NA,NA,NA,NA,NA,NA
oficial,0,0,0,0,0,0,0,0,5170,63,17537,0,0,0,0,0,0,0,0,"Jefes, coordinadores y similares en la generación de energía, la instalación, reparación y mantenimiento de equipo eléctrico y de telecomunicaciones",1613|8101,2,unresolved,NA,NA,NA,NA,NA,NA,NA
oficial_panel,0,0,0,0,0,0,0,0,5170,63,17537,0,0,0,0,0,0,0,0,"Jefes, coordinadores y similares en la generación de energía, la instalación, reparación y mantenimiento de equipo eléctrico y de telecomunicaciones",1613|8101,2,unresolved,NA,NA,NA,NA,NA,NA,NA
oficial_panel_enoe,0,0,0,0,0,0,1,1,5170,63,17537,0,0,0,0,0,0,63,17537,"Jefes, coordinadores y similares en la generación de energía, la instalación, reparación y mantenimiento de equipo eléctrico y de telecomunicaciones",1613|8101,2,unresolved,NA,NA,NA,NA,NA,NA,NA
oficial,1,1,1,1,1,1,1,1,5334,62,17450,62,17450,62,17450,62,17450,62,17450,Operadores de máquinas para la fabricación de productos a base de papel y cartón,8145,1,4d,NA,NA,NA,NA,NA,NA,NA
oficial_panel,1,1,1,1,1,1,1,1,5334,62,17450,62,17450,62,17450,62,17450,62,17450,Operadores de máquinas para la fabricación de productos a base de papel y cartón,8145,1,4d,NA,NA,NA,NA,NA,NA,NA
oficial_panel_enoe,1,1,1,1,1,1,1,1,5334,62,17450,62,17450,62,17450,62,17450,62,17450,Operadores de máquinas para la fabricación de productos a base de papel y cartón,8145,1,4d,NA,NA,NA,NA,NA,NA,NA
oficial,0,0,0,0,0,0,0,0,1161,76,17151,0,0,0,0,0,0,0,0,Sociólogos y demógrafos,2132|2143,2,2d,CMO2012_SINCO2011_GLOBAL_1161,panel_global,validacion_panel_ENOE,cmo_4d,30,0.8484848484848485,0.7023495943525445
oficial_panel,1,1,1,1,1,1,1,1,1161,76,17151,76,17151,76,17151,76,17151,76,17151,Sociólogos y demógrafos,2132|2143,2,2d,CMO2012_SINCO2011_GLOBAL_1161,panel_global,validacion_panel_ENOE,cmo_4d,30,0.8484848484848485,0.7023495943525445
oficial_panel_enoe,1,1,1,1,1,1,1,1,1161,76,17151,76,17151,76,17151,76,17151,76,17151,Sociólogos y demógrafos,2132|2143,2,2d,CMO2012_SINCO2011_GLOBAL_1161,panel_global,validacion_panel_ENOE,cmo_4d,30,0.8484848484848485,0.7023495943525445
oficial,1,1,1,1,1,1,1,1,6203,53,17125,53,17125,53,17125,53,17125,53,17125,"Operadores de máquinas de oficina (copiadora, mimeógrafo, telex, etcétera)",3114,1,4d,NA,NA,NA,NA,NA,NA,NA
oficial_panel,1,1,1,1,1,1,1,1,6203,53,17125,53,17125,53,17125,53,17125,53,17125,"Operadores de máquinas de oficina (copiadora, mimeógrafo, telex, etcétera)",3114,1,4d,NA,NA,NA,NA,NA,NA,NA
oficial_panel_enoe,1,1,1,1,1,1,1,1,6203,53,17125,53,17125,53,17125,53,17125,53,17125,"Operadores de máquinas de oficina (copiadora, mimeógrafo, telex, etcétera)",3114,1,4d,NA,NA,NA,NA,NA,NA,NA
oficial,1,1,1,1,1,1,1,1,5180,46,17106,46,17106,46,17106,46,17106,46,17106,"Jefes, coordinadores y similares en la fabricación de químicos, petroquímica, hule, caucho y plástico",1614,1,4d,NA,NA,NA,NA,NA,NA,NA
oficial_panel,1,1,1,1,1,1,1,1,5180,46,17106,46,17106,46,17106,46,17106,46,17106,"Jefes, coordinadores y similares en la fabricación de químicos, petroquímica, hule, caucho y plástico",1614,1,4d,NA,NA,NA,NA,NA,NA,NA
oficial_panel_enoe,1,1,1,1,1,1,1,1,5180,46,17106,46,17106,46,17106,46,17106,46,17106,"Jefes, coordinadores y similares en la fabricación de químicos, petroquímica, hule, caucho y plástico",1614,1,4d,NA,NA,NA,NA,NA,NA,NA
oficial,1,1,1,1,1,1,1,1,5390,37,16210,37,16210,37,16210,37,16210,37,16210,Otros trabajadores que desempeñan una ocupación afín a las comprendidas en este grupo,8199,1,4d,NA,NA,NA,NA,NA,NA,NA
oficial_panel,1,1,1,1,1,1,1,1,5390,37,16210,37,16210,37,16210,37,16210,37,16210,Otros trabajadores que desempeñan una ocupación afín a las comprendidas en este grupo,8199,1,4d,NA,NA,NA,NA,NA,NA,NA
oficial_panel_enoe,1,1,1,1,1,1,1,1,5390,37,16210,37,16210,37,16210,37,16210,37,16210,Otros trabajadores que desempeñan una ocupación afín a las comprendidas en este grupo,8199,1,4d,NA,NA,NA,NA,NA,NA,NA
oficial,1,1,1,1,1,1,1,1,6190,59,16053,59,16053,59,16053,59,16053,59,16053,Otros trabajadores que desempeñan una ocupación afín a las comprendidas en este grupo,1624,1,4d,NA,NA,NA,NA,NA,NA,NA
oficial_panel,1,1,1,1,1,1,1,1,6190,59,16053,59,16053,59,16053,59,16053,59,16053,Otros trabajadores que desempeñan una ocupación afín a las comprendidas en este grupo,1624,1,4d,NA,NA,NA,NA,NA,NA,NA
oficial_panel_enoe,1,1,1,1,1,1,1,1,6190,59,16053,59,16053,59,16053,59,16053,59,16053,Otros trabajadores que desempeñan una ocupación afín a las comprendidas en este grupo,1624,1,4d,NA,NA,NA,NA,NA,NA,NA
oficial,0,0,0,0,0,0,0,0,6131,63,15764,0,0,0,0,0,0,0,0,NA,NA,NA,NA,NA,NA,NA,NA,NA,NA,NA
oficial_panel,0,0,0,0,0,0,0,0,6131,63,15764,0,0,0,0,0,0,0,0,NA,NA,NA,NA,NA,NA,NA,NA,NA,NA,NA
oficial_panel_enoe,0,0,0,0,0,0,1,1,6131,63,15764,0,0,0,0,0,0,63,15764,NA,NA,NA,NA,NA,NA,NA,NA,NA,NA,NA
oficial,1,1,1,1,1,1,1,1,1240,58,15705,58,15705,58,15705,58,15705,58,15705,Técnicos en agronomía,2613,1,4d,NA,NA,NA,NA,NA,NA,NA
oficial_panel,1,1,1,1,1,1,1,1,1240,58,15705,58,15705,58,15705,58,15705,58,15705,Técnicos en agronomía,2613,1,4d,NA,NA,NA,NA,NA,NA,NA
oficial_panel_enoe,1,1,1,1,1,1,1,1,1240,58,15705,58,15705,58,15705,58,15705,58,15705,Técnicos en agronomía,2613,1,4d,NA,NA,NA,NA,NA,NA,NA
oficial,1,1,1,1,1,1,1,1,8132,74,15676,74,15676,74,15676,74,15676,74,15676,Bañeros y masajistas,5213,1,4d,NA,NA,NA,NA,NA,NA,NA
oficial_panel,1,1,1,1,1,1,1,1,8132,74,15676,74,15676,74,15676,74,15676,74,15676,Bañeros y masajistas,5213,1,4d,NA,NA,NA,NA,NA,NA,NA
oficial_panel_enoe,1,1,1,1,1,1,1,1,8132,74,15676,74,15676,74,15676,74,15676,74,15676,Bañeros y masajistas,5213,1,4d,NA,NA,NA,NA,NA,NA,NA
oficial,1,1,1,1,1,1,1,1,7219,21,15083,21,15083,21,15083,21,15083,21,15083,Otros trabajadores que desempeñan una ocupación afín a las comprendidas en este subgrupo,9332,1,4d,NA,NA,NA,NA,NA,NA,NA
oficial_panel,1,1,1,1,1,1,1,1,7219,21,15083,21,15083,21,15083,21,15083,21,15083,Otros trabajadores que desempeñan una ocupación afín a las comprendidas en este subgrupo,9332,1,4d,NA,NA,NA,NA,NA,NA,NA
oficial_panel_enoe,1,1,1,1,1,1,1,1,7219,21,15083,21,15083,21,15083,21,15083,21,15083,Otros trabajadores que desempeñan una ocupación afín a las comprendidas en este subgrupo,9332,1,4d,NA,NA,NA,NA,NA,NA,NA
oficial,1,1,1,1,1,1,1,1,6170,85,14937,85,14937,85,14937,85,14937,85,14937,"Jefes de departamento, coordinadores y supervisores en servicios agropecuarios, pesqueros y forestales",1611,1,4d,NA,NA,NA,NA,NA,NA,NA
oficial_panel,1,1,1,1,1,1,1,1,6170,85,14937,85,14937,85,14937,85,14937,85,14937,"Jefes de departamento, coordinadores y supervisores en servicios agropecuarios, pesqueros y forestales",1611,1,4d,NA,NA,NA,NA,NA,NA,NA
oficial_panel_enoe,1,1,1,1,1,1,1,1,6170,85,14937,85,14937,85,14937,85,14937,85,14937,"Jefes de departamento, coordinadores y supervisores en servicios agropecuarios, pesqueros y forestales",1611,1,4d,NA,NA,NA,NA,NA,NA,NA
oficial,1,1,1,1,1,1,1,1,5131,55,14931,55,14931,55,14931,55,14931,55,14931,"Supervisores, inspectores y similares en la fabricación de productos de madera y papel, y en trabajos de impresión",8101,1,4d,NA,NA,NA,NA,NA,NA,NA
oficial_panel,1,1,1,1,1,1,1,1,5131,55,14931,55,14931,55,14931,55,14931,55,14931,"Supervisores, inspectores y similares en la fabricación de productos de madera y papel, y en trabajos de impresión",8101,1,4d,NA,NA,NA,NA,NA,NA,NA
oficial_panel_enoe,1,1,1,1,1,1,1,1,5131,55,14931,55,14931,55,14931,55,14931,55,14931,"Supervisores, inspectores y similares en la fabricación de productos de madera y papel, y en trabajos de impresión",8101,1,4d,NA,NA,NA,NA,NA,NA,NA
oficial,0,0,1,1,1,1,1,1,1420,57,14551,0,0,57,14551,57,14551,57,14551,Pintores y dibujantes artísticos,2161|2162,2,3d,CMO2012_SINCO2011_GLOBAL_1420,panel_global,validacion_panel_ENOE,cmo_4d,13,0.847178002894356,1
oficial_panel,1,1,1,1,1,1,1,1,1420,57,14551,57,14551,57,14551,57,14551,57,14551,Pintores y dibujantes artísticos,2161|2162,2,3d,CMO2012_SINCO2011_GLOBAL_1420,panel_global,validacion_panel_ENOE,cmo_4d,13,0.847178002894356,1
oficial_panel_enoe,1,1,1,1,1,1,1,1,1420,57,14551,57,14551,57,14551,57,14551,57,14551,Pintores y dibujantes artísticos,2161|2162,2,3d,CMO2012_SINCO2011_GLOBAL_1420,panel_global,validacion_panel_ENOE,cmo_4d,13,0.847178002894356,1
oficial,1,1,1,1,1,1,1,1,5210,65,14427,65,14427,65,14427,65,14427,65,14427,Mineros,7111,1,4d,NA,NA,NA,NA,NA,NA,NA
oficial_panel,1,1,1,1,1,1,1,1,5210,65,14427,65,14427,65,14427,65,14427,65,14427,Mineros,7111,1,4d,NA,NA,NA,NA,NA,NA,NA
oficial_panel_enoe,1,1,1,1,1,1,1,1,5210,65,14427,65,14427,65,14427,65,14427,65,14427,Mineros,7111,1,4d,NA,NA,NA,NA,NA,NA,NA
oficial,1,1,1,1,1,1,1,1,5310,66,14344,66,14344,66,14344,66,14344,66,14344,Operadores de máquinas y equipos para la extracción en minas y canteras,8111,1,4d,NA,NA,NA,NA,NA,NA,NA
oficial_panel,1,1,1,1,1,1,1,1,5310,66,14344,66,14344,66,14344,66,14344,66,14344,Operadores de máquinas y equipos para la extracción en minas y canteras,8111,1,4d,NA,NA,NA,NA,NA,NA,NA
oficial_panel_enoe,1,1,1,1,1,1,1,1,5310,66,14344,66,14344,66,14344,66,14344,66,14344,Operadores de máquinas y equipos para la extracción en minas y canteras,8111,1,4d,NA,NA,NA,NA,NA,NA,NA
oficial,1,1,1,1,1,1,1,1,8204,68,14112,68,14112,68,14112,68,14112,68,14112,Vigilantes y porteros en casas particulares,5314,1,4d,NA,NA,NA,NA,NA,NA,NA
oficial_panel,1,1,1,1,1,1,1,1,8204,68,14112,68,14112,68,14112,68,14112,68,14112,Vigilantes y porteros en casas particulares,5314,1,4d,NA,NA,NA,NA,NA,NA,NA
oficial_panel_enoe,1,1,1,1,1,1,1,1,8204,68,14112,68,14112,68,14112,68,14112,68,14112,Vigilantes y porteros en casas particulares,5314,1,4d,NA,NA,NA,NA,NA,NA,NA
oficial,1,1,1,1,1,1,1,1,6229,22,13749,22,13749,22,13749,22,13749,22,13749,Otros trabajadores que desempeñan una ocupación afín a las comprendidas en este grupo,3999,1,4d,NA,NA,NA,NA,NA,NA,NA
oficial_panel,1,1,1,1,1,1,1,1,6229,22,13749,22,13749,22,13749,22,13749,22,13749,Otros trabajadores que desempeñan una ocupación afín a las comprendidas en este grupo,3999,1,4d,NA,NA,NA,NA,NA,NA,NA
oficial_panel_enoe,1,1,1,1,1,1,1,1,6229,22,13749,22,13749,22,13749,22,13749,22,13749,Otros trabajadores que desempeñan una ocupación afín a las comprendidas en este grupo,3999,1,4d,NA,NA,NA,NA,NA,NA,NA
oficial,1,1,1,1,1,1,1,1,6250,43,13658,43,13658,43,13658,43,13658,43,13658,Carteros,9721,1,4d,NA,NA,NA,NA,NA,NA,NA
oficial_panel,1,1,1,1,1,1,1,1,6250,43,13658,43,13658,43,13658,43,13658,43,13658,Carteros,9721,1,4d,NA,NA,NA,NA,NA,NA,NA
oficial_panel_enoe,1,1,1,1,1,1,1,1,6250,43,13658,43,13658,43,13658,43,13658,43,13658,Carteros,9721,1,4d,NA,NA,NA,NA,NA,NA,NA
oficial,1,1,1,1,1,1,1,1,2128,50,13441,50,13441,50,13441,50,13441,50,13441,"Directores, gerentes y administradores de área o establecimientos en el sector agropecuario, silvícola y pesquero",1311,1,4d,NA,NA,NA,NA,NA,NA,NA
oficial_panel,1,1,1,1,1,1,1,1,2128,50,13441,50,13441,50,13441,50,13441,50,13441,"Directores, gerentes y administradores de área o establecimientos en el sector agropecuario, silvícola y pesquero",1311,1,4d,NA,NA,NA,NA,NA,NA,NA
oficial_panel_enoe,1,1,1,1,1,1,1,1,2128,50,13441,50,13441,50,13441,50,13441,50,13441,"Directores, gerentes y administradores de área o establecimientos en el sector agropecuario, silvícola y pesquero",1311,1,4d,NA,NA,NA,NA,NA,NA,NA
oficial,1,1,1,1,1,1,1,1,1411,53,13232,53,13232,53,13232,53,13232,53,13232,Cantantes,2173,1,4d,NA,NA,NA,NA,NA,NA,NA
oficial_panel,1,1,1,1,1,1,1,1,1411,53,13232,53,13232,53,13232,53,13232,53,13232,Cantantes,2173,1,4d,NA,NA,NA,NA,NA,NA,NA
oficial_panel_enoe,1,1,1,1,1,1,1,1,1411,53,13232,53,13232,53,13232,53,13232,53,13232,Cantantes,2173,1,4d,NA,NA,NA,NA,NA,NA,NA
oficial,1,1,1,1,1,1,1,1,4136,52,13121,52,13121,52,13121,52,13121,52,13121,"Trabajadores en la recolección de plantas, hierbas y raíces no cultivadas",6226,1,4d,NA,NA,NA,NA,NA,NA,NA
oficial_panel,1,1,1,1,1,1,1,1,4136,52,13121,52,13121,52,13121,52,13121,52,13121,"Trabajadores en la recolección de plantas, hierbas y raíces no cultivadas",6226,1,4d,NA,NA,NA,NA,NA,NA,NA
oficial_panel_enoe,1,1,1,1,1,1,1,1,4136,52,13121,52,13121,52,13121,52,13121,52,13121,"Trabajadores en la recolección de plantas, hierbas y raíces no cultivadas",6226,1,4d,NA,NA,NA,NA,NA,NA,NA
oficial,1,1,1,1,1,1,1,1,1450,51,12692,51,12692,51,12692,51,12692,51,12692,Árbitros y jueces deportivos,2563,1,4d,NA,NA,NA,NA,NA,NA,NA
oficial_panel,1,1,1,1,1,1,1,1,1450,51,12692,51,12692,51,12692,51,12692,51,12692,Árbitros y jueces deportivos,2563,1,4d,NA,NA,NA,NA,NA,NA,NA
oficial_panel_enoe,1,1,1,1,1,1,1,1,1450,51,12692,51,12692,51,12692,51,12692,51,12692,Árbitros y jueces deportivos,2563,1,4d,NA,NA,NA,NA,NA,NA,NA
oficial,1,1,1,1,1,1,1,1,8300,68,12624,68,12624,68,12624,68,12624,68,12624,Bomberos (contra incendio),5311,1,4d,NA,NA,NA,NA,NA,NA,NA
oficial_panel,1,1,1,1,1,1,1,1,8300,68,12624,68,12624,68,12624,68,12624,68,12624,Bomberos (contra incendio),5311,1,4d,NA,NA,NA,NA,NA,NA,NA
oficial_panel_enoe,1,1,1,1,1,1,1,1,8300,68,12624,68,12624,68,12624,68,12624,68,12624,Bomberos (contra incendio),5311,1,4d,NA,NA,NA,NA,NA,NA,NA
oficial,1,1,1,1,1,1,1,1,4115,32,12286,32,12286,32,12286,32,12286,32,12286,"Trabajadores en la cría de equinos (caballos, burros y mulas)",6125,1,4d,NA,NA,NA,NA,NA,NA,NA
oficial_panel,1,1,1,1,1,1,1,1,4115,32,12286,32,12286,32,12286,32,12286,32,12286,"Trabajadores en la cría de equinos (caballos, burros y mulas)",6125,1,4d,NA,NA,NA,NA,NA,NA,NA
oficial_panel_enoe,1,1,1,1,1,1,1,1,4115,32,12286,32,12286,32,12286,32,12286,32,12286,"Trabajadores en la cría de equinos (caballos, burros y mulas)",6125,1,4d,NA,NA,NA,NA,NA,NA,NA
oficial,1,1,1,1,1,1,1,1,5490,51,12229,51,12229,51,12229,51,12229,51,12229,"Otros ayudantes, peones y similares no clasificados anteriormente",9239,1,4d,NA,NA,NA,NA,NA,NA,NA
oficial_panel,1,1,1,1,1,1,1,1,5490,51,12229,51,12229,51,12229,51,12229,51,12229,"Otros ayudantes, peones y similares no clasificados anteriormente",9239,1,4d,NA,NA,NA,NA,NA,NA,NA
oficial_panel_enoe,1,1,1,1,1,1,1,1,5490,51,12229,51,12229,51,12229,51,12229,51,12229,"Otros ayudantes, peones y similares no clasificados anteriormente",9239,1,4d,NA,NA,NA,NA,NA,NA,NA
oficial,1,1,1,1,1,1,1,1,5120,64,12218,64,12218,64,12218,64,12218,64,12218,"Jefes, coordinadores y similares en la fabricación de textiles y productos de cuero, piel y similares",1614,1,4d,NA,NA,NA,NA,NA,NA,NA
oficial_panel,1,1,1,1,1,1,1,1,5120,64,12218,64,12218,64,12218,64,12218,64,12218,"Jefes, coordinadores y similares en la fabricación de textiles y productos de cuero, piel y similares",1614,1,4d,NA,NA,NA,NA,NA,NA,NA
oficial_panel_enoe,1,1,1,1,1,1,1,1,5120,64,12218,64,12218,64,12218,64,12218,64,12218,"Jefes, coordinadores y similares en la fabricación de textiles y productos de cuero, piel y similares",1614,1,4d,NA,NA,NA,NA,NA,NA,NA
oficial,1,1,1,1,1,1,1,1,5300,28,12076,28,12076,28,12076,28,12076,28,12076,"Operadores de máquinas en la preparación de la carne, pescado y sus derivados",8161,1,4d,NA,NA,NA,NA,NA,NA,NA
oficial_panel,1,1,1,1,1,1,1,1,5300,28,12076,28,12076,28,12076,28,12076,28,12076,"Operadores de máquinas en la preparación de la carne, pescado y sus derivados",8161,1,4d,NA,NA,NA,NA,NA,NA,NA
oficial_panel_enoe,1,1,1,1,1,1,1,1,5300,28,12076,28,12076,28,12076,28,12076,28,12076,"Operadores de máquinas en la preparación de la carne, pescado y sus derivados",8161,1,4d,NA,NA,NA,NA,NA,NA,NA
oficial,1,1,1,1,1,1,1,1,5151,40,12071,40,12071,40,12071,40,12071,40,12071,"Supervisores, inspectores y similares en la fabricación de productos de cerámica, vidrio y otros minerales no metálicos",7601,1,4d,NA,NA,NA,NA,NA,NA,NA
oficial_panel,1,1,1,1,1,1,1,1,5151,40,12071,40,12071,40,12071,40,12071,40,12071,"Supervisores, inspectores y similares en la fabricación de productos de cerámica, vidrio y otros minerales no metálicos",7601,1,4d,NA,NA,NA,NA,NA,NA,NA
oficial_panel_enoe,1,1,1,1,1,1,1,1,5151,40,12071,40,12071,40,12071,40,12071,40,12071,"Supervisores, inspectores y similares en la fabricación de productos de cerámica, vidrio y otros minerales no metálicos",7601,1,4d,NA,NA,NA,NA,NA,NA,NA
oficial,1,1,1,1,1,1,1,1,5461,20,12013,20,12013,20,12013,20,12013,20,12013,Cargadores y similares en la construcción,9222,1,4d,NA,NA,NA,NA,NA,NA,NA
oficial_panel,1,1,1,1,1,1,1,1,5461,20,12013,20,12013,20,12013,20,12013,20,12013,Cargadores y similares en la construcción,9222,1,4d,NA,NA,NA,NA,NA,NA,NA
oficial_panel_enoe,1,1,1,1,1,1,1,1,5461,20,12013,20,12013,20,12013,20,12013,20,12013,Cargadores y similares en la construcción,9222,1,4d,NA,NA,NA,NA,NA,NA,NA
oficial,1,1,1,1,1,1,1,1,1451,43,11883,43,11883,43,11883,43,11883,43,11883,Entrenadores deportivos,2562,1,4d,NA,NA,NA,NA,NA,NA,NA
oficial_panel,1,1,1,1,1,1,1,1,1451,43,11883,43,11883,43,11883,43,11883,43,11883,Entrenadores deportivos,2562,1,4d,NA,NA,NA,NA,NA,NA,NA
oficial_panel_enoe,1,1,1,1,1,1,1,1,1451,43,11883,43,11883,43,11883,43,11883,43,11883,Entrenadores deportivos,2562,1,4d,NA,NA,NA,NA,NA,NA,NA
oficial,1,1,1,1,1,1,1,1,4190,32,11727,32,11727,32,11727,32,11727,32,11727,Otros trabajadores que desempeñan una ocupación afín a las comprendidas en este grupo,6999,1,4d,NA,NA,NA,NA,NA,NA,NA
oficial_panel,1,1,1,1,1,1,1,1,4190,32,11727,32,11727,32,11727,32,11727,32,11727,Otros trabajadores que desempeñan una ocupación afín a las comprendidas en este grupo,6999,1,4d,NA,NA,NA,NA,NA,NA,NA
oficial_panel_enoe,1,1,1,1,1,1,1,1,4190,32,11727,32,11727,32,11727,32,11727,32,11727,Otros trabajadores que desempeñan una ocupación afín a las comprendidas en este grupo,6999,1,4d,NA,NA,NA,NA,NA,NA,NA
oficial,1,1,1,1,1,1,1,1,1432,54,11575,54,11575,54,11575,54,11575,54,11575,"Locutores, conductores y comentaristas de radio y televisión",2551,1,4d,NA,NA,NA,NA,NA,NA,NA
oficial_panel,1,1,1,1,1,1,1,1,1432,54,11575,54,11575,54,11575,54,11575,54,11575,"Locutores, conductores y comentaristas de radio y televisión",2551,1,4d,NA,NA,NA,NA,NA,NA,NA
oficial_panel_enoe,1,1,1,1,1,1,1,1,1432,54,11575,54,11575,54,11575,54,11575,54,11575,"Locutores, conductores y comentaristas de radio y televisión",2551,1,4d,NA,NA,NA,NA,NA,NA,NA
oficial,1,1,1,1,1,1,1,1,5247,39,11527,39,11527,39,11527,39,11527,39,11527,"Mecánicos, ajustadores, instaladores y trabajadores de mantenimiento y reparación de instrumentos musicales (pianos, etc.) y de precisión (relojes, básculas, etcétera)",2636,1,4d,NA,NA,NA,NA,NA,NA,NA
oficial_panel,1,1,1,1,1,1,1,1,5247,39,11527,39,11527,39,11527,39,11527,39,11527,"Mecánicos, ajustadores, instaladores y trabajadores de mantenimiento y reparación de instrumentos musicales (pianos, etc.) y de precisión (relojes, básculas, etcétera)",2636,1,4d,NA,NA,NA,NA,NA,NA,NA
oficial_panel_enoe,1,1,1,1,1,1,1,1,5247,39,11527,39,11527,39,11527,39,11527,39,11527,"Mecánicos, ajustadores, instaladores y trabajadores de mantenimiento y reparación de instrumentos musicales (pianos, etc.) y de precisión (relojes, básculas, etcétera)",2636,1,4d,NA,NA,NA,NA,NA,NA,NA
oficial,1,1,1,1,1,1,1,1,9999,19,11486,19,11486,19,11486,19,11486,19,11486,Ocupaciones no especificadas,9999,1,4d,NA,NA,NA,NA,NA,NA,NA
oficial_panel,1,1,1,1,1,1,1,1,9999,19,11486,19,11486,19,11486,19,11486,19,11486,Ocupaciones no especificadas,9999,1,4d,NA,NA,NA,NA,NA,NA,NA
oficial_panel_enoe,1,1,1,1,1,1,1,1,9999,19,11486,19,11486,19,11486,19,11486,19,11486,Ocupaciones no especificadas,9999,1,4d,NA,NA,NA,NA,NA,NA,NA
oficial,1,1,1,1,1,1,1,1,8160,30,11393,30,11393,30,11393,30,11393,30,11393,Trabajadores en servicios funerarios y en panteones,5253,1,4d,NA,NA,NA,NA,NA,NA,NA
oficial_panel,1,1,1,1,1,1,1,1,8160,30,11393,30,11393,30,11393,30,11393,30,11393,Trabajadores en servicios funerarios y en panteones,5253,1,4d,NA,NA,NA,NA,NA,NA,NA
oficial_panel_enoe,1,1,1,1,1,1,1,1,8160,30,11393,30,11393,30,11393,30,11393,30,11393,Trabajadores en servicios funerarios y en panteones,5253,1,4d,NA,NA,NA,NA,NA,NA,NA
oficial,1,1,1,1,1,1,1,1,1103,41,11229,41,11229,41,11229,41,11229,41,11229,"Ingenieros en topografía, hidrología, geología y geodesia",2262,1,4d,NA,NA,NA,NA,NA,NA,NA
oficial_panel,1,1,1,1,1,1,1,1,1103,41,11229,41,11229,41,11229,41,11229,41,11229,"Ingenieros en topografía, hidrología, geología y geodesia",2262,1,4d,NA,NA,NA,NA,NA,NA,NA
oficial_panel_enoe,1,1,1,1,1,1,1,1,1103,41,11229,41,11229,41,11229,41,11229,41,11229,"Ingenieros en topografía, hidrología, geología y geodesia",2262,1,4d,NA,NA,NA,NA,NA,NA,NA
oficial,1,1,1,1,1,1,1,1,4114,39,11189,39,11189,39,11189,39,11189,39,11189,Trabajadores en la apicultura,6126,1,4d,NA,NA,NA,NA,NA,NA,NA
oficial_panel,1,1,1,1,1,1,1,1,4114,39,11189,39,11189,39,11189,39,11189,39,11189,Trabajadores en la apicultura,6126,1,4d,NA,NA,NA,NA,NA,NA,NA
oficial_panel_enoe,1,1,1,1,1,1,1,1,4114,39,11189,39,11189,39,11189,39,11189,39,11189,Trabajadores en la apicultura,6126,1,4d,NA,NA,NA,NA,NA,NA,NA
oficial,1,1,1,1,1,1,1,1,5352,36,10937,36,10937,36,10937,36,10937,36,10937,"Operadores de máquinas en la fabricación de cemento, cal, yeso y productos de cemento",8171,1,4d,NA,NA,NA,NA,NA,NA,NA
oficial_panel,1,1,1,1,1,1,1,1,5352,36,10937,36,10937,36,10937,36,10937,36,10937,"Operadores de máquinas en la fabricación de cemento, cal, yeso y productos de cemento",8171,1,4d,NA,NA,NA,NA,NA,NA,NA
oficial_panel_enoe,1,1,1,1,1,1,1,1,5352,36,10937,36,10937,36,10937,36,10937,36,10937,"Operadores de máquinas en la fabricación de cemento, cal, yeso y productos de cemento",8171,1,4d,NA,NA,NA,NA,NA,NA,NA
oficial,0,0,0,0,0,0,0,0,4151,30,10544,0,0,0,0,0,0,0,0,Trabajadores en actividades de acuacultura,6212|9122,2,unresolved,NA,NA,NA,NA,NA,NA,NA
oficial_panel,0,0,0,0,0,0,0,0,4151,30,10544,0,0,0,0,0,0,0,0,Trabajadores en actividades de acuacultura,6212|9122,2,unresolved,NA,NA,NA,NA,NA,NA,NA
oficial_panel_enoe,0,0,0,0,0,0,1,1,4151,30,10544,0,0,0,0,0,0,30,10544,Trabajadores en actividades de acuacultura,6212|9122,2,unresolved,NA,NA,NA,NA,NA,NA,NA
oficial,1,1,1,1,1,1,1,1,2110,56,10470,56,10470,56,10470,56,10470,56,10470,"Presidentes, directores y gerentes generales en instituciones y empresas públicas, descentralizadas y paraestatales",1121,1,4d,NA,NA,NA,NA,NA,NA,NA
oficial_panel,1,1,1,1,1,1,1,1,2110,56,10470,56,10470,56,10470,56,10470,56,10470,"Presidentes, directores y gerentes generales en instituciones y empresas públicas, descentralizadas y paraestatales",1121,1,4d,NA,NA,NA,NA,NA,NA,NA
oficial_panel_enoe,1,1,1,1,1,1,1,1,2110,56,10470,56,10470,56,10470,56,10470,56,10470,"Presidentes, directores y gerentes generales en instituciones y empresas públicas, descentralizadas y paraestatales",1121,1,4d,NA,NA,NA,NA,NA,NA,NA
oficial,0,0,0,0,0,0,0,0,5111,52,10227,0,0,0,0,0,0,0,0,"Supervisores, inspectores y similares en la extracción en minas, canteras y pozos",7101|8101,2,unresolved,NA,NA,NA,NA,NA,NA,NA
oficial_panel,0,0,0,0,0,0,0,0,5111,52,10227,0,0,0,0,0,0,0,0,"Supervisores, inspectores y similares en la extracción en minas, canteras y pozos",7101|8101,2,unresolved,NA,NA,NA,NA,NA,NA,NA
oficial_panel_enoe,0,0,0,0,0,0,1,1,5111,52,10227,0,0,0,0,0,0,52,10227,"Supervisores, inspectores y similares en la extracción en minas, canteras y pozos",7101|8101,2,unresolved,NA,NA,NA,NA,NA,NA,NA
oficial,1,1,1,1,1,1,1,1,1460,28,10075,28,10075,28,10075,28,10075,28,10075,Animadores y anunciadores,2552,1,4d,NA,NA,NA,NA,NA,NA,NA
oficial_panel,1,1,1,1,1,1,1,1,1460,28,10075,28,10075,28,10075,28,10075,28,10075,Animadores y anunciadores,2552,1,4d,NA,NA,NA,NA,NA,NA,NA
oficial_panel_enoe,1,1,1,1,1,1,1,1,1460,28,10075,28,10075,28,10075,28,10075,28,10075,Animadores y anunciadores,2552,1,4d,NA,NA,NA,NA,NA,NA,NA
oficial,1,1,1,1,1,1,1,1,5350,39,9841,39,9841,39,9841,39,9841,39,9841,Operadores de máquinas en la fabricación de productos de cerámica,8172,1,4d,NA,NA,NA,NA,NA,NA,NA
oficial_panel,1,1,1,1,1,1,1,1,5350,39,9841,39,9841,39,9841,39,9841,39,9841,Operadores de máquinas en la fabricación de productos de cerámica,8172,1,4d,NA,NA,NA,NA,NA,NA,NA
oficial_panel_enoe,1,1,1,1,1,1,1,1,5350,39,9841,39,9841,39,9841,39,9841,39,9841,Operadores de máquinas en la fabricación de productos de cerámica,8172,1,4d,NA,NA,NA,NA,NA,NA,NA
oficial,1,1,1,1,1,1,1,1,1201,43,9800,43,9800,43,9800,43,9800,43,9800,Técnicos en ingeniería civil y de la construcción,2624,1,4d,NA,NA,NA,NA,NA,NA,NA
oficial_panel,1,1,1,1,1,1,1,1,1201,43,9800,43,9800,43,9800,43,9800,43,9800,Técnicos en ingeniería civil y de la construcción,2624,1,4d,NA,NA,NA,NA,NA,NA,NA
oficial_panel_enoe,1,1,1,1,1,1,1,1,1201,43,9800,43,9800,43,9800,43,9800,43,9800,Técnicos en ingeniería civil y de la construcción,2624,1,4d,NA,NA,NA,NA,NA,NA,NA
oficial,1,1,1,1,1,1,1,1,1361,30,9783,30,9783,30,9783,30,9783,30,9783,Profesores e instructores en estudios comerciales y administrativos,2713,1,4d,NA,NA,NA,NA,NA,NA,NA
oficial_panel,1,1,1,1,1,1,1,1,1361,30,9783,30,9783,30,9783,30,9783,30,9783,Profesores e instructores en estudios comerciales y administrativos,2713,1,4d,NA,NA,NA,NA,NA,NA,NA
oficial_panel_enoe,1,1,1,1,1,1,1,1,1361,30,9783,30,9783,30,9783,30,9783,30,9783,Profesores e instructores en estudios comerciales y administrativos,2713,1,4d,NA,NA,NA,NA,NA,NA,NA
oficial,1,1,1,1,1,1,1,1,5269,40,9691,40,9691,40,9691,40,9691,40,9691,Otros trabajadores que desempeñan una ocupación afín a las comprendidas en este subgrupo,7113,1,4d,NA,NA,NA,NA,NA,NA,NA
oficial_panel,1,1,1,1,1,1,1,1,5269,40,9691,40,9691,40,9691,40,9691,40,9691,Otros trabajadores que desempeñan una ocupación afín a las comprendidas en este subgrupo,7113,1,4d,NA,NA,NA,NA,NA,NA,NA
oficial_panel_enoe,1,1,1,1,1,1,1,1,5269,40,9691,40,9691,40,9691,40,9691,40,9691,Otros trabajadores que desempeñan una ocupación afín a las comprendidas en este subgrupo,7113,1,4d,NA,NA,NA,NA,NA,NA,NA
oficial,1,1,1,1,1,1,1,1,7132,25,9672,25,9672,25,9672,25,9672,25,9672,"Agentes de acciones, bonos y valores",2513,1,4d,NA,NA,NA,NA,NA,NA,NA
oficial_panel,1,1,1,1,1,1,1,1,7132,25,9672,25,9672,25,9672,25,9672,25,9672,"Agentes de acciones, bonos y valores",2513,1,4d,NA,NA,NA,NA,NA,NA,NA
oficial_panel_enoe,1,1,1,1,1,1,1,1,7132,25,9672,25,9672,25,9672,25,9672,25,9672,"Agentes de acciones, bonos y valores",2513,1,4d,NA,NA,NA,NA,NA,NA,NA
oficial,1,1,1,1,1,1,1,1,1167,37,9609,37,9609,37,9609,37,9609,37,9609,Profesionistas en ciencias de la comunicación,2112,1,4d,NA,NA,NA,NA,NA,NA,NA
oficial_panel,1,1,1,1,1,1,1,1,1167,37,9609,37,9609,37,9609,37,9609,37,9609,Profesionistas en ciencias de la comunicación,2112,1,4d,NA,NA,NA,NA,NA,NA,NA
oficial_panel_enoe,1,1,1,1,1,1,1,1,1167,37,9609,37,9609,37,9609,37,9609,37,9609,Profesionistas en ciencias de la comunicación,2112,1,4d,NA,NA,NA,NA,NA,NA,NA
oficial,1,1,1,1,1,1,1,1,1241,35,9565,35,9565,35,9565,35,9565,35,9565,Técnicos en veterinaria y zootecnia,2614,1,4d,NA,NA,NA,NA,NA,NA,NA
oficial_panel,1,1,1,1,1,1,1,1,1241,35,9565,35,9565,35,9565,35,9565,35,9565,Técnicos en veterinaria y zootecnia,2614,1,4d,NA,NA,NA,NA,NA,NA,NA
oficial_panel_enoe,1,1,1,1,1,1,1,1,1241,35,9565,35,9565,35,9565,35,9565,35,9565,Técnicos en veterinaria y zootecnia,2614,1,4d,NA,NA,NA,NA,NA,NA,NA
oficial,1,1,1,1,1,1,1,1,5381,32,9392,32,9392,32,9392,32,9392,32,9392,Operadores de máquinas y equipos para la refinación de petróleo y gas,8135,1,4d,NA,NA,NA,NA,NA,NA,NA
oficial_panel,1,1,1,1,1,1,1,1,5381,32,9392,32,9392,32,9392,32,9392,32,9392,Operadores de máquinas y equipos para la refinación de petróleo y gas,8135,1,4d,NA,NA,NA,NA,NA,NA,NA
oficial_panel_enoe,1,1,1,1,1,1,1,1,5381,32,9392,32,9392,32,9392,32,9392,32,9392,Operadores de máquinas y equipos para la refinación de petróleo y gas,8135,1,4d,NA,NA,NA,NA,NA,NA,NA
oficial,1,1,1,1,1,1,1,1,4130,29,9360,29,9360,29,9360,29,9360,29,9360,"Taladores, trozadores, cortadores de árboles y similares",6221,1,4d,NA,NA,NA,NA,NA,NA,NA
oficial_panel,1,1,1,1,1,1,1,1,4130,29,9360,29,9360,29,9360,29,9360,29,9360,"Taladores, trozadores, cortadores de árboles y similares",6221,1,4d,NA,NA,NA,NA,NA,NA,NA
oficial_panel_enoe,1,1,1,1,1,1,1,1,4130,29,9360,29,9360,29,9360,29,9360,29,9360,"Taladores, trozadores, cortadores de árboles y similares",6221,1,4d,NA,NA,NA,NA,NA,NA,NA
oficial,1,1,1,1,1,1,1,1,5491,32,9092,32,9092,32,9092,32,9092,32,9092,"Otros cargadores, abastecedores, empacadores manuales y similares no clasificados anteriormente",9239,1,4d,NA,NA,NA,NA,NA,NA,NA
oficial_panel,1,1,1,1,1,1,1,1,5491,32,9092,32,9092,32,9092,32,9092,32,9092,"Otros cargadores, abastecedores, empacadores manuales y similares no clasificados anteriormente",9239,1,4d,NA,NA,NA,NA,NA,NA,NA
oficial_panel_enoe,1,1,1,1,1,1,1,1,5491,32,9092,32,9092,32,9092,32,9092,32,9092,"Otros cargadores, abastecedores, empacadores manuales y similares no clasificados anteriormente",9239,1,4d,NA,NA,NA,NA,NA,NA,NA
oficial,1,1,1,1,1,1,1,1,5351,32,9067,32,9067,32,9067,32,9067,32,9067,"Operadores de máquinas en la fabricación de productos de mosaico, azulejo y similares",8172,1,4d,NA,NA,NA,NA,NA,NA,NA
oficial_panel,1,1,1,1,1,1,1,1,5351,32,9067,32,9067,32,9067,32,9067,32,9067,"Operadores de máquinas en la fabricación de productos de mosaico, azulejo y similares",8172,1,4d,NA,NA,NA,NA,NA,NA,NA
oficial_panel_enoe,1,1,1,1,1,1,1,1,5351,32,9067,32,9067,32,9067,32,9067,32,9067,"Operadores de máquinas en la fabricación de productos de mosaico, azulejo y similares",8172,1,4d,NA,NA,NA,NA,NA,NA,NA
oficial,0,0,0,0,0,0,0,0,8311,50,8655,0,0,0,0,0,0,0,0,Trabajadores de la fuerza armada marítima,5401|5412,2,2d,NA,NA,NA,NA,NA,NA,NA
oficial_panel,0,0,0,0,0,0,0,0,8311,50,8655,0,0,0,0,0,0,0,0,Trabajadores de la fuerza armada marítima,5401|5412,2,2d,NA,NA,NA,NA,NA,NA,NA
oficial_panel_enoe,0,0,0,0,0,0,1,1,8311,50,8655,0,0,0,0,0,0,50,8655,Trabajadores de la fuerza armada marítima,5401|5412,2,2d,NA,NA,NA,NA,NA,NA,NA
oficial,1,1,1,1,1,1,1,1,6132,30,8620,30,8620,30,8620,30,8620,30,8620,"Jefes de departamento, coordinadores y supervisores en investigaciones sociales (historia, sociología, sicología, trabajo social, etcétera)",1522,1,4d,NA,NA,NA,NA,NA,NA,NA
oficial_panel,1,1,1,1,1,1,1,1,6132,30,8620,30,8620,30,8620,30,8620,30,8620,"Jefes de departamento, coordinadores y supervisores en investigaciones sociales (historia, sociología, sicología, trabajo social, etcétera)",1522,1,4d,NA,NA,NA,NA,NA,NA,NA
oficial_panel_enoe,1,1,1,1,1,1,1,1,6132,30,8620,30,8620,30,8620,30,8620,30,8620,"Jefes de departamento, coordinadores y supervisores en investigaciones sociales (historia, sociología, sicología, trabajo social, etcétera)",1522,1,4d,NA,NA,NA,NA,NA,NA,NA
oficial,1,1,1,1,1,1,1,1,5211,33,8423,33,8423,33,8423,33,8423,33,8423,"Trabajadores en la extracción de cantera, arcilla, arena, piedra y grava",7112,1,4d,NA,NA,NA,NA,NA,NA,NA
oficial_panel,1,1,1,1,1,1,1,1,5211,33,8423,33,8423,33,8423,33,8423,33,8423,"Trabajadores en la extracción de cantera, arcilla, arena, piedra y grava",7112,1,4d,NA,NA,NA,NA,NA,NA,NA
oficial_panel_enoe,1,1,1,1,1,1,1,1,5211,33,8423,33,8423,33,8423,33,8423,33,8423,"Trabajadores en la extracción de cantera, arcilla, arena, piedra y grava",7112,1,4d,NA,NA,NA,NA,NA,NA,NA
oficial,1,1,1,1,1,1,1,1,1180,41,8366,41,8366,41,8366,41,8366,41,8366,Religiosos profesionistas,2145,1,4d,NA,NA,NA,NA,NA,NA,NA
oficial_panel,1,1,1,1,1,1,1,1,1180,41,8366,41,8366,41,8366,41,8366,41,8366,Religiosos profesionistas,2145,1,4d,NA,NA,NA,NA,NA,NA,NA
oficial_panel_enoe,1,1,1,1,1,1,1,1,1180,41,8366,41,8366,41,8366,41,8366,41,8366,Religiosos profesionistas,2145,1,4d,NA,NA,NA,NA,NA,NA,NA
oficial,1,1,1,1,1,1,1,1,2132,38,8262,38,8262,38,8262,38,8262,38,8262,Directivos de organizaciones sindicales,1132,1,4d,NA,NA,NA,NA,NA,NA,NA
oficial_panel,1,1,1,1,1,1,1,1,2132,38,8262,38,8262,38,8262,38,8262,38,8262,Directivos de organizaciones sindicales,1132,1,4d,NA,NA,NA,NA,NA,NA,NA
oficial_panel_enoe,1,1,1,1,1,1,1,1,2132,38,8262,38,8262,38,8262,38,8262,38,8262,Directivos de organizaciones sindicales,1132,1,4d,NA,NA,NA,NA,NA,NA,NA
oficial,1,1,1,1,1,1,1,1,1140,35,8227,35,8227,35,8227,35,8227,35,8227,Biólogos,2221,1,4d,NA,NA,NA,NA,NA,NA,NA
oficial_panel,1,1,1,1,1,1,1,1,1140,35,8227,35,8227,35,8227,35,8227,35,8227,Biólogos,2221,1,4d,NA,NA,NA,NA,NA,NA,NA
oficial_panel_enoe,1,1,1,1,1,1,1,1,1140,35,8227,35,8227,35,8227,35,8227,35,8227,Biólogos,2221,1,4d,NA,NA,NA,NA,NA,NA,NA
oficial,1,1,1,1,1,1,1,1,5370,38,8176,38,8176,38,8176,38,8176,38,8176,Operadores de instalaciones y plantas en la generación y distribución de energía,8181,1,4d,NA,NA,NA,NA,NA,NA,NA
oficial_panel,1,1,1,1,1,1,1,1,5370,38,8176,38,8176,38,8176,38,8176,38,8176,Operadores de instalaciones y plantas en la generación y distribución de energía,8181,1,4d,NA,NA,NA,NA,NA,NA,NA
oficial_panel_enoe,1,1,1,1,1,1,1,1,5370,38,8176,38,8176,38,8176,38,8176,38,8176,Operadores de instalaciones y plantas en la generación y distribución de energía,8181,1,4d,NA,NA,NA,NA,NA,NA,NA
oficial,0,0,0,0,0,0,0,0,4160,50,8027,0,0,0,0,0,0,0,0,Trabajadores en actividades de beneficio de productos agropecuarios,6117|6128,2,2d,NA,NA,NA,NA,NA,NA,NA
oficial_panel,0,0,0,0,0,0,0,0,4160,50,8027,0,0,0,0,0,0,0,0,Trabajadores en actividades de beneficio de productos agropecuarios,6117|6128,2,2d,NA,NA,NA,NA,NA,NA,NA
oficial_panel_enoe,0,0,0,0,0,0,1,1,4160,50,8027,0,0,0,0,0,0,50,8027,Trabajadores en actividades de beneficio de productos agropecuarios,6117|6128,2,2d,NA,NA,NA,NA,NA,NA,NA
oficial,0,0,1,1,1,1,1,1,5410,48,7842,0,0,48,7842,48,7842,48,7842,"Ayudantes, peones y similares en la extracción en minas, canteras y pozos",9211|9212,2,3d,NA,NA,NA,NA,NA,NA,NA
oficial_panel,0,0,1,1,1,1,1,1,5410,48,7842,0,0,48,7842,48,7842,48,7842,"Ayudantes, peones y similares en la extracción en minas, canteras y pozos",9211|9212,2,3d,NA,NA,NA,NA,NA,NA,NA
oficial_panel_enoe,0,0,1,1,1,1,1,1,5410,48,7842,0,0,48,7842,48,7842,48,7842,"Ayudantes, peones y similares en la extracción en minas, canteras y pozos",9211|9212,2,3d,NA,NA,NA,NA,NA,NA,NA
oficial,1,1,1,1,1,1,1,1,2120,44,7723,44,7723,44,7723,44,7723,44,7723,"Directores, gerentes y administradores de área o establecimientos en servicios de salud",1221,1,4d,NA,NA,NA,NA,NA,NA,NA
oficial_panel,1,1,1,1,1,1,1,1,2120,44,7723,44,7723,44,7723,44,7723,44,7723,"Directores, gerentes y administradores de área o establecimientos en servicios de salud",1221,1,4d,NA,NA,NA,NA,NA,NA,NA
oficial_panel_enoe,1,1,1,1,1,1,1,1,2120,44,7723,44,7723,44,7723,44,7723,44,7723,"Directores, gerentes y administradores de área o establecimientos en servicios de salud",1221,1,4d,NA,NA,NA,NA,NA,NA,NA
oficial,1,1,1,1,1,1,1,1,5265,18,7548,18,7548,18,7548,18,7548,18,7548,Instaladores de aislantes y climas artificiales,2638,1,4d,NA,NA,NA,NA,NA,NA,NA
oficial_panel,1,1,1,1,1,1,1,1,5265,18,7548,18,7548,18,7548,18,7548,18,7548,Instaladores de aislantes y climas artificiales,2638,1,4d,NA,NA,NA,NA,NA,NA,NA
oficial_panel_enoe,1,1,1,1,1,1,1,1,5265,18,7548,18,7548,18,7548,18,7548,18,7548,Instaladores de aislantes y climas artificiales,2638,1,4d,NA,NA,NA,NA,NA,NA,NA
oficial,1,1,1,1,1,1,1,1,1166,26,7412,26,7412,26,7412,26,7412,26,7412,Pedagogos,2312,1,4d,NA,NA,NA,NA,NA,NA,NA
oficial_panel,1,1,1,1,1,1,1,1,1166,26,7412,26,7412,26,7412,26,7412,26,7412,Pedagogos,2312,1,4d,NA,NA,NA,NA,NA,NA,NA
oficial_panel_enoe,1,1,1,1,1,1,1,1,1166,26,7412,26,7412,26,7412,26,7412,26,7412,Pedagogos,2312,1,4d,NA,NA,NA,NA,NA,NA,NA
oficial,1,1,1,1,1,1,1,1,4102,36,7334,36,7334,36,7334,36,7334,36,7334,Trabajadores en el cultivo de algodón y/o henequén,6116,1,4d,NA,NA,NA,NA,NA,NA,NA
oficial_panel,1,1,1,1,1,1,1,1,4102,36,7334,36,7334,36,7334,36,7334,36,7334,Trabajadores en el cultivo de algodón y/o henequén,6116,1,4d,NA,NA,NA,NA,NA,NA,NA
oficial_panel_enoe,1,1,1,1,1,1,1,1,4102,36,7334,36,7334,36,7334,36,7334,36,7334,Trabajadores en el cultivo de algodón y/o henequén,6116,1,4d,NA,NA,NA,NA,NA,NA,NA
oficial,1,1,1,1,1,1,1,1,7209,28,7194,28,7194,28,7194,28,7194,28,7194,Otros trabajadores que desempeñan una ocupación afín a las comprendidas en este grupo,9512,1,4d,NA,NA,NA,NA,NA,NA,NA
oficial_panel,1,1,1,1,1,1,1,1,7209,28,7194,28,7194,28,7194,28,7194,28,7194,Otros trabajadores que desempeñan una ocupación afín a las comprendidas en este grupo,9512,1,4d,NA,NA,NA,NA,NA,NA,NA
oficial_panel_enoe,1,1,1,1,1,1,1,1,7209,28,7194,28,7194,28,7194,28,7194,28,7194,Otros trabajadores que desempeñan una ocupación afín a las comprendidas en este grupo,9512,1,4d,NA,NA,NA,NA,NA,NA,NA
oficial,1,1,1,1,1,1,1,1,1133,17,7172,17,7172,17,7172,17,7172,17,7172,Profesionistas en optometría,2422,1,4d,NA,NA,NA,NA,NA,NA,NA
oficial_panel,1,1,1,1,1,1,1,1,1133,17,7172,17,7172,17,7172,17,7172,17,7172,Profesionistas en optometría,2422,1,4d,NA,NA,NA,NA,NA,NA,NA
oficial_panel_enoe,1,1,1,1,1,1,1,1,1133,17,7172,17,7172,17,7172,17,7172,17,7172,Profesionistas en optometría,2422,1,4d,NA,NA,NA,NA,NA,NA,NA
oficial,1,1,1,1,1,1,1,1,1223,22,7022,22,7022,22,7022,22,7022,22,7022,Técnicos nutriólogos y dietistas,2816,1,4d,NA,NA,NA,NA,NA,NA,NA
oficial_panel,1,1,1,1,1,1,1,1,1223,22,7022,22,7022,22,7022,22,7022,22,7022,Técnicos nutriólogos y dietistas,2816,1,4d,NA,NA,NA,NA,NA,NA,NA
oficial_panel_enoe,1,1,1,1,1,1,1,1,1223,22,7022,22,7022,22,7022,22,7022,22,7022,Técnicos nutriólogos y dietistas,2816,1,4d,NA,NA,NA,NA,NA,NA,NA
oficial,1,1,1,1,1,1,1,1,5309,20,6746,20,6746,20,6746,20,6746,20,6746,Otros trabajadores que desempeñan una ocupación afín a las comprendidas en este grupo,8199,1,4d,NA,NA,NA,NA,NA,NA,NA
oficial_panel,1,1,1,1,1,1,1,1,5309,20,6746,20,6746,20,6746,20,6746,20,6746,Otros trabajadores que desempeñan una ocupación afín a las comprendidas en este grupo,8199,1,4d,NA,NA,NA,NA,NA,NA,NA
oficial_panel_enoe,1,1,1,1,1,1,1,1,5309,20,6746,20,6746,20,6746,20,6746,20,6746,Otros trabajadores que desempeñan una ocupación afín a las comprendidas en este grupo,8199,1,4d,NA,NA,NA,NA,NA,NA,NA
oficial,1,1,1,1,1,1,1,1,5311,27,6735,27,6735,27,6735,27,6735,27,6735,Operadores de máquinas y equipos para la extracción de pozos petroleros,8112,1,4d,NA,NA,NA,NA,NA,NA,NA
oficial_panel,1,1,1,1,1,1,1,1,5311,27,6735,27,6735,27,6735,27,6735,27,6735,Operadores de máquinas y equipos para la extracción de pozos petroleros,8112,1,4d,NA,NA,NA,NA,NA,NA,NA
oficial_panel_enoe,1,1,1,1,1,1,1,1,5311,27,6735,27,6735,27,6735,27,6735,27,6735,Operadores de máquinas y equipos para la extracción de pozos petroleros,8112,1,4d,NA,NA,NA,NA,NA,NA,NA
oficial,1,1,1,1,1,1,1,1,5263,30,6712,30,6712,30,6712,30,6712,30,6712,"Techadores (colocadores de palapas, etcétera)",7122,1,4d,NA,NA,NA,NA,NA,NA,NA
oficial_panel,1,1,1,1,1,1,1,1,5263,30,6712,30,6712,30,6712,30,6712,30,6712,"Techadores (colocadores de palapas, etcétera)",7122,1,4d,NA,NA,NA,NA,NA,NA,NA
oficial_panel_enoe,1,1,1,1,1,1,1,1,5263,30,6712,30,6712,30,6712,30,6712,30,6712,"Techadores (colocadores de palapas, etcétera)",7122,1,4d,NA,NA,NA,NA,NA,NA,NA
oficial,1,1,1,1,1,1,1,1,1440,28,6583,28,6583,28,6583,28,6583,28,6583,Deportistas,2561,1,4d,NA,NA,NA,NA,NA,NA,NA
oficial_panel,1,1,1,1,1,1,1,1,1440,28,6583,28,6583,28,6583,28,6583,28,6583,Deportistas,2561,1,4d,NA,NA,NA,NA,NA,NA,NA
oficial_panel_enoe,1,1,1,1,1,1,1,1,1440,28,6583,28,6583,28,6583,28,6583,28,6583,Deportistas,2561,1,4d,NA,NA,NA,NA,NA,NA,NA
oficial,1,1,1,1,1,1,1,1,1400,9,6297,9,6297,9,6297,9,6297,9,6297,Escritores y críticos,2151,1,4d,NA,NA,NA,NA,NA,NA,NA
oficial_panel,1,1,1,1,1,1,1,1,1400,9,6297,9,6297,9,6297,9,6297,9,6297,Escritores y críticos,2151,1,4d,NA,NA,NA,NA,NA,NA,NA
oficial_panel_enoe,1,1,1,1,1,1,1,1,1400,9,6297,9,6297,9,6297,9,6297,9,6297,Escritores y críticos,2151,1,4d,NA,NA,NA,NA,NA,NA,NA
oficial,1,1,1,1,1,1,1,1,1354,39,6272,39,6272,39,6272,39,6272,39,6272,Profesores de personas con problemas de aprendizaje,2342,1,4d,NA,NA,NA,NA,NA,NA,NA
oficial_panel,1,1,1,1,1,1,1,1,1354,39,6272,39,6272,39,6272,39,6272,39,6272,Profesores de personas con problemas de aprendizaje,2342,1,4d,NA,NA,NA,NA,NA,NA,NA
oficial_panel_enoe,1,1,1,1,1,1,1,1,1354,39,6272,39,6272,39,6272,39,6272,39,6272,Profesores de personas con problemas de aprendizaje,2342,1,4d,NA,NA,NA,NA,NA,NA,NA
oficial,1,1,1,1,1,1,1,1,1170,10,6180,10,6180,10,6180,10,6180,10,6180,Economistas,2123,1,4d,NA,NA,NA,NA,NA,NA,NA
oficial_panel,1,1,1,1,1,1,1,1,1170,10,6180,10,6180,10,6180,10,6180,10,6180,Economistas,2123,1,4d,NA,NA,NA,NA,NA,NA,NA
oficial_panel_enoe,1,1,1,1,1,1,1,1,1170,10,6180,10,6180,10,6180,10,6180,10,6180,Economistas,2123,1,4d,NA,NA,NA,NA,NA,NA,NA
oficial,1,1,1,1,1,1,1,1,5301,25,6174,25,6174,25,6174,25,6174,25,6174,Operadores de máquinas en la fabricación de leche y lácteos,8161,1,4d,NA,NA,NA,NA,NA,NA,NA
oficial_panel,1,1,1,1,1,1,1,1,5301,25,6174,25,6174,25,6174,25,6174,25,6174,Operadores de máquinas en la fabricación de leche y lácteos,8161,1,4d,NA,NA,NA,NA,NA,NA,NA
oficial_panel_enoe,1,1,1,1,1,1,1,1,5301,25,6174,25,6174,25,6174,25,6174,25,6174,Operadores de máquinas en la fabricación de leche y lácteos,8161,1,4d,NA,NA,NA,NA,NA,NA,NA
oficial,1,1,1,1,1,1,1,1,8102,6,6126,6,6126,6,6126,6,6126,6,6126,Azafatas y sobrecargos,5231,1,4d,NA,NA,NA,NA,NA,NA,NA
oficial_panel,1,1,1,1,1,1,1,1,8102,6,6126,6,6126,6,6126,6,6126,6,6126,Azafatas y sobrecargos,5231,1,4d,NA,NA,NA,NA,NA,NA,NA
oficial_panel_enoe,1,1,1,1,1,1,1,1,8102,6,6126,6,6126,6,6126,6,6126,6,6126,Azafatas y sobrecargos,5231,1,4d,NA,NA,NA,NA,NA,NA,NA
oficial,1,1,1,1,1,1,1,1,5307,17,5838,17,5838,17,5838,17,5838,17,5838,"Operadores de máquinas en la fabricación de aceite, grasas, sal y especias",8161,1,4d,NA,NA,NA,NA,NA,NA,NA
oficial_panel,1,1,1,1,1,1,1,1,5307,17,5838,17,5838,17,5838,17,5838,17,5838,"Operadores de máquinas en la fabricación de aceite, grasas, sal y especias",8161,1,4d,NA,NA,NA,NA,NA,NA,NA
oficial_panel_enoe,1,1,1,1,1,1,1,1,5307,17,5838,17,5838,17,5838,17,5838,17,5838,"Operadores de máquinas en la fabricación de aceite, grasas, sal y especias",8161,1,4d,NA,NA,NA,NA,NA,NA,NA
oficial,1,1,1,1,1,1,1,1,5341,22,5628,22,5628,22,5628,22,5628,22,5628,Operadores de máquinas trefiladoras y estiradoras de metales,8122,1,4d,NA,NA,NA,NA,NA,NA,NA
oficial_panel,1,1,1,1,1,1,1,1,5341,22,5628,22,5628,22,5628,22,5628,22,5628,Operadores de máquinas trefiladoras y estiradoras de metales,8122,1,4d,NA,NA,NA,NA,NA,NA,NA
oficial_panel_enoe,1,1,1,1,1,1,1,1,5341,22,5628,22,5628,22,5628,22,5628,22,5628,Operadores de máquinas trefiladoras y estiradoras de metales,8122,1,4d,NA,NA,NA,NA,NA,NA,NA
oficial,1,1,1,1,1,1,1,1,5530,21,5558,21,5558,21,5558,21,5558,21,5558,Conductores de transporte aéreo,8311,1,4d,NA,NA,NA,NA,NA,NA,NA
oficial_panel,1,1,1,1,1,1,1,1,5530,21,5558,21,5558,21,5558,21,5558,21,5558,Conductores de transporte aéreo,8311,1,4d,NA,NA,NA,NA,NA,NA,NA
oficial_panel_enoe,1,1,1,1,1,1,1,1,5530,21,5558,21,5558,21,5558,21,5558,21,5558,Conductores de transporte aéreo,8311,1,4d,NA,NA,NA,NA,NA,NA,NA
oficial,1,1,1,1,1,1,1,1,5360,19,5334,19,5334,19,5334,19,5334,19,5334,"Operadores de equipo portátil especializado para la construcción (perforadora, barrenadora, compresora, etcétera)",8114,1,4d,NA,NA,NA,NA,NA,NA,NA
oficial_panel,1,1,1,1,1,1,1,1,5360,19,5334,19,5334,19,5334,19,5334,19,5334,"Operadores de equipo portátil especializado para la construcción (perforadora, barrenadora, compresora, etcétera)",8114,1,4d,NA,NA,NA,NA,NA,NA,NA
oficial_panel_enoe,1,1,1,1,1,1,1,1,5360,19,5334,19,5334,19,5334,19,5334,19,5334,"Operadores de equipo portátil especializado para la construcción (perforadora, barrenadora, compresora, etcétera)",8114,1,4d,NA,NA,NA,NA,NA,NA,NA
oficial,1,1,1,1,1,1,1,1,4116,25,5256,25,5256,25,5256,25,5256,25,5256,"Trabajadores en la cría de animales para ornato, espectáculos y laboratorio",6127,1,4d,NA,NA,NA,NA,NA,NA,NA
oficial_panel,1,1,1,1,1,1,1,1,4116,25,5256,25,5256,25,5256,25,5256,25,5256,"Trabajadores en la cría de animales para ornato, espectáculos y laboratorio",6127,1,4d,NA,NA,NA,NA,NA,NA,NA
oficial_panel_enoe,1,1,1,1,1,1,1,1,4116,25,5256,25,5256,25,5256,25,5256,25,5256,"Trabajadores en la cría de animales para ornato, espectáculos y laboratorio",6127,1,4d,NA,NA,NA,NA,NA,NA,NA
oficial,1,1,1,1,1,1,1,1,1290,31,5070,31,5070,31,5070,31,5070,31,5070,Otros trabajadores que desempeñan una ocupación afín a las comprendidas en este grupo,2992,1,4d,NA,NA,NA,NA,NA,NA,NA
oficial_panel,1,1,1,1,1,1,1,1,1290,31,5070,31,5070,31,5070,31,5070,31,5070,Otros trabajadores que desempeñan una ocupación afín a las comprendidas en este grupo,2992,1,4d,NA,NA,NA,NA,NA,NA,NA
oficial_panel_enoe,1,1,1,1,1,1,1,1,1290,31,5070,31,5070,31,5070,31,5070,31,5070,Otros trabajadores que desempeñan una ocupación afín a las comprendidas en este grupo,2992,1,4d,NA,NA,NA,NA,NA,NA,NA
oficial,0,0,1,1,1,1,1,1,5249,17,5042,0,0,17,5042,17,5042,17,5042,Otros trabajadores que desempeñan una ocupación afín a las comprendidas en este subgrupo,2639|7214,2,unresolved,NA,NA,NA,NA,NA,NA,NA
oficial_panel,0,0,1,1,1,1,1,1,5249,17,5042,0,0,17,5042,17,5042,17,5042,Otros trabajadores que desempeñan una ocupación afín a las comprendidas en este subgrupo,2639|7214,2,unresolved,NA,NA,NA,NA,NA,NA,NA
oficial_panel_enoe,0,0,1,1,1,1,1,1,5249,17,5042,0,0,17,5042,17,5042,17,5042,Otros trabajadores que desempeñan una ocupación afín a las comprendidas en este subgrupo,2639|7214,2,unresolved,NA,NA,NA,NA,NA,NA,NA
oficial,1,1,1,1,1,1,1,1,1331,19,4995,19,4995,19,4995,19,4995,19,4995,Alfabetizadores,2333,1,4d,NA,NA,NA,NA,NA,NA,NA
oficial_panel,1,1,1,1,1,1,1,1,1331,19,4995,19,4995,19,4995,19,4995,19,4995,Alfabetizadores,2333,1,4d,NA,NA,NA,NA,NA,NA,NA
oficial_panel_enoe,1,1,1,1,1,1,1,1,1331,19,4995,19,4995,19,4995,19,4995,19,4995,Alfabetizadores,2333,1,4d,NA,NA,NA,NA,NA,NA,NA
oficial,1,1,1,1,1,1,1,1,4161,15,4869,15,4869,15,4869,15,4869,15,4869,Trabajadores en actividades de beneficio de productos pesqueros,6213,1,4d,NA,NA,NA,NA,NA,NA,NA
oficial_panel,1,1,1,1,1,1,1,1,4161,15,4869,15,4869,15,4869,15,4869,15,4869,Trabajadores en actividades de beneficio de productos pesqueros,6213,1,4d,NA,NA,NA,NA,NA,NA,NA
oficial_panel_enoe,1,1,1,1,1,1,1,1,4161,15,4869,15,4869,15,4869,15,4869,15,4869,Trabajadores en actividades de beneficio de productos pesqueros,6213,1,4d,NA,NA,NA,NA,NA,NA,NA
oficial,1,1,1,1,1,1,1,1,4105,37,4724,37,4724,37,4724,37,4724,37,4724,Trabajadores en el cultivo de tabaco,6113,1,4d,NA,NA,NA,NA,NA,NA,NA
oficial_panel,1,1,1,1,1,1,1,1,4105,37,4724,37,4724,37,4724,37,4724,37,4724,Trabajadores en el cultivo de tabaco,6113,1,4d,NA,NA,NA,NA,NA,NA,NA
oficial_panel_enoe,1,1,1,1,1,1,1,1,4105,37,4724,37,4724,37,4724,37,4724,37,4724,Trabajadores en el cultivo de tabaco,6113,1,4d,NA,NA,NA,NA,NA,NA,NA
oficial,1,1,1,1,1,1,1,1,6120,31,4650,31,4650,31,4650,31,4650,31,4650,"Jefes de departamento, coordinadores y supervisores en comunicaciones",1622,1,4d,NA,NA,NA,NA,NA,NA,NA
oficial_panel,1,1,1,1,1,1,1,1,6120,31,4650,31,4650,31,4650,31,4650,31,4650,"Jefes de departamento, coordinadores y supervisores en comunicaciones",1622,1,4d,NA,NA,NA,NA,NA,NA,NA
oficial_panel_enoe,1,1,1,1,1,1,1,1,6120,31,4650,31,4650,31,4650,31,4650,31,4650,"Jefes de departamento, coordinadores y supervisores en comunicaciones",1622,1,4d,NA,NA,NA,NA,NA,NA,NA
oficial,1,1,1,1,1,1,1,1,4131,8,4568,8,4568,8,4568,8,4568,8,4568,"Caucheros, chicleros, resineros y similares",6222,1,4d,NA,NA,NA,NA,NA,NA,NA
oficial_panel,1,1,1,1,1,1,1,1,4131,8,4568,8,4568,8,4568,8,4568,8,4568,"Caucheros, chicleros, resineros y similares",6222,1,4d,NA,NA,NA,NA,NA,NA,NA
oficial_panel_enoe,1,1,1,1,1,1,1,1,4131,8,4568,8,4568,8,4568,8,4568,8,4568,"Caucheros, chicleros, resineros y similares",6222,1,4d,NA,NA,NA,NA,NA,NA,NA
oficial,0,0,1,1,1,1,1,1,2100,22,4550,0,0,22,4550,22,4550,22,4550,Altas autoridades gubernamentales y legislativas,1111|1112,2,3d,NA,NA,NA,NA,NA,NA,NA
oficial_panel,0,0,1,1,1,1,1,1,2100,22,4550,0,0,22,4550,22,4550,22,4550,Altas autoridades gubernamentales y legislativas,1111|1112,2,3d,NA,NA,NA,NA,NA,NA,NA
oficial_panel_enoe,0,0,1,1,1,1,1,1,2100,22,4550,0,0,22,4550,22,4550,22,4550,Altas autoridades gubernamentales y legislativas,1111|1112,2,3d,NA,NA,NA,NA,NA,NA,NA
oficial,0,0,1,1,1,1,1,1,2126,25,4548,0,0,25,4548,25,4548,25,4548,"Directores, gerentes y administradores de área o establecimientos en servicios asistenciales y de readaptación social",1222|1225|1226,3,3d,NA,NA,NA,NA,NA,NA,NA
oficial_panel,0,0,1,1,1,1,1,1,2126,25,4548,0,0,25,4548,25,4548,25,4548,"Directores, gerentes y administradores de área o establecimientos en servicios asistenciales y de readaptación social",1222|1225|1226,3,3d,NA,NA,NA,NA,NA,NA,NA
oficial_panel_enoe,0,0,1,1,1,1,1,1,2126,25,4548,0,0,25,4548,25,4548,25,4548,"Directores, gerentes y administradores de área o establecimientos en servicios asistenciales y de readaptación social",1222|1225|1226,3,3d,NA,NA,NA,NA,NA,NA,NA
oficial,1,1,1,1,1,1,1,1,5510,17,4501,17,4501,17,4501,17,4501,17,4501,"Conductores de transporte en vías férreas (tren, metro y tren ligero)",8331,1,4d,NA,NA,NA,NA,NA,NA,NA
oficial_panel,1,1,1,1,1,1,1,1,5510,17,4501,17,4501,17,4501,17,4501,17,4501,"Conductores de transporte en vías férreas (tren, metro y tren ligero)",8331,1,4d,NA,NA,NA,NA,NA,NA,NA
oficial_panel_enoe,1,1,1,1,1,1,1,1,5510,17,4501,17,4501,17,4501,17,4501,17,4501,"Conductores de transporte en vías férreas (tren, metro y tren ligero)",8331,1,4d,NA,NA,NA,NA,NA,NA,NA
oficial,1,1,1,1,1,1,1,1,4133,14,4439,14,4439,14,4439,14,4439,14,4439,"Trabajadores en actividades de plantación, reforestación y conservación de bosques",6224,1,4d,NA,NA,NA,NA,NA,NA,NA
oficial_panel,1,1,1,1,1,1,1,1,4133,14,4439,14,4439,14,4439,14,4439,14,4439,"Trabajadores en actividades de plantación, reforestación y conservación de bosques",6224,1,4d,NA,NA,NA,NA,NA,NA,NA
oficial_panel_enoe,1,1,1,1,1,1,1,1,4133,14,4439,14,4439,14,4439,14,4439,14,4439,"Trabajadores en actividades de plantación, reforestación y conservación de bosques",6224,1,4d,NA,NA,NA,NA,NA,NA,NA
oficial,1,1,1,1,1,1,1,1,5543,17,4414,17,4414,17,4414,17,4414,17,4414,"Lancheros, boteros y barqueros",8324,1,4d,NA,NA,NA,NA,NA,NA,NA
oficial_panel,1,1,1,1,1,1,1,1,5543,17,4414,17,4414,17,4414,17,4414,17,4414,"Lancheros, boteros y barqueros",8324,1,4d,NA,NA,NA,NA,NA,NA,NA
oficial_panel_enoe,1,1,1,1,1,1,1,1,5543,17,4414,17,4414,17,4414,17,4414,17,4414,"Lancheros, boteros y barqueros",8324,1,4d,NA,NA,NA,NA,NA,NA,NA
oficial,1,1,1,1,1,1,1,1,5540,22,4388,22,4388,22,4388,22,4388,22,4388,Conductores de transporte marítimo,8321,1,4d,NA,NA,NA,NA,NA,NA,NA
oficial_panel,1,1,1,1,1,1,1,1,5540,22,4388,22,4388,22,4388,22,4388,22,4388,Conductores de transporte marítimo,8321,1,4d,NA,NA,NA,NA,NA,NA,NA
oficial_panel_enoe,1,1,1,1,1,1,1,1,5540,22,4388,22,4388,22,4388,22,4388,22,4388,Conductores de transporte marítimo,8321,1,4d,NA,NA,NA,NA,NA,NA,NA
oficial,1,1,1,1,1,1,1,1,5511,7,4214,7,4214,7,4214,7,4214,7,4214,Ayudantes de conductores de transporte en vías férreas,9312,1,4d,NA,NA,NA,NA,NA,NA,NA
oficial_panel,1,1,1,1,1,1,1,1,5511,7,4214,7,4214,7,4214,7,4214,7,4214,Ayudantes de conductores de transporte en vías férreas,9312,1,4d,NA,NA,NA,NA,NA,NA,NA
oficial_panel_enoe,1,1,1,1,1,1,1,1,5511,7,4214,7,4214,7,4214,7,4214,7,4214,Ayudantes de conductores de transporte en vías férreas,9312,1,4d,NA,NA,NA,NA,NA,NA,NA
oficial,1,1,1,1,1,1,1,1,1350,15,4193,15,4193,15,4193,15,4193,15,4193,Profesores de discapacitados mentales,2343,1,4d,NA,NA,NA,NA,NA,NA,NA
oficial_panel,1,1,1,1,1,1,1,1,1350,15,4193,15,4193,15,4193,15,4193,15,4193,Profesores de discapacitados mentales,2343,1,4d,NA,NA,NA,NA,NA,NA,NA
oficial_panel_enoe,1,1,1,1,1,1,1,1,1350,15,4193,15,4193,15,4193,15,4193,15,4193,Profesores de discapacitados mentales,2343,1,4d,NA,NA,NA,NA,NA,NA,NA
oficial,1,1,1,1,1,1,1,1,1102,22,4136,22,4136,22,4136,22,4136,22,4136,"Ingenieros en minas, metalurgia y petróleo",2254,1,4d,NA,NA,NA,NA,NA,NA,NA
oficial_panel,1,1,1,1,1,1,1,1,1102,22,4136,22,4136,22,4136,22,4136,22,4136,"Ingenieros en minas, metalurgia y petróleo",2254,1,4d,NA,NA,NA,NA,NA,NA,NA
oficial_panel_enoe,1,1,1,1,1,1,1,1,1102,22,4136,22,4136,22,4136,22,4136,22,4136,"Ingenieros en minas, metalurgia y petróleo",2254,1,4d,NA,NA,NA,NA,NA,NA,NA
oficial,1,1,1,1,1,1,1,1,1430,18,4118,18,4118,18,4118,18,4118,18,4118,Directores de producciones artísticas,1421,1,4d,NA,NA,NA,NA,NA,NA,NA
oficial_panel,1,1,1,1,1,1,1,1,1430,18,4118,18,4118,18,4118,18,4118,18,4118,Directores de producciones artísticas,1421,1,4d,NA,NA,NA,NA,NA,NA,NA
oficial_panel_enoe,1,1,1,1,1,1,1,1,1430,18,4118,18,4118,18,4118,18,4118,18,4118,Directores de producciones artísticas,1421,1,4d,NA,NA,NA,NA,NA,NA,NA
oficial,1,1,1,1,1,1,1,1,1111,7,4012,7,4012,7,4012,7,4012,7,4012,"Matemáticos, estadísticos y actuarios",2212,1,4d,NA,NA,NA,NA,NA,NA,NA
oficial_panel,1,1,1,1,1,1,1,1,1111,7,4012,7,4012,7,4012,7,4012,7,4012,"Matemáticos, estadísticos y actuarios",2212,1,4d,NA,NA,NA,NA,NA,NA,NA
oficial_panel_enoe,1,1,1,1,1,1,1,1,1111,7,4012,7,4012,7,4012,7,4012,7,4012,"Matemáticos, estadísticos y actuarios",2212,1,4d,NA,NA,NA,NA,NA,NA,NA
oficial,1,1,1,1,1,1,1,1,2130,31,3993,31,3993,31,3993,31,3993,31,3993,Directivos de partidos políticos,1131,1,4d,NA,NA,NA,NA,NA,NA,NA
oficial_panel,1,1,1,1,1,1,1,1,2130,31,3993,31,3993,31,3993,31,3993,31,3993,Directivos de partidos políticos,1131,1,4d,NA,NA,NA,NA,NA,NA,NA
oficial_panel_enoe,1,1,1,1,1,1,1,1,2130,31,3993,31,3993,31,3993,31,3993,31,3993,Directivos de partidos políticos,1131,1,4d,NA,NA,NA,NA,NA,NA,NA
oficial,0,0,0,0,0,0,0,0,1429,12,3967,0,0,0,0,0,0,0,0,NA,NA,NA,NA,NA,NA,NA,NA,NA,NA,NA
oficial_panel,0,0,0,0,0,0,0,0,1429,12,3967,0,0,0,0,0,0,0,0,NA,NA,NA,NA,NA,NA,NA,NA,NA,NA,NA
oficial_panel_enoe,0,0,0,0,0,0,1,1,1429,12,3967,0,0,0,0,0,0,12,3967,NA,NA,NA,NA,NA,NA,NA,NA,NA,NA,NA
oficial,1,1,1,1,1,1,1,1,1141,14,3904,14,3904,14,3904,14,3904,14,3904,Ecólogos y profesionistas en ciencias atmosféricas,2223,1,4d,NA,NA,NA,NA,NA,NA,NA
oficial_panel,1,1,1,1,1,1,1,1,1141,14,3904,14,3904,14,3904,14,3904,14,3904,Ecólogos y profesionistas en ciencias atmosféricas,2223,1,4d,NA,NA,NA,NA,NA,NA,NA
oficial_panel_enoe,1,1,1,1,1,1,1,1,1141,14,3904,14,3904,14,3904,14,3904,14,3904,Ecólogos y profesionistas en ciencias atmosféricas,2223,1,4d,NA,NA,NA,NA,NA,NA,NA
oficial,0,0,1,1,1,1,1,1,2133,18,3798,0,0,18,3798,18,3798,18,3798,"Directivos de organizaciones humanitarias, religiosas, asociaciones civiles y ejidales",1134|1135,2,3d,NA,NA,NA,NA,NA,NA,NA
oficial_panel,0,0,1,1,1,1,1,1,2133,18,3798,0,0,18,3798,18,3798,18,3798,"Directivos de organizaciones humanitarias, religiosas, asociaciones civiles y ejidales",1134|1135,2,3d,NA,NA,NA,NA,NA,NA,NA
oficial_panel_enoe,0,0,1,1,1,1,1,1,2133,18,3798,0,0,18,3798,18,3798,18,3798,"Directivos de organizaciones humanitarias, religiosas, asociaciones civiles y ejidales",1134|1135,2,3d,NA,NA,NA,NA,NA,NA,NA
oficial,1,1,1,1,1,1,1,1,1359,14,3733,14,3733,14,3733,14,3733,14,3733,Otros trabajadores que desempeñan una ocupación afín a las comprendidas en este subgrupo,2343,1,4d,NA,NA,NA,NA,NA,NA,NA
oficial_panel,1,1,1,1,1,1,1,1,1359,14,3733,14,3733,14,3733,14,3733,14,3733,Otros trabajadores que desempeñan una ocupación afín a las comprendidas en este subgrupo,2343,1,4d,NA,NA,NA,NA,NA,NA,NA
oficial_panel_enoe,1,1,1,1,1,1,1,1,1359,14,3733,14,3733,14,3733,14,3733,14,3733,Otros trabajadores que desempeñan una ocupación afín a las comprendidas en este subgrupo,2343,1,4d,NA,NA,NA,NA,NA,NA,NA
oficial,1,1,1,1,1,1,1,1,5220,13,3706,13,3706,13,3706,13,3706,13,3706,Preparadores de fibras e hilanderos,7331,1,4d,NA,NA,NA,NA,NA,NA,NA
oficial_panel,1,1,1,1,1,1,1,1,5220,13,3706,13,3706,13,3706,13,3706,13,3706,Preparadores de fibras e hilanderos,7331,1,4d,NA,NA,NA,NA,NA,NA,NA
oficial_panel_enoe,1,1,1,1,1,1,1,1,5220,13,3706,13,3706,13,3706,13,3706,13,3706,Preparadores de fibras e hilanderos,7331,1,4d,NA,NA,NA,NA,NA,NA,NA
oficial,1,1,1,1,1,1,1,1,1352,15,3705,15,3705,15,3705,15,3705,15,3705,Profesores de personas con problemas de audición y lenguaje,2341,1,4d,NA,NA,NA,NA,NA,NA,NA
oficial_panel,1,1,1,1,1,1,1,1,1352,15,3705,15,3705,15,3705,15,3705,15,3705,Profesores de personas con problemas de audición y lenguaje,2341,1,4d,NA,NA,NA,NA,NA,NA,NA
oficial_panel_enoe,1,1,1,1,1,1,1,1,1352,15,3705,15,3705,15,3705,15,3705,15,3705,Profesores de personas con problemas de audición y lenguaje,2341,1,4d,NA,NA,NA,NA,NA,NA,NA
oficial,1,1,1,1,1,1,1,1,5303,19,3638,19,3638,19,3638,19,3638,19,3638,Operadores de máquinas en la preparación de frutas y legumbres,8161,1,4d,NA,NA,NA,NA,NA,NA,NA
oficial_panel,1,1,1,1,1,1,1,1,5303,19,3638,19,3638,19,3638,19,3638,19,3638,Operadores de máquinas en la preparación de frutas y legumbres,8161,1,4d,NA,NA,NA,NA,NA,NA,NA
oficial_panel_enoe,1,1,1,1,1,1,1,1,5303,19,3638,19,3638,19,3638,19,3638,19,3638,Operadores de máquinas en la preparación de frutas y legumbres,8161,1,4d,NA,NA,NA,NA,NA,NA,NA
oficial,1,1,1,1,1,1,1,1,5551,6,3374,6,3374,6,3374,6,3374,6,3374,"Conductores de transporte de tracción animal (carretas, arrieros)",9322,1,4d,NA,NA,NA,NA,NA,NA,NA
oficial_panel,1,1,1,1,1,1,1,1,5551,6,3374,6,3374,6,3374,6,3374,6,3374,"Conductores de transporte de tracción animal (carretas, arrieros)",9322,1,4d,NA,NA,NA,NA,NA,NA,NA
oficial_panel_enoe,1,1,1,1,1,1,1,1,5551,6,3374,6,3374,6,3374,6,3374,6,3374,"Conductores de transporte de tracción animal (carretas, arrieros)",9322,1,4d,NA,NA,NA,NA,NA,NA,NA
oficial,1,1,1,1,1,1,1,1,1414,16,3109,16,3109,16,3109,16,3109,16,3109,Bailarines,2174,1,4d,NA,NA,NA,NA,NA,NA,NA
oficial_panel,1,1,1,1,1,1,1,1,1414,16,3109,16,3109,16,3109,16,3109,16,3109,Bailarines,2174,1,4d,NA,NA,NA,NA,NA,NA,NA
oficial_panel_enoe,1,1,1,1,1,1,1,1,1414,16,3109,16,3109,16,3109,16,3109,16,3109,Bailarines,2174,1,4d,NA,NA,NA,NA,NA,NA,NA
oficial,1,1,1,1,1,1,1,1,1162,6,3087,6,3087,6,3087,6,3087,6,3087,Profesionistas en ciencias políticas y administración pública,2133,1,4d,NA,NA,NA,NA,NA,NA,NA
oficial_panel,1,1,1,1,1,1,1,1,1162,6,3087,6,3087,6,3087,6,3087,6,3087,Profesionistas en ciencias políticas y administración pública,2133,1,4d,NA,NA,NA,NA,NA,NA,NA
oficial_panel_enoe,1,1,1,1,1,1,1,1,1162,6,3087,6,3087,6,3087,6,3087,6,3087,Profesionistas en ciencias políticas y administración pública,2133,1,4d,NA,NA,NA,NA,NA,NA,NA
oficial,1,1,1,1,1,1,1,1,5529,10,2947,10,2947,10,2947,10,2947,10,2947,Otros trabajadores que desempeñan una ocupación afín a las comprendidas en este subgrupo,8349,1,4d,NA,NA,NA,NA,NA,NA,NA
oficial_panel,1,1,1,1,1,1,1,1,5529,10,2947,10,2947,10,2947,10,2947,10,2947,Otros trabajadores que desempeñan una ocupación afín a las comprendidas en este subgrupo,8349,1,4d,NA,NA,NA,NA,NA,NA,NA
oficial_panel_enoe,1,1,1,1,1,1,1,1,5529,10,2947,10,2947,10,2947,10,2947,10,2947,Otros trabajadores que desempeñan una ocupación afín a las comprendidas en este subgrupo,8349,1,4d,NA,NA,NA,NA,NA,NA,NA
oficial,1,1,1,1,1,1,1,1,5312,4,2777,4,2777,4,2777,4,2777,4,2777,Operadores de máquinas y equipos para la obtención de agua,8113,1,4d,NA,NA,NA,NA,NA,NA,NA
oficial_panel,1,1,1,1,1,1,1,1,5312,4,2777,4,2777,4,2777,4,2777,4,2777,Operadores de máquinas y equipos para la obtención de agua,8113,1,4d,NA,NA,NA,NA,NA,NA,NA
oficial_panel_enoe,1,1,1,1,1,1,1,1,5312,4,2777,4,2777,4,2777,4,2777,4,2777,Operadores de máquinas y equipos para la obtención de agua,8113,1,4d,NA,NA,NA,NA,NA,NA,NA
oficial,1,1,1,1,1,1,1,1,5110,11,2744,11,2744,11,2744,11,2744,11,2744,"Jefes, coordinadores y similares en la extracción en minas, canteras y pozos",1612,1,4d,NA,NA,NA,NA,NA,NA,NA
oficial_panel,1,1,1,1,1,1,1,1,5110,11,2744,11,2744,11,2744,11,2744,11,2744,"Jefes, coordinadores y similares en la extracción en minas, canteras y pozos",1612,1,4d,NA,NA,NA,NA,NA,NA,NA
oficial_panel_enoe,1,1,1,1,1,1,1,1,5110,11,2744,11,2744,11,2744,11,2744,11,2744,"Jefes, coordinadores y similares en la extracción en minas, canteras y pozos",1612,1,4d,NA,NA,NA,NA,NA,NA,NA
oficial,1,1,1,1,1,1,1,1,1461,20,2713,20,2713,20,2713,20,2713,20,2713,"Magos, payasos, malabaristas, cirqueros y similares en establecimientos",2553,1,4d,NA,NA,NA,NA,NA,NA,NA
oficial_panel,1,1,1,1,1,1,1,1,1461,20,2713,20,2713,20,2713,20,2713,20,2713,"Magos, payasos, malabaristas, cirqueros y similares en establecimientos",2553,1,4d,NA,NA,NA,NA,NA,NA,NA
oficial_panel_enoe,1,1,1,1,1,1,1,1,1461,20,2713,20,2713,20,2713,20,2713,20,2713,"Magos, payasos, malabaristas, cirqueros y similares en establecimientos",2553,1,4d,NA,NA,NA,NA,NA,NA,NA
oficial,1,1,1,1,1,1,1,1,5229,16,2694,16,2694,16,2694,16,2694,16,2694,Otros trabajadores que desempeñan una ocupación afín a las comprendidas en este grupo,7999,1,4d,NA,NA,NA,NA,NA,NA,NA
oficial_panel,1,1,1,1,1,1,1,1,5229,16,2694,16,2694,16,2694,16,2694,16,2694,Otros trabajadores que desempeñan una ocupación afín a las comprendidas en este grupo,7999,1,4d,NA,NA,NA,NA,NA,NA,NA
oficial_panel_enoe,1,1,1,1,1,1,1,1,5229,16,2694,16,2694,16,2694,16,2694,16,2694,Otros trabajadores que desempeñan una ocupación afín a las comprendidas en este grupo,7999,1,4d,NA,NA,NA,NA,NA,NA,NA
oficial,1,1,1,1,1,1,1,1,5411,13,2675,13,2675,13,2675,13,2675,13,2675,"Cargadores y similares en la extracción en minas, canteras y pozos",9212,1,4d,NA,NA,NA,NA,NA,NA,NA
oficial_panel,1,1,1,1,1,1,1,1,5411,13,2675,13,2675,13,2675,13,2675,13,2675,"Cargadores y similares en la extracción en minas, canteras y pozos",9212,1,4d,NA,NA,NA,NA,NA,NA,NA
oficial_panel_enoe,1,1,1,1,1,1,1,1,5411,13,2675,13,2675,13,2675,13,2675,13,2675,"Cargadores y similares en la extracción en minas, canteras y pozos",9212,1,4d,NA,NA,NA,NA,NA,NA,NA
oficial,1,1,1,1,1,1,1,1,8304,15,2606,15,2606,15,2606,15,2606,15,2606,Personal de aduanas y migración,2522,1,4d,NA,NA,NA,NA,NA,NA,NA
oficial_panel,1,1,1,1,1,1,1,1,8304,15,2606,15,2606,15,2606,15,2606,15,2606,Personal de aduanas y migración,2522,1,4d,NA,NA,NA,NA,NA,NA,NA
oficial_panel_enoe,1,1,1,1,1,1,1,1,8304,15,2606,15,2606,15,2606,15,2606,15,2606,Personal de aduanas y migración,2522,1,4d,NA,NA,NA,NA,NA,NA,NA
oficial,1,1,1,1,1,1,1,1,6201,12,2524,12,2524,12,2524,12,2524,12,2524,"Mecanógrafos, taquígrafos, estenógrafos y escribanos",3112,1,4d,NA,NA,NA,NA,NA,NA,NA
oficial_panel,1,1,1,1,1,1,1,1,6201,12,2524,12,2524,12,2524,12,2524,12,2524,"Mecanógrafos, taquígrafos, estenógrafos y escribanos",3112,1,4d,NA,NA,NA,NA,NA,NA,NA
oficial_panel_enoe,1,1,1,1,1,1,1,1,6201,12,2524,12,2524,12,2524,12,2524,12,2524,"Mecanógrafos, taquígrafos, estenógrafos y escribanos",3112,1,4d,NA,NA,NA,NA,NA,NA,NA
oficial,1,1,1,1,1,1,1,1,5207,6,2478,6,2478,6,2478,6,2478,6,2478,"Trabajadores en la elaboración de aceites, grasas, sal y especias",7516,1,4d,NA,NA,NA,NA,NA,NA,NA
oficial_panel,1,1,1,1,1,1,1,1,5207,6,2478,6,2478,6,2478,6,2478,6,2478,"Trabajadores en la elaboración de aceites, grasas, sal y especias",7516,1,4d,NA,NA,NA,NA,NA,NA,NA
oficial_panel_enoe,1,1,1,1,1,1,1,1,5207,6,2478,6,2478,6,2478,6,2478,6,2478,"Trabajadores en la elaboración de aceites, grasas, sal y especias",7516,1,4d,NA,NA,NA,NA,NA,NA,NA
oficial,1,1,1,1,1,1,1,1,5226,17,2333,17,2333,17,2333,17,2333,17,2333,"Peleteros, cortadores, curtidores y pintores de cuero, piel y similares",7352,1,4d,NA,NA,NA,NA,NA,NA,NA
oficial_panel,1,1,1,1,1,1,1,1,5226,17,2333,17,2333,17,2333,17,2333,17,2333,"Peleteros, cortadores, curtidores y pintores de cuero, piel y similares",7352,1,4d,NA,NA,NA,NA,NA,NA,NA
oficial_panel_enoe,1,1,1,1,1,1,1,1,5226,17,2333,17,2333,17,2333,17,2333,17,2333,"Peleteros, cortadores, curtidores y pintores de cuero, piel y similares",7352,1,4d,NA,NA,NA,NA,NA,NA,NA
oficial,1,1,1,1,1,1,1,1,1163,12,2284,12,2284,12,2284,12,2284,12,2284,"Antropólogos, arqueólogos e historiadores",2131,1,4d,NA,NA,NA,NA,NA,NA,NA
oficial_panel,1,1,1,1,1,1,1,1,1163,12,2284,12,2284,12,2284,12,2284,12,2284,"Antropólogos, arqueólogos e historiadores",2131,1,4d,NA,NA,NA,NA,NA,NA,NA
oficial_panel_enoe,1,1,1,1,1,1,1,1,1163,12,2284,12,2284,12,2284,12,2284,12,2284,"Antropólogos, arqueólogos e historiadores",2131,1,4d,NA,NA,NA,NA,NA,NA,NA
oficial,1,1,1,1,1,1,1,1,1175,4,2176,4,2176,4,2176,4,2176,4,2176,Profesionistas en hotelería y turismo,2113,1,4d,NA,NA,NA,NA,NA,NA,NA
oficial_panel,1,1,1,1,1,1,1,1,1175,4,2176,4,2176,4,2176,4,2176,4,2176,Profesionistas en hotelería y turismo,2113,1,4d,NA,NA,NA,NA,NA,NA,NA
oficial_panel_enoe,1,1,1,1,1,1,1,1,1175,4,2176,4,2176,4,2176,4,2176,4,2176,Profesionistas en hotelería y turismo,2113,1,4d,NA,NA,NA,NA,NA,NA,NA
oficial,1,1,1,1,1,1,1,1,8302,11,2122,11,2122,11,2122,11,2122,11,2122,Detectives,2521,1,4d,NA,NA,NA,NA,NA,NA,NA
oficial_panel,1,1,1,1,1,1,1,1,8302,11,2122,11,2122,11,2122,11,2122,11,2122,Detectives,2521,1,4d,NA,NA,NA,NA,NA,NA,NA
oficial_panel_enoe,1,1,1,1,1,1,1,1,8302,11,2122,11,2122,11,2122,11,2122,11,2122,Detectives,2521,1,4d,NA,NA,NA,NA,NA,NA,NA
oficial,1,1,1,1,1,1,1,1,1422,8,2089,8,2089,8,2089,8,2089,8,2089,Coreógrafos y escenógrafos,2164,1,4d,NA,NA,NA,NA,NA,NA,NA
oficial_panel,1,1,1,1,1,1,1,1,1422,8,2089,8,2089,8,2089,8,2089,8,2089,Coreógrafos y escenógrafos,2164,1,4d,NA,NA,NA,NA,NA,NA,NA
oficial_panel_enoe,1,1,1,1,1,1,1,1,1422,8,2089,8,2089,8,2089,8,2089,8,2089,Coreógrafos y escenógrafos,2164,1,4d,NA,NA,NA,NA,NA,NA,NA
oficial,0,0,0,0,0,0,0,0,6290,14,2041,0,0,0,0,0,0,0,0,NA,NA,NA,NA,NA,NA,NA,NA,NA,NA,NA
oficial_panel,0,0,0,0,0,0,0,0,6290,14,2041,0,0,0,0,0,0,0,0,NA,NA,NA,NA,NA,NA,NA,NA,NA,NA,NA
oficial_panel_enoe,0,0,0,0,0,0,1,1,6290,14,2041,0,0,0,0,0,0,14,2041,NA,NA,NA,NA,NA,NA,NA,NA,NA,NA,NA
oficial,1,1,1,1,1,1,1,1,5150,8,2007,8,2007,8,2007,8,2007,8,2007,"Jefes, coordinadores y similares en la fabricación de productos de cerámica, vidrio y otros minerales no metálicos",1614,1,4d,NA,NA,NA,NA,NA,NA,NA
oficial_panel,1,1,1,1,1,1,1,1,5150,8,2007,8,2007,8,2007,8,2007,8,2007,"Jefes, coordinadores y similares en la fabricación de productos de cerámica, vidrio y otros minerales no metálicos",1614,1,4d,NA,NA,NA,NA,NA,NA,NA
oficial_panel_enoe,1,1,1,1,1,1,1,1,5150,8,2007,8,2007,8,2007,8,2007,8,2007,"Jefes, coordinadores y similares en la fabricación de productos de cerámica, vidrio y otros minerales no metálicos",1614,1,4d,NA,NA,NA,NA,NA,NA,NA
oficial,1,1,1,1,1,1,1,1,5209,14,1895,14,1895,14,1895,14,1895,14,1895,Otros trabajadores que desempeñan una ocupación afín a las comprendidas en este grupo,7999,1,4d,NA,NA,NA,NA,NA,NA,NA
oficial_panel,1,1,1,1,1,1,1,1,5209,14,1895,14,1895,14,1895,14,1895,14,1895,Otros trabajadores que desempeñan una ocupación afín a las comprendidas en este grupo,7999,1,4d,NA,NA,NA,NA,NA,NA,NA
oficial_panel_enoe,1,1,1,1,1,1,1,1,5209,14,1895,14,1895,14,1895,14,1895,14,1895,Otros trabajadores que desempeñan una ocupación afín a las comprendidas en este grupo,7999,1,4d,NA,NA,NA,NA,NA,NA,NA
oficial,1,1,1,1,1,1,1,1,5253,12,1682,12,1682,12,1682,12,1682,12,1682,"Trabajadores en la elaboración de productos de hueso, concha, coral y similares",7614,1,4d,NA,NA,NA,NA,NA,NA,NA
oficial_panel,1,1,1,1,1,1,1,1,5253,12,1682,12,1682,12,1682,12,1682,12,1682,"Trabajadores en la elaboración de productos de hueso, concha, coral y similares",7614,1,4d,NA,NA,NA,NA,NA,NA,NA
oficial_panel_enoe,1,1,1,1,1,1,1,1,5253,12,1682,12,1682,12,1682,12,1682,12,1682,"Trabajadores en la elaboración de productos de hueso, concha, coral y similares",7614,1,4d,NA,NA,NA,NA,NA,NA,NA
oficial,0,0,0,0,0,0,0,0,1369,4,1603,0,0,0,0,0,0,0,0,NA,NA,NA,NA,NA,NA,NA,NA,NA,NA,NA
oficial_panel,0,0,0,0,0,0,0,0,1369,4,1603,0,0,0,0,0,0,0,0,NA,NA,NA,NA,NA,NA,NA,NA,NA,NA,NA
oficial_panel_enoe,0,0,0,0,0,0,1,1,1369,4,1603,0,0,0,0,0,0,4,1603,NA,NA,NA,NA,NA,NA,NA,NA,NA,NA,NA
oficial,1,1,1,1,1,1,1,1,1413,8,1560,8,1560,8,1560,8,1560,8,1560,Actores,2175,1,4d,NA,NA,NA,NA,NA,NA,NA
oficial_panel,1,1,1,1,1,1,1,1,1413,8,1560,8,1560,8,1560,8,1560,8,1560,Actores,2175,1,4d,NA,NA,NA,NA,NA,NA,NA
oficial_panel_enoe,1,1,1,1,1,1,1,1,1413,8,1560,8,1560,8,1560,8,1560,8,1560,Actores,2175,1,4d,NA,NA,NA,NA,NA,NA,NA
oficial,1,1,1,1,1,1,1,1,2129,6,1543,6,1543,6,1543,6,1543,6,1543,Otros trabajadores que desempeñan una ocupación afín a las comprendidas en este subgrupo,1999,1,4d,NA,NA,NA,NA,NA,NA,NA
oficial_panel,1,1,1,1,1,1,1,1,2129,6,1543,6,1543,6,1543,6,1543,6,1543,Otros trabajadores que desempeñan una ocupación afín a las comprendidas en este subgrupo,1999,1,4d,NA,NA,NA,NA,NA,NA,NA
oficial_panel_enoe,1,1,1,1,1,1,1,1,2129,6,1543,6,1543,6,1543,6,1543,6,1543,Otros trabajadores que desempeñan una ocupación afín a las comprendidas en este subgrupo,1999,1,4d,NA,NA,NA,NA,NA,NA,NA
oficial,1,1,1,1,1,1,1,1,1421,8,1510,8,1510,8,1510,8,1510,8,1510,Escultores y grabadores,2163,1,4d,NA,NA,NA,NA,NA,NA,NA
oficial_panel,1,1,1,1,1,1,1,1,1421,8,1510,8,1510,8,1510,8,1510,8,1510,Escultores y grabadores,2163,1,4d,NA,NA,NA,NA,NA,NA,NA
oficial_panel_enoe,1,1,1,1,1,1,1,1,1421,8,1510,8,1510,8,1510,8,1510,8,1510,Escultores y grabadores,2163,1,4d,NA,NA,NA,NA,NA,NA,NA
oficial,1,1,1,1,1,1,1,1,6241,4,1487,4,1487,4,1487,4,1487,4,1487,Telegrafistas,3213,1,4d,NA,NA,NA,NA,NA,NA,NA
oficial_panel,1,1,1,1,1,1,1,1,6241,4,1487,4,1487,4,1487,4,1487,4,1487,Telegrafistas,3213,1,4d,NA,NA,NA,NA,NA,NA,NA
oficial_panel_enoe,1,1,1,1,1,1,1,1,6241,4,1487,4,1487,4,1487,4,1487,4,1487,Telegrafistas,3213,1,4d,NA,NA,NA,NA,NA,NA,NA
oficial,1,1,1,1,1,1,1,1,1202,12,1451,12,1451,12,1451,12,1451,12,1451,"Técnicos en ingeniería en minas, metalurgia y petróleo",2623,1,4d,NA,NA,NA,NA,NA,NA,NA
oficial_panel,1,1,1,1,1,1,1,1,1202,12,1451,12,1451,12,1451,12,1451,12,1451,"Técnicos en ingeniería en minas, metalurgia y petróleo",2623,1,4d,NA,NA,NA,NA,NA,NA,NA
oficial_panel_enoe,1,1,1,1,1,1,1,1,1202,12,1451,12,1451,12,1451,12,1451,12,1451,"Técnicos en ingeniería en minas, metalurgia y petróleo",2623,1,4d,NA,NA,NA,NA,NA,NA,NA
oficial,1,1,1,1,1,1,1,1,1168,3,1419,3,1419,3,1419,3,1419,3,1419,Geógrafos,2134,1,4d,NA,NA,NA,NA,NA,NA,NA
oficial_panel,1,1,1,1,1,1,1,1,1168,3,1419,3,1419,3,1419,3,1419,3,1419,Geógrafos,2134,1,4d,NA,NA,NA,NA,NA,NA,NA
oficial_panel_enoe,1,1,1,1,1,1,1,1,1168,3,1419,3,1419,3,1419,3,1419,3,1419,Geógrafos,2134,1,4d,NA,NA,NA,NA,NA,NA,NA
oficial,1,1,1,1,1,1,1,1,1231,4,1370,4,1370,4,1370,4,1370,4,1370,Técnicos farmacéuticos,2814,1,4d,NA,NA,NA,NA,NA,NA,NA
oficial_panel,1,1,1,1,1,1,1,1,1231,4,1370,4,1370,4,1370,4,1370,4,1370,Técnicos farmacéuticos,2814,1,4d,NA,NA,NA,NA,NA,NA,NA
oficial_panel_enoe,1,1,1,1,1,1,1,1,1231,4,1370,4,1370,4,1370,4,1370,4,1370,Técnicos farmacéuticos,2814,1,4d,NA,NA,NA,NA,NA,NA,NA
oficial,1,1,1,1,1,1,1,1,1232,7,1235,7,1235,7,1235,7,1235,7,1235,Técnicos en ecología,2612,1,4d,NA,NA,NA,NA,NA,NA,NA
oficial_panel,1,1,1,1,1,1,1,1,1232,7,1235,7,1235,7,1235,7,1235,7,1235,Técnicos en ecología,2612,1,4d,NA,NA,NA,NA,NA,NA,NA
oficial_panel_enoe,1,1,1,1,1,1,1,1,1232,7,1235,7,1235,7,1235,7,1235,7,1235,Técnicos en ecología,2612,1,4d,NA,NA,NA,NA,NA,NA,NA
oficial,1,1,1,1,1,1,1,1,5329,5,1231,5,1231,5,1231,5,1231,5,1231,Otros trabajadores que desempeñan una ocupación afín a las comprendidas en este grupo,8199,1,4d,NA,NA,NA,NA,NA,NA,NA
oficial_panel,1,1,1,1,1,1,1,1,5329,5,1231,5,1231,5,1231,5,1231,5,1231,Otros trabajadores que desempeñan una ocupación afín a las comprendidas en este grupo,8199,1,4d,NA,NA,NA,NA,NA,NA,NA
oficial_panel_enoe,1,1,1,1,1,1,1,1,5329,5,1231,5,1231,5,1231,5,1231,5,1231,Otros trabajadores que desempeñan una ocupación afín a las comprendidas en este grupo,8199,1,4d,NA,NA,NA,NA,NA,NA,NA
oficial,1,1,1,1,1,1,1,1,8152,3,1219,3,1219,3,1219,3,1219,3,1219,Trabajadores dedicados a la prostitución,5252,1,4d,NA,NA,NA,NA,NA,NA,NA
oficial_panel,1,1,1,1,1,1,1,1,8152,3,1219,3,1219,3,1219,3,1219,3,1219,Trabajadores dedicados a la prostitución,5252,1,4d,NA,NA,NA,NA,NA,NA,NA
oficial_panel_enoe,1,1,1,1,1,1,1,1,8152,3,1219,3,1219,3,1219,3,1219,3,1219,Trabajadores dedicados a la prostitución,5252,1,4d,NA,NA,NA,NA,NA,NA,NA
oficial,1,1,1,1,1,1,1,1,5234,8,1193,8,1193,8,1193,8,1193,8,1193,Reveladores e impresores de fotografías y similares,7323,1,4d,NA,NA,NA,NA,NA,NA,NA
oficial_panel,1,1,1,1,1,1,1,1,5234,8,1193,8,1193,8,1193,8,1193,8,1193,Reveladores e impresores de fotografías y similares,7323,1,4d,NA,NA,NA,NA,NA,NA,NA
oficial_panel_enoe,1,1,1,1,1,1,1,1,5234,8,1193,8,1193,8,1193,8,1193,8,1193,Reveladores e impresores de fotografías y similares,7323,1,4d,NA,NA,NA,NA,NA,NA,NA
oficial,1,1,1,1,1,1,1,1,1174,3,1169,3,1169,3,1169,3,1169,3,1169,"Profesionistas en archivo, biblioteconomía y museografía",2144,1,4d,NA,NA,NA,NA,NA,NA,NA
oficial_panel,1,1,1,1,1,1,1,1,1174,3,1169,3,1169,3,1169,3,1169,3,1169,"Profesionistas en archivo, biblioteconomía y museografía",2144,1,4d,NA,NA,NA,NA,NA,NA,NA
oficial_panel_enoe,1,1,1,1,1,1,1,1,1174,3,1169,3,1169,3,1169,3,1169,3,1169,"Profesionistas en archivo, biblioteconomía y museografía",2144,1,4d,NA,NA,NA,NA,NA,NA,NA
oficial,1,1,1,1,1,1,1,1,7290,1,1167,1,1167,1,1167,1,1167,1,1167,Otros trabajadores que desempeñan una ocupación afín a las comprendidas en este grupo,9899,1,4d,NA,NA,NA,NA,NA,NA,NA
oficial_panel,1,1,1,1,1,1,1,1,7290,1,1167,1,1167,1,1167,1,1167,1,1167,Otros trabajadores que desempeñan una ocupación afín a las comprendidas en este grupo,9899,1,4d,NA,NA,NA,NA,NA,NA,NA
oficial_panel_enoe,1,1,1,1,1,1,1,1,7290,1,1167,1,1167,1,1167,1,1167,1,1167,Otros trabajadores que desempeñan una ocupación afín a las comprendidas en este grupo,9899,1,4d,NA,NA,NA,NA,NA,NA,NA
oficial,1,1,1,1,1,1,1,1,8121,3,1152,3,1152,3,1152,3,1152,3,1152,Ascensoristas y elevadoristas,9733,1,4d,NA,NA,NA,NA,NA,NA,NA
oficial_panel,1,1,1,1,1,1,1,1,8121,3,1152,3,1152,3,1152,3,1152,3,1152,Ascensoristas y elevadoristas,9733,1,4d,NA,NA,NA,NA,NA,NA,NA
oficial_panel_enoe,1,1,1,1,1,1,1,1,8121,3,1152,3,1152,3,1152,3,1152,3,1152,Ascensoristas y elevadoristas,9733,1,4d,NA,NA,NA,NA,NA,NA,NA
oficial,1,1,1,1,1,1,1,1,5228,8,1139,8,1139,8,1139,8,1139,8,1139,"Patronistas de productos de tela, cuero, piel y similares",7344,1,4d,NA,NA,NA,NA,NA,NA,NA
oficial_panel,1,1,1,1,1,1,1,1,5228,8,1139,8,1139,8,1139,8,1139,8,1139,"Patronistas de productos de tela, cuero, piel y similares",7344,1,4d,NA,NA,NA,NA,NA,NA,NA
oficial_panel_enoe,1,1,1,1,1,1,1,1,5228,8,1139,8,1139,8,1139,8,1139,8,1139,"Patronistas de productos de tela, cuero, piel y similares",7344,1,4d,NA,NA,NA,NA,NA,NA,NA
oficial,1,1,1,1,1,1,1,1,1152,7,1044,7,1044,7,1044,7,1044,7,1044,Profesionistas en forestación,2233,1,4d,NA,NA,NA,NA,NA,NA,NA
oficial_panel,1,1,1,1,1,1,1,1,1152,7,1044,7,1044,7,1044,7,1044,7,1044,Profesionistas en forestación,2233,1,4d,NA,NA,NA,NA,NA,NA,NA
oficial_panel_enoe,1,1,1,1,1,1,1,1,1152,7,1044,7,1044,7,1044,7,1044,7,1044,Profesionistas en forestación,2233,1,4d,NA,NA,NA,NA,NA,NA,NA
oficial,1,1,1,1,1,1,1,1,1211,8,1026,8,1026,8,1026,8,1026,8,1026,"Técnicos en matemáticas, estadística y actuaría",2611,1,4d,NA,NA,NA,NA,NA,NA,NA
oficial_panel,1,1,1,1,1,1,1,1,1211,8,1026,8,1026,8,1026,8,1026,8,1026,"Técnicos en matemáticas, estadística y actuaría",2611,1,4d,NA,NA,NA,NA,NA,NA,NA
oficial_panel_enoe,1,1,1,1,1,1,1,1,1211,8,1026,8,1026,8,1026,8,1026,8,1026,"Técnicos en matemáticas, estadística y actuaría",2611,1,4d,NA,NA,NA,NA,NA,NA,NA
oficial,1,1,1,1,1,1,1,1,1332,2,1010,2,1010,2,1010,2,1010,2,1010,Profesores y promotores bilingües,2334,1,4d,NA,NA,NA,NA,NA,NA,NA
oficial_panel,1,1,1,1,1,1,1,1,1332,2,1010,2,1010,2,1010,2,1010,2,1010,Profesores y promotores bilingües,2334,1,4d,NA,NA,NA,NA,NA,NA,NA
oficial_panel_enoe,1,1,1,1,1,1,1,1,1332,2,1010,2,1010,2,1010,2,1010,2,1010,Profesores y promotores bilingües,2334,1,4d,NA,NA,NA,NA,NA,NA,NA
oficial,0,0,0,0,0,0,0,0,4140,6,982,0,0,0,0,0,0,0,0,"Trabajadores en actividades de caza, trampería y similares",6231|9123,2,unresolved,NA,NA,NA,NA,NA,NA,NA
oficial_panel,0,0,0,0,0,0,0,0,4140,6,982,0,0,0,0,0,0,0,0,"Trabajadores en actividades de caza, trampería y similares",6231|9123,2,unresolved,NA,NA,NA,NA,NA,NA,NA
oficial_panel_enoe,0,0,0,0,0,0,1,1,4140,6,982,0,0,0,0,0,0,6,982,"Trabajadores en actividades de caza, trampería y similares",6231|9123,2,unresolved,NA,NA,NA,NA,NA,NA,NA
oficial,1,1,1,1,1,1,1,1,5541,3,877,3,877,3,877,3,877,3,877,Oficiales maquinistas de transporte marítimo,8323,1,4d,NA,NA,NA,NA,NA,NA,NA
oficial_panel,1,1,1,1,1,1,1,1,5541,3,877,3,877,3,877,3,877,3,877,Oficiales maquinistas de transporte marítimo,8323,1,4d,NA,NA,NA,NA,NA,NA,NA
oficial_panel_enoe,1,1,1,1,1,1,1,1,5541,3,877,3,877,3,877,3,877,3,877,Oficiales maquinistas de transporte marítimo,8323,1,4d,NA,NA,NA,NA,NA,NA,NA
oficial,1,1,1,1,1,1,1,1,7190,4,873,4,873,4,873,4,873,4,873,Otros trabajadores que desempeñan una ocupación afín a las comprendidas en este grupo,4999,1,4d,NA,NA,NA,NA,NA,NA,NA
oficial_panel,1,1,1,1,1,1,1,1,7190,4,873,4,873,4,873,4,873,4,873,Otros trabajadores que desempeñan una ocupación afín a las comprendidas en este grupo,4999,1,4d,NA,NA,NA,NA,NA,NA,NA
oficial_panel_enoe,1,1,1,1,1,1,1,1,7190,4,873,4,873,4,873,4,873,4,873,Otros trabajadores que desempeñan una ocupación afín a las comprendidas en este grupo,4999,1,4d,NA,NA,NA,NA,NA,NA,NA
oficial,1,1,1,1,1,1,1,1,5389,1,630,1,630,1,630,1,630,1,630,Otros trabajadores que desempeñan una ocupación afín a las comprendidas en este grupo,8199,1,4d,NA,NA,NA,NA,NA,NA,NA
oficial_panel,1,1,1,1,1,1,1,1,5389,1,630,1,630,1,630,1,630,1,630,Otros trabajadores que desempeñan una ocupación afín a las comprendidas en este grupo,8199,1,4d,NA,NA,NA,NA,NA,NA,NA
oficial_panel_enoe,1,1,1,1,1,1,1,1,5389,1,630,1,630,1,630,1,630,1,630,Otros trabajadores que desempeñan una ocupación afín a las comprendidas en este grupo,8199,1,4d,NA,NA,NA,NA,NA,NA,NA
oficial,1,1,1,1,1,1,1,1,1190,4,590,4,590,4,590,4,590,4,590,Otros profesionistas que desempeñan una ocupación afín a las comprendidas en este grupo,2991,1,4d,NA,NA,NA,NA,NA,NA,NA
oficial_panel,1,1,1,1,1,1,1,1,1190,4,590,4,590,4,590,4,590,4,590,Otros profesionistas que desempeñan una ocupación afín a las comprendidas en este grupo,2991,1,4d,NA,NA,NA,NA,NA,NA,NA
oficial_panel_enoe,1,1,1,1,1,1,1,1,1190,4,590,4,590,4,590,4,590,4,590,Otros profesionistas que desempeñan una ocupación afín a las comprendidas en este grupo,2991,1,4d,NA,NA,NA,NA,NA,NA,NA
oficial,1,1,1,1,1,1,1,1,5542,2,571,2,571,2,571,2,571,2,571,Oficiales de cubierta,8322,1,4d,NA,NA,NA,NA,NA,NA,NA
oficial_panel,1,1,1,1,1,1,1,1,5542,2,571,2,571,2,571,2,571,2,571,Oficiales de cubierta,8322,1,4d,NA,NA,NA,NA,NA,NA,NA
oficial_panel_enoe,1,1,1,1,1,1,1,1,5542,2,571,2,571,2,571,2,571,2,571,Oficiales de cubierta,8322,1,4d,NA,NA,NA,NA,NA,NA,NA
oficial,1,1,1,1,1,1,1,1,2131,3,514,3,514,3,514,3,514,3,514,Directivos de organizaciones empresariales,1133,1,4d,NA,NA,NA,NA,NA,NA,NA
oficial_panel,1,1,1,1,1,1,1,1,2131,3,514,3,514,3,514,3,514,3,514,Directivos de organizaciones empresariales,1133,1,4d,NA,NA,NA,NA,NA,NA,NA
oficial_panel_enoe,1,1,1,1,1,1,1,1,2131,3,514,3,514,3,514,3,514,3,514,Directivos de organizaciones empresariales,1133,1,4d,NA,NA,NA,NA,NA,NA,NA
oficial,1,1,1,1,1,1,1,1,2190,3,457,3,457,3,457,3,457,3,457,Otros trabajadores que desempeñan una ocupación afín a las comprendidas en este subgrupo,1999,1,4d,NA,NA,NA,NA,NA,NA,NA
oficial_panel,1,1,1,1,1,1,1,1,2190,3,457,3,457,3,457,3,457,3,457,Otros trabajadores que desempeñan una ocupación afín a las comprendidas en este subgrupo,1999,1,4d,NA,NA,NA,NA,NA,NA,NA
oficial_panel_enoe,1,1,1,1,1,1,1,1,2190,3,457,3,457,3,457,3,457,3,457,Otros trabajadores que desempeñan una ocupación afín a las comprendidas en este subgrupo,1999,1,4d,NA,NA,NA,NA,NA,NA,NA
oficial,1,1,1,1,1,1,1,1,5205,2,450,2,450,2,450,2,450,2,450,Trabajadores en la elaboración de productos de tabaco,7515,1,4d,NA,NA,NA,NA,NA,NA,NA
oficial_panel,1,1,1,1,1,1,1,1,5205,2,450,2,450,2,450,2,450,2,450,Trabajadores en la elaboración de productos de tabaco,7515,1,4d,NA,NA,NA,NA,NA,NA,NA
oficial_panel_enoe,1,1,1,1,1,1,1,1,5205,2,450,2,450,2,450,2,450,2,450,Trabajadores en la elaboración de productos de tabaco,7515,1,4d,NA,NA,NA,NA,NA,NA,NA
oficial,1,1,1,1,1,1,1,1,1110,4,448,4,448,4,448,4,448,4,448,Físicos y astrónomos,2211,1,4d,NA,NA,NA,NA,NA,NA,NA
oficial_panel,1,1,1,1,1,1,1,1,1110,4,448,4,448,4,448,4,448,4,448,Físicos y astrónomos,2211,1,4d,NA,NA,NA,NA,NA,NA,NA
oficial_panel_enoe,1,1,1,1,1,1,1,1,1110,4,448,4,448,4,448,4,448,4,448,Físicos y astrónomos,2211,1,4d,NA,NA,NA,NA,NA,NA,NA
oficial,1,1,1,1,1,1,1,1,1243,6,447,6,447,6,447,6,447,6,447,Técnicos en silvicultura y forestación,2614,1,4d,NA,NA,NA,NA,NA,NA,NA
oficial_panel,1,1,1,1,1,1,1,1,1243,6,447,6,447,6,447,6,447,6,447,Técnicos en silvicultura y forestación,2614,1,4d,NA,NA,NA,NA,NA,NA,NA
oficial_panel_enoe,1,1,1,1,1,1,1,1,1243,6,447,6,447,6,447,6,447,6,447,Técnicos en silvicultura y forestación,2614,1,4d,NA,NA,NA,NA,NA,NA,NA
oficial,0,0,0,0,0,0,0,0,4139,1,403,0,0,0,0,0,0,0,0,Otros trabajadores que desempeñan una ocupación afín a las comprendidas en este subgrupo,6999|9121,2,unresolved,NA,NA,NA,NA,NA,NA,NA
oficial_panel,0,0,0,0,0,0,0,0,4139,1,403,0,0,0,0,0,0,0,0,Otros trabajadores que desempeñan una ocupación afín a las comprendidas en este subgrupo,6999|9121,2,unresolved,NA,NA,NA,NA,NA,NA,NA
oficial_panel_enoe,0,0,0,0,0,0,1,1,4139,1,403,0,0,0,0,0,0,1,403,Otros trabajadores que desempeñan una ocupación afín a las comprendidas en este subgrupo,6999|9121,2,unresolved,NA,NA,NA,NA,NA,NA,NA
oficial,1,1,1,1,1,1,1,1,1165,3,381,3,381,3,381,3,381,3,381,Profesionistas en filosofía y letras,2141,1,4d,NA,NA,NA,NA,NA,NA,NA
oficial_panel,1,1,1,1,1,1,1,1,1165,3,381,3,381,3,381,3,381,3,381,Profesionistas en filosofía y letras,2141,1,4d,NA,NA,NA,NA,NA,NA,NA
oficial_panel_enoe,1,1,1,1,1,1,1,1,1165,3,381,3,381,3,381,3,381,3,381,Profesionistas en filosofía y letras,2141,1,4d,NA,NA,NA,NA,NA,NA,NA
oficial,1,1,1,1,1,1,1,1,1109,2,376,2,376,2,376,2,376,2,376,Otros profesionistas que desempeñan una ocupación afín a las comprendidas en este grupo,2991,1,4d,NA,NA,NA,NA,NA,NA,NA
oficial_panel,1,1,1,1,1,1,1,1,1109,2,376,2,376,2,376,2,376,2,376,Otros profesionistas que desempeñan una ocupación afín a las comprendidas en este grupo,2991,1,4d,NA,NA,NA,NA,NA,NA,NA
oficial_panel_enoe,1,1,1,1,1,1,1,1,1109,2,376,2,376,2,376,2,376,2,376,Otros profesionistas que desempeñan una ocupación afín a las comprendidas en este grupo,2991,1,4d,NA,NA,NA,NA,NA,NA,NA
oficial,1,1,1,1,1,1,1,1,1353,4,371,4,371,4,371,4,371,4,371,Profesores de lesionados del aparato motor,2343,1,4d,NA,NA,NA,NA,NA,NA,NA
oficial_panel,1,1,1,1,1,1,1,1,1353,4,371,4,371,4,371,4,371,4,371,Profesores de lesionados del aparato motor,2343,1,4d,NA,NA,NA,NA,NA,NA,NA
oficial_panel_enoe,1,1,1,1,1,1,1,1,1353,4,371,4,371,4,371,4,371,4,371,Profesores de lesionados del aparato motor,2343,1,4d,NA,NA,NA,NA,NA,NA,NA
oficial,1,1,1,1,1,1,1,1,5129,1,371,1,371,1,371,1,371,1,371,Otros trabajadores que desempeñan una ocupación afín a las comprendidas en este grupo,7301,1,4d,NA,NA,NA,NA,NA,NA,NA
oficial_panel,1,1,1,1,1,1,1,1,5129,1,371,1,371,1,371,1,371,1,371,Otros trabajadores que desempeñan una ocupación afín a las comprendidas en este grupo,7301,1,4d,NA,NA,NA,NA,NA,NA,NA
oficial_panel_enoe,1,1,1,1,1,1,1,1,5129,1,371,1,371,1,371,1,371,1,371,Otros trabajadores que desempeñan una ocupación afín a las comprendidas en este grupo,7301,1,4d,NA,NA,NA,NA,NA,NA,NA
oficial,1,1,1,1,1,1,1,1,8319,3,353,3,353,3,353,3,353,3,353,Otros trabajadores que desempeñan una ocupación afín a las comprendidas en este grupo,5999,1,4d,NA,NA,NA,NA,NA,NA,NA
oficial_panel,1,1,1,1,1,1,1,1,8319,3,353,3,353,3,353,3,353,3,353,Otros trabajadores que desempeñan una ocupación afín a las comprendidas en este grupo,5999,1,4d,NA,NA,NA,NA,NA,NA,NA
oficial_panel_enoe,1,1,1,1,1,1,1,1,8319,3,353,3,353,3,353,3,353,3,353,Otros trabajadores que desempeñan una ocupación afín a las comprendidas en este grupo,5999,1,4d,NA,NA,NA,NA,NA,NA,NA
oficial,1,1,1,1,1,1,1,1,1229,3,304,3,304,3,304,3,304,3,304,Otros trabajadores que desempeñan una ocupación afín a las comprendidas en este grupo,2992,1,4d,NA,NA,NA,NA,NA,NA,NA
oficial_panel,1,1,1,1,1,1,1,1,1229,3,304,3,304,3,304,3,304,3,304,Otros trabajadores que desempeñan una ocupación afín a las comprendidas en este grupo,2992,1,4d,NA,NA,NA,NA,NA,NA,NA
oficial_panel_enoe,1,1,1,1,1,1,1,1,1229,3,304,3,304,3,304,3,304,3,304,Otros trabajadores que desempeñan una ocupación afín a las comprendidas en este grupo,2992,1,4d,NA,NA,NA,NA,NA,NA,NA
oficial,0,0,0,0,0,0,0,0,8310,3,292,0,0,0,0,0,0,0,0,Trabajadores de la fuerza armada aérea,5401|5411,2,2d,NA,NA,NA,NA,NA,NA,NA
oficial_panel,0,0,0,0,0,0,0,0,8310,3,292,0,0,0,0,0,0,0,0,Trabajadores de la fuerza armada aérea,5401|5411,2,2d,NA,NA,NA,NA,NA,NA,NA
oficial_panel_enoe,0,0,0,0,0,0,1,1,8310,3,292,0,0,0,0,0,0,3,292,Trabajadores de la fuerza armada aérea,5401|5411,2,2d,NA,NA,NA,NA,NA,NA,NA
oficial,1,1,1,1,1,1,1,1,1410,3,286,3,286,3,286,3,286,3,286,Compositores y arreglistas,2171,1,4d,NA,NA,NA,NA,NA,NA,NA
oficial_panel,1,1,1,1,1,1,1,1,1410,3,286,3,286,3,286,3,286,3,286,Compositores y arreglistas,2171,1,4d,NA,NA,NA,NA,NA,NA,NA
oficial_panel_enoe,1,1,1,1,1,1,1,1,1410,3,286,3,286,3,286,3,286,3,286,Compositores y arreglistas,2171,1,4d,NA,NA,NA,NA,NA,NA,NA
oficial,1,1,1,1,1,1,1,1,5239,2,233,2,233,2,233,2,233,2,233,Otros trabajadores que desempeñan una ocupación afín a las comprendidas en este grupo,7999,1,4d,NA,NA,NA,NA,NA,NA,NA
oficial_panel,1,1,1,1,1,1,1,1,5239,2,233,2,233,2,233,2,233,2,233,Otros trabajadores que desempeñan una ocupación afín a las comprendidas en este grupo,7999,1,4d,NA,NA,NA,NA,NA,NA,NA
oficial_panel_enoe,1,1,1,1,1,1,1,1,5239,2,233,2,233,2,233,2,233,2,233,Otros trabajadores que desempeñan una ocupación afín a las comprendidas en este grupo,7999,1,4d,NA,NA,NA,NA,NA,NA,NA
oficial,1,1,1,1,1,1,1,1,8139,2,222,2,222,2,222,2,222,2,222,Otros trabajadores que desempeñan una ocupación afín a las comprendidas en este grupo,5999,1,4d,NA,NA,NA,NA,NA,NA,NA
oficial_panel,1,1,1,1,1,1,1,1,8139,2,222,2,222,2,222,2,222,2,222,Otros trabajadores que desempeñan una ocupación afín a las comprendidas en este grupo,5999,1,4d,NA,NA,NA,NA,NA,NA,NA
oficial_panel_enoe,1,1,1,1,1,1,1,1,8139,2,222,2,222,2,222,2,222,2,222,Otros trabajadores que desempeñan una ocupación afín a las comprendidas en este grupo,5999,1,4d,NA,NA,NA,NA,NA,NA,NA
oficial,1,1,1,1,1,1,1,1,1210,2,218,2,218,2,218,2,218,2,218,Técnicos en física,2611,1,4d,NA,NA,NA,NA,NA,NA,NA
oficial_panel,1,1,1,1,1,1,1,1,1210,2,218,2,218,2,218,2,218,2,218,Técnicos en física,2611,1,4d,NA,NA,NA,NA,NA,NA,NA
oficial_panel_enoe,1,1,1,1,1,1,1,1,1210,2,218,2,218,2,218,2,218,2,218,Técnicos en física,2611,1,4d,NA,NA,NA,NA,NA,NA,NA
oficial,1,1,1,1,1,1,1,1,5549,3,207,3,207,3,207,3,207,3,207,Otros trabajadores que desempeñan una ocupación afín a las comprendidas en este subgrupo,8999,1,4d,NA,NA,NA,NA,NA,NA,NA
oficial_panel,1,1,1,1,1,1,1,1,5549,3,207,3,207,3,207,3,207,3,207,Otros trabajadores que desempeñan una ocupación afín a las comprendidas en este subgrupo,8999,1,4d,NA,NA,NA,NA,NA,NA,NA
oficial_panel_enoe,1,1,1,1,1,1,1,1,5549,3,207,3,207,3,207,3,207,3,207,Otros trabajadores que desempeñan una ocupación afín a las comprendidas en este subgrupo,8999,1,4d,NA,NA,NA,NA,NA,NA,NA
oficial,1,1,1,1,1,1,1,1,2139,1,190,1,190,1,190,1,190,1,190,Otros trabajadores que desempeñan una ocupación afín a las comprendidas en este subgrupo,1999,1,4d,NA,NA,NA,NA,NA,NA,NA
oficial_panel,1,1,1,1,1,1,1,1,2139,1,190,1,190,1,190,1,190,1,190,Otros trabajadores que desempeñan una ocupación afín a las comprendidas en este subgrupo,1999,1,4d,NA,NA,NA,NA,NA,NA,NA
oficial_panel_enoe,1,1,1,1,1,1,1,1,2139,1,190,1,190,1,190,1,190,1,190,Otros trabajadores que desempeñan una ocupación afín a las comprendidas en este subgrupo,1999,1,4d,NA,NA,NA,NA,NA,NA,NA
oficial,1,1,1,1,1,1,1,1,5349,1,164,1,164,1,164,1,164,1,164,Otros trabajadores que desempeñan una ocupación afín a las comprendidas en este grupo,8199,1,4d,NA,NA,NA,NA,NA,NA,NA
oficial_panel,1,1,1,1,1,1,1,1,5349,1,164,1,164,1,164,1,164,1,164,Otros trabajadores que desempeñan una ocupación afín a las comprendidas en este grupo,8199,1,4d,NA,NA,NA,NA,NA,NA,NA
oficial_panel_enoe,1,1,1,1,1,1,1,1,5349,1,164,1,164,1,164,1,164,1,164,Otros trabajadores que desempeñan una ocupación afín a las comprendidas en este grupo,8199,1,4d,NA,NA,NA,NA,NA,NA,NA
oficial,0,0,0,0,0,0,0,0,5509,2,158,0,0,0,0,0,0,0,0,NA,NA,NA,NA,NA,NA,NA,NA,NA,NA,NA
oficial_panel,0,0,0,0,0,0,0,0,5509,2,158,0,0,0,0,0,0,0,0,NA,NA,NA,NA,NA,NA,NA,NA,NA,NA,NA
oficial_panel_enoe,0,0,0,0,0,0,1,1,5509,2,158,0,0,0,0,0,0,2,158,NA,NA,NA,NA,NA,NA,NA,NA,NA,NA,NA
oficial,0,0,0,0,0,0,0,0,6109,1,129,0,0,0,0,0,0,0,0,NA,NA,NA,NA,NA,NA,NA,NA,NA,NA,NA
oficial_panel,0,0,0,0,0,0,0,0,6109,1,129,0,0,0,0,0,0,0,0,NA,NA,NA,NA,NA,NA,NA,NA,NA,NA,NA
oficial_panel_enoe,0,0,0,0,0,0,1,1,6109,1,129,0,0,0,0,0,0,1,129,NA,NA,NA,NA,NA,NA,NA,NA,NA,NA,NA
oficial,1,1,1,1,1,1,1,1,1169,1,128,1,128,1,128,1,128,1,128,Otros profesionistas que desempeñan una ocupación afín a las comprendidas en este grupo,2991,1,4d,NA,NA,NA,NA,NA,NA,NA
oficial_panel,1,1,1,1,1,1,1,1,1169,1,128,1,128,1,128,1,128,1,128,Otros profesionistas que desempeñan una ocupación afín a las comprendidas en este grupo,2991,1,4d,NA,NA,NA,NA,NA,NA,NA
oficial_panel_enoe,1,1,1,1,1,1,1,1,1169,1,128,1,128,1,128,1,128,1,128,Otros profesionistas que desempeñan una ocupación afín a las comprendidas en este grupo,2991,1,4d,NA,NA,NA,NA,NA,NA,NA
oficial,1,1,1,1,1,1,1,1,1209,1,121,1,121,1,121,1,121,1,121,Otros trabajadores que desempeñan una ocupación afín a las comprendidas en este grupo,2992,1,4d,NA,NA,NA,NA,NA,NA,NA
oficial_panel,1,1,1,1,1,1,1,1,1209,1,121,1,121,1,121,1,121,1,121,Otros trabajadores que desempeñan una ocupación afín a las comprendidas en este grupo,2992,1,4d,NA,NA,NA,NA,NA,NA,NA
oficial_panel_enoe,1,1,1,1,1,1,1,1,1209,1,121,1,121,1,121,1,121,1,121,Otros trabajadores que desempeñan una ocupación afín a las comprendidas en este grupo,2992,1,4d,NA,NA,NA,NA,NA,NA,NA
oficial,0,0,0,0,0,0,0,0,5335,1,102,0,0,0,0,0,0,0,0,NA,NA,NA,NA,NA,NA,NA,NA,NA,NA,NA
oficial_panel,0,0,0,0,0,0,0,0,5335,1,102,0,0,0,0,0,0,0,0,NA,NA,NA,NA,NA,NA,NA,NA,NA,NA,NA
oficial_panel_enoe,0,0,0,0,0,0,1,1,5335,1,102,0,0,0,0,0,0,1,102,NA,NA,NA,NA,NA,NA,NA,NA,NA,NA,NA
oficial,1,1,1,1,1,1,1,1,1153,2,100,2,100,2,100,2,100,2,100,Profesionistas en pesca y en acuacultura,2234,1,4d,NA,NA,NA,NA,NA,NA,NA
oficial_panel,1,1,1,1,1,1,1,1,1153,2,100,2,100,2,100,2,100,2,100,Profesionistas en pesca y en acuacultura,2234,1,4d,NA,NA,NA,NA,NA,NA,NA
oficial_panel_enoe,1,1,1,1,1,1,1,1,1153,2,100,2,100,2,100,2,100,2,100,Profesionistas en pesca y en acuacultura,2234,1,4d,NA,NA,NA,NA,NA,NA,NA
oficial,1,1,1,1,1,1,1,1,1351,1,93,1,93,1,93,1,93,1,93,Profesores de débiles visuales e invidentes,2343,1,4d,NA,NA,NA,NA,NA,NA,NA
oficial_panel,1,1,1,1,1,1,1,1,1351,1,93,1,93,1,93,1,93,1,93,Profesores de débiles visuales e invidentes,2343,1,4d,NA,NA,NA,NA,NA,NA,NA
oficial_panel_enoe,1,1,1,1,1,1,1,1,1351,1,93,1,93,1,93,1,93,1,93,Profesores de débiles visuales e invidentes,2343,1,4d,NA,NA,NA,NA,NA,NA,NA
oficial,0,0,0,0,0,0,0,0,1490,1,62,0,0,0,0,0,0,0,0,NA,NA,NA,NA,NA,NA,NA,NA,NA,NA,NA
oficial_panel,0,0,0,0,0,0,0,0,1490,1,62,0,0,0,0,0,0,0,0,NA,NA,NA,NA,NA,NA,NA,NA,NA,NA,NA
oficial_panel_enoe,0,0,0,0,0,0,1,1,1490,1,62,0,0,0,0,0,0,1,62,NA,NA,NA,NA,NA,NA,NA,NA,NA,NA,NA
oficial,1,1,1,1,1,1,1,1,1239,1,58,1,58,1,58,1,58,1,58,Otros trabajadores que desempeñan una ocupación afín a las comprendidas en este grupo,2992,1,4d,NA,NA,NA,NA,NA,NA,NA
oficial_panel,1,1,1,1,1,1,1,1,1239,1,58,1,58,1,58,1,58,1,58,Otros trabajadores que desempeñan una ocupación afín a las comprendidas en este grupo,2992,1,4d,NA,NA,NA,NA,NA,NA,NA
oficial_panel_enoe,1,1,1,1,1,1,1,1,1239,1,58,1,58,1,58,1,58,1,58,Otros trabajadores que desempeñan una ocupación afín a las comprendidas en este grupo,2992,1,4d,NA,NA,NA,NA,NA,NA,NA
oficial,1,1,1,1,1,1,1,1,5159,1,37,1,37,1,37,1,37,1,37,Otros trabajadores que desempeñan una ocupación afín a las comprendidas en este grupo,7601,1,4d,NA,NA,NA,NA,NA,NA,NA
oficial_panel,1,1,1,1,1,1,1,1,5159,1,37,1,37,1,37,1,37,1,37,Otros trabajadores que desempeñan una ocupación afín a las comprendidas en este grupo,7601,1,4d,NA,NA,NA,NA,NA,NA,NA
oficial_panel_enoe,1,1,1,1,1,1,1,1,5159,1,37,1,37,1,37,1,37,1,37,Otros trabajadores que desempeñan una ocupación afín a las comprendidas en este grupo,7601,1,4d,NA,NA,NA,NA,NA,NA,NA
