source_catalog,source_code,source_label,target_catalog,target_code,target_label,evidence_level
CMO,1100,Arquitectos y urbanistas,SINCO 2011,2263,"Arquitectos, planificadores urbanos y del transporte",tabla_comparativa_oficial_inegi
CMO,1101,Ingenieros civiles y de la construcción,SINCO 2011,2261,Ingenieros civiles y de la construcción,tabla_comparativa_oficial_inegi
CMO,1102,"Ingenieros en minas, metalurgia y petróleo",SINCO 2011,2254,"Ingenieros en minas, metalurgia y petróleo",tabla_comparativa_oficial_inegi
CMO,1103,"Ingenieros en topografía, hidrología, geología y geodesia",SINCO 2011,2262,"Ingenieros en topografía, hidrología, geología y geodesia",tabla_comparativa_oficial_inegi
CMO,1104,"Ingenieros químicos, industriales y mecánicos",SINCO 2011,2251,Ingenieros químicos,tabla_comparativa_oficial_inegi
CMO,1104,"Ingenieros químicos, industriales y mecánicos",SINCO 2011,2252,Ingenieros mecánicos,tabla_comparativa_oficial_inegi
CMO,1104,"Ingenieros químicos, industriales y mecánicos",SINCO 2011,2253,Ingenieros industriales,tabla_comparativa_oficial_inegi
CMO,1105,"Ingenieros eléctricos, en electrónica, informática y telecomunicaciones",SINCO 2011,2241,Ingenieros eléctricos,tabla_comparativa_oficial_inegi
CMO,1105,"Ingenieros eléctricos, en electrónica, informática y telecomunicaciones",SINCO 2011,2242,Ingenieros electrónicos,tabla_comparativa_oficial_inegi
CMO,1105,"Ingenieros eléctricos, en electrónica, informática y telecomunicaciones",SINCO 2011,2271,Desarrolladores y analistas de software y multimedia,tabla_comparativa_oficial_inegi
CMO,1105,"Ingenieros eléctricos, en electrónica, informática y telecomunicaciones",SINCO 2011,2272,Administradores de bases de datos y redes de computadora,tabla_comparativa_oficial_inegi
CMO,1105,"Ingenieros eléctricos, en electrónica, informática y telecomunicaciones",SINCO 2011,2281,Ingenieros en comunicaciones y telecomunicaciones,tabla_comparativa_oficial_inegi
CMO,1106,Ingenieros biomédicos,SINCO 2011,2421,Ingenieros biomédicos,tabla_comparativa_oficial_inegi
CMO,1109,Otros profesionistas que desempeñan una ocupación afín a las comprendidas en este grupo,SINCO 2011,2991,Otros especialistas no clasificados anteriormente,tabla_comparativa_oficial_inegi
CMO,1110,Físicos y astrónomos,SINCO 2011,2211,Investigadores y especialistas en física,tabla_comparativa_oficial_inegi
CMO,1111,"Matemáticos, estadísticos y actuarios",SINCO 2011,2212,"Investigadores y especialistas en matemáticas, estadística y actuaría",tabla_comparativa_oficial_inegi
CMO,1119,Otros profesionistas que desempeñan una ocupación afín a las comprendidas en este grupo,SINCO 2011,2991,Otros especialistas no clasificados anteriormente,tabla_comparativa_oficial_inegi
CMO,1120,Químicos,SINCO 2011,2222,Químicos,tabla_comparativa_oficial_inegi
CMO,1121,Farmacólogos,SINCO 2011,2428,Farmacólogos,tabla_comparativa_oficial_inegi
CMO,1129,Otros profesionistas que desempeñan una ocupación afín a las comprendidas en este grupo,SINCO 2011,2991,Otros especialistas no clasificados anteriormente,tabla_comparativa_oficial_inegi
CMO,1130,Médicos generales y especialistas,SINCO 2011,2411,Médicos generales y familiares,tabla_comparativa_oficial_inegi
CMO,1130,Médicos generales y especialistas,SINCO 2011,2412,Médicos especialistas,tabla_comparativa_oficial_inegi
CMO,1130,Médicos generales y especialistas,SINCO 2011,2425,Especialistas en medicina tradicional y alternativa,tabla_comparativa_oficial_inegi
CMO,1130,Médicos generales y especialistas,SINCO 2011,2427,"Fisioterapeutas, audiólogos y logopedas",tabla_comparativa_oficial_inegi
CMO,1131,Profesionistas en enfermería,SINCO 2011,2426,Enfermeras especialistas,tabla_comparativa_oficial_inegi
CMO,1132,Odontólogos,SINCO 2011,2413,Dentistas,tabla_comparativa_oficial_inegi
CMO,1133,Profesionistas en optometría,SINCO 2011,2422,Optometristas,tabla_comparativa_oficial_inegi
CMO,1134,Profesionistas en nutrición,SINCO 2011,2423,Nutriólogos,tabla_comparativa_oficial_inegi
CMO,1139,Otros profesionistas que desempeñan una ocupación afín a las comprendidas en este subgrupo,SINCO 2011,2424,Especialistas en seguridad e higiene y salud pública,tabla_comparativa_oficial_inegi
CMO,1140,Biólogos,SINCO 2011,2221,Biólogos y especialistas en ciencias del mar y oceanógrafos,tabla_comparativa_oficial_inegi
CMO,1141,Ecólogos y profesionistas en ciencias atmosféricas,SINCO 2011,2223,Ecólogos y especialistas en ciencias atmosféricas,tabla_comparativa_oficial_inegi
CMO,1142,Profesionistas en ciencias del mar y oceanógrafos,SINCO 2011,2221,Biólogos y especialistas en ciencias del mar y oceanógrafos,tabla_comparativa_oficial_inegi
CMO,1149,Otros profesionistas que desempeñan una ocupación afín a las comprendidas en este grupo,SINCO 2011,2991,Otros especialistas no clasificados anteriormente,tabla_comparativa_oficial_inegi
CMO,1150,Agrónomos,SINCO 2011,2231,Agrónomos,tabla_comparativa_oficial_inegi
CMO,1151,Veterinarios y zootecnistas,SINCO 2011,2232,Veterinarios y zootecnistas,tabla_comparativa_oficial_inegi
CMO,1152,Profesionistas en forestación,SINCO 2011,2233,Especialistas en forestación,tabla_comparativa_oficial_inegi
CMO,1153,Profesionistas en pesca y en acuacultura,SINCO 2011,2234,Especialistas en pesca y en acuacultura,tabla_comparativa_oficial_inegi
CMO,1159,Otros profesionistas que desempeñan una ocupación afín a las comprendidas en este grupo,SINCO 2011,2991,Otros especialistas no clasificados anteriormente,tabla_comparativa_oficial_inegi
CMO,1160,Abogados,SINCO 2011,2135,Abogados,tabla_comparativa_oficial_inegi
CMO,1161,Sociólogos y demógrafos,SINCO 2011,2132,Investigadores y especialistas en sociología y desarrollo social,tabla_comparativa_oficial_inegi
CMO,1161,Sociólogos y demógrafos,SINCO 2011,2143,Especialistas en trabajo social,tabla_comparativa_oficial_inegi
CMO,1162,Profesionistas en ciencias políticas y administración pública,SINCO 2011,2133,Investigadores y especialistas en ciencias políticas y administración pública,tabla_comparativa_oficial_inegi
CMO,1163,"Antropólogos, arqueólogos e historiadores",SINCO 2011,2131,"Antropólogos, arqueólogos e historiadores",tabla_comparativa_oficial_inegi
CMO,1164,Sicólogos (psicólogos),SINCO 2011,2142,Psicólogos,tabla_comparativa_oficial_inegi
CMO,1165,Profesionistas en filosofía y letras,SINCO 2011,2141,Investigadores y especialistas en filosofía y letras (filólogos),tabla_comparativa_oficial_inegi
CMO,1166,Pedagogos,SINCO 2011,2312,"Pedagogos, orientadores educativos y otros especialistas en ciencias educativas",tabla_comparativa_oficial_inegi
CMO,1167,Profesionistas en ciencias de la comunicación,SINCO 2011,2112,"Especialistas y consultores en mercadotecnia, publicidad, comunicación y comercio exterior",tabla_comparativa_oficial_inegi
CMO,1168,Geógrafos,SINCO 2011,2134,Geógrafos,tabla_comparativa_oficial_inegi
CMO,1169,Otros profesionistas que desempeñan una ocupación afín a las comprendidas en este grupo,SINCO 2011,2991,Otros especialistas no clasificados anteriormente,tabla_comparativa_oficial_inegi
CMO,1170,Economistas,SINCO 2011,2123,"Economistas, consultores e investigadores en política económica",tabla_comparativa_oficial_inegi
CMO,1171,Administradores de empresas,SINCO 2011,2111,Administradores y especialistas en recursos humanos y sistemas de gestión,tabla_comparativa_oficial_inegi
CMO,1172,Contadores públicos,SINCO 2011,2121,Contadores y auditores,tabla_comparativa_oficial_inegi
CMO,1172,Contadores públicos,SINCO 2011,2122,Asesores y analistas en finanzas,tabla_comparativa_oficial_inegi
CMO,1173,Profesionistas en mercadotecnia,SINCO 2011,2112,"Especialistas y consultores en mercadotecnia, publicidad, comunicación y comercio exterior",tabla_comparativa_oficial_inegi
CMO,1174,"Profesionistas en archivo, biblioteconomía y museografía",SINCO 2011,2144,"Especialistas en archivonomía, biblioteconomía y museografía",tabla_comparativa_oficial_inegi
CMO,1175,Profesionistas en hotelería y turismo,SINCO 2011,2113,Especialistas en hotelería y turismo,tabla_comparativa_oficial_inegi
CMO,1179,Otros profesionistas que desempeñan una ocupación afín a las comprendidas en este grupo,SINCO 2011,2991,Otros especialistas no clasificados anteriormente,tabla_comparativa_oficial_inegi
CMO,1180,Religiosos profesionistas,SINCO 2011,2145,"Sacerdotes, pastores y otros teólogos",tabla_comparativa_oficial_inegi
CMO,1190,Otros profesionistas que desempeñan una ocupación afín a las comprendidas en este grupo,SINCO 2011,2991,Otros especialistas no clasificados anteriormente,tabla_comparativa_oficial_inegi
CMO,1200,Técnicos en dibujo,SINCO 2011,2625,Dibujantes técnicos,tabla_comparativa_oficial_inegi
CMO,1201,Técnicos en ingeniería civil y de la construcción,SINCO 2011,2624,Auxiliares y técnicos en construcción y arquitectura,tabla_comparativa_oficial_inegi
CMO,1202,"Técnicos en ingeniería en minas, metalurgia y petróleo",SINCO 2011,2623,"Auxiliares y técnicos mineros, metalúrgicos y petroleros",tabla_comparativa_oficial_inegi
CMO,1203,"Técnicos en ingeniería topográfica, hidrológica, geológica y geodésica",SINCO 2011,2622,"Auxiliares y técnicos topógrafos, en hidrología y geología",tabla_comparativa_oficial_inegi
CMO,1204,"Técnicos en ingeniería química, industrial y mecánica",SINCO 2011,2621,Auxiliares y técnicos industriales y químicos,tabla_comparativa_oficial_inegi
CMO,1204,"Técnicos en ingeniería química, industrial y mecánica",SINCO 2011,2631,Técnicos en mantenimiento y reparación de vehículos de motor,tabla_comparativa_oficial_inegi
CMO,1204,"Técnicos en ingeniería química, industrial y mecánica",SINCO 2011,2633,Técnicos en mantenimiento y reparación de maquinaria e instrumentos industriales,tabla_comparativa_oficial_inegi
CMO,1204,"Técnicos en ingeniería química, industrial y mecánica",SINCO 2011,2635,Técnicos en mantenimiento y reparación de instrumentos de precisión y musicales,tabla_comparativa_oficial_inegi
CMO,1204,"Técnicos en ingeniería química, industrial y mecánica",SINCO 2011,2637,"Técnicos en la instalación, reparación y mantenimiento de equipos de refrigeración, climas y aire acondicionado",tabla_comparativa_oficial_inegi
CMO,1204,"Técnicos en ingeniería química, industrial y mecánica",SINCO 2011,2645,Técnicos en reparación de equipos electromecánicos,tabla_comparativa_oficial_inegi
CMO,1205,"Técnicos en ingeniería eléctrica, electrónica, informática y en telecomunicaciones",SINCO 2011,2641,Técnicos eléctricos,tabla_comparativa_oficial_inegi
CMO,1205,"Técnicos en ingeniería eléctrica, electrónica, informática y en telecomunicaciones",SINCO 2011,2643,"Técnicos en instalación y reparación de equipos electrónicos, telecomunicaciones y electrodoméstico (excepto equipos informáticos)",tabla_comparativa_oficial_inegi
CMO,1205,"Técnicos en ingeniería eléctrica, electrónica, informática y en telecomunicaciones",SINCO 2011,2651,"Técnicos en la instalación y reparación de redes, equipos y en sistemas computacionales",tabla_comparativa_oficial_inegi
CMO,1205,"Técnicos en ingeniería eléctrica, electrónica, informática y en telecomunicaciones",SINCO 2011,2652,Técnicos en operaciones de equipos de radio,tabla_comparativa_oficial_inegi
CMO,1206,"Técnicos en la operación de equipos de televisión, filmación, proyección y grabación de imagen y sonido y fotógrafos",SINCO 2011,2653,Auxiliares y técnicos de equipos de grabación y reproducción de video,tabla_comparativa_oficial_inegi
CMO,1206,"Técnicos en la operación de equipos de televisión, filmación, proyección y grabación de imagen y sonido y fotógrafos",SINCO 2011,2654,"Auxiliares y técnicos de ingeniería de audio, sonido e iluminación",tabla_comparativa_oficial_inegi
CMO,1206,"Técnicos en la operación de equipos de televisión, filmación, proyección y grabación de imagen y sonido y fotógrafos",SINCO 2011,2655,Fotógrafos,tabla_comparativa_oficial_inegi
CMO,1209,Otros trabajadores que desempeñan una ocupación afín a las comprendidas en este grupo,SINCO 2011,2992,Otros técnicos no clasificados anteriormente,tabla_comparativa_oficial_inegi
CMO,1210,Técnicos en física,SINCO 2011,2611,"Auxiliares y técnicos en física, matemáticas, estadística y actuaría",tabla_comparativa_oficial_inegi
CMO,1211,"Técnicos en matemáticas, estadística y actuaría",SINCO 2011,2611,"Auxiliares y técnicos en física, matemáticas, estadística y actuaría",tabla_comparativa_oficial_inegi
CMO,1219,Otros trabajadores que desempeñan una ocupación afín a las comprendidas en este grupo,SINCO 2011,2992,Otros técnicos no clasificados anteriormente,tabla_comparativa_oficial_inegi
CMO,1220,Enfermeros y técnicos en medicina humana,SINCO 2011,2811,Enfermeras (técnicas),tabla_comparativa_oficial_inegi
CMO,1220,Enfermeros y técnicos en medicina humana,SINCO 2011,2817,Técnicos en medicina alternativa,tabla_comparativa_oficial_inegi
CMO,1220,Enfermeros y técnicos en medicina humana,SINCO 2011,2821,Auxiliares en enfermería y paramédicos,tabla_comparativa_oficial_inegi
CMO,1220,Enfermeros y técnicos en medicina humana,SINCO 2011,2823,Auxiliares hospitalarios y de medicina,tabla_comparativa_oficial_inegi
CMO,1220,Enfermeros y técnicos en medicina humana,SINCO 2011,2824,Parteras,tabla_comparativa_oficial_inegi
CMO,1220,Enfermeros y técnicos en medicina humana,SINCO 2011,2825,Técnicos en seguridad en el trabajo e higiene,tabla_comparativa_oficial_inegi
CMO,1220,Enfermeros y técnicos en medicina humana,SINCO 2011,2826,"Curanderos, hierberos y hueseros",tabla_comparativa_oficial_inegi
CMO,1221,Técnicos en odontología y mecánica dental,SINCO 2011,2815,Técnicos de prótesis médicas y dentales,tabla_comparativa_oficial_inegi
CMO,1221,Técnicos en odontología y mecánica dental,SINCO 2011,2822,Auxiliares y asistentes dentales,tabla_comparativa_oficial_inegi
CMO,1222,Técnicos en optometría y similares,SINCO 2011,2812,"Técnicos en aparatos de diagnóstico, tratamiento médico, podólogos y fisioterapeutas",tabla_comparativa_oficial_inegi
CMO,1223,Técnicos nutriólogos y dietistas,SINCO 2011,2816,Técnicos dietistas y nutriólogos,tabla_comparativa_oficial_inegi
CMO,1229,Otros trabajadores que desempeñan una ocupación afín a las comprendidas en este grupo,SINCO 2011,2992,Otros técnicos no clasificados anteriormente,tabla_comparativa_oficial_inegi
CMO,1230,Técnicos laboratoristas químicos y biólogos,SINCO 2011,2612,"Auxiliares y técnicos en ciencias biológicas, químicas y del medio ambiente",tabla_comparativa_oficial_inegi
CMO,1230,Técnicos laboratoristas químicos y biólogos,SINCO 2011,2813,Técnicos de laboratorios médicos,tabla_comparativa_oficial_inegi
CMO,1230,Técnicos laboratoristas químicos y biólogos,SINCO 2011,2827,Fumigadores y controladores de plagas,tabla_comparativa_oficial_inegi
CMO,1231,Técnicos farmacéuticos,SINCO 2011,2814,Técnicos y asistentes farmacéuticos,tabla_comparativa_oficial_inegi
CMO,1232,Técnicos en ecología,SINCO 2011,2612,"Auxiliares y técnicos en ciencias biológicas, químicas y del medio ambiente",tabla_comparativa_oficial_inegi
CMO,1239,Otros trabajadores que desempeñan una ocupación afín a las comprendidas en este grupo,SINCO 2011,2992,Otros técnicos no clasificados anteriormente,tabla_comparativa_oficial_inegi
CMO,1240,Técnicos en agronomía,SINCO 2011,2613,Auxiliares y técnicos en agronomía,tabla_comparativa_oficial_inegi
CMO,1241,Técnicos en veterinaria y zootecnia,SINCO 2011,2614,"Auxiliares y técnicos en veterinaria, pesca y forestación",tabla_comparativa_oficial_inegi
CMO,1242,Técnicos en pesca,SINCO 2011,2614,"Auxiliares y técnicos en veterinaria, pesca y forestación",tabla_comparativa_oficial_inegi
CMO,1243,Técnicos en silvicultura y forestación,SINCO 2011,2614,"Auxiliares y técnicos en veterinaria, pesca y forestación",tabla_comparativa_oficial_inegi
CMO,1249,Otros trabajadores que desempeñan una ocupación afín a las comprendidas en este subgrupo,SINCO 2011,2614,"Auxiliares y técnicos en veterinaria, pesca y forestación",tabla_comparativa_oficial_inegi
CMO,1250,Técnicos en ciencias sociales,SINCO 2011,2531,Auxiliares en ciencias sociales y humanistas,tabla_comparativa_oficial_inegi
CMO,1250,Técnicos en ciencias sociales,SINCO 2011,2532,Auxiliares en servicios jurídicos,tabla_comparativa_oficial_inegi
CMO,1250,Técnicos en ciencias sociales,SINCO 2011,2711,Auxiliares y técnicos en pedagogía y en educación,tabla_comparativa_oficial_inegi
CMO,1251,Técnicos en ciencias contables financieras,SINCO 2011,2512,"Auxiliares en contabilidad, economía, finanzas y agentes de bolsa",tabla_comparativa_oficial_inegi
CMO,1252,"Técnicos en ciencias administrativas, hotelería y turismo",SINCO 2011,2511,"Auxiliares en administración, mercadotecnia, comercialización y comercio exterior",tabla_comparativa_oficial_inegi
CMO,1260,Técnicos en actividades religiosas,SINCO 2011,2533,Monjas y predicadores,tabla_comparativa_oficial_inegi
CMO,1290,Otros trabajadores que desempeñan una ocupación afín a las comprendidas en este grupo,SINCO 2011,2992,Otros técnicos no clasificados anteriormente,tabla_comparativa_oficial_inegi
CMO,1300,Profesores universitarios y de otros establecimientos de enseñanza superior,SINCO 2011,2321,Profesores universitarios y de enseñanza superior,tabla_comparativa_oficial_inegi
CMO,1310,Profesores de preparatoria y equivalentes,SINCO 2011,2322,Profesores de preparatoria y equivalentes,tabla_comparativa_oficial_inegi
CMO,1320,Profesores de enseñanza secundaria,SINCO 2011,2331,Profesores de enseñanza secundaria,tabla_comparativa_oficial_inegi
CMO,1330,Profesores de enseñanza primaria,SINCO 2011,2332,Profesores de enseñanza primaria,tabla_comparativa_oficial_inegi
CMO,1331,Alfabetizadores,SINCO 2011,2333,Alfabetizadores,tabla_comparativa_oficial_inegi
CMO,1332,Profesores y promotores bilingües,SINCO 2011,2334,Profesores de enseñanza bilingüe (indígena),tabla_comparativa_oficial_inegi
CMO,1340,Profesores de enseñanza preescolar,SINCO 2011,2335,Profesores de enseñanza preescolar,tabla_comparativa_oficial_inegi
CMO,1350,Profesores de discapacitados mentales,SINCO 2011,2343,Otros profesores de enseñanza especial,tabla_comparativa_oficial_inegi
CMO,1351,Profesores de débiles visuales e invidentes,SINCO 2011,2343,Otros profesores de enseñanza especial,tabla_comparativa_oficial_inegi
CMO,1352,Profesores de personas con problemas de audición y lenguaje,SINCO 2011,2341,Profesores de personas con problemas de audición y lenguaje,tabla_comparativa_oficial_inegi
CMO,1353,Profesores de lesionados del aparato motor,SINCO 2011,2343,Otros profesores de enseñanza especial,tabla_comparativa_oficial_inegi
CMO,1354,Profesores de personas con problemas de aprendizaje,SINCO 2011,2342,Profesores de personas con problemas de aprendizaje,tabla_comparativa_oficial_inegi
CMO,1359,Otros trabajadores que desempeñan una ocupación afín a las comprendidas en este subgrupo,SINCO 2011,2343,Otros profesores de enseñanza especial,tabla_comparativa_oficial_inegi
CMO,1360,Profesores e instructores de educación artística,SINCO 2011,2712,Instructores en estudios y capacitación artística,tabla_comparativa_oficial_inegi
CMO,1361,Profesores e instructores en estudios comerciales y administrativos,SINCO 2011,2713,Instructores en estudios y capacitación comercial y administrativa,tabla_comparativa_oficial_inegi
CMO,1362,Profesores e instructores en idiomas extranjeros,SINCO 2011,2714,Instructores en idiomas extranjeros,tabla_comparativa_oficial_inegi
CMO,1363,"Profesores, instructores y capacitadores en educación técnica y capacitación aplicables en la producción y servicios",SINCO 2011,2715,Instructores y capacitadores en oficios y para el trabajo,tabla_comparativa_oficial_inegi
CMO,1364,Profesores e instructores en actividades deportivas,SINCO 2011,2716,Profesores en educación física y deporte,tabla_comparativa_oficial_inegi
CMO,1390,Otros trabajadores que desempeñan una ocupación afín a las comprendidas en este grupo,SINCO 2011,2339,"Otros profesores de nivel básico, no clasificados anteriormente",tabla_comparativa_oficial_inegi
CMO,1390,Otros trabajadores que desempeñan una ocupación afín a las comprendidas en este grupo,SINCO 2011,2391,"Otros profesores y especialistas en docencia, no clasificados anteriormente",tabla_comparativa_oficial_inegi
CMO,1400,Escritores y críticos,SINCO 2011,2151,Escritores y críticos literarios,tabla_comparativa_oficial_inegi
CMO,1401,Periodistas y redactores,SINCO 2011,2152,Periodistas y redactores,tabla_comparativa_oficial_inegi
CMO,1401,Periodistas y redactores,SINCO 2011,2153,Traductores e intérpretes,tabla_comparativa_oficial_inegi
CMO,1410,Compositores y arreglistas,SINCO 2011,2171,Compositores y arreglistas,tabla_comparativa_oficial_inegi
CMO,1411,Cantantes,SINCO 2011,2173,Cantantes,tabla_comparativa_oficial_inegi
CMO,1412,Músicos,SINCO 2011,2172,Músicos,tabla_comparativa_oficial_inegi
CMO,1413,Actores,SINCO 2011,2175,Actores,tabla_comparativa_oficial_inegi
CMO,1414,Bailarines,SINCO 2011,2174,Bailarines y coreógrafos,tabla_comparativa_oficial_inegi
CMO,1420,Pintores y dibujantes artísticos,SINCO 2011,2161,Pintores,tabla_comparativa_oficial_inegi
CMO,1420,Pintores y dibujantes artísticos,SINCO 2011,2162,"Dibujantes y diseñadores artísticos, ilustradores y grabadores",tabla_comparativa_oficial_inegi
CMO,1421,Escultores y grabadores,SINCO 2011,2163,Escultores,tabla_comparativa_oficial_inegi
CMO,1422,Coreógrafos y escenógrafos,SINCO 2011,2164,Escenógrafos,tabla_comparativa_oficial_inegi
CMO,1423,Decoradores y diseñadores,SINCO 2011,2541,Diseñadores de moda y vestuario,tabla_comparativa_oficial_inegi
CMO,1423,Decoradores y diseñadores,SINCO 2011,2542,Diseñadores industriales,tabla_comparativa_oficial_inegi
CMO,1423,Decoradores y diseñadores,SINCO 2011,2543,Diseñadores gráficos,tabla_comparativa_oficial_inegi
CMO,1423,Decoradores y diseñadores,SINCO 2011,2544,"Decoradores de interiores, jardines y diversos materiales (tazas, llaveros, etcétera)",tabla_comparativa_oficial_inegi
CMO,1430,Directores de producciones artísticas,SINCO 2011,1421,"Directores y productores artísticos de cine, teatro y afines",tabla_comparativa_oficial_inegi
CMO,1431,"Productores y organizadores de actividades artísticas, culturales y deportivas",SINCO 2011,1422,"Directores y gerentes de museos, cines y otros establecimientos deportivos y culturales",tabla_comparativa_oficial_inegi
CMO,1432,"Locutores, conductores y comentaristas de radio y televisión",SINCO 2011,2551,"Locutores de radio, televisión y otros medios de comunicación",tabla_comparativa_oficial_inegi
CMO,1440,Deportistas,SINCO 2011,2561,Deportistas,tabla_comparativa_oficial_inegi
CMO,1450,Árbitros y jueces deportivos,SINCO 2011,2563,Árbitros y jueces deportivos,tabla_comparativa_oficial_inegi
CMO,1451,Entrenadores deportivos,SINCO 2011,2562,Entrenadores deportivos y directores técnicos,tabla_comparativa_oficial_inegi
CMO,1460,Animadores y anunciadores,SINCO 2011,2552,Animadores y organizadores de eventos,tabla_comparativa_oficial_inegi
CMO,1461,"Magos, payasos, malabaristas, cirqueros y similares en establecimientos",SINCO 2011,2553,"Payasos, mimos y cirqueros",tabla_comparativa_oficial_inegi
CMO,2100,Altas autoridades gubernamentales y legislativas,SINCO 2011,1111,Altas autoridades gubernamentales y jurisdiccionales,tabla_comparativa_oficial_inegi
CMO,2100,Altas autoridades gubernamentales y legislativas,SINCO 2011,1112,Legisladores,tabla_comparativa_oficial_inegi
CMO,2101,Presidentes y autoridades municipales,SINCO 2011,1113,Presidentes y autoridades municipales,tabla_comparativa_oficial_inegi
CMO,2110,"Presidentes, directores y gerentes generales en instituciones y empresas públicas, descentralizadas y paraestatales",SINCO 2011,1121,Presidentes y directores generales en instituciones públicas,tabla_comparativa_oficial_inegi
CMO,2111,"Presidentes, directores y gerentes generales en instituciones, negocios y empresas privadas",SINCO 2011,1122,Presidentes y directores generales en instituciones y empresas privadas,tabla_comparativa_oficial_inegi
CMO,2119,Otros trabajadores que desempeñan una ocupación afín a las comprendidas en este subgrupo,SINCO 2011,1129,"Otros presidentes y directores generales, no clasificados anteriormente",tabla_comparativa_oficial_inegi
CMO,2120,"Directores, gerentes y administradores de área o establecimientos en servicios de salud",SINCO 2011,1221,"Directores y gerentes en servicios de salud, protección civil y medio ambiente",tabla_comparativa_oficial_inegi
CMO,2121,"Directores, gerentes y administradores de área o establecimientos de finanzas, contabilidad, recursos humanos, administración e impartición de justicia",SINCO 2011,1211,"Directores y gerentes en administración, recursos humanos y mercadotecnia",tabla_comparativa_oficial_inegi
CMO,2121,"Directores, gerentes y administradores de área o establecimientos de finanzas, contabilidad, recursos humanos, administración e impartición de justicia",SINCO 2011,1212,"Directores y gerentes en servicios contables, financieros, banca y seguros",tabla_comparativa_oficial_inegi
CMO,2121,"Directores, gerentes y administradores de área o establecimientos de finanzas, contabilidad, recursos humanos, administración e impartición de justicia",SINCO 2011,1224,"Jueces de juzgado, directores y gerentes en servicios legales y procuración de justicia",tabla_comparativa_oficial_inegi
CMO,2121,"Directores, gerentes y administradores de área o establecimientos de finanzas, contabilidad, recursos humanos, administración e impartición de justicia",SINCO 2011,1321,Directores y gerentes en informática,tabla_comparativa_oficial_inegi
CMO,2122,"Directores, gerentes y administradores de área o establecimientos en actividades comerciales (incluye la venta de seguros y bienes raíces)",SINCO 2011,1411,"Directores y gerentes de ventas, comercialización y alquiler",tabla_comparativa_oficial_inegi
CMO,2123,"Directores, gerentes y administradores de área o establecimientos en comunicaciones y transportes",SINCO 2011,1322,Directores y gerentes en comunicación y telecomunicaciones,tabla_comparativa_oficial_inegi
CMO,2123,"Directores, gerentes y administradores de área o establecimientos en comunicaciones y transportes",SINCO 2011,1323,Directores y gerentes en servicios de transporte,tabla_comparativa_oficial_inegi
CMO,2124,"Directores, gerentes y administradores de área o establecimientos en actividades de producción en industrias manufactureras, en la construcción y los servicios de reparación y mantenimiento",SINCO 2011,1312,"Directores y gerentes en producción minera, petrolera y gas",tabla_comparativa_oficial_inegi
CMO,2124,"Directores, gerentes y administradores de área o establecimientos en actividades de producción en industrias manufactureras, en la construcción y los servicios de reparación y mantenimiento",SINCO 2011,1313,Directores y gerentes en generación y provisión de energía eléctrica y agua,tabla_comparativa_oficial_inegi
CMO,2124,"Directores, gerentes y administradores de área o establecimientos en actividades de producción en industrias manufactureras, en la construcción y los servicios de reparación y mantenimiento",SINCO 2011,1314,Directores y gerentes en producción manufacturera,tabla_comparativa_oficial_inegi
CMO,2124,"Directores, gerentes y administradores de área o establecimientos en actividades de producción en industrias manufactureras, en la construcción y los servicios de reparación y mantenimiento",SINCO 2011,1315,"Directores y gerentes en construcción, reparación y mantenimiento",tabla_comparativa_oficial_inegi
CMO,2125,Directores gerentes y administradores de área o establecimientos de enseñanza e investigación,SINCO 2011,1223,Directores y gerentes en centros de enseñanza y capacitación,tabla_comparativa_oficial_inegi
CMO,2125,Directores gerentes y administradores de área o establecimientos de enseñanza e investigación,SINCO 2011,1324,Directores y gerentes en centros de investigación y desarrollo tecnológico,tabla_comparativa_oficial_inegi
CMO,2126,"Directores, gerentes y administradores de área o establecimientos en servicios asistenciales y de readaptación social",SINCO 2011,1222,Directores y gerentes en desarrollo social y económico,tabla_comparativa_oficial_inegi
CMO,2126,"Directores, gerentes y administradores de área o establecimientos en servicios asistenciales y de readaptación social",SINCO 2011,1225,Comandantes de las fuerzas armadas,tabla_comparativa_oficial_inegi
CMO,2126,"Directores, gerentes y administradores de área o establecimientos en servicios asistenciales y de readaptación social",SINCO 2011,1226,Directores en servicios de vigilancia y seguridad,tabla_comparativa_oficial_inegi
CMO,2127,"Directores, gerentes y administradores de área o establecimientos en servicios culturales, de esparcimiento, recreativos, restaurante, hospedaje y otros servicios personales",SINCO 2011,1412,Directores y gerentes de restaurantes y hoteles,tabla_comparativa_oficial_inegi
CMO,2127,"Directores, gerentes y administradores de área o establecimientos en servicios culturales, de esparcimiento, recreativos, restaurante, hospedaje y otros servicios personales",SINCO 2011,1423,Directores y gerentes en servicios funerarios y otros servicios,tabla_comparativa_oficial_inegi
CMO,2128,"Directores, gerentes y administradores de área o establecimientos en el sector agropecuario, silvícola y pesquero",SINCO 2011,1311,"Directores y gerentes en producción agropecuaria, silvícola y pesquera",tabla_comparativa_oficial_inegi
CMO,2129,Otros trabajadores que desempeñan una ocupación afín a las comprendidas en este subgrupo,SINCO 2011,1999,"Otros directores, funcionarios, gerentes, coordinadores y jefes de área, no clasificados anteriormente",tabla_comparativa_oficial_inegi
CMO,2130,Directivos de partidos políticos,SINCO 2011,1131,Directores de organizaciones políticas,tabla_comparativa_oficial_inegi
CMO,2131,Directivos de organizaciones empresariales,SINCO 2011,1133,Directores de organizaciones empresariales,tabla_comparativa_oficial_inegi
CMO,2132,Directivos de organizaciones sindicales,SINCO 2011,1132,Directores de organizaciones sindicales,tabla_comparativa_oficial_inegi
CMO,2133,"Directivos de organizaciones humanitarias, religiosas, asociaciones civiles y ejidales",SINCO 2011,1134,Directores de organizaciones agrarias,tabla_comparativa_oficial_inegi
CMO,2133,"Directivos de organizaciones humanitarias, religiosas, asociaciones civiles y ejidales",SINCO 2011,1135,Directores de organizaciones civiles y religiosas,tabla_comparativa_oficial_inegi
CMO,2139,Otros trabajadores que desempeñan una ocupación afín a las comprendidas en este subgrupo,SINCO 2011,1999,"Otros directores, funcionarios, gerentes, coordinadores y jefes de área, no clasificados anteriormente",tabla_comparativa_oficial_inegi
CMO,2190,Otros trabajadores que desempeñan una ocupación afín a las comprendidas en este subgrupo,SINCO 2011,1999,"Otros directores, funcionarios, gerentes, coordinadores y jefes de área, no clasificados anteriormente",tabla_comparativa_oficial_inegi
CMO,4100,Trabajadores en el cultivo de maíz y/o frijol,SINCO 2011,6111,Trabajadores en el cultivo de maíz y/o frijol,tabla_comparativa_oficial_inegi
CMO,4101,Trabajadores en el cultivo de cereales,SINCO 2011,6116,Trabajadores en otros cultivos agrícolas,tabla_comparativa_oficial_inegi
CMO,4102,Trabajadores en el cultivo de algodón y/o henequén,SINCO 2011,6116,Trabajadores en otros cultivos agrícolas,tabla_comparativa_oficial_inegi
CMO,4103,Trabajadores en el cultivo de hortalizas y verduras,SINCO 2011,6112,Trabajadores en el cultivo de hortalizas y verduras,tabla_comparativa_oficial_inegi
CMO,4104,Trabajadores en el cultivo de café y/o cacao,SINCO 2011,6113,"Trabajadores en el cultivo de café, cacao y tabaco",tabla_comparativa_oficial_inegi
CMO,4105,Trabajadores en el cultivo de tabaco,SINCO 2011,6113,"Trabajadores en el cultivo de café, cacao y tabaco",tabla_comparativa_oficial_inegi
CMO,4106,Trabajadores en el cultivo de frutales,SINCO 2011,6114,Trabajadores en el cultivo de frutales,tabla_comparativa_oficial_inegi
CMO,4107,Trabajadores en el cultivo de flores,SINCO 2011,6115,Trabajadores en el cultivo de flores,tabla_comparativa_oficial_inegi
CMO,4108,"Trabajadores en otros cultivos agrícolas no mencionados anteriormente (caña, nopal, cártamo, etcétera)",SINCO 2011,6116,Trabajadores en otros cultivos agrícolas,tabla_comparativa_oficial_inegi
CMO,4109,Otros trabajadores que desempeñan una ocupación afín a las comprendidas en este subgrupo,SINCO 2011,6119,"Otros trabajadores en actividades agrícolas, no clasificados anteriormente",tabla_comparativa_oficial_inegi
CMO,4109,Otros trabajadores que desempeñan una ocupación afín a las comprendidas en este subgrupo,SINCO 2011,9111,Trabajadores de apoyo en actividades agrícolas,tabla_comparativa_oficial_inegi
CMO,4110,Trabajadores en la cría de ganado bovino,SINCO 2011,6121,Trabajadores en la cría de ganado bovino,tabla_comparativa_oficial_inegi
CMO,4111,Trabajadores en la cría de porcinos,SINCO 2011,6122,Trabajadores en la cría de porcinos,tabla_comparativa_oficial_inegi
CMO,4112,Trabajadores en la cría avícola,SINCO 2011,6123,Trabajadores en la cría avícola,tabla_comparativa_oficial_inegi
CMO,4113,Trabajadores en la cría de caprinos y ovinos,SINCO 2011,6124,Trabajadores en la cría de caprinos y ovinos,tabla_comparativa_oficial_inegi
CMO,4114,Trabajadores en la apicultura,SINCO 2011,6126,Trabajadores en la apicultura,tabla_comparativa_oficial_inegi
CMO,4115,"Trabajadores en la cría de equinos (caballos, burros y mulas)",SINCO 2011,6125,Trabajadores en la cría de equinos,tabla_comparativa_oficial_inegi
CMO,4116,"Trabajadores en la cría de animales para ornato, espectáculos y laboratorio",SINCO 2011,6127,Trabajadores en la cría y cuidado de otro tipo de animales,tabla_comparativa_oficial_inegi
CMO,4119,Otros trabajadores que desempeñan una ocupación afín a las comprendidas en este subgrupo,SINCO 2011,6129,"Otros trabajadores en actividades ganaderas y en la cría de animales, no clasificados anteriormente",tabla_comparativa_oficial_inegi
CMO,4119,Otros trabajadores que desempeñan una ocupación afín a las comprendidas en este subgrupo,SINCO 2011,9112,Trabajadores de apoyo en actividades ganaderas,tabla_comparativa_oficial_inegi
CMO,4120,Trabajadores que combinan actividades agrícolas con ganaderas,SINCO 2011,6131,Trabajadores que combinan actividades agrícolas con ganaderas,tabla_comparativa_oficial_inegi
CMO,4120,Trabajadores que combinan actividades agrícolas con ganaderas,SINCO 2011,9113,Trabajadores de apoyo que realizan actividades agrícolas y ganaderas,tabla_comparativa_oficial_inegi
CMO,4130,"Taladores, trozadores, cortadores de árboles y similares",SINCO 2011,6221,"Taladores, trocadores, cortadores de árboles y similares",tabla_comparativa_oficial_inegi
CMO,4131,"Caucheros, chicleros, resineros y similares",SINCO 2011,6222,"Caucheros, chicleros, resineros y similares",tabla_comparativa_oficial_inegi
CMO,4132,Trabajadores en viveros,SINCO 2011,6223,Trabajadores en viveros e invernaderos,tabla_comparativa_oficial_inegi
CMO,4133,"Trabajadores en actividades de plantación, reforestación y conservación de bosques",SINCO 2011,6224,"Trabajadores en actividades de plantación, reforestación y conservación de bosques",tabla_comparativa_oficial_inegi
CMO,4134,Cortadores y recolectores de leña,SINCO 2011,6225,Cortadores de leña,tabla_comparativa_oficial_inegi
CMO,4134,Cortadores y recolectores de leña,SINCO 2011,9124,Recolectores de leña y acarreadores de agua,tabla_comparativa_oficial_inegi
CMO,4135,Productores de carbón vegetal,SINCO 2011,6227,Productores de carbón vegetal,tabla_comparativa_oficial_inegi
CMO,4136,"Trabajadores en la recolección de plantas, hierbas y raíces no cultivadas",SINCO 2011,6226,"Trabajadores en actividades de recolección de plantas, hierbas y raíces no cultivadas",tabla_comparativa_oficial_inegi
CMO,4139,Otros trabajadores que desempeñan una ocupación afín a las comprendidas en este subgrupo,SINCO 2011,6999,"Otros trabajadores en actividades agrícolas, ganaderas, forestales, caza y pesca, no clasificados anteriormente",tabla_comparativa_oficial_inegi
CMO,4139,Otros trabajadores que desempeñan una ocupación afín a las comprendidas en este subgrupo,SINCO 2011,9121,Trabajadores de apoyo en actividades silvícolas y forestales,tabla_comparativa_oficial_inegi
CMO,4140,"Trabajadores en actividades de caza, trampería y similares",SINCO 2011,6231,"Trabajadores en actividades de caza, trampería y similares",tabla_comparativa_oficial_inegi
CMO,4140,"Trabajadores en actividades de caza, trampería y similares",SINCO 2011,9123,Trabajadores de apoyo en actividades de caza y captura,tabla_comparativa_oficial_inegi
CMO,4150,Pescadores,SINCO 2011,6211,Trabajadores en actividades pesqueras,tabla_comparativa_oficial_inegi
CMO,4150,Pescadores,SINCO 2011,9122,Trabajadores de apoyo en actividades de acuicultura y pesca,tabla_comparativa_oficial_inegi
CMO,4151,Trabajadores en actividades de acuacultura,SINCO 2011,6212,Trabajadores en actividades de acuacultura,tabla_comparativa_oficial_inegi
CMO,4151,Trabajadores en actividades de acuacultura,SINCO 2011,9122,Trabajadores de apoyo en actividades de acuicultura y pesca,tabla_comparativa_oficial_inegi
CMO,4159,Otros trabajadores que desempeñan una ocupación afín a las comprendidas en este grupo,SINCO 2011,6999,"Otros trabajadores en actividades agrícolas, ganaderas, forestales, caza y pesca, no clasificados anteriormente",tabla_comparativa_oficial_inegi
CMO,4160,Trabajadores en actividades de beneficio de productos agropecuarios,SINCO 2011,6117,Trabajadores en actividades de beneficio de productos agrícolas,tabla_comparativa_oficial_inegi
CMO,4160,Trabajadores en actividades de beneficio de productos agropecuarios,SINCO 2011,6128,Trabajadores en actividades de beneficio de productos pecuarios,tabla_comparativa_oficial_inegi
CMO,4161,Trabajadores en actividades de beneficio de productos pesqueros,SINCO 2011,6213,Trabajadores en actividades de beneficio de productos pesqueros o acuícolas,tabla_comparativa_oficial_inegi
CMO,4169,Otros trabajadores que desempeñan una ocupación afín a las comprendidas en este grupo,SINCO 2011,6999,"Otros trabajadores en actividades agrícolas, ganaderas, forestales, caza y pesca, no clasificados anteriormente",tabla_comparativa_oficial_inegi
CMO,4170,"Capataces, caporales, mayorales y similares en actividades agropecuarias,silvícolas y pesqueras",SINCO 2011,6101,"Supervisores, encargados y capataces agropecuarios",tabla_comparativa_oficial_inegi
CMO,4170,"Capataces, caporales, mayorales y similares en actividades agropecuarias,silvícolas y pesqueras",SINCO 2011,6201,"Supervisores, encargados y capataces de trabajadores en actividades pesqueras, acuícolas, forestales, caza y similares",tabla_comparativa_oficial_inegi
CMO,4190,Otros trabajadores que desempeñan una ocupación afín a las comprendidas en este grupo,SINCO 2011,6999,"Otros trabajadores en actividades agrícolas, ganaderas, forestales, caza y pesca, no clasificados anteriormente",tabla_comparativa_oficial_inegi
CMO,5100,"Jefes, coordinadores y similares en la fabricación de alimentos, bebidas y productos de tabaco",SINCO 2011,1614,Coordinadores y jefes de área en producción manufacturera,tabla_comparativa_oficial_inegi
CMO,5100,"Jefes, coordinadores y similares en la fabricación de alimentos, bebidas y productos de tabaco",SINCO 2011,5101,"Supervisores en la preparación y servicio de alimentos y bebidas, así como en servicios de esparcimiento y de hotelería",tabla_comparativa_oficial_inegi
CMO,5101,"Supervisores, inspectores y similares en la fabricación de alimentos, bebidas y productos de tabaco",SINCO 2011,7501,"Supervisores de trabajadores en la elaboración y procesamiento de alimentos, bebidas y productos de tabaco",tabla_comparativa_oficial_inegi
CMO,5109,Otros trabajadores que desempeñan una ocupación afín a las comprendidas en este grupo,SINCO 2011,7501,"Supervisores de trabajadores en la elaboración y procesamiento de alimentos, bebidas y productos de tabaco",tabla_comparativa_oficial_inegi
CMO,5110,"Jefes, coordinadores y similares en la extracción en minas, canteras y pozos",SINCO 2011,1612,"Coordinadores y jefes de área en producción minera, petrolera y gas",tabla_comparativa_oficial_inegi
CMO,5111,"Supervisores, inspectores y similares en la extracción en minas, canteras y pozos",SINCO 2011,7101,"Supervisores de trabajadores en la extracción, albañiles y en acabados de la construcción",tabla_comparativa_oficial_inegi
CMO,5111,"Supervisores, inspectores y similares en la extracción en minas, canteras y pozos",SINCO 2011,8101,Supervisores de operadores de maquinaria industrial,tabla_comparativa_oficial_inegi
CMO,5119,Otros trabajadores que desempeñan una ocupación afín a las comprendidas en este grupo,SINCO 2011,8101,Supervisores de operadores de maquinaria industrial,tabla_comparativa_oficial_inegi
CMO,5120,"Jefes, coordinadores y similares en la fabricación de textiles y productos de cuero, piel y similares",SINCO 2011,1614,Coordinadores y jefes de área en producción manufacturera,tabla_comparativa_oficial_inegi
CMO,5121,"Supervisores, inspectores y similares en la fabricación de textiles y productos de cuero, piel y similares",SINCO 2011,8101,Supervisores de operadores de maquinaria industrial,tabla_comparativa_oficial_inegi
CMO,5129,Otros trabajadores que desempeñan una ocupación afín a las comprendidas en este grupo,SINCO 2011,7301,"Supervisores de artesanos y trabajadores en la elaboración de productos de madera, papel, textiles y de cuero y piel",tabla_comparativa_oficial_inegi
CMO,5130,"Jefes, coordinadores y similares en la fabricación de productos de madera y papel, y en trabajos de impresión",SINCO 2011,1614,Coordinadores y jefes de área en producción manufacturera,tabla_comparativa_oficial_inegi
CMO,5131,"Supervisores, inspectores y similares en la fabricación de productos de madera y papel, y en trabajos de impresión",SINCO 2011,8101,Supervisores de operadores de maquinaria industrial,tabla_comparativa_oficial_inegi
CMO,5139,Otros trabajadores que desempeñan una ocupación afín a las comprendidas en este grupo,SINCO 2011,7301,"Supervisores de artesanos y trabajadores en la elaboración de productos de madera, papel, textiles y de cuero y piel",tabla_comparativa_oficial_inegi
CMO,5140,"Jefes, coordinadores y similares en la fabricación metalúrgica y en la fabricación de productos eléctricos y electrónicos, la reparación y mantenimiento de maquinaria y productos metálicos y de precisión",SINCO 2011,1614,Coordinadores y jefes de área en producción manufacturera,tabla_comparativa_oficial_inegi
CMO,5141,"Supervisores, inspectores y similares en la fabricación metalúrgica y en la fabricación de productos eléctricos y electrónicos, la reparación y mantenimiento de maquinaria y productos metálicos y de precisión",SINCO 2011,2630,"Supervisores de mecánicos y técnicos en mantenimiento y reparación de equipos mecánicos, vehículos de motor, instrumentos industriales y equipo de refrigeración",tabla_comparativa_oficial_inegi
CMO,5141,"Supervisores, inspectores y similares en la fabricación metalúrgica y en la fabricación de productos eléctricos y electrónicos, la reparación y mantenimiento de maquinaria y productos metálicos y de precisión",SINCO 2011,7201,Supervisores de artesanos y trabajadores en el tratamiento y elaboración de productos de metal,tabla_comparativa_oficial_inegi
CMO,5141,"Supervisores, inspectores y similares en la fabricación metalúrgica y en la fabricación de productos eléctricos y electrónicos, la reparación y mantenimiento de maquinaria y productos metálicos y de precisión",SINCO 2011,8201,"Supervisores en procesos de ensamblado y montaje de maquinaria, herramientas y productos metálicos y electrónicos",tabla_comparativa_oficial_inegi
CMO,5149,Otros trabajadores que desempeñan una ocupación afín a las comprendidas en este subgrupo,SINCO 2011,2630,"Supervisores de mecánicos y técnicos en mantenimiento y reparación de equipos mecánicos, vehículos de motor, instrumentos industriales y equipo de refrigeración",tabla_comparativa_oficial_inegi
CMO,5150,"Jefes, coordinadores y similares en la fabricación de productos de cerámica, vidrio y otros minerales no metálicos",SINCO 2011,1614,Coordinadores y jefes de área en producción manufacturera,tabla_comparativa_oficial_inegi
CMO,5151,"Supervisores, inspectores y similares en la fabricación de productos de cerámica, vidrio y otros minerales no metálicos",SINCO 2011,7601,"Supervisores de artesanos y trabajadores en la elaboración de productos de cerámica, vidrio, azulejo y similares",tabla_comparativa_oficial_inegi
CMO,5159,Otros trabajadores que desempeñan una ocupación afín a las comprendidas en este grupo,SINCO 2011,7601,"Supervisores de artesanos y trabajadores en la elaboración de productos de cerámica, vidrio, azulejo y similares",tabla_comparativa_oficial_inegi
CMO,5160,"Jefes, coordinadores, contratistas y similares en la construcción, instalación, mantenimiento y acabados",SINCO 2011,1615,"Coordinadores y jefes de área en construcción, reparación y mantenimiento",tabla_comparativa_oficial_inegi
CMO,5161,"Supervisores, inspectores y similares en la construcción, instalación, mantenimiento y acabados",SINCO 2011,7101,"Supervisores de trabajadores en la extracción, albañiles y en acabados de la construcción",tabla_comparativa_oficial_inegi
CMO,5169,Otros trabajadores que desempeñan una ocupación afín a las comprendidas en este subgrupo,SINCO 2011,1615,"Coordinadores y jefes de área en construcción, reparación y mantenimiento",tabla_comparativa_oficial_inegi
CMO,5169,Otros trabajadores que desempeñan una ocupación afín a las comprendidas en este subgrupo,SINCO 2011,1619,"Otros coordinadores y jefes de área en producción agropecuaria, industrial, construcción y mantenimiento, no clasificados anteriormente",tabla_comparativa_oficial_inegi
CMO,5170,"Jefes, coordinadores y similares en la generación de energía, la instalación, reparación y mantenimiento de equipo eléctrico y de telecomunicaciones",SINCO 2011,1613,Coordinadores y jefes de área en generación y provisión de energía eléctrica y agua,tabla_comparativa_oficial_inegi
CMO,5170,"Jefes, coordinadores y similares en la generación de energía, la instalación, reparación y mantenimiento de equipo eléctrico y de telecomunicaciones",SINCO 2011,8101,Supervisores de operadores de maquinaria industrial,tabla_comparativa_oficial_inegi
CMO,5171,"Supervisores, inspectores y similares en la generación de energía, la instalación, reparación y mantenimiento de equipo eléctrico y de telecomunicaciones",SINCO 2011,2640,"Supervisores de técnicos eléctricos, en electrónica y de equipos en telecomunicaciones y electromecánicos",tabla_comparativa_oficial_inegi
CMO,5179,Otros trabajadores que desempeñan una ocupación afín a las comprendidas en este subgrupo,SINCO 2011,1613,Coordinadores y jefes de área en generación y provisión de energía eléctrica y agua,tabla_comparativa_oficial_inegi
CMO,5180,"Jefes, coordinadores y similares en la fabricación de químicos, petroquímica, hule, caucho y plástico",SINCO 2011,1614,Coordinadores y jefes de área en producción manufacturera,tabla_comparativa_oficial_inegi
CMO,5181,"Supervisores, inspectores y similares en la fabricación de químicos, petroquímica, hule, caucho y plástico",SINCO 2011,7401,"Supervisores de artesanos y trabajadores en la elaboración de productos de hule, caucho, plásticos y de sustancias químicas",tabla_comparativa_oficial_inegi
CMO,5189,Otros trabajadores que desempeñan una ocupación afín a las comprendidas en este subgrupo,SINCO 2011,1614,Coordinadores y jefes de área en producción manufacturera,tabla_comparativa_oficial_inegi
CMO,5200,"Trabajadores en la elaboración de productos de carne, pescado y derivados",SINCO 2011,7511,"Trabajadores en la elaboración de productos de carne, pescado y sus derivados",tabla_comparativa_oficial_inegi
CMO,5201,Trabajadores en la elaboración de productos lácteos,SINCO 2011,7512,Trabajadores en la elaboración de productos lácteos,tabla_comparativa_oficial_inegi
CMO,5202,"Trabajadores en la elaboración de pan, tortilla, repostería y otros productos de cereales y harinas",SINCO 2011,7513,"Trabajadores en la elaboración de pan, tortilla, repostería, y otros productos de cereales y harinas",tabla_comparativa_oficial_inegi
CMO,5203,Trabajadores en la elaboración de productos a base de frutas y verduras,SINCO 2011,7514,Trabajadores en la elaboración de productos a base de frutas y verduras,tabla_comparativa_oficial_inegi
CMO,5204,"Trabajadores en la elaboración de productos a base de azúcar, chocolate y confitería",SINCO 2011,7515,"Trabajadores en la elaboración de productos a base de azúcar, chocolate, confitería y tabaco",tabla_comparativa_oficial_inegi
CMO,5205,Trabajadores en la elaboración de productos de tabaco,SINCO 2011,7515,"Trabajadores en la elaboración de productos a base de azúcar, chocolate, confitería y tabaco",tabla_comparativa_oficial_inegi
CMO,5206,Trabajadores en la elaboración de bebidas alcohólicas y no alcohólicas,SINCO 2011,7517,Trabajadores en la elaboración de bebidas alcohólicas y no alcohólicas,tabla_comparativa_oficial_inegi
CMO,5207,"Trabajadores en la elaboración de aceites, grasas, sal y especias",SINCO 2011,7516,"Trabajadores en la elaboración de aceites, grasas, sal y especias",tabla_comparativa_oficial_inegi
CMO,5208,Trabajadores en la elaboración de comidas,SINCO 2011,5111,Cocineros,tabla_comparativa_oficial_inegi
CMO,5209,Otros trabajadores que desempeñan una ocupación afín a las comprendidas en este grupo,SINCO 2011,7999,"Otros trabajadores artesanales, no clasificados anteriormente",tabla_comparativa_oficial_inegi
CMO,5210,Mineros,SINCO 2011,7111,Mineros y trabajadores en la extracción en minas de minerales metálicos,tabla_comparativa_oficial_inegi
CMO,5211,"Trabajadores en la extracción de cantera, arcilla, arena, piedra y grava",SINCO 2011,7112,"Trabajadores en la extracción de cantera, arcilla, arena, piedra y grava",tabla_comparativa_oficial_inegi
CMO,5220,Preparadores de fibras e hilanderos,SINCO 2011,7331,Trabajadores en la preparación de fibras e hilados,tabla_comparativa_oficial_inegi
CMO,5221,Tejedores de fibras,SINCO 2011,7332,Tejedores de fibras,tabla_comparativa_oficial_inegi
CMO,5222,"Sastres, modistos y costureras que confeccionan o reparan prendas de vestir de tela, cuero, piel y similares",SINCO 2011,7341,"Sastres y modistos, costureras y confeccionadores de prendas de vestir",tabla_comparativa_oficial_inegi
CMO,5223,"Artesanos y confeccionadores de productos de tela, cuero, piel y similares (excepto prendas de vestir)",SINCO 2011,7342,Artesanos y confeccionadores de productos textiles,tabla_comparativa_oficial_inegi
CMO,5224,Bordadores y deshiladores,SINCO 2011,7343,Bordadores y deshiladores,tabla_comparativa_oficial_inegi
CMO,5225,Tapiceros,SINCO 2011,7351,Tapiceros,tabla_comparativa_oficial_inegi
CMO,5226,"Peleteros, cortadores, curtidores y pintores de cuero, piel y similares",SINCO 2011,7352,"Peleteros, cortadores, curtidores y teñidores de cuero, piel y similares",tabla_comparativa_oficial_inegi
CMO,5227,Zapateros y trabajadores similares,SINCO 2011,7353,Zapateros artesanales,tabla_comparativa_oficial_inegi
CMO,5228,"Patronistas de productos de tela, cuero, piel y similares",SINCO 2011,7344,Patronistas de productos textiles,tabla_comparativa_oficial_inegi
CMO,5229,Otros trabajadores que desempeñan una ocupación afín a las comprendidas en este grupo,SINCO 2011,7999,"Otros trabajadores artesanales, no clasificados anteriormente",tabla_comparativa_oficial_inegi
CMO,5230,"Carpinteros, ebanistas, barnizadores, cepilladores y similares, en la elaboración de productos de madera",SINCO 2011,7123,Carpinteros de obra negra,tabla_comparativa_oficial_inegi
CMO,5230,"Carpinteros, ebanistas, barnizadores, cepilladores y similares, en la elaboración de productos de madera",SINCO 2011,7311,"Carpinteros, ebanistas y cepilladores en la elaboración de productos de madera",tabla_comparativa_oficial_inegi
CMO,5230,"Carpinteros, ebanistas, barnizadores, cepilladores y similares, en la elaboración de productos de madera",SINCO 2011,7312,Pintores y barnizadores de madera,tabla_comparativa_oficial_inegi
CMO,5231,"Artesanos y trabajadores fabriles en la elaboración de productos de bejuco, vara, palma, carrizo y mimbre, excepto madera",SINCO 2011,7313,"Artesanos de productos de bejuco, vara, palma, carrizo y mimbre, excepto madera",tabla_comparativa_oficial_inegi
CMO,5232,Artesanos y trabajadores fabriles en la elaboración de productos de papel y cartón,SINCO 2011,7321,Artesanos y trabajadores en la elaboración de productos de papel y cartón,tabla_comparativa_oficial_inegi
CMO,5233,"Impresores, linotipistas, fotograbadores y similares",SINCO 2011,7322,"Impresores, linotipistas, fotograbadores y encuadernadores",tabla_comparativa_oficial_inegi
CMO,5234,Reveladores e impresores de fotografías y similares,SINCO 2011,7323,Reveladores e impresores de fotografías,tabla_comparativa_oficial_inegi
CMO,5239,Otros trabajadores que desempeñan una ocupación afín a las comprendidas en este grupo,SINCO 2011,7999,"Otros trabajadores artesanales, no clasificados anteriormente",tabla_comparativa_oficial_inegi
CMO,5240,"Moldeadores, caldereros y torneros",SINCO 2011,7211,"Moldeadores, torneros y troqueladores",tabla_comparativa_oficial_inegi
CMO,5241,Soldadores y oxicortadores,SINCO 2011,7212,Soldadores y oxicortadores,tabla_comparativa_oficial_inegi
CMO,5242,"Hojalateros, chaperos y pintores de metales",SINCO 2011,7213,"Hojalateros, chaperos, latoneros, cobreros y pintores de metales",tabla_comparativa_oficial_inegi
CMO,5243,"Joyeros, orfebres, plateros, latoneros y cobreros",SINCO 2011,7223,"Joyeros, orfebres, plateros y pulidores de metal",tabla_comparativa_oficial_inegi
CMO,5244,"Cerrajeros, pulidores de metal y afiladores de herramientas",SINCO 2011,7222,"Cerrajeros, afiladores y pulidores de herramientas",tabla_comparativa_oficial_inegi
CMO,5245,"Mecánicos, ajustadores y trabajadores de mantenimiento y reparación de vehiculos de motor (aviones, automóviles, etcétera)",SINCO 2011,2632,Mecánicos en mantenimiento y reparación de vehículos de motor,tabla_comparativa_oficial_inegi
CMO,5246,"Mecánicos, ajustadores, instaladores y trabajadores de mantenimiento y reparación de maquinaria, instrumentos industriales y equipos de refrigeración",SINCO 2011,2634,Mecánicos en mantenimiento y reparación de maquinaria e instrumentos industriales,tabla_comparativa_oficial_inegi
CMO,5246,"Mecánicos, ajustadores, instaladores y trabajadores de mantenimiento y reparación de maquinaria, instrumentos industriales y equipos de refrigeración",SINCO 2011,2638,"Mecánicos en instalación, mantenimiento y reparación de equipos de refrigeración, climas y aire acondicionado.",tabla_comparativa_oficial_inegi
CMO,5247,"Mecánicos, ajustadores, instaladores y trabajadores de mantenimiento y reparación de instrumentos musicales (pianos, etc.) y de precisión (relojes, básculas, etcétera)",SINCO 2011,2636,Mecánicos en mantenimiento y reparación de instrumentos de precisión y musicales,tabla_comparativa_oficial_inegi
CMO,5248,"Herreros, balconeros, aluminadores y forjadores",SINCO 2011,7221,"Herreros, balconeros, aluminadores y forjadores",tabla_comparativa_oficial_inegi
CMO,5249,Otros trabajadores que desempeñan una ocupación afín a las comprendidas en este subgrupo,SINCO 2011,2639,"Otras ocupaciones de mecánicos y técnicos en el mantenimiento y reparación de equipos mecánicos, vehículos de motor e instrumentos industriales, no clasificados anteriormente",tabla_comparativa_oficial_inegi
CMO,5249,Otros trabajadores que desempeñan una ocupación afín a las comprendidas en este grupo,SINCO 2011,7214,Montadores de estructuras metálicas,tabla_comparativa_oficial_inegi
CMO,5250,Alfareros y trabajadores ceramistas,SINCO 2011,7611,Alfareros y trabajadores ceramistas,tabla_comparativa_oficial_inegi
CMO,5251,"Trabajadores en la fabricación de productos de cemento, cal, yeso, azulejo, piedra y ladrilleros",SINCO 2011,7612,"Trabajadores en la elaboración de productos de cemento, cal, yeso, azulejo, piedra y ladrilleros",tabla_comparativa_oficial_inegi
CMO,5252,Trabajadores del vidrio y similares,SINCO 2011,7613,Trabajadores del vidrio y similares,tabla_comparativa_oficial_inegi
CMO,5253,"Trabajadores en la elaboración de productos de hueso, concha, coral y similares",SINCO 2011,7614,"Trabajadores en la elaboración de productos de hueso, concha, coral y similares",tabla_comparativa_oficial_inegi
CMO,5259,Otros trabajadores que desempeñan una ocupación afín a las comprendidas en este grupo,SINCO 2011,7999,"Otros trabajadores artesanales, no clasificados anteriormente",tabla_comparativa_oficial_inegi
CMO,5260,Albañiles,SINCO 2011,7121,"Albañiles, mamposteros y afines",tabla_comparativa_oficial_inegi
CMO,5261,Pintores de brocha gorda,SINCO 2011,7135,Pintores de brocha gorda,tabla_comparativa_oficial_inegi
CMO,5262,"Yeseros, escayolistas y otros recubridores de techos y paredes",SINCO 2011,7131,"Yeseros, escayolistas y otros recubridores de techos y paredes",tabla_comparativa_oficial_inegi
CMO,5263,"Techadores (colocadores de palapas, etcétera)",SINCO 2011,7122,"Techadores (colocadores de palapas, etcétera)",tabla_comparativa_oficial_inegi
CMO,5264,"Instaladores de mosaicos, azulejos, pisos y baldosas",SINCO 2011,7132,"Instaladores de pisos, azulejos, mosaicos y baldosas",tabla_comparativa_oficial_inegi
CMO,5265,Instaladores de aislantes y climas artificiales,SINCO 2011,2638,"Mecánicos en instalación, mantenimiento y reparación de equipos de refrigeración, climas y aire acondicionado.",tabla_comparativa_oficial_inegi
CMO,5266,"Instaladores de materiales de impermeabilización, vidrio, papel tapiz, alfombra y otros materiales en la construcción",SINCO 2011,7133,"Instaladores de material aislante, de impermeabilización, vidrio y otros materiales",tabla_comparativa_oficial_inegi
CMO,5267,"Plomeros, fontaneros e instaladores de tubería",SINCO 2011,7134,"Plomeros, fontaneros e instaladores de tubería",tabla_comparativa_oficial_inegi
CMO,5269,Otros trabajadores que desempeñan una ocupación afín a las comprendidas en este subgrupo,SINCO 2011,7113,Dinamiteros y buzos en perforación de pozos y en la construcción,tabla_comparativa_oficial_inegi
CMO,5270,Electricistas y linieros,SINCO 2011,2642,Electricistas y linieros,tabla_comparativa_oficial_inegi
CMO,5271,"Instaladores y reparadores de aparatos electrónicos, electrodomésticos y equipos de telecomunicaciones",SINCO 2011,2644,"Trabajadores en instalación y reparación de equipos electrónicos, telecomunicaciones y electrodoméstico (excepto equipos informáticos)",tabla_comparativa_oficial_inegi
CMO,5272,Reparadores de equipos electromecánicos,SINCO 2011,2646,Trabajadores en reparación de equipos electromecánicos,tabla_comparativa_oficial_inegi
CMO,5279,Otros trabajadores que desempeñan una ocupación afín a las comprendidas en este grupo,SINCO 2011,2649,"Otros técnicos eléctricos, en electrónica y de equipos en telecomunicaciones y electromecánicos, no clasificados anteriormente",tabla_comparativa_oficial_inegi
CMO,5280,"Trabajadores en la elaboración y reparación de productos de hule, caucho, plástico y vulcanización de neumáticos",SINCO 2011,7411,"Trabajadores en la elaboración y reparación de productos de hule, caucho, plásticos y vulcanización de neumáticos",tabla_comparativa_oficial_inegi
CMO,5281,Trabajadores en la elaboración de sustancias y compuestos químicos,SINCO 2011,7412,Trabajadores en la elaboración de sustancias y compuestos químicos,tabla_comparativa_oficial_inegi
CMO,5290,Otros trabajadores que desempeñan una ocupación afín a las comprendidas en este grupo,SINCO 2011,7999,"Otros trabajadores artesanales, no clasificados anteriormente",tabla_comparativa_oficial_inegi
CMO,5300,"Operadores de máquinas en la preparación de la carne, pescado y sus derivados",SINCO 2011,8161,"Operadores de máquinas en la elaboración de alimentos, aceites, grasas, sal y especias",tabla_comparativa_oficial_inegi
CMO,5301,Operadores de máquinas en la fabricación de leche y lácteos,SINCO 2011,8161,"Operadores de máquinas en la elaboración de alimentos, aceites, grasas, sal y especias",tabla_comparativa_oficial_inegi
CMO,5302,"Operadores de máquinas en la fabricación de pan, tortilla, repostería y otros productos de cereales y harinas",SINCO 2011,8161,"Operadores de máquinas en la elaboración de alimentos, aceites, grasas, sal y especias",tabla_comparativa_oficial_inegi
CMO,5303,Operadores de máquinas en la preparación de frutas y legumbres,SINCO 2011,8161,"Operadores de máquinas en la elaboración de alimentos, aceites, grasas, sal y especias",tabla_comparativa_oficial_inegi
CMO,5304,"Operadores de máquinas en la fabricación de azúcar, café, chocolate, té y confitería",SINCO 2011,8161,"Operadores de máquinas en la elaboración de alimentos, aceites, grasas, sal y especias",tabla_comparativa_oficial_inegi
CMO,5305,Operadores de máquinas en la fabricación de productos de tabaco,SINCO 2011,8162,Operadores de máquinas en la elaboración de tabaco,tabla_comparativa_oficial_inegi
CMO,5306,Operadores de máquinas en la fabricación de bebidas alcohólicas y no alcohólicas,SINCO 2011,8163,Operadores de máquinas en la elaboración de bebidas alcohólicas y no alcohólicas,tabla_comparativa_oficial_inegi
CMO,5307,"Operadores de máquinas en la fabricación de aceite, grasas, sal y especias",SINCO 2011,8161,"Operadores de máquinas en la elaboración de alimentos, aceites, grasas, sal y especias",tabla_comparativa_oficial_inegi
CMO,5309,Otros trabajadores que desempeñan una ocupación afín a las comprendidas en este grupo,SINCO 2011,8199,"Otros operadores de instalaciones y maquinaria fija industrial, no clasificados anteriormente",tabla_comparativa_oficial_inegi
CMO,5310,Operadores de máquinas y equipos para la extracción en minas y canteras,SINCO 2011,8111,Operadores de máquinas y equipos para la extracción y beneficio en minas y canteras,tabla_comparativa_oficial_inegi
CMO,5311,Operadores de máquinas y equipos para la extracción de pozos petroleros,SINCO 2011,8112,Operadores de máquinas y equipos para la extracción en pozos petroleros,tabla_comparativa_oficial_inegi
CMO,5312,Operadores de máquinas y equipos para la obtención de agua,SINCO 2011,8113,"Operadores de máquinas y equipos para la captación, bombeo y distribución de agua",tabla_comparativa_oficial_inegi
CMO,5319,Otros trabajadores que desempeñan una ocupación afín a las comprendidas en este grupo,SINCO 2011,8199,"Otros operadores de instalaciones y maquinaria fija industrial, no clasificados anteriormente",tabla_comparativa_oficial_inegi
CMO,5320,Operadores de máquinas de hilar y rebobinar,SINCO 2011,8151,Operadores de máquinas y equipos de hilar y bobinar fibras textiles naturales y sintéticas,tabla_comparativa_oficial_inegi
CMO,5321,"Operadores de telares y máquinas para fabricar tejidos de punto, telas y alfombras",SINCO 2011,8152,"Operadores de máquinas para fabricar tejidos de punto, telas y alfombras",tabla_comparativa_oficial_inegi
CMO,5322,"Operadores de máquinas de coser, bordar y cortar para la fabricación de productos textiles y prendas de vestir",SINCO 2011,8153,"Operadores de máquinas de costura, bordado y de corte para la confección de productos textiles y prendas de vestir",tabla_comparativa_oficial_inegi
CMO,5323,"Operadores de máquinas en la fabricación de calzado y productos de cuero, piel y similares (excepto prendas de vestir)",SINCO 2011,8154,"Operadores de máquinas en el tratamiento del cuero, piel y la elaboración de calzado",tabla_comparativa_oficial_inegi
CMO,5324,"Operadores de máquinas para blanquear, teñir, limpiar y planchar productos textiles, de cuero, piel y similares",SINCO 2011,8155,"Operadores de máquinas de lavado, blanqueo, teñido, estampado, afelpado, planchado y acabado de productos textiles, cuero, piel y similares",tabla_comparativa_oficial_inegi
CMO,5329,Otros trabajadores que desempeñan una ocupación afín a las comprendidas en este grupo,SINCO 2011,8199,"Otros operadores de instalaciones y maquinaria fija industrial, no clasificados anteriormente",tabla_comparativa_oficial_inegi
CMO,5330,Operadores de máquinas para el tratamiento de la madera y fabricación de triplay y aglomerados,SINCO 2011,8141,Operadores de máquinas para el tratamiento de la madera y elaboración de aglomerados y triplay,tabla_comparativa_oficial_inegi
CMO,5331,Operadores de máquinas en la elaboración de celulosa y fabricación de papel y similares,SINCO 2011,8143,"Operadores de máquinas en la elaboración de celulosa, papel y similares",tabla_comparativa_oficial_inegi
CMO,5332,"Operadores de máquinas para la fabricación de productos de madera y similares (bejuco, vara, carrizo, mimbre, etcétera)",SINCO 2011,8142,"Operadores de máquinas para la elaboración de productos de madera, bejuco, mimbre y similares",tabla_comparativa_oficial_inegi
CMO,5333,Operadores de máquinas para la impresión y encuadernación,SINCO 2011,8144,Operadores de máquinas para la impresión y encuadernación,tabla_comparativa_oficial_inegi
CMO,5334,Operadores de máquinas para la fabricación de productos a base de papel y cartón,SINCO 2011,8145,Operadores de máquinas para la elaboración de productos a base de papel y cartón,tabla_comparativa_oficial_inegi
CMO,5339,Otros trabajadores que desempeñan una ocupación afín a las comprendidas en este grupo,SINCO 2011,8199,"Otros operadores de instalaciones y maquinaria fija industrial, no clasificados anteriormente",tabla_comparativa_oficial_inegi
CMO,5340,"Operadores de hornos metalúrgicos, coladores y laminadores",SINCO 2011,8121,"Operadores de hornos metalúrgicos, coladores y laminadores y operadores de máquinas trefiladoras y estiradoras de metales",tabla_comparativa_oficial_inegi
CMO,5341,Operadores de máquinas trefiladoras y estiradoras de metales,SINCO 2011,8122,"Operadores de máquinas pulidoras, galvanizadoras y recubridoras de metal",tabla_comparativa_oficial_inegi
CMO,5342,"Operadores de máquinas pulidoras, galvanizadoras y recubridoras de metal",SINCO 2011,8123,"Operadores de máquinas que cortan, perforan, doblan, troquelan, sueldan, etc., piezas y productos metálicos",tabla_comparativa_oficial_inegi
CMO,5343,"Operadores de máquinas que cortan, perforan, doblan, labran, etc., piezas y productos metálicos",SINCO 2011,8123,"Operadores de máquinas que cortan, perforan, doblan, troquelan, sueldan, etc., piezas y productos metálicos",tabla_comparativa_oficial_inegi
CMO,5344,"Ensambladores y montadores de herramientas, maquinaria, equipos y productos metálicos",SINCO 2011,8211,"Ensambladores y montadores de herramientas, maquinaria, equipos y productos metálicos",tabla_comparativa_oficial_inegi
CMO,5345,Ensambladores y montadores de partes eléctricas y electrónicas,SINCO 2011,8212,Ensambladores y montadores de partes eléctricas y electrónicas,tabla_comparativa_oficial_inegi
CMO,5349,Otros trabajadores que desempeñan una ocupación afín a las comprendidas en este grupo,SINCO 2011,8199,"Otros operadores de instalaciones y maquinaria fija industrial, no clasificados anteriormente",tabla_comparativa_oficial_inegi
CMO,5350,Operadores de máquinas en la fabricación de productos de cerámica,SINCO 2011,8172,"Operadores de máquinas en la elaboración de productos de cerámica, mosaico, azulejo y similares",tabla_comparativa_oficial_inegi
CMO,5351,"Operadores de máquinas en la fabricación de productos de mosaico, azulejo y similares",SINCO 2011,8172,"Operadores de máquinas en la elaboración de productos de cerámica, mosaico, azulejo y similares",tabla_comparativa_oficial_inegi
CMO,5352,"Operadores de máquinas en la fabricación de cemento, cal, yeso y productos de cemento",SINCO 2011,8171,"Operadores de máquinas en la elaboración de cemento, cal, yeso y productos de cemento",tabla_comparativa_oficial_inegi
CMO,5353,Operadores de máquinas en la fabricación de vidrio y productos de vidrio y similares,SINCO 2011,8173,Operadores de máquinas en la elaboración de vidrio y productos de vidrio y similares,tabla_comparativa_oficial_inegi
CMO,5359,Otros trabajadores que desempeñan una ocupación afín a las comprendidas en este grupo,SINCO 2011,8199,"Otros operadores de instalaciones y maquinaria fija industrial, no clasificados anteriormente",tabla_comparativa_oficial_inegi
CMO,5360,"Operadores de equipo portátil especializado para la construcción (perforadora, barrenadora, compresora, etcétera)",SINCO 2011,8114,Operadores de equipos portátiles especializados para la construcción,tabla_comparativa_oficial_inegi
CMO,5370,Operadores de instalaciones y plantas en la generación y distribución de energía,SINCO 2011,8181,Operadores de máquinas e instalaciones para la generación de energía,tabla_comparativa_oficial_inegi
CMO,5371,"Operadores de equipo de bombeo, ventilación y refrigeración",SINCO 2011,8134,Operadores de máquinas para el tratamiento de agua,tabla_comparativa_oficial_inegi
CMO,5379,Otros trabajadores que desempeñan una ocupación afín a las comprendidas en este grupo,SINCO 2011,8199,"Otros operadores de instalaciones y maquinaria fija industrial, no clasificados anteriormente",tabla_comparativa_oficial_inegi
CMO,5380,Operadores de máquinas para el tratamiento de sustancias químicas y agua,SINCO 2011,8131,Operadores de máquinas para la elaboración de productos químicos,tabla_comparativa_oficial_inegi
CMO,5380,Operadores de máquinas para el tratamiento de sustancias químicas y agua,SINCO 2011,8134,Operadores de máquinas para el tratamiento de agua,tabla_comparativa_oficial_inegi
CMO,5381,Operadores de máquinas y equipos para la refinación de petróleo y gas,SINCO 2011,8135,Operadores de máquinas y equipos para la refinación del petróleo y gas,tabla_comparativa_oficial_inegi
CMO,5382,Operadores de máquinas para la fabricación de productos farmacéuticos y cosméticos,SINCO 2011,8132,Operadores de máquinas para la elaboración de productos farmacéuticos y cosméticos,tabla_comparativa_oficial_inegi
CMO,5383,Operadores de máquinas para la fabricación y ensamble de productos de plástico y hule,SINCO 2011,8133,Operadores de máquinas para la elaboración y ensamble de productos de plástico y hule,tabla_comparativa_oficial_inegi
CMO,5389,Otros trabajadores que desempeñan una ocupación afín a las comprendidas en este grupo,SINCO 2011,8199,"Otros operadores de instalaciones y maquinaria fija industrial, no clasificados anteriormente",tabla_comparativa_oficial_inegi
CMO,5390,Otros trabajadores que desempeñan una ocupación afín a las comprendidas en este grupo,SINCO 2011,8199,"Otros operadores de instalaciones y maquinaria fija industrial, no clasificados anteriormente",tabla_comparativa_oficial_inegi
CMO,5400,"Ayudantes, peones y similares en la fabricación de alimentos, bebidas y productos de tabaco",SINCO 2011,9236,"Trabajadores de apoyo en la industria de alimentos, bebidas y productos de tabaco",tabla_comparativa_oficial_inegi
CMO,5400,"Ayudantes, peones y similares en la fabricación de alimentos, bebidas y productos de tabaco",SINCO 2011,9411,Ayudantes en la preparación de alimentos,tabla_comparativa_oficial_inegi
CMO,5401,"Cargadores, abastecedores, empacadores manuales y similares en la fabricación de alimentos, bebidas y productos de tabaco",SINCO 2011,9236,"Trabajadores de apoyo en la industria de alimentos, bebidas y productos de tabaco",tabla_comparativa_oficial_inegi
CMO,5410,"Ayudantes, peones y similares en la extracción en minas, canteras y pozos",SINCO 2011,9211,Trabajadores de apoyo en la minería,tabla_comparativa_oficial_inegi
CMO,5410,"Ayudantes, peones y similares en la extracción en minas, canteras y pozos",SINCO 2011,9212,Trabajadores de apoyo en la extracción,tabla_comparativa_oficial_inegi
CMO,5411,"Cargadores y similares en la extracción en minas, canteras y pozos",SINCO 2011,9212,Trabajadores de apoyo en la extracción,tabla_comparativa_oficial_inegi
CMO,5420,"Ayudantes, peones y similares en la fabricación de textiles y productos de cuero, piel y similares",SINCO 2011,9235,Trabajadores de apoyo en la industria textil y del zapato,tabla_comparativa_oficial_inegi
CMO,5421,"Cargadores, abastecedores, empacadores manuales y similares en la fabricación de textiles y productos de cuero, piel y similares.",SINCO 2011,9235,Trabajadores de apoyo en la industria textil y del zapato,tabla_comparativa_oficial_inegi
CMO,5430,"Ayudantes, peones y similares en la fabricación de productos de madera y papel y trabajos de impresión",SINCO 2011,9234,"Trabajadores de apoyo en la industria de la madera, papel y cartón",tabla_comparativa_oficial_inegi
CMO,5431,"Cargadores, abastecedores, empacadores manuales y similares en la fabricación de productos de madera y papel, y trabajos de impresión",SINCO 2011,9234,"Trabajadores de apoyo en la industria de la madera, papel y cartón",tabla_comparativa_oficial_inegi
CMO,5440,"Ayudantes, peones y similares en la fabricación metalúrgica y en la fabricación de maquinaria y productos metálicos, eléctricos y electrónicos",SINCO 2011,9231,"Trabajadores de apoyo en la elaboración, reparación y mantenimiento mecánico de equipos, maquinaria y productos de metal y de precisión",tabla_comparativa_oficial_inegi
CMO,5441,"Cargadores, abastecedores, empacadores manuales y similares en la fabricación metalúrgica y en la fabricación de maquinaria y productos metálicos, eléctricos y electrónicos",SINCO 2011,9231,"Trabajadores de apoyo en la elaboración, reparación y mantenimiento mecánico de equipos, maquinaria y productos de metal y de precisión",tabla_comparativa_oficial_inegi
CMO,5450,"Ayudantes, peones y similares en la fabricación de productos de cerámica, vidrio y otros minerales no metálicos",SINCO 2011,9237,"Trabajadores de apoyo en la industria de la cerámica, vidrio y similares",tabla_comparativa_oficial_inegi
CMO,5451,"Cargadores, abastecedores, empacadores manuales y similares en la fabricación de productos de cerámica, vidrio y otros minerales no metálicos",SINCO 2011,9237,"Trabajadores de apoyo en la industria de la cerámica, vidrio y similares",tabla_comparativa_oficial_inegi
CMO,5460,"Ayudantes, peones y similares en la construcción",SINCO 2011,9221,Trabajadores de apoyo en la construcción,tabla_comparativa_oficial_inegi
CMO,5461,Cargadores y similares en la construcción,SINCO 2011,9222,Trabajadores de apoyo en plomería e instalación de tuberías,tabla_comparativa_oficial_inegi
CMO,5470,"Ayudantes, peones y similares en la generación de energía, la electrónica y las telecomunicaciones",SINCO 2011,9232,"Trabajadores de apoyo en la industria eléctrica, electrónica y comunicaciones",tabla_comparativa_oficial_inegi
CMO,5480,"Ayudantes, peones y similares en la fabricación de químicos, petroquímica, hule, caucho y plástico",SINCO 2011,9233,"Trabajadores de apoyo en la industria química, petroquímica y plásticos",tabla_comparativa_oficial_inegi
CMO,5481,"Cargadores, abastecedores, empacadores manuales y similares en la fabricación de químicos, petroquímica, hule, caucho y plástico",SINCO 2011,9233,"Trabajadores de apoyo en la industria química, petroquímica y plásticos",tabla_comparativa_oficial_inegi
CMO,5490,"Otros ayudantes, peones y similares no clasificados anteriormente",SINCO 2011,9239,"Trabajadores de apoyo en la industria, no clasificados anteriormente",tabla_comparativa_oficial_inegi
CMO,5491,"Otros cargadores, abastecedores, empacadores manuales y similares no clasificados anteriormente",SINCO 2011,9239,"Trabajadores de apoyo en la industria, no clasificados anteriormente",tabla_comparativa_oficial_inegi
CMO,5500,Conductores de maquinaria móvil agrícola y forestal,SINCO 2011,6311,Operadores de maquinaria agropecuaria y forestal,tabla_comparativa_oficial_inegi
CMO,5501,Conductores de maquinaria móvil para la construcción,SINCO 2011,8351,Conductores de maquinaria móvil para la construcción y minería,tabla_comparativa_oficial_inegi
CMO,5502,"Conductores de maquinaria móvil para el movimiento de mercancías en fábricas, puertos, comercios, etcétera",SINCO 2011,8352,"Conductores de maquinaria móvil para el movimiento de mercancías en fábricas, puertos, comercios, etcétera",tabla_comparativa_oficial_inegi
CMO,5510,"Conductores de transporte en vías férreas (tren, metro y tren ligero)",SINCO 2011,8331,"Conductores de transporte en vías férreas (tren, metro y tren ligero)",tabla_comparativa_oficial_inegi
CMO,5511,Ayudantes de conductores de transporte en vías férreas,SINCO 2011,9312,Ayudantes de conductores de transporte en vías férreas,tabla_comparativa_oficial_inegi
CMO,5520,"Conductores de autobuses, camiones, camionetas y automóviles de pasajeros",SINCO 2011,8342,"Conductores de autobuses, camiones, camionetas, taxis y automóviles de pasajeros",tabla_comparativa_oficial_inegi
CMO,5521,"Conductores de camiones, camionetas y automóviles de carga",SINCO 2011,8341,"Conductores de camiones, camionetas y automóviles de carga",tabla_comparativa_oficial_inegi
CMO,5522,Ayudantes de conductor,SINCO 2011,9311,Ayudantes de conductores de transporte terrestre con motor,tabla_comparativa_oficial_inegi
CMO,5529,Otros trabajadores que desempeñan una ocupación afín a las comprendidas en este subgrupo,SINCO 2011,8349,"Otros conductores de transporte terrestre con motor, no clasificados anteriormente",tabla_comparativa_oficial_inegi
CMO,5530,Conductores de transporte aéreo,SINCO 2011,8311,Pilotos de aviación,tabla_comparativa_oficial_inegi
CMO,5540,Conductores de transporte marítimo,SINCO 2011,8321,Capitanes y conductores de transporte marítimo,tabla_comparativa_oficial_inegi
CMO,5541,Oficiales maquinistas de transporte marítimo,SINCO 2011,8323,Oficiales maquinistas de transporte marítimo,tabla_comparativa_oficial_inegi
CMO,5542,Oficiales de cubierta,SINCO 2011,8322,Oficiales y marineros de cubierta y prácticos,tabla_comparativa_oficial_inegi
CMO,5543,"Lancheros, boteros y barqueros",SINCO 2011,8324,"Conductores de pequeñas embarcaciones (lanchas, botes, trajineras, etcétera)",tabla_comparativa_oficial_inegi
CMO,5549,Otros trabajadores que desempeñan una ocupación afín a las comprendidas en este subgrupo,SINCO 2011,8999,"Otros operadores de maquinaria industrial, ensambladores y conductores de transporte, no clasificados anteriormente",tabla_comparativa_oficial_inegi
CMO,5550,Conductores de vehículos de transporte de tracción humana,SINCO 2011,9321,Conductores de vehículos de transporte en bicicleta,tabla_comparativa_oficial_inegi
CMO,5551,"Conductores de transporte de tracción animal (carretas, arrieros)",SINCO 2011,9322,"Conductores de transporte de tracción animal (carretas, arrieros, etcétera)",tabla_comparativa_oficial_inegi
CMO,5590,Otros trabajadores que desempeñan una ocupación afín a las comprendidas en este subgrupo,SINCO 2011,8999,"Otros operadores de maquinaria industrial, ensambladores y conductores de transporte, no clasificados anteriormente",tabla_comparativa_oficial_inegi
CMO,6100,"Jefes de departamento, coordinadores y supervisores en servicios de salud y asistencia social",SINCO 2011,1521,"Coordinadores y jefes de área en servicios de salud, protección civil y medio ambiente",tabla_comparativa_oficial_inegi
CMO,6100,"Jefes de departamento, coordinadores y supervisores en servicios de salud y asistencia social",SINCO 2011,2524,"Inspectores en seguridad social, de precios y otros inspectores públicos",tabla_comparativa_oficial_inegi
CMO,6101,"Jefes de departamento, coordinadores y supervisores en servicios de educación",SINCO 2011,1523,Coordinadores y jefes de área en centros de enseñanza y capacitación,tabla_comparativa_oficial_inegi
CMO,6101,"Jefes de departamento, coordinadores y supervisores en servicios de educación",SINCO 2011,2311,Supervisores e inspectores educativos,tabla_comparativa_oficial_inegi
CMO,6102,"Jefes de departamento, coordinadores y supervisores en administración de justicia y procesos electorales",SINCO 2011,1524,"Coordinadores y jefes de área en servicios legales, jueces calificadores y fiscales",tabla_comparativa_oficial_inegi
CMO,6110,"Jefes de departamento, coordinadores y supervisores en contabilidad y finanzas",SINCO 2011,1512,"Coordinadores y jefes de área en servicios contables, financieros, banca y seguros",tabla_comparativa_oficial_inegi
CMO,6110,"Jefes de departamento, coordinadores y supervisores en contabilidad y finanzas",SINCO 2011,3101,"Supervisores de secretarias, capturistas, cajeros y trabajadores de control de archivo y transporte",tabla_comparativa_oficial_inegi
CMO,6111,"Jefes de departamento, coordinadores y supervisores en administración, recursos humanos, materiales, archivo y similares",SINCO 2011,1511,"Coordinadores y jefes de área en administración, recursos humanos y mercadotecnia",tabla_comparativa_oficial_inegi
CMO,6120,"Jefes de departamento, coordinadores y supervisores en comunicaciones",SINCO 2011,1622,Coordinadores y jefes de área en comunicación y telecomunicaciones,tabla_comparativa_oficial_inegi
CMO,6121,"Jefes de departamento, coordinadores y supervisores en la coordinación del transporte",SINCO 2011,1623,Coordinadores y jefes de área en servicios de transporte,tabla_comparativa_oficial_inegi
CMO,6121,"Jefes de departamento, coordinadores y supervisores en la coordinación del transporte",SINCO 2011,2661,Controladores de tráfico aéreo,tabla_comparativa_oficial_inegi
CMO,6121,"Jefes de departamento, coordinadores y supervisores en la coordinación del transporte",SINCO 2011,2662,"Controladores de tráfico de otros transportes (terrestre, ferroviario y marítimo)",tabla_comparativa_oficial_inegi
CMO,6121,"Jefes de departamento, coordinadores y supervisores en la coordinación del transporte",SINCO 2011,8301,Supervisores de conductores de transporte y de maquinaria móvil,tabla_comparativa_oficial_inegi
CMO,6130,"Jefes de departamento, coordinadores y supervisores en servicios estadísticos e informáticos",SINCO 2011,1621,Coordinadores y jefes de área en informática,tabla_comparativa_oficial_inegi
CMO,6130,"Jefes de departamento, coordinadores y supervisores en servicios estadísticos e informáticos",SINCO 2011,3201,Supervisores de trabajadores que brindan y manejan información,tabla_comparativa_oficial_inegi
CMO,6132,"Jefes de departamento, coordinadores y supervisores en investigaciones sociales (historia, sociología, sicología, trabajo social, etcétera)",SINCO 2011,1522,Coordinadores y jefes de área en desarrollo social y económico,tabla_comparativa_oficial_inegi
CMO,6133,"Jefes de departamento, coordinadores y supervisores en otros servicios Especializados",SINCO 2011,1629,"Otros coordinadores y jefes de área en informática, telecomunicaciones, transporte y en investigación y desarrollo tecnológico, no clasificados anteriormente",tabla_comparativa_oficial_inegi
CMO,6140,"Jefes de departamento, coordinadores y supervisores en servicios de infraestructura (agua, luz, caminos, etcétera)",SINCO 2011,2523,Agentes de recaudación tributaria y de licencias,tabla_comparativa_oficial_inegi
CMO,6150,"Jefes de departamento, coordinadores y supervisores en servicios culturales y de esparcimiento",SINCO 2011,1721,"Coordinadores y jefes de área en actividades artísticas, de cine, teatro y afines",tabla_comparativa_oficial_inegi
CMO,6150,"Jefes de departamento, coordinadores y supervisores en servicios culturales y de esparcimiento",SINCO 2011,1722,"Coordinadores y jefes de área en museos, cines, deportivos y servicios culturales",tabla_comparativa_oficial_inegi
CMO,6160,"Jefes de departamento, coordinadores y supervisores en servicios de restaurante, hospedaje y comercio",SINCO 2011,1711,"Coordinadores y jefes de área de ventas, comercialización y alquiler",tabla_comparativa_oficial_inegi
CMO,6160,"Jefes de departamento, coordinadores y supervisores en servicios de restaurante, hospedaje y comercio",SINCO 2011,1712,Coordinadores y jefes de área de restaurantes y hoteles,tabla_comparativa_oficial_inegi
CMO,6170,"Jefes de departamento, coordinadores y supervisores en servicios agropecuarios, pesqueros y forestales",SINCO 2011,1611,"Coordinadores y jefes de área en producción agropecuaria, silvícola y pesquera",tabla_comparativa_oficial_inegi
CMO,6180,"Otros jefes de departamento, coordinadores y supervisores en actividades no clasificadas anteriormente",SINCO 2011,1723,Coordinadores y jefes de área en servicios funerarios y otros servicios,tabla_comparativa_oficial_inegi
CMO,6180,"Otros jefes de departamento, coordinadores y supervisores en actividades no clasificadas anteriormente",SINCO 2011,5201,Supervisores y encargados de trabajadores en cuidados personales y del hogar,tabla_comparativa_oficial_inegi
CMO,6180,"Otros jefes de departamento, coordinadores y supervisores en actividades no clasificadas anteriormente",SINCO 2011,9601,"Supervisores en limpieza, amas de llaves, mayordomos y en estacionamientos",tabla_comparativa_oficial_inegi
CMO,6190,Otros trabajadores que desempeñan una ocupación afín a las comprendidas en este grupo,SINCO 2011,1624,Coordinadores y jefes de área en centros de investigación y desarrollo tecnológico,tabla_comparativa_oficial_inegi
CMO,6200,Secretarias,SINCO 2011,3111,Secretarias,tabla_comparativa_oficial_inegi
CMO,6201,"Mecanógrafos, taquígrafos, estenógrafos y escribanos",SINCO 2011,3112,"Taquígrafos, mecanógrafos y similares",tabla_comparativa_oficial_inegi
CMO,6202,Capturistas de datos,SINCO 2011,3113,Capturistas de datos,tabla_comparativa_oficial_inegi
CMO,6203,"Operadores de máquinas de oficina (copiadora, mimeógrafo, telex, etcétera)",SINCO 2011,3114,"Operadores de máquinas de oficina (fotocopiadora, etcétera)",tabla_comparativa_oficial_inegi
CMO,6209,Otros trabajadores que desempeñan una ocupación afín a las comprendidas en este grupo,SINCO 2011,3999,"Otras secretarias, capturistas, cajeros y trabajadores que brindan información, no clasificados anteriormente",tabla_comparativa_oficial_inegi
CMO,6210,"Cajeros, pagadores y cobradores",SINCO 2011,3121,"Cajeros, taquilleros y receptores de apuestas",tabla_comparativa_oficial_inegi
CMO,6210,"Cajeros, pagadores y cobradores",SINCO 2011,3122,"Cobradores, pagadores y prestamistas",tabla_comparativa_oficial_inegi
CMO,6211,Taquilleros y empleados de ventanilla,SINCO 2011,3121,"Cajeros, taquilleros y receptores de apuestas",tabla_comparativa_oficial_inegi
CMO,6219,Otros trabajadores que desempeñan una ocupación afín a las comprendidas en este grupo,SINCO 2011,3999,"Otras secretarias, capturistas, cajeros y trabajadores que brindan información, no clasificados anteriormente",tabla_comparativa_oficial_inegi
CMO,6220,Trabajadores en archivo y correspondencia,SINCO 2011,3131,Trabajadores en archivo y correspondencia,tabla_comparativa_oficial_inegi
CMO,6221,Trabajadores en control de almacenes y bodegas,SINCO 2011,3132,Encargados y trabajadores en control de almacén y bodega,tabla_comparativa_oficial_inegi
CMO,6229,Otros trabajadores que desempeñan una ocupación afín a las comprendidas en este grupo,SINCO 2011,3999,"Otras secretarias, capturistas, cajeros y trabajadores que brindan información, no clasificados anteriormente",tabla_comparativa_oficial_inegi
CMO,6230,Recepcionistas y otros trabajadores que brindan información,SINCO 2011,3211,Recepcionistas y trabajadores que brindan información (de forma personal),tabla_comparativa_oficial_inegi
CMO,6230,Recepcionistas y otros trabajadores que brindan información,SINCO 2011,3212,Trabajadores que brindan información por teléfono (centro de llamadas) y anunciadores,tabla_comparativa_oficial_inegi
CMO,6230,Recepcionistas y otros trabajadores que brindan información,SINCO 2011,4232,Edecanes,tabla_comparativa_oficial_inegi
CMO,6231,Trabajadores en agencias de viajes,SINCO 2011,3221,Trabajadores en agencias de viajes,tabla_comparativa_oficial_inegi
CMO,6232,"Encuestadores, codificadores, verificadores y similares",SINCO 2011,3231,Encuestadores,tabla_comparativa_oficial_inegi
CMO,6232,"Encuestadores, codificadores, verificadores y similares",SINCO 2011,3232,Codificadores de información,tabla_comparativa_oficial_inegi
CMO,6239,Otros trabajadores que desempeñan una ocupación afín a las comprendidas en este grupo,SINCO 2011,3999,"Otras secretarias, capturistas, cajeros y trabajadores que brindan información, no clasificados anteriormente",tabla_comparativa_oficial_inegi
CMO,6240,Telefonistas,SINCO 2011,3213,Telefonistas y telegrafistas,tabla_comparativa_oficial_inegi
CMO,6241,Telegrafistas,SINCO 2011,3213,Telefonistas y telegrafistas,tabla_comparativa_oficial_inegi
CMO,6249,Otros trabajadores que desempeñan una ocupación afín a las comprendidas en este grupo,SINCO 2011,3999,"Otras secretarias, capturistas, cajeros y trabajadores que brindan información, no clasificados anteriormente",tabla_comparativa_oficial_inegi
CMO,6250,Carteros,SINCO 2011,9721,Carteros (a pie y en bicicleta),tabla_comparativa_oficial_inegi
CMO,6251,Trabajadores en servicios de mensajería en general,SINCO 2011,9722,Repartidores de mensajería (a pie y en bicicleta) y mandaderos,tabla_comparativa_oficial_inegi
CMO,6259,Otros trabajadores que desempeñan una ocupación afín a las comprendidas en este grupo,SINCO 2011,3999,"Otras secretarias, capturistas, cajeros y trabajadores que brindan información, no clasificados anteriormente",tabla_comparativa_oficial_inegi
CMO,6260,"Despachadores, checadores y similares en la operación del transporte",SINCO 2011,3141,Despachadores de transporte,tabla_comparativa_oficial_inegi
CMO,6260,"Despachadores, checadores y similares en la operación del transporte",SINCO 2011,3142,Checadores y revisores de transporte,tabla_comparativa_oficial_inegi
CMO,6270,Otros trabajadores en servicios administrativos no clasificados anteriormente,SINCO 2011,3115,Trabajadores de apoyo en actividades administrativas diversas,tabla_comparativa_oficial_inegi
CMO,6270,Otros trabajadores en servicios administrativos no clasificados anteriormente,SINCO 2011,9731,Lecturistas de medidores,tabla_comparativa_oficial_inegi
CMO,6270,Otros trabajadores en servicios administrativos no clasificados anteriormente,SINCO 2011,9732,Recolectores de dinero,tabla_comparativa_oficial_inegi
CMO,7100,Comerciantes en establecimientos,SINCO 2011,4111,Comerciantes en establecimientos,tabla_comparativa_oficial_inegi
CMO,7110,Encargados y responsables de comercio,SINCO 2011,4201,Encargados y supervisores de ventas de productos y de servicios financieros y de alquiler,tabla_comparativa_oficial_inegi
CMO,7111,Despachadores y dependientes de comercio,SINCO 2011,4211,"Empleados de ventas, despachadores y dependientes en comercios",tabla_comparativa_oficial_inegi
CMO,7111,Despachadores y dependientes de comercio,SINCO 2011,4212,"Anaqueleros, acomodadores y seleccionadores de mercancías y alimentadores de máquinas expendedoras",tabla_comparativa_oficial_inegi
CMO,7111,Despachadores y dependientes de comercio,SINCO 2011,4213,Vendedores por teléfono,tabla_comparativa_oficial_inegi
CMO,7111,Despachadores y dependientes de comercio,SINCO 2011,4214,Choferes vendedores,tabla_comparativa_oficial_inegi
CMO,7120,Demostradores,SINCO 2011,4231,Demostradores y promotores,tabla_comparativa_oficial_inegi
CMO,7121,Repartidores,SINCO 2011,8344,Conductores de motocicleta,tabla_comparativa_oficial_inegi
CMO,7121,Repartidores,SINCO 2011,9723,Repartidores de mercancías (a pie y en bicicleta),tabla_comparativa_oficial_inegi
CMO,7130,"Agentes, representantes, distribuidores y proveedores de ventas",SINCO 2011,4221,Agentes y representantes de ventas y consignatarios,tabla_comparativa_oficial_inegi
CMO,7131,"Agentes de bienes raíces y trabajadores en el servicio de arrendamiento de bienes inmuebles (casas, edificios, oficinas, etcétera)",SINCO 2011,4223,Agentes de bienes raíces,tabla_comparativa_oficial_inegi
CMO,7131,"Agentes de bienes raíces y trabajadores en el servicio de arrendamiento de bienes inmuebles (casas, edificios, oficinas, etcétera)",SINCO 2011,4311,"Trabajadores en el alquiler inmobiliario (casas, terrenos, etcétera)",tabla_comparativa_oficial_inegi
CMO,7132,"Agentes de acciones, bonos y valores",SINCO 2011,2513,Tramitadores aduanales,tabla_comparativa_oficial_inegi
CMO,7133,Agente de seguros,SINCO 2011,4222,Agentes de seguros y servicios financieros (ejecutivos de cuenta),tabla_comparativa_oficial_inegi
CMO,7134,Valuadores,SINCO 2011,2514,"Valuadores, subastadores y rematadores",tabla_comparativa_oficial_inegi
CMO,7135,Subastadores y rematadores,SINCO 2011,2514,"Valuadores, subastadores y rematadores",tabla_comparativa_oficial_inegi
CMO,7139,Otros trabajadores que desempeñan una ocupación afín a las comprendidas en este grupo,SINCO 2011,4999,"Otros comerciantes, empleados en ventas y agentes de ventas en establecimientos, no clasificados anteriormente",tabla_comparativa_oficial_inegi
CMO,7190,Otros trabajadores que desempeñan una ocupación afín a las comprendidas en este grupo,SINCO 2011,4999,"Otros comerciantes, empleados en ventas y agentes de ventas en establecimientos, no clasificados anteriormente",tabla_comparativa_oficial_inegi
CMO,7200,Vendedores ambulantes de periódicos y lotería,SINCO 2011,9511,Vendedores ambulantes de periódicos y lotería,tabla_comparativa_oficial_inegi
CMO,7201,Vendedores ambulantes de artículos diversos,SINCO 2011,4224,Vendedores por catálogo,tabla_comparativa_oficial_inegi
CMO,7201,Vendedores ambulantes de artículos diversos,SINCO 2011,9512,Vendedores ambulantes de artículos diversos (excluyendo los de venta de alimentos),tabla_comparativa_oficial_inegi
CMO,7201,Vendedores ambulantes de artículos diversos,SINCO 2011,9661,Recolectores de basura y material reciclable,tabla_comparativa_oficial_inegi
CMO,7201,Vendedores ambulantes de artículos diversos,SINCO 2011,9663,Recolectores de otros materiales,tabla_comparativa_oficial_inegi
CMO,7209,Otros trabajadores que desempeñan una ocupación afín a las comprendidas en este grupo,SINCO 2011,9512,Vendedores ambulantes de artículos diversos (excluyendo los de venta de alimentos),tabla_comparativa_oficial_inegi
CMO,7210,Vendedores y preparadores de alimentos en la vía pública,SINCO 2011,9521,Preparadores y vendedores ambulantes de alimentos,tabla_comparativa_oficial_inegi
CMO,7211,Limpiadores de calzado,SINCO 2011,9624,Limpiadores de calzado,tabla_comparativa_oficial_inegi
CMO,7212,Lavadores y cuidadores de coches sin establecimiento,SINCO 2011,9632,Lavadores de vehículos en vía pública,tabla_comparativa_oficial_inegi
CMO,7212,Lavadores y cuidadores de coches sin establecimiento,SINCO 2011,9634,Cuidadores de autos por propina,tabla_comparativa_oficial_inegi
CMO,7213,"Payasos, malabaristas y similares que se presentan en la vía pública",SINCO 2011,2553,"Payasos, mimos y cirqueros",tabla_comparativa_oficial_inegi
CMO,7219,Otros trabajadores que desempeñan una ocupación afín a las comprendidas en este subgrupo,SINCO 2011,9332,Cargadores por propina,tabla_comparativa_oficial_inegi
CMO,7290,Otros trabajadores que desempeñan una ocupación afín a las comprendidas en este grupo,SINCO 2011,9899,"Otros trabajadores en actividades elementales y de apoyo, no clasificados anteriormente",tabla_comparativa_oficial_inegi
CMO,8100,Fonderos (preparan y sirven alimentos) en establecimientos,SINCO 2011,5112,"Fonderos, vendedores y comerciantes de comida",tabla_comparativa_oficial_inegi
CMO,8100,Fonderos (preparan y sirven alimentos) en establecimientos,SINCO 2011,5114,"Taqueros y preparadores de comida rápida, antojitos, pizzas, hot dogs, jugos, café, etcétera",tabla_comparativa_oficial_inegi
CMO,8101,"Cantineros, meseros y camareros",SINCO 2011,5115,Cantineros,tabla_comparativa_oficial_inegi
CMO,8101,"Cantineros, meseros y camareros",SINCO 2011,5116,Meseros,tabla_comparativa_oficial_inegi
CMO,8102,Azafatas y sobrecargos,SINCO 2011,5231,Azafatas y sobrecargos,tabla_comparativa_oficial_inegi
CMO,8109,Otros trabajadores que desempeñan una ocupación afín a las comprendidas en este grupo,SINCO 2011,5999,"Otras ocupaciones en servicios personales y vigilancia, no clasificadas anteriormente",tabla_comparativa_oficial_inegi
CMO,8110,Lavanderos,SINCO 2011,9641,Lavanderos en establecimientos,tabla_comparativa_oficial_inegi
CMO,8111,Tintoreros y planchadores,SINCO 2011,9642,Planchadores y tintoreros en establecimientos,tabla_comparativa_oficial_inegi
CMO,8119,Otros trabajadores que desempeñan una ocupación afín a las comprendidas en este grupo,SINCO 2011,5999,"Otras ocupaciones en servicios personales y vigilancia, no clasificadas anteriormente",tabla_comparativa_oficial_inegi
CMO,8120,Porteros y conserjes en establecimiento,SINCO 2011,5313,Vigilantes y guardias en establecimientos,tabla_comparativa_oficial_inegi
CMO,8121,Ascensoristas y elevadoristas,SINCO 2011,9733,Elevadoristas y ascensoristas,tabla_comparativa_oficial_inegi
CMO,8122,"Maleteros, equipajeros y empleados de paquetería y guardarropa",SINCO 2011,9711,"Trabajadores de paquetería, maleteros y botones de hotel",tabla_comparativa_oficial_inegi
CMO,8122,"Maleteros, equipajeros y empleados de paquetería y guardarropa",SINCO 2011,9712,Empacadores de objetos y mercancías,tabla_comparativa_oficial_inegi
CMO,8123,"Mozos de hotel, botones y similares",SINCO 2011,9622,Recamaristas y camaristas,tabla_comparativa_oficial_inegi
CMO,8123,"Mozos de hotel, botones y similares",SINCO 2011,9623,Mozos de hotel y restaurante,tabla_comparativa_oficial_inegi
CMO,8124,"Trabajadores de aseo en oficinas, escuelas, hospitales y otros establecimientos",SINCO 2011,9621,Barrenderos y trabajadores de limpieza (excepto en hoteles y restaurantes),tabla_comparativa_oficial_inegi
CMO,8124,"Trabajadores de aseo en oficinas, escuelas, hospitales y otros establecimientos",SINCO 2011,9631,Lavadores de vehículos en establecimientos,tabla_comparativa_oficial_inegi
CMO,8124,"Trabajadores de aseo en oficinas, escuelas, hospitales y otros establecimientos",SINCO 2011,9662,Clasificadores de desechos,tabla_comparativa_oficial_inegi
CMO,8125,Jardineros,SINCO 2011,5241,Jardineros en establecimientos,tabla_comparativa_oficial_inegi
CMO,8125,Jardineros,SINCO 2011,9651,Ayudantes de jardineros,tabla_comparativa_oficial_inegi
CMO,8126,Cargadores y descargadores de mercancías,SINCO 2011,9331,Cargadores,tabla_comparativa_oficial_inegi
CMO,8129,Otros trabajadores que desempeñan una ocupación afín a las comprendidas en este grupo,SINCO 2011,5999,"Otras ocupaciones en servicios personales y vigilancia, no clasificadas anteriormente",tabla_comparativa_oficial_inegi
CMO,8130,"Peluqueros, barberos, estilistas y peinadores",SINCO 2011,5211,"Peluqueros, barberos, estilistas y peinadores",tabla_comparativa_oficial_inegi
CMO,8131,"Maquillistas, manicuristas y pedicuristas",SINCO 2011,5212,"Maquillistas, manicuristas, pedicuristas y tatuadores",tabla_comparativa_oficial_inegi
CMO,8132,Bañeros y masajistas,SINCO 2011,5213,Bañeros y masajistas,tabla_comparativa_oficial_inegi
CMO,8139,Otros trabajadores que desempeñan una ocupación afín a las comprendidas en este grupo,SINCO 2011,5999,"Otras ocupaciones en servicios personales y vigilancia, no clasificadas anteriormente",tabla_comparativa_oficial_inegi
CMO,8140,"Trabajadores en servicios de alquiler de bienes muebles (autos, vajillas, maquinaria, etcétera",SINCO 2011,4312,"Trabajadores en el alquiler de bienes muebles (loza, películas, video juegos, etcétera)",tabla_comparativa_oficial_inegi
CMO,8150,"Trabajadores de apoyo para la realización de espectáculos, turismo y deporte",SINCO 2011,3222,"Guías de turismo en museos, casinos, parques, cines y otros centros recreativos",tabla_comparativa_oficial_inegi
CMO,8150,"Trabajadores de apoyo para la realización de espectáculos, turismo y deporte",SINCO 2011,4233,"Modelos de moda, arte y publicidad",tabla_comparativa_oficial_inegi
CMO,8150,"Trabajadores de apoyo para la realización de espectáculos, turismo y deporte",SINCO 2011,5251,"Astrólogos, adivinadores y afines",tabla_comparativa_oficial_inegi
CMO,8150,"Trabajadores de apoyo para la realización de espectáculos, turismo y deporte",SINCO 2011,5254,Entrenadores de animales y ocupaciones relacionadas con el cuidado de mascotas,tabla_comparativa_oficial_inegi
CMO,8150,"Trabajadores de apoyo para la realización de espectáculos, turismo y deporte",SINCO 2011,9713,"Trabajadores de apoyo a la realización de espectáculos, deportes y en parques de diversiones",tabla_comparativa_oficial_inegi
CMO,8151,Trabajadores en cuidados personales y asistenciales (no se incluye a las enfermeras),SINCO 2011,5221,"Cuidadores de niños, personas con discapacidad y ancianos en establecimientos",tabla_comparativa_oficial_inegi
CMO,8152,Trabajadores dedicados a la prostitución,SINCO 2011,5252,Trabajadores dedicados a la prostitución,tabla_comparativa_oficial_inegi
CMO,8159,Otros trabajadores que desempeñan una ocupación afín a las comprendidas en este grupo,SINCO 2011,5999,"Otras ocupaciones en servicios personales y vigilancia, no clasificadas anteriormente",tabla_comparativa_oficial_inegi
CMO,8160,Trabajadores en servicios funerarios y en panteones,SINCO 2011,5253,Trabajadores en servicios funerarios,tabla_comparativa_oficial_inegi
CMO,8190,Otros trabajadores que desempeñan una ocupación afín a las comprendidas en este grupo,SINCO 2011,5999,"Otras ocupaciones en servicios personales y vigilancia, no clasificadas anteriormente",tabla_comparativa_oficial_inegi
CMO,8200,Trabajadores en servicios domésticos,SINCO 2011,5113,Cocineros domésticos,tabla_comparativa_oficial_inegi
CMO,8200,Trabajadores en servicios domésticos,SINCO 2011,9611,Trabajadores domésticos,tabla_comparativa_oficial_inegi
CMO,8200,Trabajadores en servicios domésticos,SINCO 2011,9643,Lavanderos y planchadores domésticos,tabla_comparativa_oficial_inegi
CMO,8201,"Personas dedicadas al cuidado de ancianos, enfermos y niños en casas particulares, excepto enfermeras",SINCO 2011,5222,"Cuidadores de niños, personas con discapacidad y ancianos en casas particulares",tabla_comparativa_oficial_inegi
CMO,8202,Choferes en casas particulares,SINCO 2011,8343,Choferes en casas particulares,tabla_comparativa_oficial_inegi
CMO,8203,Jardineros en casas particulares,SINCO 2011,5242,Jardineros en casas particulares,tabla_comparativa_oficial_inegi
CMO,8204,Vigilantes y porteros en casas particulares,SINCO 2011,5314,Vigilantes y porteros en casas particulares,tabla_comparativa_oficial_inegi
CMO,8209,Otros trabajadores que desempeñan una ocupación afín a las comprendidas en este grupo,SINCO 2011,9611,Trabajadores domésticos,tabla_comparativa_oficial_inegi
CMO,8300,Bomberos (contra incendio),SINCO 2011,5311,Bomberos,tabla_comparativa_oficial_inegi
CMO,8301,Policías y agentes de tránsito,SINCO 2011,1526,Coordinadores y jefes de área en servicios de vigilancia y seguridad,tabla_comparativa_oficial_inegi
CMO,8301,Policías y agentes de tránsito,SINCO 2011,5301,Supervisores en servicios de protección y vigilancia,tabla_comparativa_oficial_inegi
CMO,8301,Policías y agentes de tránsito,SINCO 2011,5312,Policías y agentes de tránsito,tabla_comparativa_oficial_inegi
CMO,8302,Detectives,SINCO 2011,2521,Oficiales del ministerio público y detectives,tabla_comparativa_oficial_inegi
CMO,8303,Vigilantes y guardias,SINCO 2011,5313,Vigilantes y guardias en establecimientos,tabla_comparativa_oficial_inegi
CMO,8303,Vigilantes y guardias,SINCO 2011,9633,Cuidadores y acomodadores de autos en estacionamientos,tabla_comparativa_oficial_inegi
CMO,8304,Personal de aduanas y migración,SINCO 2011,2522,Agentes aduanales y fronterizos,tabla_comparativa_oficial_inegi
CMO,8309,Otros trabajadores que desempeñan una ocupación afín a las comprendidas en este grupo,SINCO 2011,5999,"Otras ocupaciones en servicios personales y vigilancia, no clasificadas anteriormente",tabla_comparativa_oficial_inegi
CMO,8310,Trabajadores de la fuerza armada aérea,SINCO 2011,5401,Supervisores de las fuerzas armadas,tabla_comparativa_oficial_inegi
CMO,8310,Trabajadores de la fuerza armada aérea,SINCO 2011,5411,Trabajadores de la fuerza armada aérea,tabla_comparativa_oficial_inegi
CMO,8311,Trabajadores de la fuerza armada marítima,SINCO 2011,5401,Supervisores de las fuerzas armadas,tabla_comparativa_oficial_inegi
CMO,8311,Trabajadores de la fuerza armada marítima,SINCO 2011,5412,Trabajadores de la fuerza armada marítima,tabla_comparativa_oficial_inegi
CMO,8312,Trabajadores de la fuerza armada terrestre,SINCO 2011,1525,"Capitanes, tenientes y jefes de área de las fuerzas armadas",tabla_comparativa_oficial_inegi
CMO,8312,Trabajadores de la fuerza armada terrestre,SINCO 2011,5401,Supervisores de las fuerzas armadas,tabla_comparativa_oficial_inegi
CMO,8312,Trabajadores de la fuerza armada terrestre,SINCO 2011,5413,Trabajadores de la fuerza armada terrestre,tabla_comparativa_oficial_inegi
CMO,8319,Otros trabajadores que desempeñan una ocupación afín a las comprendidas en este grupo,SINCO 2011,5999,"Otras ocupaciones en servicios personales y vigilancia, no clasificadas anteriormente",tabla_comparativa_oficial_inegi
CMO,8390,Otros trabajadores que desempeñan una ocupación afín a las comprendidas en este grupo,SINCO 2011,5999,"Otras ocupaciones en servicios personales y vigilancia, no clasificadas anteriormente",tabla_comparativa_oficial_inegi
CMO,9999,Ocupaciones no especificadas,SINCO 2011,9999,Ocupaciones no especificadas,tabla_comparativa_oficial_inegi
