cmo,aux,old_value,new_value,n,w1,w2,old_official,forward,unique_forward,reverse,unique_reverse,train_n,validation_n,train_forward,validation_forward,train_reverse,validation_reverse,train_unique_forward,validation_unique_forward,train_unique_reverse,validation_unique_reverse,feature,passes,rescata_original,motivo
7201,46,3,3,433,119472,122419,TRUE,0.44503548080683913,TRUE,1,TRUE,214,219,0.4151826063064431,0.4767579445571332,1,1,FALSE,TRUE,TRUE,TRUE,p4a2,FALSE,TRUE,sin_mayoria_reciproca_estable
5141,33,2,7,113,29871,30439,TRUE,0.5365341092790171,TRUE,1,TRUE,59,54,0.5993274515475846,0.4745520736669284,1,1,TRUE,TRUE,TRUE,TRUE,p4a2,FALSE,FALSE,sin_mayoria_reciproca_estable
5141,33,2,8,48,8964,8771,TRUE,0.16100872938894278,FALSE,1,TRUE,24,24,0.16647382123228233,0.15561424798343923,1,1,FALSE,FALSE,TRUE,TRUE,p4a2,FALSE,FALSE,sin_mayoria_reciproca_estable
7201,46,3,6,87,28620,28078,TRUE,0.10661004637648767,FALSE,1,TRUE,43,44,0.10191391365335531,0.11160028274632737,1,1,FALSE,FALSE,TRUE,TRUE,p4a2,FALSE,FALSE,sin_mayoria_reciproca_estable
1204,33,2,1,5,1227,1227,TRUE,0.07920216886134779,FALSE,1,TRUE,2,3,0.04720194647201947,0.1422273337166954,1,1,FALSE,FALSE,TRUE,TRUE,p4a2,FALSE,FALSE,muestra_insuficiente
1230,54,2,3,1,102,103,TRUE,0.07234042553191489,FALSE,1,TRUE,NA,1,NA,0.09156193895870736,NA,1,NA,FALSE,NA,TRUE,p4a2,FALSE,FALSE,muestra_insuficiente
1230,54,2,2,4,1308,1136,TRUE,0.9276595744680851,TRUE,1,TRUE,2,2,1,0.9084380610412927,1,1,TRUE,TRUE,TRUE,TRUE,p4a2,FALSE,TRUE,muestra_insuficiente
6101,61,1,1,32,9097,9144,TRUE,0.7134342404517293,TRUE,0.9858760107816712,TRUE,13,19,0.43425995492111197,0.9135586374040663,0.9862837548221175,0.9857389801210026,FALSE,TRUE,TRUE,TRUE,p4a2,FALSE,TRUE,sin_mayoria_reciproca_estable
1204,33,2,2,23,4533,4550,TRUE,0.2926026336173509,FALSE,1,TRUE,12,11,0.2620924574209246,0.35269311865056546,1,1,FALSE,TRUE,TRUE,TRUE,p4a2,FALSE,TRUE,sin_mayoria_reciproca_estable
6101,93,1,2,72,15935,17547,TRUE,0.5303711100016641,TRUE,1,TRUE,32,40,0.46776252792850304,0.575172728830012,1,1,TRUE,TRUE,TRUE,TRUE,p4a2,FALSE,FALSE,sin_mayoria_reciproca_estable
1230,61,2,2,4,1118,1147,TRUE,0.5771812080536913,TRUE,1,TRUE,2,2,1,0.4678362573099415,1,1,TRUE,FALSE,TRUE,TRUE,p4a2,FALSE,TRUE,muestra_insuficiente
7201,46,3,11,318,108046,108011,TRUE,0.40247341267624,FALSE,1,TRUE,158,160,0.4411401054207067,0.3613851496711537,1,1,TRUE,FALSE,TRUE,TRUE,p4a2,FALSE,FALSE,sin_mayoria_reciproca_estable
5100,72,1,1,1,197,199,TRUE,0.07623839009287926,FALSE,1,TRUE,1,NA,0.1177525403466826,NA,1,NA,FALSE,NA,TRUE,NA,p4a2,FALSE,TRUE,muestra_insuficiente
2125,62,2,1,2,209,213,TRUE,1,TRUE,1,TRUE,NA,2,NA,1,NA,1,NA,TRUE,NA,TRUE,p4a2,FALSE,FALSE,muestra_insuficiente
1204,33,2,8,25,8390,8492,TRUE,0.5415698424993545,TRUE,1,TRUE,17,8,0.6389294403892944,0.34981790300939236,1,1,TRUE,FALSE,TRUE,TRUE,p4a2,FALSE,FALSE,sin_mayoria_reciproca_estable
8150,81,6,6,2,220,249,TRUE,0.12249443207126949,FALSE,1,TRUE,1,1,0.1276595744680851,0.11789473684210526,1,1,FALSE,FALSE,TRUE,TRUE,p4a2,FALSE,TRUE,muestra_insuficiente
6101,61,1,2,7,610,731,TRUE,0.04783938514626304,FALSE,0.41581342434584756,FALSE,6,1,0.0978587528174305,0.011983304160495489,0.3849502487562189,0.7466666666666667,FALSE,FALSE,FALSE,TRUE,p4a2,FALSE,FALSE,muestra_insuficiente
5141,33,2,10,8,3108,3139,TRUE,0.055824981140209076,FALSE,1,TRUE,1,7,0.003073474110500434,0.10789492469126989,1,1,FALSE,FALSE,TRUE,TRUE,p4a2,FALSE,FALSE,muestra_insuficiente
2121,46,2,2,2,284,290,TRUE,0.5378787878787878,TRUE,0.47854785478547857,FALSE,1,1,0.5205992509363296,0.5555555555555556,1,0.3174946004319654,TRUE,TRUE,TRUE,FALSE,p4a2,FALSE,TRUE,muestra_insuficiente
6180,56,2,2,3,465,475,TRUE,1,TRUE,1,TRUE,1,2,1,1,1,1,TRUE,TRUE,TRUE,TRUE,p4a2,FALSE,TRUE,muestra_insuficiente
1204,32,2,8,12,4698,4805,TRUE,0.7874622862889709,TRUE,1,TRUE,6,6,0.6791699920191541,0.8658959537572254,1,1,TRUE,TRUE,TRUE,TRUE,p4a2,TRUE,FALSE,candidato_estadistico_no_aprobado_semanticamente
5380,93,8,7,4,1685,1680,TRUE,1,TRUE,1,TRUE,2,2,1,1,1,1,TRUE,TRUE,TRUE,TRUE,p4a2,FALSE,FALSE,muestra_insuficiente
5141,33,2,1,26,7086,7458,TRUE,0.12727664619032222,FALSE,1,TRUE,13,13,0.11476713913798091,0.13962452708972803,1,1,FALSE,FALSE,TRUE,TRUE,p4a2,FALSE,FALSE,sin_mayoria_reciproca_estable
5100,31,1,1,3,572,588,TRUE,0.16507936507936508,FALSE,1,TRUE,1,2,0.13289401427786932,0.20072992700729927,1,1,FALSE,FALSE,TRUE,TRUE,p4a2,FALSE,TRUE,muestra_insuficiente
1204,32,2,2,4,1075,990,TRUE,0.1801877304726785,FALSE,1,TRUE,2,2,0.320830007980846,0.07832369942196532,1,1,FALSE,FALSE,TRUE,TRUE,p4a2,FALSE,TRUE,muestra_insuficiente
1204,33,2,7,4,636,610,TRUE,0.041053446940356314,FALSE,1,TRUE,2,2,0.04068126520681265,0.04178646731838221,1,1,FALSE,FALSE,TRUE,TRUE,p4a2,FALSE,FALSE,muestra_insuficiente
5170,33,1,10,2,321,322,TRUE,0.6743697478991597,TRUE,1,TRUE,2,NA,0.6743697478991597,NA,1,NA,TRUE,NA,TRUE,NA,p4a2,FALSE,FALSE,muestra_insuficiente
6121,48,1,3,2,497,490,TRUE,0.15468409586056645,FALSE,0.7941653160453809,TRUE,NA,2,NA,0.17444717444717445,NA,0.8521739130434782,NA,FALSE,NA,TRUE,p4a2,FALSE,FALSE,muestra_insuficiente
8150,71,4,13,3,471,629,TRUE,0.13926670609107036,FALSE,1,TRUE,1,2,0.09283387622149837,0.1495664739884393,1,1,FALSE,FALSE,TRUE,TRUE,p4a2,FALSE,FALSE,muestra_insuficiente
7121,46,8,10,6,2851,2830,TRUE,0.9280598958333334,TRUE,1,TRUE,4,2,0.9845384265575261,0.7857961053837342,1,1,TRUE,TRUE,TRUE,TRUE,p4a2,FALSE,FALSE,muestra_insuficiente
5141,32,2,7,1,211,207,TRUE,0.12642300778909527,FALSE,1,TRUE,1,NA,0.6098265895953757,NA,1,NA,TRUE,NA,TRUE,NA,p4a2,FALSE,FALSE,muestra_insuficiente
6110,93,1,7,3,504,504,TRUE,0.039603960396039604,FALSE,1,TRUE,1,2,0.012142514778718645,0.0661821555589918,1,1,FALSE,FALSE,TRUE,TRUE,p4a2,FALSE,FALSE,muestra_insuficiente
1204,22,2,8,2,437,432,TRUE,0.21400587659157688,FALSE,1,TRUE,1,1,0.5656108597285068,0.171334431630972,1,1,TRUE,FALSE,TRUE,TRUE,p4a2,FALSE,FALSE,muestra_insuficiente
4109,11,13,13,10,1930,1890,TRUE,0.24353312302839117,FALSE,1,TRUE,9,1,0.5287157287157287,0.02197309417040359,1,1,TRUE,FALSE,TRUE,TRUE,p4a2,FALSE,TRUE,muestra_insuficiente
4109,11,13,10,10,2694,2719,TRUE,0.33993690851735014,FALSE,1,TRUE,3,7,0.11515151515151516,0.5145739910313901,1,1,FALSE,TRUE,TRUE,TRUE,p4a2,FALSE,FALSE,muestra_insuficiente
1250,33,3,3,1,628,506,TRUE,1,TRUE,1,TRUE,NA,1,NA,1,NA,1,NA,TRUE,NA,TRUE,p4a2,FALSE,TRUE,muestra_insuficiente
5380,98,8,10,1,467,487,TRUE,1,TRUE,1,TRUE,NA,1,NA,1,NA,1,NA,TRUE,NA,TRUE,p4a2,FALSE,FALSE,muestra_insuficiente
1204,11,2,10,1,152,146,TRUE,1,TRUE,1,TRUE,NA,1,NA,1,NA,1,NA,TRUE,NA,TRUE,p4a2,FALSE,FALSE,muestra_insuficiente
6110,46,1,2,8,2734,2947,TRUE,0.26717482654158115,FALSE,0.9577510562235944,TRUE,3,5,0.45392646391284613,0.21594022415940226,1,0.9383009017560513,FALSE,FALSE,TRUE,TRUE,p4a2,FALSE,FALSE,muestra_insuficiente
1204,31,2,1,1,536,560,TRUE,0.13463953780457172,FALSE,1,TRUE,1,NA,0.2914627514953779,NA,1,NA,FALSE,NA,TRUE,NA,p4a2,FALSE,FALSE,muestra_insuficiente
1204,31,2,2,6,1071,1120,TRUE,0.2690278824415976,FALSE,1,TRUE,NA,6,NA,0.5,NA,1,NA,TRUE,NA,TRUE,p4a2,FALSE,TRUE,muestra_insuficiente
1204,23,2,5,3,1195,1321,TRUE,0.44079675396532647,TRUE,1,TRUE,NA,3,NA,0.6887608069164265,NA,1,NA,TRUE,NA,TRUE,p4a2,FALSE,FALSE,muestra_insuficiente
6180,62,1,2,1,262,265,TRUE,0.39398496240601505,TRUE,1,TRUE,NA,1,NA,0.5941043083900227,NA,1,NA,TRUE,NA,TRUE,p4a2,FALSE,FALSE,muestra_insuficiente
5141,33,2,3,5,2083,1234,TRUE,0.03741423285555196,FALSE,1,TRUE,3,2,0.019597917269308648,0.055000356913412804,1,1,FALSE,FALSE,TRUE,TRUE,p4a2,FALSE,FALSE,muestra_insuficiente
1204,23,2,6,3,873,773,TRUE,0.3220213943194393,FALSE,1,TRUE,1,2,0.444672131147541,0.25302593659942363,1,1,TRUE,FALSE,TRUE,TRUE,p4a2,FALSE,FALSE,muestra_insuficiente
5141,46,2,7,1,287,287,TRUE,1,TRUE,1,TRUE,NA,1,NA,1,NA,1,NA,TRUE,NA,TRUE,p4a2,FALSE,FALSE,muestra_insuficiente
1250,93,3,3,55,7921,8164,TRUE,0.5490399944548416,TRUE,1,TRUE,34,21,0.4801788981500305,0.6966659402920026,1,1,TRUE,TRUE,TRUE,TRUE,p4a2,FALSE,TRUE,sin_mayoria_reciproca_estable
5380,32,8,8,16,5822,5991,TRUE,0.6712012912151256,TRUE,1,TRUE,8,8,0.6968722595732242,0.6544831524842947,1,1,TRUE,TRUE,TRUE,TRUE,p4a2,TRUE,TRUE,candidato_estadistico_no_aprobado_semanticamente
1204,33,2,3,2,411,435,TRUE,0.026529821843532145,FALSE,1,TRUE,NA,2,NA,0.07878090856814261,NA,1,NA,FALSE,NA,TRUE,p4a2,FALSE,FALSE,muestra_insuficiente
5380,32,8,10,4,2041,2044,TRUE,0.23530089923910538,FALSE,1,TRUE,2,2,0.18357205495469162,0.26898914905768134,1,1,FALSE,FALSE,TRUE,TRUE,p4a2,FALSE,FALSE,muestra_insuficiente
1204,81,2,11,5,2120,2207,TRUE,0.14063018242122718,FALSE,1,TRUE,4,1,0.24351761252446183,0.01869836208146108,1,1,FALSE,FALSE,TRUE,TRUE,p4a2,FALSE,FALSE,muestra_insuficiente
1250,93,3,1,21,3041,3219,TRUE,0.2107853330560754,FALSE,1,TRUE,17,4,0.27780036592803414,0.06711701895837874,1,1,FALSE,FALSE,TRUE,TRUE,p4a2,FALSE,FALSE,muestra_insuficiente
4109,97,13,9,1,171,166,TRUE,1,TRUE,1,TRUE,NA,1,NA,1,NA,1,NA,TRUE,NA,TRUE,p4a2,FALSE,FALSE,muestra_insuficiente
6110,52,1,2,5,2056,1499,TRUE,0.43791267305644305,TRUE,0.9746423927178154,TRUE,4,1,0.32476763258611263,0.5101186322400558,1,0.9583333333333334,FALSE,TRUE,TRUE,TRUE,p4a2,FALSE,FALSE,muestra_insuficiente
8311,93,2,10,18,3279,3240,TRUE,0.486715155113552,TRUE,1,TRUE,8,10,0.5845493562231759,0.43498978897208984,1,1,TRUE,FALSE,TRUE,TRUE,p4a2,FALSE,FALSE,sin_mayoria_reciproca_estable
6121,93,1,1,7,1056,1163,TRUE,0.28517418309478804,FALSE,1,TRUE,6,1,0.44144144144144143,0.05124747134187458,1,1,TRUE,FALSE,TRUE,TRUE,p4a2,FALSE,TRUE,muestra_insuficiente
1204,21,2,8,2,384,382,TRUE,0.45714285714285713,FALSE,1,TRUE,NA,2,NA,0.45714285714285713,NA,1,NA,FALSE,NA,TRUE,p4a2,FALSE,FALSE,muestra_insuficiente
6180,62,1,1,2,150,153,TRUE,0.22556390977443608,FALSE,1,TRUE,1,1,0.20089285714285715,0.23809523809523808,1,1,FALSE,FALSE,TRUE,TRUE,p4a2,FALSE,TRUE,muestra_insuficiente
6110,46,1,1,4,2420,2400,TRUE,0.23648978794097528,FALSE,1,TRUE,1,3,0.016795279164775308,0.2967621419676214,1,1,FALSE,FALSE,TRUE,TRUE,p4a2,FALSE,TRUE,muestra_insuficiente
2126,93,1,3,2,1081,880,TRUE,0.6611620795107034,TRUE,1,TRUE,2,NA,0.9617437722419929,NA,1,NA,TRUE,NA,TRUE,NA,p4a2,FALSE,FALSE,muestra_insuficiente
1204,62,2,2,4,1421,1396,TRUE,0.4346895074946467,FALSE,1,TRUE,2,2,0.46159554730983304,0.3083623693379791,1,1,FALSE,FALSE,TRUE,TRUE,p4a2,FALSE,TRUE,muestra_insuficiente
6110,93,1,1,26,5914,6661,TRUE,0.4647179003614647,TRUE,1,TRUE,14,12,0.3986259785908292,0.528684088449049,1,1,TRUE,TRUE,TRUE,TRUE,p4a2,FALSE,TRUE,sin_mayoria_reciproca_estable
1204,81,2,6,10,2850,3001,TRUE,0.1890547263681592,FALSE,1,TRUE,4,6,0.08512720156555773,0.3122191621974199,1,1,FALSE,FALSE,TRUE,TRUE,p4a2,FALSE,FALSE,muestra_insuficiente
5100,31,2,5,4,2001,1975,TRUE,0.6730575176589304,TRUE,1,TRUE,NA,4,NA,0.9074829931972789,NA,1,NA,TRUE,NA,TRUE,p4a2,FALSE,FALSE,muestra_insuficiente
5100,72,2,7,1,48,38,TRUE,0.03966942148760331,FALSE,0.024869109947643978,FALSE,NA,1,NA,0.2696629213483146,NA,0.03885480572597137,NA,FALSE,NA,FALSE,p4a2,FALSE,FALSE,muestra_insuficiente
1230,62,2,2,22,4980,5054,TRUE,0.7755801277059649,TRUE,1,TRUE,12,10,0.9278705913550782,0.5588679245283019,1,1,TRUE,TRUE,TRUE,TRUE,p4a2,TRUE,TRUE,candidato_estadistico_no_aprobado_semanticamente
2126,93,1,1,5,554,561,TRUE,0.3388379204892966,FALSE,1,TRUE,1,4,0.03825622775800712,1,1,1,FALSE,TRUE,TRUE,TRUE,p4a2,FALSE,TRUE,muestra_insuficiente
2121,81,2,1,1,45,46,TRUE,1,TRUE,0.08863198458574181,FALSE,NA,1,NA,1,NA,0.08863198458574181,NA,TRUE,NA,FALSE,p4a2,FALSE,FALSE,muestra_insuficiente
1204,46,2,8,1,54,55,TRUE,0.09015025041736227,FALSE,1,TRUE,1,NA,0.10909090909090909,NA,1,NA,FALSE,NA,TRUE,NA,p4a2,FALSE,FALSE,muestra_insuficiente
8150,93,4,10,1,47,47,TRUE,0.0817391304347826,FALSE,1,TRUE,1,NA,0.09853249475890985,NA,1,NA,FALSE,NA,TRUE,NA,p4a2,FALSE,FALSE,muestra_insuficiente
1250,61,3,3,10,1945,1905,TRUE,0.46732340221047575,TRUE,1,TRUE,6,4,0.6641643619122877,0.1618638871857756,1,1,TRUE,FALSE,TRUE,TRUE,p4a2,FALSE,TRUE,muestra_insuficiente
5100,72,2,4,2,121,122,TRUE,0.1,FALSE,0.5446428571428571,TRUE,2,NA,0.11724806201550388,NA,0.5446428571428571,NA,FALSE,NA,TRUE,NA,p4a2,FALSE,FALSE,muestra_insuficiente
5170,21,1,1,1,45,46,TRUE,0.13313609467455623,FALSE,1,TRUE,1,NA,0.13313609467455623,NA,1,NA,FALSE,NA,TRUE,NA,p4a2,FALSE,TRUE,muestra_insuficiente
6101,93,1,1,49,8155,8580,TRUE,0.2714261940422699,FALSE,1,TRUE,21,28,0.3239706351739547,0.23382630046251357,1,1,FALSE,FALSE,TRUE,TRUE,p4a2,FALSE,TRUE,sin_mayoria_reciproca_estable
6110,43,1,3,1,238,217,TRUE,0.15063291139240506,FALSE,1,TRUE,1,NA,0.4061433447098976,NA,1,NA,FALSE,NA,TRUE,NA,p4a2,FALSE,FALSE,muestra_insuficiente
1230,22,2,8,1,156,173,TRUE,0.2553191489361702,FALSE,1,TRUE,1,NA,0.2553191489361702,NA,1,NA,FALSE,NA,TRUE,NA,p4a2,FALSE,FALSE,muestra_insuficiente
5170,22,1,1,6,807,850,TRUE,0.3618834080717489,TRUE,1,TRUE,2,4,0.3929824561403509,0.34254545454545454,1,1,FALSE,FALSE,TRUE,TRUE,p4a2,FALSE,TRUE,muestra_insuficiente
4109,11,13,11,21,3301,3330,TRUE,0.41652996845425866,TRUE,1,TRUE,6,15,0.35613275613275613,0.4634529147982063,1,1,FALSE,FALSE,TRUE,TRUE,p4a2,FALSE,FALSE,sin_mayoria_reciproca_estable
1204,46,2,2,2,187,188,TRUE,0.3121869782971619,TRUE,1,TRUE,1,1,0.25656565656565655,0.5769230769230769,1,1,FALSE,TRUE,TRUE,TRUE,p4a2,FALSE,TRUE,muestra_insuficiente
6180,72,1,8,1,99,113,TRUE,0.47596153846153844,FALSE,1,TRUE,NA,1,NA,1,NA,1,NA,TRUE,NA,TRUE,p4a2,FALSE,FALSE,muestra_insuficiente
6121,93,1,2,8,2176,2160,TRUE,0.5876316500135026,TRUE,1,TRUE,4,4,0.3801801801801802,0.8981793661496965,1,1,FALSE,TRUE,TRUE,TRUE,p4a2,FALSE,FALSE,muestra_insuficiente
1204,62,2,8,5,1848,2138,TRUE,0.5653104925053534,TRUE,1,TRUE,3,2,0.538404452690167,0.6916376306620209,1,1,TRUE,TRUE,TRUE,TRUE,p4a2,FALSE,FALSE,muestra_insuficiente
6110,62,1,1,1,39,42,TRUE,1,TRUE,1,TRUE,1,NA,1,NA,1,NA,TRUE,NA,TRUE,NA,p4a2,FALSE,TRUE,muestra_insuficiente
6110,61,1,1,5,329,310,TRUE,0.8245614035087719,TRUE,1,TRUE,3,2,0.7643097643097643,1,1,1,TRUE,TRUE,TRUE,TRUE,p4a2,FALSE,TRUE,muestra_insuficiente
8150,93,4,1,3,430,441,TRUE,0.7478260869565218,TRUE,1,TRUE,3,NA,0.9014675052410901,NA,1,NA,TRUE,NA,TRUE,NA,p4a2,FALSE,FALSE,muestra_insuficiente
5170,93,1,8,2,829,827,TRUE,0.5900355871886122,TRUE,1,TRUE,2,NA,0.5900355871886122,NA,1,NA,TRUE,NA,TRUE,NA,p4a2,FALSE,FALSE,muestra_insuficiente
7201,11,3,11,2,741,799,TRUE,1,TRUE,1,TRUE,2,NA,1,NA,1,NA,TRUE,NA,TRUE,NA,p4a2,FALSE,FALSE,muestra_insuficiente
6180,61,1,13,1,35,36,TRUE,0.01529051987767584,FALSE,1,TRUE,NA,1,NA,0.1320754716981132,NA,1,NA,FALSE,NA,TRUE,p4a2,FALSE,FALSE,muestra_insuficiente
1250,93,3,2,13,2320,2414,TRUE,0.1608095931240036,FALSE,1,TRUE,8,5,0.1479975604797723,0.18827631292220529,1,1,FALSE,FALSE,TRUE,TRUE,p4a2,FALSE,FALSE,sin_mayoria_reciproca_estable
8311,93,2,8,7,684,675,TRUE,0.1015288704170996,FALSE,1,TRUE,5,2,0.2206008583690987,0.038574994327206714,1,1,FALSE,FALSE,TRUE,TRUE,p4a2,FALSE,FALSE,muestra_insuficiente
2125,61,2,2,27,7382,7383,TRUE,1,TRUE,0.4477802037845706,FALSE,19,8,1,1,0.48928372241255674,0.31546863093726185,TRUE,TRUE,FALSE,FALSE,p4a2,FALSE,TRUE,sin_mayoria_reciproca_estable
1204,93,2,8,1,48,49,TRUE,0.24242424242424243,FALSE,1,TRUE,NA,1,NA,0.6,NA,1,NA,TRUE,NA,TRUE,p4a2,FALSE,FALSE,muestra_insuficiente
6121,43,1,1,1,37,38,TRUE,1,TRUE,1,TRUE,1,NA,1,NA,1,NA,TRUE,NA,TRUE,NA,p4a2,FALSE,TRUE,muestra_insuficiente
1204,43,2,8,4,431,437,TRUE,1,TRUE,1,TRUE,NA,4,NA,1,NA,1,NA,TRUE,NA,TRUE,p4a2,FALSE,FALSE,muestra_insuficiente
5100,61,2,2,1,38,39,TRUE,1,TRUE,1,TRUE,1,NA,1,NA,1,NA,TRUE,NA,TRUE,NA,p4a2,FALSE,TRUE,muestra_insuficiente
8311,93,2,7,1,35,35,TRUE,0.005195190737717085,FALSE,1,TRUE,NA,1,NA,0.007941910596777853,NA,1,NA,FALSE,NA,TRUE,p4a2,FALSE,FALSE,muestra_insuficiente
8311,93,2,3,2,142,141,TRUE,0.0210776309930236,FALSE,1,TRUE,1,1,0.04377682403433476,0.009076469253460404,1,1,FALSE,FALSE,TRUE,TRUE,p4a2,FALSE,FALSE,muestra_insuficiente
1250,81,3,1,1,35,36,TRUE,1,TRUE,1,TRUE,NA,1,NA,1,NA,1,NA,TRUE,NA,TRUE,p4a2,FALSE,FALSE,muestra_insuficiente
6110,93,1,3,16,3763,3983,TRUE,0.2956938550997957,FALSE,1,TRUE,7,9,0.24444799488736219,0.3452914798206278,1,1,FALSE,FALSE,TRUE,TRUE,p4a2,FALSE,FALSE,sin_mayoria_reciproca_estable
7121,46,8,3,1,75,73,TRUE,0.0244140625,FALSE,1,TRUE,NA,1,NA,0.0859106529209622,NA,1,NA,FALSE,NA,TRUE,p4a2,FALSE,FALSE,muestra_insuficiente
7201,46,3,5,8,3615,3553,TRUE,0.013465944012963067,FALSE,1,TRUE,3,5,0.011019283746556474,0.016065830721003135,1,1,FALSE,FALSE,TRUE,TRUE,p4a2,FALSE,FALSE,muestra_insuficiente
6101,61,1,3,8,2438,2297,TRUE,0.19120069014194965,FALSE,0.9531120331950207,TRUE,7,1,0.4487227648384673,0.006597549481621112,1,0.3067484662576687,TRUE,FALSE,TRUE,FALSE,p4a2,FALSE,FALSE,muestra_insuficiente
7121,31,8,10,5,579,605,TRUE,0.21468298109010012,FALSE,1,TRUE,4,1,0.7799607072691552,0.08318098720292505,1,1,TRUE,FALSE,TRUE,TRUE,p4a2,FALSE,FALSE,muestra_insuficiente
4120,11,13,11,41,8711,8677,TRUE,0.8283567896538608,TRUE,1,TRUE,29,12,0.7699591836734694,0.9098155317695286,1,1,TRUE,TRUE,TRUE,TRUE,p4a2,TRUE,FALSE,candidato_estadistico_no_aprobado_semanticamente
4119,11,13,11,7,1726,1643,TRUE,1,TRUE,1,TRUE,2,5,1,1,1,1,TRUE,TRUE,TRUE,TRUE,p4a2,FALSE,FALSE,muestra_insuficiente
1230,93,2,7,4,687,645,TRUE,0.27524038461538464,FALSE,1,TRUE,1,3,0.060544904137235116,0.41661129568106314,1,1,FALSE,TRUE,TRUE,TRUE,p4a2,FALSE,FALSE,muestra_insuficiente
1230,93,2,2,6,1310,1430,TRUE,0.5248397435897436,TRUE,1,TRUE,4,2,0.8234106962663976,0.3282392026578073,1,1,TRUE,FALSE,TRUE,TRUE,p4a2,FALSE,TRUE,muestra_insuficiente
6110,23,1,2,1,159,159,TRUE,0.48773006134969327,FALSE,1,TRUE,NA,1,NA,1,NA,1,NA,TRUE,NA,TRUE,p4a2,FALSE,FALSE,muestra_insuficiente
6110,23,1,3,1,167,167,TRUE,0.5122699386503068,TRUE,1,TRUE,1,NA,1,NA,1,NA,TRUE,NA,TRUE,NA,p4a2,FALSE,FALSE,muestra_insuficiente
5141,56,2,8,1,110,136,TRUE,0.13142174432497014,FALSE,1,TRUE,1,NA,1,NA,1,NA,TRUE,NA,TRUE,NA,p4a2,FALSE,FALSE,muestra_insuficiente
1204,81,2,2,16,7169,6986,TRUE,0.47555555555555556,TRUE,1,TRUE,9,7,0.5311888454011742,0.4096245832729381,1,1,TRUE,TRUE,TRUE,TRUE,p4a2,FALSE,TRUE,sin_mayoria_reciproca_estable
1230,33,2,4,1,101,99,TRUE,0.1931166347992352,FALSE,1,TRUE,NA,1,NA,0.6196319018404908,NA,1,NA,TRUE,NA,TRUE,p4a2,FALSE,FALSE,muestra_insuficiente
5141,33,2,2,17,4027,4232,TRUE,0.07233178862664799,FALSE,1,TRUE,10,7,0.08999855365924211,0.05489328288957099,1,1,FALSE,FALSE,TRUE,TRUE,p4a2,FALSE,TRUE,sin_mayoria_reciproca_estable
1230,32,2,10,1,213,268,TRUE,0.32370820668693007,TRUE,1,TRUE,NA,1,NA,0.32370820668693007,NA,1,NA,TRUE,NA,TRUE,p4a2,FALSE,FALSE,muestra_insuficiente
1204,32,2,1,1,193,153,TRUE,0.03234998323835065,FALSE,1,TRUE,NA,1,NA,0.05578034682080925,NA,1,NA,FALSE,NA,TRUE,p4a2,FALSE,FALSE,muestra_insuficiente
6180,81,1,7,3,292,298,TRUE,1,TRUE,0.21704297159504735,FALSE,1,2,1,1,0.08432708688245315,1,TRUE,TRUE,FALSE,TRUE,p4a2,FALSE,FALSE,muestra_insuficiente
2121,52,2,3,1,108,106,TRUE,0.11946902654867257,FALSE,0.09114359415305245,FALSE,NA,1,NA,0.17197452229299362,NA,0.4669603524229075,NA,FALSE,NA,FALSE,p4a2,FALSE,FALSE,muestra_insuficiente
6121,93,1,3,4,471,475,TRUE,0.12719416689170943,FALSE,1,TRUE,3,1,0.1783783783783784,0.05057316250842886,1,1,FALSE,FALSE,TRUE,TRUE,p4a2,FALSE,FALSE,muestra_insuficiente
7201,46,3,4,20,8702,8800,TRUE,0.03241511612747015,FALSE,1,TRUE,11,9,0.030744090872938404,0.034190792304382565,1,1,FALSE,FALSE,TRUE,TRUE,p4a2,FALSE,FALSE,sin_mayoria_reciproca_estable
6121,32,1,4,1,108,106,TRUE,0.036572976633931595,FALSE,1,TRUE,NA,1,NA,0.038108680310515175,NA,1,NA,FALSE,NA,TRUE,p4a2,FALSE,FALSE,muestra_insuficiente
6121,48,1,1,3,380,363,TRUE,0.11826953003423592,FALSE,1,TRUE,2,1,0.5027472527472527,0.06914706914706915,1,1,TRUE,FALSE,TRUE,TRUE,p4a2,FALSE,TRUE,muestra_insuficiente
5380,33,8,8,3,402,354,TRUE,0.39296187683284456,FALSE,1,TRUE,1,2,1,0.31683168316831684,1,1,TRUE,FALSE,TRUE,TRUE,p4a2,FALSE,TRUE,muestra_insuficiente
5100,72,1,4,1,103,102,TRUE,0.039860681114551086,FALSE,0.45535714285714285,FALSE,1,NA,0.06156604901374776,NA,0.45535714285714285,NA,FALSE,NA,FALSE,NA,p4a2,FALSE,FALSE,muestra_insuficiente
1204,81,2,8,1,99,98,TRUE,0.006567164179104477,FALSE,1,TRUE,NA,1,NA,0.014349905783446876,NA,1,NA,FALSE,NA,TRUE,p4a2,FALSE,FALSE,muestra_insuficiente
8150,72,6,6,1,117,116,TRUE,1,TRUE,1,TRUE,NA,1,NA,1,NA,1,NA,TRUE,NA,TRUE,p4a2,FALSE,TRUE,muestra_insuficiente
7121,31,9,4,5,1461,1531,TRUE,0.3326502732240437,FALSE,0.9598746081504702,TRUE,4,1,0.6724393864423552,0.04301982285955293,1,0.6631578947368421,TRUE,FALSE,TRUE,TRUE,p4a2,FALSE,FALSE,muestra_insuficiente
1204,23,2,9,2,411,405,TRUE,0.1516045739579491,FALSE,1,TRUE,1,1,0.3790983606557377,0.02363112391930836,1,1,FALSE,FALSE,TRUE,TRUE,p4a2,FALSE,FALSE,muestra_insuficiente
4120,11,13,13,8,1805,1803,TRUE,0.17164321034613922,FALSE,1,TRUE,6,2,0.23004081632653062,0.09018446823047142,1,1,FALSE,FALSE,TRUE,TRUE,p4a2,FALSE,TRUE,muestra_insuficiente
5100,31,1,2,2,683,680,TRUE,0.1971139971139971,FALSE,0.5093632958801498,TRUE,NA,2,NA,0.41545012165450124,NA,0.85,NA,TRUE,NA,TRUE,p4a2,FALSE,FALSE,muestra_insuficiente
2121,54,2,1,5,983,883,TRUE,1,TRUE,0.48330596606458676,FALSE,1,4,1,1,0.16607773851590105,1,TRUE,TRUE,FALSE,TRUE,p4a2,FALSE,FALSE,muestra_insuficiente
1250,93,3,7,6,1004,993,TRUE,0.06959173771400845,FALSE,1,TRUE,5,1,0.09402317544216304,0.017215079538025712,1,1,FALSE,FALSE,TRUE,TRUE,p4a2,FALSE,FALSE,muestra_insuficiente
5100,72,1,7,7,1435,1490,TRUE,0.5553405572755418,TRUE,0.975130890052356,TRUE,4,3,0.3132098027495517,1,1,0.9611451942740287,FALSE,TRUE,TRUE,TRUE,p4a2,FALSE,FALSE,muestra_insuficiente
1204,93,2,1,1,32,33,TRUE,0.16161616161616163,FALSE,1,TRUE,NA,1,NA,0.4,NA,1,NA,FALSE,NA,TRUE,p4a2,FALSE,FALSE,muestra_insuficiente
7121,31,9,11,6,1269,1278,TRUE,0.2889344262295082,FALSE,1,TRUE,2,4,0.15982187036120732,0.39898776887389287,1,1,FALSE,FALSE,TRUE,TRUE,p4a2,FALSE,FALSE,muestra_insuficiente
5141,23,2,8,1,61,64,TRUE,0.18654434250764526,FALSE,1,TRUE,1,NA,0.18654434250764526,NA,1,NA,FALSE,NA,TRUE,NA,p4a2,FALSE,FALSE,muestra_insuficiente
1250,61,3,1,4,324,327,TRUE,0.07784718885151369,FALSE,1,TRUE,2,2,0.08929276965626234,0.060085836909871244,1,1,FALSE,FALSE,TRUE,TRUE,p4a2,FALSE,FALSE,muestra_insuficiente
5141,81,2,2,2,175,177,TRUE,0.2061248527679623,FALSE,1,TRUE,1,1,0.2118003025718608,0.18617021276595744,1,1,FALSE,FALSE,TRUE,TRUE,p4a2,FALSE,TRUE,muestra_insuficiente
6101,61,1,4,1,40,41,TRUE,0.0031370088620500352,FALSE,1,TRUE,NA,1,NA,0.005385754678874377,NA,1,NA,FALSE,NA,TRUE,p4a2,FALSE,FALSE,muestra_insuficiente
1204,46,2,4,1,44,44,TRUE,0.07345575959933222,FALSE,1,TRUE,NA,1,NA,0.4230769230769231,NA,1,NA,FALSE,NA,TRUE,p4a2,FALSE,FALSE,muestra_insuficiente
7121,31,9,9,9,1512,1521,TRUE,0.3442622950819672,TRUE,1,TRUE,4,5,0.16773874319643742,0.4947279628848587,1,1,FALSE,TRUE,TRUE,TRUE,p4a2,FALSE,TRUE,muestra_insuficiente
1230,32,2,8,2,181,179,TRUE,0.2750759878419453,FALSE,1,TRUE,NA,2,NA,0.2750759878419453,NA,1,NA,FALSE,NA,TRUE,p4a2,FALSE,FALSE,muestra_insuficiente
8150,93,4,4,1,32,33,TRUE,0.05565217391304348,FALSE,1,TRUE,NA,1,NA,0.32653061224489793,NA,1,NA,FALSE,NA,TRUE,p4a2,FALSE,TRUE,muestra_insuficiente
1230,31,2,7,1,44,47,TRUE,0.1423948220064725,FALSE,1,TRUE,NA,1,NA,0.18487394957983194,NA,1,NA,FALSE,NA,TRUE,p4a2,FALSE,FALSE,muestra_insuficiente
7121,46,9,9,2,89,91,TRUE,0.04084442404772832,FALSE,1,TRUE,1,1,0.026881720430107527,0.07091172214182344,1,1,FALSE,FALSE,TRUE,TRUE,p4a2,FALSE,TRUE,muestra_insuficiente
1204,81,2,9,4,2414,2170,TRUE,0.16013266998341624,FALSE,1,TRUE,2,2,0.08842954990215264,0.24510798666473402,1,1,FALSE,FALSE,TRUE,TRUE,p4a2,FALSE,FALSE,muestra_insuficiente
6121,48,1,2,5,504,526,TRUE,0.1568627450980392,FALSE,0.247996228194248,FALSE,1,4,0.3791208791208791,0.12846612846612845,0.11544991511035653,0.4135737009544008,FALSE,FALSE,FALSE,FALSE,p4a2,FALSE,FALSE,muestra_insuficiente
7121,43,9,9,2,442,456,TRUE,0.2109785202863962,FALSE,1,TRUE,NA,2,NA,0.5351089588377724,NA,1,NA,TRUE,NA,TRUE,p4a2,FALSE,TRUE,muestra_insuficiente
8311,93,2,2,4,2210,2215,TRUE,0.3280391865815645,FALSE,1,TRUE,1,3,0.05793991416309013,0.47084184252325845,1,1,FALSE,TRUE,TRUE,TRUE,p4a2,FALSE,TRUE,muestra_insuficiente
4134,11,12,11,2,193,197,TRUE,0.5920245398773006,TRUE,0.5628571428571428,TRUE,2,NA,0.5920245398773006,NA,1,NA,TRUE,NA,TRUE,NA,p4a2,FALSE,FALSE,muestra_insuficiente
7201,43,3,6,3,239,254,TRUE,0.17889221556886228,FALSE,1,TRUE,2,1,0.2390998593530239,0.1104,1,1,FALSE,FALSE,TRUE,TRUE,p4a2,FALSE,FALSE,muestra_insuficiente
7201,48,3,6,1,82,82,TRUE,1,TRUE,1,TRUE,NA,1,NA,1,NA,1,NA,TRUE,NA,TRUE,p4a2,FALSE,FALSE,muestra_insuficiente
1250,61,3,4,2,328,348,TRUE,0.07880826525708794,FALSE,1,TRUE,2,NA,0.12959304622678783,NA,1,NA,FALSE,NA,TRUE,NA,p4a2,FALSE,FALSE,muestra_insuficiente
7121,43,8,10,8,1543,1555,TRUE,0.45922619047619045,FALSE,1,TRUE,5,3,1,0.1075638506876228,1,1,TRUE,FALSE,TRUE,TRUE,p4a2,FALSE,FALSE,muestra_insuficiente
5141,33,2,4,2,187,213,TRUE,0.0033588389553471996,FALSE,1,TRUE,2,NA,0.006761643043100955,NA,1,NA,FALSE,NA,TRUE,NA,p4a2,FALSE,FALSE,muestra_insuficiente
6121,31,1,1,2,390,396,TRUE,0.14433752775721687,FALSE,1,TRUE,2,NA,0.2045097011012061,NA,1,NA,FALSE,NA,TRUE,NA,p4a2,FALSE,TRUE,muestra_insuficiente
5100,46,1,10,1,84,84,TRUE,0.06330067822155237,FALSE,1,TRUE,1,NA,0.075,NA,1,NA,FALSE,NA,TRUE,NA,p4a2,FALSE,FALSE,muestra_insuficiente
6180,93,1,1,4,1892,1932,TRUE,0.5944077913917688,TRUE,1,TRUE,2,2,0.5541932319764591,0.666083916083916,1,1,TRUE,TRUE,TRUE,TRUE,p4a2,FALSE,TRUE,muestra_insuficiente
8311,93,2,1,2,387,394,TRUE,0.0574439661570432,FALSE,1,TRUE,1,1,0.09313304721030043,0.038574994327206714,1,1,FALSE,FALSE,TRUE,TRUE,p4a2,FALSE,FALSE,muestra_insuficiente
6180,33,1,8,1,631,649,TRUE,1,TRUE,1,TRUE,1,NA,1,NA,1,NA,TRUE,NA,TRUE,NA,p4a2,FALSE,FALSE,muestra_insuficiente
4109,11,12,12,2,737,750,TRUE,1,TRUE,1,TRUE,2,NA,1,NA,1,NA,TRUE,NA,TRUE,NA,p4a2,FALSE,TRUE,muestra_insuficiente
6180,52,1,3,2,381,389,TRUE,0.2754880694143167,FALSE,1,TRUE,NA,2,NA,1,NA,1,NA,TRUE,NA,TRUE,p4a2,FALSE,FALSE,muestra_insuficiente
5100,46,1,4,2,881,898,TRUE,0.6639035418236624,TRUE,1,TRUE,1,1,0.6017857142857143,1,1,1,TRUE,TRUE,TRUE,TRUE,p4a2,FALSE,FALSE,muestra_insuficiente
2121,46,2,6,1,116,117,TRUE,0.2196969696969697,FALSE,1,TRUE,NA,1,NA,0.4444444444444444,NA,1,NA,FALSE,NA,TRUE,p4a2,FALSE,FALSE,muestra_insuficiente
5170,51,1,2,1,113,113,TRUE,0.07151898734177216,FALSE,1,TRUE,1,NA,0.07151898734177216,NA,1,NA,FALSE,NA,TRUE,NA,p4a2,FALSE,FALSE,muestra_insuficiente
1230,62,2,1,4,986,986,TRUE,0.15355863572652234,FALSE,1,TRUE,3,1,0.07212940864492177,0.26943396226415095,1,1,FALSE,FALSE,TRUE,TRUE,p4a2,FALSE,FALSE,muestra_insuficiente
5100,46,1,8,2,253,226,TRUE,0.19065561416729465,FALSE,1,TRUE,2,NA,0.22589285714285715,NA,1,NA,FALSE,NA,TRUE,NA,p4a2,FALSE,FALSE,muestra_insuficiente
5380,32,8,2,2,409,410,TRUE,0.04715240949965414,FALSE,1,TRUE,1,1,0.03653902367728734,0.05406434418427565,1,1,FALSE,FALSE,TRUE,TRUE,p4a2,FALSE,FALSE,muestra_insuficiente
7201,72,3,11,3,1019,1054,TRUE,1,TRUE,1,TRUE,2,1,1,1,1,1,TRUE,TRUE,TRUE,TRUE,p4a2,FALSE,FALSE,muestra_insuficiente
2121,61,2,2,2,1110,1110,TRUE,1,TRUE,0.8951612903225806,TRUE,2,NA,1,NA,0.8951612903225806,NA,TRUE,NA,TRUE,NA,p4a2,FALSE,TRUE,muestra_insuficiente
1204,33,2,10,2,295,325,TRUE,0.019042086238058354,FALSE,1,TRUE,1,1,0.011094890510948904,0.03469426873682193,1,1,FALSE,FALSE,TRUE,TRUE,p4a2,FALSE,FALSE,muestra_insuficiente
7121,43,8,3,1,1752,1764,TRUE,0.5214285714285715,TRUE,0.9529983792544571,TRUE,NA,1,NA,0.8605108055009824,NA,0.9529983792544571,NA,TRUE,NA,TRUE,p4a2,FALSE,FALSE,muestra_insuficiente
4170,11,12,12,2,426,404,TRUE,1,TRUE,1,TRUE,1,1,1,1,1,1,TRUE,TRUE,TRUE,TRUE,p4a2,FALSE,TRUE,muestra_insuficiente
6101,33,1,2,1,290,309,TRUE,1,TRUE,1,TRUE,1,NA,1,NA,1,NA,TRUE,NA,TRUE,NA,p4a2,FALSE,FALSE,muestra_insuficiente
1204,71,2,2,1,841,837,TRUE,1,TRUE,1,TRUE,NA,1,NA,1,NA,1,NA,TRUE,NA,TRUE,p4a2,FALSE,TRUE,muestra_insuficiente
5170,54,1,1,1,712,709,TRUE,1,TRUE,1,TRUE,NA,1,NA,1,NA,1,NA,TRUE,NA,TRUE,p4a2,FALSE,TRUE,muestra_insuficiente
1250,46,3,2,1,846,1054,TRUE,1,TRUE,1,TRUE,NA,1,NA,1,NA,1,NA,TRUE,NA,TRUE,p4a2,FALSE,FALSE,muestra_insuficiente
8150,81,4,2,1,1087,1084,TRUE,0.49954044117647056,TRUE,1,TRUE,1,NA,0.6764156813939017,NA,1,NA,TRUE,NA,TRUE,NA,p4a2,FALSE,FALSE,muestra_insuficiente
6101,93,1,3,24,5786,5812,TRUE,0.1925777999667166,FALSE,1,TRUE,12,12,0.19478135971911906,0.19100097070747446,1,1,FALSE,FALSE,TRUE,TRUE,p4a2,FALSE,FALSE,sin_mayoria_reciproca_estable
6121,31,1,8,1,1517,1518,TRUE,0.5614359733530718,TRUE,1,TRUE,1,NA,0.795490298898794,NA,1,NA,TRUE,NA,TRUE,NA,p4a2,FALSE,FALSE,muestra_insuficiente
8150,81,6,12,2,1576,1755,TRUE,0.8775055679287305,TRUE,1,TRUE,1,1,0.8723404255319149,0.8821052631578947,1,1,TRUE,TRUE,TRUE,TRUE,p4a2,FALSE,FALSE,muestra_insuficiente
6110,72,1,2,3,1090,1299,TRUE,0.7746979388770433,TRUE,1,TRUE,3,NA,0.7746979388770433,NA,1,NA,TRUE,NA,TRUE,NA,p4a2,FALSE,FALSE,muestra_insuficiente
6180,56,1,7,3,1629,1623,TRUE,0.6156462585034014,TRUE,1,TRUE,1,2,0.4675392670157068,1,1,1,TRUE,TRUE,TRUE,TRUE,p4a2,FALSE,FALSE,muestra_insuficiente
6101,51,1,1,1,844,844,TRUE,1,TRUE,1,TRUE,NA,1,NA,1,NA,1,NA,TRUE,NA,TRUE,p4a2,FALSE,TRUE,muestra_insuficiente
6180,61,1,7,1,808,810,TRUE,0.3529925731760594,FALSE,1,TRUE,1,NA,0.39920948616600793,NA,1,NA,FALSE,NA,TRUE,NA,p4a2,FALSE,FALSE,muestra_insuficiente
5100,72,2,5,1,911,909,TRUE,0.7528925619834711,TRUE,1,TRUE,1,NA,0.8827519379844961,NA,1,NA,TRUE,NA,TRUE,NA,p4a2,FALSE,FALSE,muestra_insuficiente
7121,46,9,11,3,1078,1076,TRUE,0.49472234970169804,TRUE,1,TRUE,3,NA,0.7244623655913979,NA,1,NA,TRUE,NA,TRUE,NA,p4a2,FALSE,FALSE,muestra_insuficiente
1230,56,2,6,3,1137,1107,TRUE,0.8185745140388769,TRUE,1,TRUE,1,2,0.35693215339233036,0.9676190476190476,1,1,FALSE,TRUE,TRUE,TRUE,p4a2,FALSE,FALSE,muestra_insuficiente
5100,62,1,4,1,744,741,TRUE,0.8857142857142857,TRUE,1,TRUE,1,NA,1,NA,1,NA,TRUE,NA,TRUE,NA,p4a2,FALSE,FALSE,muestra_insuficiente
6121,31,1,10,1,795,793,TRUE,0.2942264988897113,FALSE,1,TRUE,NA,1,NA,1,NA,1,NA,TRUE,NA,TRUE,p4a2,FALSE,FALSE,muestra_insuficiente
6110,52,1,3,5,1765,1783,TRUE,0.3759318423855165,FALSE,0.7268650631879331,TRUE,4,1,0.6752323674138874,0.18492672714584787,0.9201183431952663,0.4895549500454133,TRUE,FALSE,TRUE,FALSE,p4a2,FALSE,FALSE,muestra_insuficiente
1230,61,2,3,1,819,821,TRUE,0.4228187919463087,FALSE,1,TRUE,NA,1,NA,0.5321637426900585,NA,1,NA,TRUE,NA,TRUE,p4a2,FALSE,FALSE,muestra_insuficiente
7121,31,8,8,5,2054,2178,TRUE,0.7615869484612533,TRUE,1,TRUE,1,4,0.2200392927308448,0.8875685557586838,1,1,FALSE,TRUE,TRUE,TRUE,p4a2,FALSE,TRUE,muestra_insuficiente
6110,43,1,1,2,1342,1443,TRUE,0.8493670886075949,TRUE,1,TRUE,1,1,0.5938566552901023,1,1,1,TRUE,TRUE,TRUE,TRUE,p4a2,FALSE,TRUE,muestra_insuficiente
6110,52,1,1,2,874,873,TRUE,0.18615548455804046,FALSE,1,TRUE,NA,2,NA,0.30495464061409633,NA,1,NA,FALSE,NA,TRUE,p4a2,FALSE,TRUE,muestra_insuficiente
6110,54,1,1,2,1448,1454,TRUE,1,TRUE,0.7444956477214542,TRUE,1,1,1,1,1,0.7270240700218819,TRUE,TRUE,TRUE,TRUE,p4a2,FALSE,TRUE,muestra_insuficiente
6180,81,2,7,1,1431,1075,TRUE,0.9655870445344129,TRUE,0.7829570284049526,TRUE,1,NA,1,NA,0.9156729131175468,NA,TRUE,NA,TRUE,NA,p4a2,FALSE,FALSE,muestra_insuficiente
5100,72,1,10,1,849,851,TRUE,0.3285603715170279,FALSE,1,TRUE,1,NA,0.5074716078900179,NA,1,NA,TRUE,NA,TRUE,NA,p4a2,FALSE,FALSE,muestra_insuficiente
6180,61,1,1,1,969,965,TRUE,0.4233289646133683,TRUE,1,TRUE,1,NA,0.47875494071146246,NA,1,NA,TRUE,NA,TRUE,NA,p4a2,FALSE,TRUE,muestra_insuficiente
6180,52,1,1,2,856,1048,TRUE,0.618944323933478,TRUE,1,TRUE,2,NA,0.8542914171656687,NA,1,NA,TRUE,NA,TRUE,NA,p4a2,FALSE,TRUE,muestra_insuficiente
4109,93,13,13,1,92,93,TRUE,1,TRUE,1,TRUE,1,NA,1,NA,1,NA,TRUE,NA,TRUE,NA,p4a2,FALSE,TRUE,muestra_insuficiente
6180,93,1,7,4,375,376,TRUE,0.117813383600377,FALSE,0.706766917293233,TRUE,2,2,0.06817067189798921,0.2062937062937063,1,0.6020408163265306,FALSE,FALSE,TRUE,TRUE,p4a2,FALSE,FALSE,muestra_insuficiente
8150,71,4,7,2,147,151,TRUE,0.04346540508574808,FALSE,1,TRUE,1,1,0.14006514657980457,0.02203757225433526,1,1,FALSE,FALSE,TRUE,TRUE,p4a2,FALSE,FALSE,muestra_insuficiente
1230,31,2,2,3,265,269,TRUE,0.8576051779935275,TRUE,1,TRUE,1,2,1,0.8151260504201681,1,1,TRUE,TRUE,TRUE,TRUE,p4a2,FALSE,TRUE,muestra_insuficiente
1204,48,2,8,1,561,565,TRUE,0.4754237288135593,TRUE,1,TRUE,NA,1,NA,0.5892857142857143,NA,1,NA,TRUE,NA,TRUE,p4a2,FALSE,FALSE,muestra_insuficiente
5100,31,1,3,2,745,792,TRUE,0.215007215007215,FALSE,1,TRUE,1,1,0.06260296540362438,0.3838199513381995,1,1,FALSE,FALSE,TRUE,TRUE,p4a2,FALSE,FALSE,muestra_insuficiente
5100,31,1,10,1,117,147,TRUE,0.033766233766233764,FALSE,1,TRUE,1,NA,0.0642504118616145,NA,1,NA,FALSE,NA,TRUE,NA,p4a2,FALSE,FALSE,muestra_insuficiente
7121,31,9,3,1,150,151,TRUE,0.03415300546448088,FALSE,1,TRUE,NA,1,NA,0.06326444538169548,NA,1,NA,FALSE,NA,TRUE,p4a2,FALSE,FALSE,muestra_insuficiente
8150,43,4,10,1,117,118,TRUE,1,TRUE,1,TRUE,NA,1,NA,1,NA,1,NA,TRUE,NA,TRUE,p4a2,FALSE,FALSE,muestra_insuficiente
5100,31,2,4,2,205,213,TRUE,0.06895391860073999,FALSE,0.30603448275862066,FALSE,2,NA,0.2669270833333333,NA,0.30603448275862066,NA,FALSE,NA,FALSE,NA,p4a2,FALSE,FALSE,muestra_insuficiente
1250,54,3,1,3,3294,3279,TRUE,0.8544747081712062,TRUE,1,TRUE,1,2,0.847267631947688,0.8634772462077013,1,1,TRUE,TRUE,TRUE,TRUE,p4a2,FALSE,FALSE,muestra_insuficiente
6180,31,1,1,2,384,385,TRUE,1,TRUE,1,TRUE,1,1,1,1,1,1,TRUE,TRUE,TRUE,TRUE,p4a2,FALSE,TRUE,muestra_insuficiente
1230,93,2,3,1,115,116,TRUE,0.04607371794871795,FALSE,1,TRUE,1,NA,0.11604439959636731,NA,1,NA,FALSE,NA,TRUE,NA,p4a2,FALSE,FALSE,muestra_insuficiente
5141,56,2,1,1,727,693,TRUE,0.8685782556750299,TRUE,1,TRUE,NA,1,NA,1,NA,1,NA,TRUE,NA,TRUE,p4a2,FALSE,FALSE,muestra_insuficiente
5170,51,1,3,1,1467,1470,TRUE,0.9284810126582278,TRUE,1,TRUE,1,NA,0.9284810126582278,NA,1,NA,TRUE,NA,TRUE,NA,p4a2,FALSE,FALSE,muestra_insuficiente
8150,71,6,11,1,845,852,TRUE,0.40900290416263313,TRUE,0.4874141876430206,FALSE,NA,1,NA,0.4678848283499446,NA,0.5,NA,TRUE,NA,FALSE,p4a2,FALSE,FALSE,muestra_insuficiente
8150,71,4,11,2,889,896,TRUE,0.2628622117090479,FALSE,0.5125858123569794,TRUE,1,1,0.07166123778501629,0.30527456647398843,1,0.5,FALSE,TRUE,TRUE,FALSE,p4a2,FALSE,FALSE,muestra_insuficiente
1204,31,2,10,1,954,932,TRUE,0.23963828183873398,FALSE,1,TRUE,NA,1,NA,0.44537815126050423,NA,1,NA,FALSE,NA,TRUE,p4a2,FALSE,FALSE,muestra_insuficiente
5380,22,8,8,3,259,274,TRUE,0.8068535825545171,TRUE,1,TRUE,2,1,0.7529880478087649,1,1,1,TRUE,TRUE,TRUE,TRUE,p4a2,FALSE,TRUE,muestra_insuficiente
8310,93,2,10,1,83,83,TRUE,0.48823529411764705,FALSE,1,TRUE,NA,1,NA,1,NA,1,NA,TRUE,NA,TRUE,p4a2,FALSE,FALSE,muestra_insuficiente
6110,46,1,4,1,77,78,TRUE,0.007524675070849213,FALSE,0.3561643835616438,FALSE,1,NA,0.03495233772128915,NA,1,NA,FALSE,NA,TRUE,NA,p4a2,FALSE,FALSE,muestra_insuficiente
1204,23,2,8,1,72,74,TRUE,0.026558465510881594,FALSE,1,TRUE,1,NA,0.07377049180327869,NA,1,NA,FALSE,NA,TRUE,NA,p4a2,FALSE,FALSE,muestra_insuficiente
5170,93,1,2,1,576,595,TRUE,0.4099644128113879,FALSE,1,TRUE,1,NA,0.4099644128113879,NA,1,NA,FALSE,NA,TRUE,NA,p4a2,FALSE,FALSE,muestra_insuficiente
1250,61,3,2,6,1272,1250,TRUE,0.30562229697260934,FALSE,1,TRUE,3,3,0.11694982220466218,0.598405885959534,1,1,FALSE,TRUE,TRUE,TRUE,p4a2,FALSE,FALSE,muestra_insuficiente
2126,62,1,1,2,170,173,TRUE,1,TRUE,1,TRUE,2,NA,1,NA,1,NA,TRUE,NA,TRUE,NA,p4a2,FALSE,TRUE,muestra_insuficiente
6110,56,1,3,2,427,433,TRUE,0.7878228782287823,TRUE,1,TRUE,NA,2,NA,1,NA,1,NA,TRUE,NA,TRUE,p4a2,FALSE,FALSE,muestra_insuficiente
6110,93,1,2,8,2545,2571,TRUE,0.19998428414269998,FALSE,1,TRUE,4,4,0.34478351174308997,0.05984227617133137,1,1,FALSE,FALSE,TRUE,TRUE,p4a2,FALSE,FALSE,muestra_insuficiente
6110,31,1,2,1,79,80,TRUE,0.0718835304822566,FALSE,1,TRUE,1,NA,0.08987485779294653,NA,1,NA,FALSE,NA,TRUE,NA,p4a2,FALSE,FALSE,muestra_insuficiente
6110,46,1,3,10,4858,4751,TRUE,0.47473859083357767,TRUE,0.8746318114874816,TRUE,5,5,0.4943259192010894,0.4693648816936488,0.6191275167785235,1,TRUE,TRUE,TRUE,TRUE,p4a2,FALSE,FALSE,sin_mayoria_reciproca_estable
2121,33,2,3,1,559,561,TRUE,1,TRUE,1,TRUE,NA,1,NA,1,NA,1,NA,TRUE,NA,TRUE,p4a2,FALSE,FALSE,muestra_insuficiente
6121,33,1,1,1,815,623,TRUE,0.6774729842061513,TRUE,1,TRUE,NA,1,NA,1,NA,1,NA,TRUE,NA,TRUE,p4a2,FALSE,TRUE,muestra_insuficiente
6110,31,1,3,1,800,407,TRUE,0.7279344858962693,TRUE,1,TRUE,1,NA,0.9101251422070534,NA,1,NA,TRUE,NA,TRUE,NA,p4a2,FALSE,FALSE,muestra_insuficiente
5141,22,2,10,1,355,360,TRUE,1,TRUE,1,TRUE,1,NA,1,NA,1,NA,TRUE,NA,TRUE,NA,p4a2,FALSE,FALSE,muestra_insuficiente
6101,61,1,7,1,464,473,TRUE,0.03638930279978041,FALSE,1,TRUE,NA,1,NA,0.06247475427494278,NA,1,NA,FALSE,NA,TRUE,p4a2,FALSE,FALSE,muestra_insuficiente
6180,56,1,8,1,445,564,TRUE,0.16817838246409675,FALSE,1,TRUE,1,NA,0.23298429319371727,NA,1,NA,FALSE,NA,TRUE,NA,p4a2,FALSE,FALSE,muestra_insuficiente
1250,48,3,3,1,335,340,TRUE,0.15002239140170176,FALSE,1,TRUE,NA,1,NA,1,NA,1,NA,TRUE,NA,TRUE,p4a2,FALSE,TRUE,muestra_insuficiente
6110,33,1,1,1,416,422,TRUE,1,TRUE,1,TRUE,NA,1,NA,1,NA,1,NA,TRUE,NA,TRUE,p4a2,FALSE,TRUE,muestra_insuficiente
7121,49,8,8,1,385,390,TRUE,1,TRUE,1,TRUE,1,NA,1,NA,1,NA,TRUE,NA,TRUE,NA,p4a2,FALSE,TRUE,muestra_insuficiente
6180,56,1,1,1,365,370,TRUE,0.1379440665154951,FALSE,1,TRUE,1,NA,0.19109947643979058,NA,1,NA,FALSE,NA,TRUE,NA,p4a2,FALSE,TRUE,muestra_insuficiente
7121,43,9,4,1,1123,1126,TRUE,0.5360381861575179,TRUE,1,TRUE,1,NA,0.8849487785657998,NA,1,NA,TRUE,NA,TRUE,NA,p4a2,FALSE,FALSE,muestra_insuficiente
5380,32,8,4,1,284,285,TRUE,0.03274152640073784,FALSE,1,TRUE,1,NA,0.08301666179479684,NA,1,NA,FALSE,NA,TRUE,NA,p4a2,FALSE,FALSE,muestra_insuficiente
1204,22,2,7,1,96,120,TRUE,0.04701273261508325,FALSE,1,TRUE,1,NA,0.4343891402714932,NA,1,NA,FALSE,NA,TRUE,NA,p4a2,FALSE,FALSE,muestra_insuficiente
6180,93,1,2,4,468,473,TRUE,0.1470311027332705,FALSE,1,TRUE,3,1,0.17459538989700835,0.0979020979020979,1,1,FALSE,FALSE,TRUE,TRUE,p4a2,FALSE,FALSE,muestra_insuficiente
6180,61,1,10,1,122,122,TRUE,0.05329838357361293,FALSE,1,TRUE,1,NA,0.06027667984189723,NA,1,NA,FALSE,NA,TRUE,NA,p4a2,FALSE,FALSE,muestra_insuficiente
1204,48,2,3,2,228,229,TRUE,0.19322033898305085,FALSE,1,TRUE,2,NA,1,NA,1,NA,TRUE,NA,TRUE,NA,p4a2,FALSE,FALSE,muestra_insuficiente
1250,48,3,1,1,1898,1513,TRUE,0.8499776085982983,TRUE,1,TRUE,1,NA,1,NA,1,NA,TRUE,NA,TRUE,NA,p4a2,FALSE,FALSE,muestra_insuficiente
6121,46,1,4,1,1774,1771,TRUE,1,TRUE,1,TRUE,1,NA,1,NA,1,NA,TRUE,NA,TRUE,NA,p4a2,FALSE,FALSE,muestra_insuficiente
6121,32,1,7,1,2726,2063,TRUE,0.9231290213342364,TRUE,1,TRUE,NA,1,NA,0.9618913196894848,NA,1,NA,TRUE,NA,TRUE,p4a2,FALSE,FALSE,muestra_insuficiente
6121,48,1,10,1,1663,1646,TRUE,0.5175848117024587,TRUE,1,TRUE,NA,1,NA,0.5837135837135837,NA,1,NA,TRUE,NA,TRUE,p4a2,FALSE,FALSE,muestra_insuficiente
5141,32,2,1,1,1323,1319,TRUE,0.792690233672858,TRUE,1,TRUE,NA,1,NA,1,NA,1,NA,TRUE,NA,TRUE,p4a2,FALSE,FALSE,muestra_insuficiente
8150,72,4,10,1,1455,1440,TRUE,0.5960671855796804,TRUE,1,TRUE,1,NA,0.8464223385689355,NA,1,NA,TRUE,NA,TRUE,NA,p4a2,FALSE,FALSE,muestra_insuficiente
1204,31,2,8,1,1303,1298,TRUE,0.3273046973122331,TRUE,1,TRUE,1,NA,0.7085372485046221,NA,1,NA,TRUE,NA,TRUE,NA,p4a2,FALSE,FALSE,muestra_insuficiente
2121,43,2,5,1,487,489,TRUE,1,TRUE,1,TRUE,NA,1,NA,1,NA,1,NA,TRUE,NA,TRUE,p4a2,FALSE,FALSE,muestra_insuficiente
7201,43,3,11,4,770,688,TRUE,0.5763473053892215,TRUE,1,TRUE,2,2,0.6652601969057665,0.4752,1,1,TRUE,TRUE,TRUE,TRUE,p4a2,FALSE,FALSE,muestra_insuficiente
1250,54,3,3,5,509,513,TRUE,0.13203631647211414,FALSE,1,TRUE,3,2,0.152732368052312,0.10618436406067679,1,1,FALSE,FALSE,TRUE,TRUE,p4a2,FALSE,TRUE,muestra_insuficiente
1230,32,2,2,2,150,212,TRUE,0.22796352583586627,FALSE,1,TRUE,NA,2,NA,0.22796352583586627,NA,1,NA,FALSE,NA,TRUE,p4a2,FALSE,TRUE,muestra_insuficiente
6121,56,1,1,1,112,112,TRUE,1,TRUE,1,TRUE,1,NA,1,NA,1,NA,TRUE,NA,TRUE,NA,p4a2,FALSE,TRUE,muestra_insuficiente
6180,56,1,10,2,207,187,TRUE,0.0782312925170068,FALSE,1,TRUE,2,NA,0.10837696335078534,NA,1,NA,FALSE,NA,TRUE,NA,p4a2,FALSE,FALSE,muestra_insuficiente
6121,22,1,4,1,99,99,TRUE,1,TRUE,1,TRUE,NA,1,NA,1,NA,1,NA,TRUE,NA,TRUE,p4a2,FALSE,FALSE,muestra_insuficiente
8150,71,4,10,3,331,330,TRUE,0.09787108219988172,FALSE,1,TRUE,NA,3,NA,0.11958092485549134,NA,1,NA,FALSE,NA,TRUE,p4a2,FALSE,FALSE,muestra_insuficiente
7121,46,9,4,5,1012,1009,TRUE,0.46443322625057365,FALSE,1,TRUE,3,2,0.24865591397849462,0.9290882778581766,1,1,FALSE,TRUE,TRUE,TRUE,p4a2,FALSE,FALSE,muestra_insuficiente
1204,22,2,2,1,1509,1512,TRUE,0.7389813907933399,TRUE,1,TRUE,NA,1,NA,0.828665568369028,NA,1,NA,TRUE,NA,TRUE,p4a2,FALSE,TRUE,muestra_insuficiente
4120,93,13,13,1,402,401,TRUE,1,TRUE,1,TRUE,1,NA,1,NA,1,NA,TRUE,NA,TRUE,NA,p4a2,FALSE,TRUE,muestra_insuficiente
1230,62,2,3,3,455,479,TRUE,0.07086123656751285,FALSE,1,TRUE,NA,3,NA,0.17169811320754716,NA,1,NA,FALSE,NA,TRUE,p4a2,FALSE,FALSE,muestra_insuficiente
6180,48,1,2,1,103,101,TRUE,1,TRUE,1,TRUE,NA,1,NA,1,NA,1,NA,TRUE,NA,TRUE,p4a2,FALSE,FALSE,muestra_insuficiente
7121,93,8,3,1,117,116,TRUE,1,TRUE,1,TRUE,1,NA,1,NA,1,NA,TRUE,NA,TRUE,NA,p4a2,FALSE,FALSE,muestra_insuficiente
7121,43,9,11,3,448,451,TRUE,0.21384248210023865,FALSE,1,TRUE,1,2,0.11505122143420016,0.36561743341404357,1,1,FALSE,FALSE,TRUE,TRUE,p4a2,FALSE,FALSE,muestra_insuficiente
5380,33,9,9,1,176,172,TRUE,1,TRUE,1,TRUE,NA,1,NA,1,NA,1,NA,TRUE,NA,TRUE,p4a2,FALSE,TRUE,muestra_insuficiente
7121,43,9,3,1,82,87,TRUE,0.03914081145584725,FALSE,0.04700162074554295,FALSE,NA,1,NA,0.09927360774818401,NA,0.04700162074554295,NA,FALSE,NA,FALSE,p4a2,FALSE,FALSE,muestra_insuficiente
5380,32,9,9,3,362,392,TRUE,1,TRUE,1,TRUE,1,2,1,1,1,1,TRUE,TRUE,TRUE,TRUE,p4a2,FALSE,TRUE,muestra_insuficiente
5100,31,1,7,4,893,922,TRUE,0.25772005772005774,TRUE,0.9119683481701286,TRUE,4,NA,0.4903898956617243,NA,1,NA,TRUE,NA,TRUE,NA,p4a2,FALSE,FALSE,muestra_insuficiente
8150,11,4,13,1,164,172,TRUE,1,TRUE,1,TRUE,NA,1,NA,1,NA,1,NA,TRUE,NA,TRUE,p4a2,FALSE,FALSE,muestra_insuficiente
6110,31,1,7,1,58,57,TRUE,0.052775250227479524,FALSE,1,TRUE,NA,1,NA,0.2636363636363636,NA,1,NA,FALSE,NA,TRUE,p4a2,FALSE,FALSE,muestra_insuficiente
8150,71,4,3,3,624,601,TRUE,0.18450620934358367,FALSE,1,TRUE,NA,3,NA,0.2254335260115607,NA,1,NA,FALSE,NA,TRUE,p4a2,FALSE,FALSE,muestra_insuficiente
1250,54,3,2,1,52,51,TRUE,0.013488975356679637,FALSE,1,TRUE,NA,1,NA,0.030338389731621937,NA,1,NA,FALSE,NA,TRUE,p4a2,FALSE,FALSE,muestra_insuficiente
7121,51,8,10,1,44,44,TRUE,0.11989100817438691,FALSE,1,TRUE,NA,1,NA,0.23783783783783785,NA,1,NA,FALSE,NA,TRUE,p4a2,FALSE,FALSE,muestra_insuficiente
2121,52,2,9,2,189,246,TRUE,0.20907079646017698,FALSE,1,TRUE,NA,2,NA,0.30095541401273884,NA,1,NA,FALSE,NA,TRUE,p4a2,FALSE,FALSE,muestra_insuficiente
5170,22,1,2,5,763,812,TRUE,0.342152466367713,FALSE,1,TRUE,2,3,0.5064327485380117,0.24,1,1,TRUE,FALSE,TRUE,TRUE,p4a2,FALSE,FALSE,muestra_insuficiente
5100,93,1,3,1,152,151,TRUE,1,TRUE,1,TRUE,NA,1,NA,1,NA,1,NA,TRUE,NA,TRUE,p4a2,FALSE,FALSE,muestra_insuficiente
6110,55,1,1,1,351,451,TRUE,1,TRUE,1,TRUE,1,NA,1,NA,1,NA,TRUE,NA,TRUE,NA,p4a2,FALSE,TRUE,muestra_insuficiente
8150,71,4,4,4,920,1079,TRUE,0.2720283855706682,TRUE,1,TRUE,1,3,0.6954397394136808,0.17810693641618497,1,1,TRUE,FALSE,TRUE,TRUE,p4a2,FALSE,TRUE,muestra_insuficiente
5380,33,8,10,2,621,633,TRUE,0.6070381231671554,TRUE,1,TRUE,NA,2,NA,0.6831683168316832,NA,1,NA,TRUE,NA,TRUE,p4a2,FALSE,FALSE,muestra_insuficiente
1204,21,2,2,1,456,467,TRUE,0.5428571428571428,TRUE,1,TRUE,NA,1,NA,0.5428571428571428,NA,1,NA,TRUE,NA,TRUE,p4a2,FALSE,TRUE,muestra_insuficiente
1204,48,2,1,1,391,400,TRUE,0.3313559322033898,FALSE,1,TRUE,NA,1,NA,0.4107142857142857,NA,1,NA,FALSE,NA,TRUE,p4a2,FALSE,FALSE,muestra_insuficiente
1230,33,2,2,1,360,366,TRUE,0.6883365200764818,TRUE,1,TRUE,1,NA,1,NA,1,NA,TRUE,NA,TRUE,NA,p4a2,FALSE,TRUE,muestra_insuficiente
6180,22,1,8,1,346,352,TRUE,1,TRUE,1,TRUE,NA,1,NA,1,NA,1,NA,TRUE,NA,TRUE,p4a2,FALSE,FALSE,muestra_insuficiente
6121,33,1,4,1,388,396,TRUE,0.32252701579384874,FALSE,1,TRUE,1,NA,1,NA,1,NA,TRUE,NA,TRUE,NA,p4a2,FALSE,FALSE,muestra_insuficiente
5141,31,2,2,1,433,458,TRUE,1,TRUE,1,TRUE,NA,1,NA,1,NA,1,NA,TRUE,NA,TRUE,p4a2,FALSE,TRUE,muestra_insuficiente
5170,22,1,3,1,574,599,TRUE,0.25739910313901343,FALSE,1,TRUE,NA,1,NA,0.41745454545454547,NA,1,NA,TRUE,NA,TRUE,p4a2,FALSE,FALSE,muestra_insuficiente
5100,31,2,2,3,681,655,TRUE,0.22906155398587286,FALSE,0.49063670411985016,FALSE,2,1,0.7330729166666666,0.053514739229024944,1,0.15,TRUE,FALSE,TRUE,FALSE,p4a2,FALSE,TRUE,muestra_insuficiente
5100,31,1,4,1,455,483,TRUE,0.13131313131313133,FALSE,0.6939655172413793,TRUE,1,NA,0.2498627127951675,NA,0.6939655172413793,NA,FALSE,NA,TRUE,NA,p4a2,FALSE,FALSE,muestra_insuficiente
4109,61,13,13,1,179,183,TRUE,1,TRUE,1,TRUE,NA,1,NA,1,NA,1,NA,TRUE,NA,TRUE,p4a2,FALSE,TRUE,muestra_insuficiente
5141,48,2,2,2,302,283,TRUE,1,TRUE,1,TRUE,1,1,1,1,1,1,TRUE,TRUE,TRUE,TRUE,p4a2,FALSE,TRUE,muestra_insuficiente
8150,93,4,13,1,66,64,TRUE,0.11478260869565217,FALSE,1,TRUE,NA,1,NA,0.673469387755102,NA,1,NA,TRUE,NA,TRUE,p4a2,FALSE,FALSE,muestra_insuficiente
7121,31,8,4,1,64,64,TRUE,0.023730070448646643,FALSE,0.04012539184952978,FALSE,NA,1,NA,0.029250457038391225,NA,0.3368421052631579,NA,FALSE,NA,FALSE,p4a2,FALSE,FALSE,muestra_insuficiente
6101,61,1,10,1,102,101,TRUE,0.00799937259822759,FALSE,1,TRUE,1,NA,0.01915852742299023,NA,1,NA,FALSE,NA,TRUE,NA,p4a2,FALSE,FALSE,muestra_insuficiente
2121,52,2,2,5,513,487,TRUE,0.5674778761061947,TRUE,1,TRUE,2,3,0.6594202898550725,0.5270700636942676,1,1,TRUE,TRUE,TRUE,TRUE,p4a2,FALSE,TRUE,muestra_insuficiente
2121,51,2,1,1,380,391,TRUE,1,TRUE,0.7548262548262549,TRUE,1,NA,1,NA,0.7548262548262549,NA,TRUE,NA,TRUE,NA,p4a2,FALSE,FALSE,muestra_insuficiente
8150,81,4,3,3,783,787,TRUE,0.35983455882352944,FALSE,1,TRUE,2,1,0.3235843186060983,0.46221441124780316,1,1,FALSE,FALSE,TRUE,TRUE,p4a2,FALSE,FALSE,muestra_insuficiente
5380,56,8,7,1,489,528,TRUE,1,TRUE,1,TRUE,1,NA,1,NA,1,NA,TRUE,NA,TRUE,NA,p4a2,FALSE,FALSE,muestra_insuficiente
6180,61,1,2,2,355,357,TRUE,0.15508955875928354,FALSE,1,TRUE,1,1,0.06175889328063241,0.8679245283018868,1,1,FALSE,TRUE,TRUE,TRUE,p4a2,FALSE,FALSE,muestra_insuficiente
7121,81,9,9,1,208,206,TRUE,1,TRUE,1,TRUE,NA,1,NA,1,NA,1,NA,TRUE,NA,TRUE,p4a2,FALSE,TRUE,muestra_insuficiente
1250,93,3,10,1,141,141,TRUE,0.009773341651070909,FALSE,1,TRUE,NA,1,NA,0.030725648289387668,NA,1,NA,FALSE,NA,TRUE,p4a2,FALSE,FALSE,muestra_insuficiente
7121,51,8,8,2,323,359,TRUE,0.8801089918256131,TRUE,1,TRUE,1,1,1,0.7621621621621621,1,1,TRUE,TRUE,TRUE,TRUE,p4a2,FALSE,TRUE,muestra_insuficiente
8150,71,6,2,1,674,684,TRUE,0.32623426911907066,FALSE,1,TRUE,NA,1,NA,0.37320044296788485,NA,1,NA,FALSE,NA,TRUE,p4a2,FALSE,FALSE,muestra_insuficiente
1230,32,2,1,1,114,114,TRUE,0.17325227963525835,FALSE,1,TRUE,NA,1,NA,0.17325227963525835,NA,1,NA,FALSE,NA,TRUE,p4a2,FALSE,FALSE,muestra_insuficiente
5380,32,8,7,1,118,118,TRUE,0.013603873645376989,FALSE,1,TRUE,NA,1,NA,0.022463354273748334,NA,1,NA,FALSE,NA,TRUE,p4a2,FALSE,FALSE,muestra_insuficiente
6180,62,1,7,2,253,256,TRUE,0.3804511278195489,FALSE,1,TRUE,1,1,0.7991071428571429,0.16780045351473924,1,1,TRUE,FALSE,TRUE,TRUE,p4a2,FALSE,FALSE,muestra_insuficiente
5100,46,1,7,1,109,89,TRUE,0.08214016578749057,FALSE,1,TRUE,1,NA,0.09732142857142857,NA,1,NA,FALSE,NA,TRUE,NA,p4a2,FALSE,FALSE,muestra_insuficiente
8150,72,4,7,4,515,525,TRUE,0.21097910692339206,FALSE,1,TRUE,2,2,0.15357766143106458,0.3476454293628809,1,1,FALSE,FALSE,TRUE,TRUE,p4a2,FALSE,FALSE,muestra_insuficiente
6121,48,1,8,2,169,178,TRUE,0.05259881730469966,FALSE,1,TRUE,1,1,0.11813186813186813,0.044226044226044224,1,1,FALSE,FALSE,TRUE,TRUE,p4a2,FALSE,FALSE,muestra_insuficiente
1204,72,2,8,2,238,237,TRUE,1,TRUE,1,TRUE,1,1,1,1,1,1,TRUE,TRUE,TRUE,TRUE,p4a2,FALSE,FALSE,muestra_insuficiente
8150,72,4,4,2,314,430,TRUE,0.12863580499795166,FALSE,1,TRUE,NA,2,NA,0.43490304709141275,NA,1,NA,TRUE,NA,TRUE,p4a2,FALSE,TRUE,muestra_insuficiente
8150,72,4,2,1,157,215,TRUE,0.06431790249897583,FALSE,1,TRUE,NA,1,NA,0.21745152354570638,NA,1,NA,FALSE,NA,TRUE,p4a2,FALSE,FALSE,muestra_insuficiente
6180,93,1,10,1,98,99,TRUE,0.03078856424756519,FALSE,1,TRUE,1,NA,0.048062775870524765,NA,1,NA,FALSE,NA,TRUE,NA,p4a2,FALSE,FALSE,muestra_insuficiente
6180,93,1,4,2,120,123,TRUE,0.03770028275212064,FALSE,1,TRUE,1,1,0.042177538008827856,0.02972027972027972,1,1,FALSE,FALSE,TRUE,TRUE,p4a2,FALSE,FALSE,muestra_insuficiente
1204,46,2,1,1,156,159,TRUE,0.2604340567612688,FALSE,1,TRUE,1,NA,0.3151515151515151,NA,1,NA,FALSE,NA,TRUE,NA,p4a2,FALSE,FALSE,muestra_insuficiente
6180,72,1,7,1,109,112,TRUE,0.5240384615384616,TRUE,1,TRUE,1,NA,1,NA,1,NA,TRUE,NA,TRUE,NA,p4a2,FALSE,FALSE,muestra_insuficiente
6110,72,1,1,2,317,253,TRUE,0.22530206112295664,FALSE,1,TRUE,2,NA,0.22530206112295664,NA,1,NA,FALSE,NA,TRUE,NA,p4a2,FALSE,TRUE,muestra_insuficiente
1230,56,2,7,3,252,259,TRUE,0.18142548596112312,FALSE,1,TRUE,2,1,0.6430678466076696,0.03238095238095238,1,1,TRUE,FALSE,TRUE,TRUE,p4a2,FALSE,FALSE,muestra_insuficiente
1230,93,2,1,1,384,391,TRUE,0.15384615384615385,FALSE,1,TRUE,NA,1,NA,0.25514950166112954,NA,1,NA,FALSE,NA,TRUE,p4a2,FALSE,FALSE,muestra_insuficiente
6110,51,1,1,1,57,59,TRUE,1,TRUE,1,TRUE,1,NA,1,NA,1,NA,TRUE,NA,TRUE,NA,p4a2,FALSE,TRUE,muestra_insuficiente
7201,71,3,2,1,150,169,TRUE,0.5617977528089888,TRUE,1,TRUE,1,NA,0.5617977528089888,NA,1,NA,TRUE,NA,TRUE,NA,p4a2,FALSE,FALSE,muestra_insuficiente
6180,52,1,2,1,146,198,TRUE,0.10556760665220535,FALSE,1,TRUE,1,NA,0.14570858283433133,NA,1,NA,FALSE,NA,TRUE,NA,p4a2,FALSE,FALSE,muestra_insuficiente
5141,81,2,1,1,153,155,TRUE,0.18021201413427562,FALSE,1,TRUE,NA,1,NA,0.8138297872340425,NA,1,NA,TRUE,NA,TRUE,p4a2,FALSE,FALSE,muestra_insuficiente
5170,33,1,2,1,155,158,TRUE,0.32563025210084034,FALSE,1,TRUE,1,NA,0.32563025210084034,NA,1,NA,FALSE,NA,TRUE,NA,p4a2,FALSE,FALSE,muestra_insuficiente
7201,43,3,3,1,106,110,TRUE,0.07934131736526946,FALSE,1,TRUE,NA,1,NA,0.1696,NA,1,NA,FALSE,NA,TRUE,p4a2,FALSE,TRUE,muestra_insuficiente
2121,46,2,9,2,128,132,TRUE,0.24242424242424243,FALSE,1,TRUE,2,NA,0.4794007490636704,NA,1,NA,FALSE,NA,TRUE,NA,p4a2,FALSE,FALSE,muestra_insuficiente
8150,53,4,11,1,100,104,TRUE,1,TRUE,1,TRUE,1,NA,1,NA,1,NA,TRUE,NA,TRUE,NA,p4a2,FALSE,FALSE,muestra_insuficiente
6110,56,1,1,1,115,159,TRUE,0.21217712177121772,FALSE,1,TRUE,1,NA,1,NA,1,NA,TRUE,NA,TRUE,NA,p4a2,FALSE,TRUE,muestra_insuficiente
5100,31,2,7,1,86,89,TRUE,0.02892700975445678,FALSE,0.08803165182987141,FALSE,NA,1,NA,0.039002267573696146,NA,1,NA,FALSE,NA,TRUE,p4a2,FALSE,FALSE,muestra_insuficiente
1204,46,2,9,1,158,158,TRUE,0.2637729549248748,FALSE,1,TRUE,1,NA,0.3191919191919192,NA,1,NA,TRUE,NA,TRUE,NA,p4a2,FALSE,FALSE,muestra_insuficiente
4151,11,13,13,3,2781,2976,TRUE,1,TRUE,1,TRUE,3,NA,1,NA,1,NA,TRUE,NA,TRUE,NA,p4a2,FALSE,TRUE,muestra_insuficiente
1250,61,3,10,1,293,297,TRUE,0.07039884670831331,FALSE,1,TRUE,NA,1,NA,0.17964438994481913,NA,1,NA,FALSE,NA,TRUE,p4a2,FALSE,FALSE,muestra_insuficiente
5141,33,2,9,1,348,335,TRUE,0.0062506735639616335,FALSE,1,TRUE,NA,1,NA,0.012420586765650653,NA,1,NA,FALSE,NA,TRUE,p4a2,FALSE,FALSE,muestra_insuficiente
1204,93,2,2,1,118,119,TRUE,0.5959595959595959,TRUE,1,TRUE,1,NA,1,NA,1,NA,TRUE,NA,TRUE,NA,p4a2,FALSE,TRUE,muestra_insuficiente
2121,52,2,5,1,94,119,TRUE,0.10398230088495575,FALSE,1,TRUE,1,NA,0.34057971014492755,NA,1,NA,FALSE,NA,TRUE,NA,p4a2,FALSE,FALSE,muestra_insuficiente
8310,93,2,2,1,87,88,TRUE,0.5117647058823529,TRUE,1,TRUE,1,NA,1,NA,1,NA,TRUE,NA,TRUE,NA,p4a2,FALSE,TRUE,muestra_insuficiente
7121,46,8,8,2,146,148,TRUE,0.047526041666666664,FALSE,1,TRUE,1,1,0.015461573442473852,0.12829324169530354,1,1,FALSE,FALSE,TRUE,TRUE,p4a2,FALSE,TRUE,muestra_insuficiente
6180,93,1,13,1,175,297,TRUE,0.05497957901350927,FALSE,1,TRUE,1,NA,0.08582638548307994,NA,1,NA,FALSE,NA,TRUE,NA,p4a2,FALSE,FALSE,muestra_insuficiente
6180,46,1,4,1,124,126,TRUE,1,TRUE,1,TRUE,NA,1,NA,1,NA,1,NA,TRUE,NA,TRUE,p4a2,FALSE,FALSE,muestra_insuficiente
5141,81,2,6,1,521,516,TRUE,0.6136631330977621,TRUE,1,TRUE,1,NA,0.7881996974281392,NA,1,NA,TRUE,NA,TRUE,NA,p4a2,FALSE,FALSE,muestra_insuficiente
5141,21,2,2,3,191,191,TRUE,0.7403100775193798,TRUE,1,TRUE,1,2,1,0.6666666666666666,1,1,TRUE,TRUE,TRUE,TRUE,p4a2,FALSE,TRUE,muestra_insuficiente
6180,81,2,11,1,51,51,TRUE,0.03441295546558704,FALSE,1,TRUE,NA,1,NA,1,NA,1,NA,TRUE,NA,TRUE,p4a2,FALSE,FALSE,muestra_insuficiente
5141,21,2,7,1,67,68,TRUE,0.25968992248062017,FALSE,1,TRUE,NA,1,NA,0.3333333333333333,NA,1,NA,FALSE,NA,TRUE,p4a2,FALSE,FALSE,muestra_insuficiente
6180,93,1,3,1,55,56,TRUE,0.017279296261388626,FALSE,1,TRUE,1,NA,0.026974006866110838,NA,1,NA,FALSE,NA,TRUE,NA,p4a2,FALSE,FALSE,muestra_insuficiente
1204,23,2,10,1,60,61,TRUE,0.022132054592401328,FALSE,1,TRUE,NA,1,NA,0.0345821325648415,NA,1,NA,FALSE,NA,TRUE,p4a2,FALSE,FALSE,muestra_insuficiente
7121,43,8,8,1,65,66,TRUE,0.019345238095238096,FALSE,1,TRUE,NA,1,NA,0.03192534381139489,NA,1,NA,FALSE,NA,TRUE,p4a2,FALSE,TRUE,muestra_insuficiente
5380,22,8,7,1,62,63,TRUE,0.19314641744548286,FALSE,1,TRUE,1,NA,0.24701195219123506,NA,1,NA,FALSE,NA,TRUE,NA,p4a2,FALSE,FALSE,muestra_insuficiente
5170,21,1,10,1,74,60,TRUE,0.21893491124260356,FALSE,1,TRUE,1,NA,0.21893491124260356,NA,1,NA,FALSE,NA,TRUE,NA,p4a2,FALSE,FALSE,muestra_insuficiente
6110,61,1,3,1,70,71,TRUE,0.17543859649122806,FALSE,1,TRUE,1,NA,0.2356902356902357,NA,1,NA,FALSE,NA,TRUE,NA,p4a2,FALSE,FALSE,muestra_insuficiente
1250,97,3,3,1,57,58,TRUE,1,TRUE,1,TRUE,NA,1,NA,1,NA,1,NA,TRUE,NA,TRUE,p4a2,FALSE,TRUE,muestra_insuficiente
1204,81,2,5,3,423,430,TRUE,0.028059701492537312,FALSE,1,TRUE,3,NA,0.05173679060665362,NA,1,NA,FALSE,NA,TRUE,NA,p4a2,FALSE,FALSE,muestra_insuficiente
1204,23,2,2,1,100,127,TRUE,0.03688675765400221,FALSE,1,TRUE,1,NA,0.10245901639344263,NA,1,NA,FALSE,NA,TRUE,NA,p4a2,FALSE,TRUE,muestra_insuficiente
6121,32,1,3,1,119,120,TRUE,0.040298002031832036,FALSE,1,TRUE,1,NA,1,NA,1,NA,TRUE,NA,TRUE,NA,p4a2,FALSE,FALSE,muestra_insuficiente
8311,48,2,2,1,113,92,TRUE,1,TRUE,1,TRUE,NA,1,NA,1,NA,1,NA,TRUE,NA,TRUE,p4a2,FALSE,TRUE,muestra_insuficiente
6180,93,2,7,1,166,156,TRUE,1,TRUE,0.2932330827067669,FALSE,NA,1,NA,1,NA,0.3979591836734694,NA,TRUE,NA,FALSE,p4a2,FALSE,FALSE,muestra_insuficiente
8150,51,4,4,1,1471,1484,TRUE,0.9800133244503664,TRUE,1,TRUE,NA,1,NA,0.9800133244503664,NA,1,NA,TRUE,NA,TRUE,p4a2,FALSE,TRUE,muestra_insuficiente
7201,43,3,5,1,68,67,TRUE,0.05089820359281437,FALSE,1,TRUE,1,NA,0.09563994374120956,NA,1,NA,FALSE,NA,TRUE,NA,p4a2,FALSE,FALSE,muestra_insuficiente
5141,32,2,10,1,135,109,TRUE,0.08088675853804674,FALSE,1,TRUE,1,NA,0.3901734104046243,NA,1,NA,FALSE,NA,TRUE,NA,p4a2,FALSE,FALSE,muestra_insuficiente
1204,31,2,7,1,117,119,TRUE,0.0293896006028636,FALSE,1,TRUE,NA,1,NA,0.0546218487394958,NA,1,NA,FALSE,NA,TRUE,p4a2,FALSE,FALSE,muestra_insuficiente
7201,43,3,4,2,153,173,TRUE,0.11452095808383234,FALSE,1,TRUE,NA,2,NA,0.2448,NA,1,NA,FALSE,NA,TRUE,p4a2,FALSE,FALSE,muestra_insuficiente
2121,23,2,1,1,89,91,TRUE,1,TRUE,0.558282208588957,TRUE,1,NA,1,NA,1,NA,TRUE,NA,TRUE,NA,p4a2,FALSE,FALSE,muestra_insuficiente
5141,23,2,7,1,266,277,TRUE,0.8134556574923547,TRUE,1,TRUE,1,NA,0.8134556574923547,NA,1,NA,TRUE,NA,TRUE,NA,p4a2,FALSE,FALSE,muestra_insuficiente
5170,22,1,8,1,86,84,TRUE,0.03856502242152467,FALSE,1,TRUE,1,NA,0.10058479532163743,NA,1,NA,FALSE,NA,TRUE,NA,p4a2,FALSE,FALSE,muestra_insuficiente
5100,62,1,7,1,96,93,TRUE,0.11428571428571428,FALSE,1,TRUE,NA,1,NA,1,NA,1,NA,TRUE,NA,TRUE,p4a2,FALSE,FALSE,muestra_insuficiente
7201,71,3,11,1,117,91,TRUE,0.43820224719101125,FALSE,1,TRUE,1,NA,0.43820224719101125,NA,1,NA,FALSE,NA,TRUE,NA,p4a2,FALSE,FALSE,muestra_insuficiente
1230,22,2,3,1,455,362,TRUE,0.7446808510638298,TRUE,1,TRUE,1,NA,0.7446808510638298,NA,1,NA,TRUE,NA,TRUE,NA,p4a2,FALSE,FALSE,muestra_insuficiente
1230,33,2,8,1,62,58,TRUE,0.11854684512428298,FALSE,1,TRUE,NA,1,NA,0.3803680981595092,NA,1,NA,FALSE,NA,TRUE,p4a2,FALSE,FALSE,muestra_insuficiente
6110,46,1,8,1,144,146,TRUE,0.014072119613016711,FALSE,1,TRUE,NA,1,NA,0.01793275217932752,NA,1,NA,FALSE,NA,TRUE,p4a2,FALSE,FALSE,muestra_insuficiente
5100,72,2,11,1,130,131,TRUE,0.10743801652892562,FALSE,1,TRUE,NA,1,NA,0.7303370786516854,NA,1,NA,TRUE,NA,TRUE,p4a2,FALSE,FALSE,muestra_insuficiente
6110,32,1,4,1,152,154,TRUE,1,TRUE,1,TRUE,1,NA,1,NA,1,NA,TRUE,NA,TRUE,NA,p4a2,FALSE,FALSE,muestra_insuficiente
6101,93,1,8,1,169,137,TRUE,0.0056248959893493095,FALSE,1,TRUE,1,NA,0.013485477178423237,NA,1,NA,FALSE,NA,TRUE,NA,p4a2,FALSE,FALSE,muestra_insuficiente
8150,81,4,11,1,306,234,TRUE,0.140625,FALSE,1,TRUE,NA,1,NA,0.5377855887521968,NA,1,NA,TRUE,NA,TRUE,p4a2,FALSE,FALSE,muestra_insuficiente
6110,31,1,1,1,162,160,TRUE,0.14740673339399454,FALSE,1,TRUE,NA,1,NA,0.7363636363636363,NA,1,NA,TRUE,NA,TRUE,p4a2,FALSE,TRUE,muestra_insuficiente
8150,71,6,6,2,547,543,TRUE,0.2647628267182962,FALSE,1,TRUE,1,1,1,0.15891472868217055,1,1,TRUE,FALSE,TRUE,TRUE,p4a2,FALSE,TRUE,muestra_insuficiente
4134,11,13,11,1,163,153,TRUE,1,TRUE,0.43714285714285717,FALSE,NA,1,NA,1,NA,1,NA,TRUE,NA,TRUE,p4a2,FALSE,FALSE,muestra_insuficiente
4134,11,12,12,1,133,132,TRUE,0.40797546012269936,FALSE,1,TRUE,1,NA,0.40797546012269936,NA,1,NA,FALSE,NA,TRUE,NA,p4a2,FALSE,TRUE,muestra_insuficiente
7201,31,3,11,1,41,41,TRUE,1,TRUE,1,TRUE,NA,1,NA,1,NA,1,NA,TRUE,NA,TRUE,p4a2,FALSE,FALSE,muestra_insuficiente
8150,51,4,7,1,30,38,TRUE,0.019986675549633577,FALSE,1,TRUE,NA,1,NA,0.019986675549633577,NA,1,NA,FALSE,NA,TRUE,p4a2,FALSE,FALSE,muestra_insuficiente
2121,56,2,3,1,53,47,TRUE,1,TRUE,0.27167630057803466,FALSE,1,NA,1,NA,0.27167630057803466,NA,TRUE,NA,FALSE,NA,p4a2,FALSE,FALSE,muestra_insuficiente
1230,21,2,2,1,249,248,TRUE,0.5081632653061224,TRUE,1,TRUE,1,NA,0.5081632653061224,NA,1,NA,TRUE,NA,TRUE,NA,p4a2,FALSE,TRUE,muestra_insuficiente
5170,21,1,8,1,219,223,TRUE,0.6479289940828402,TRUE,1,TRUE,1,NA,0.6479289940828402,NA,1,NA,TRUE,NA,TRUE,NA,p4a2,FALSE,FALSE,muestra_insuficiente
1230,21,2,1,1,241,237,TRUE,0.49183673469387756,FALSE,1,TRUE,1,NA,0.49183673469387756,NA,1,NA,FALSE,NA,TRUE,NA,p4a2,FALSE,FALSE,muestra_insuficiente
7201,469,3,3,425,116314,119321,TRUE,0.9784234389589415,TRUE,1,TRUE,209,216,0.9709737664287086,0.9853538141785471,1,1,TRUE,TRUE,TRUE,TRUE,p4a3,TRUE,TRUE,candidato_estadistico_no_aprobado_semanticamente
5141,336,2,7,78,18445,18585,TRUE,0.5337712698228961,TRUE,1,TRUE,37,41,0.5785705152793761,0.4967220048641218,1,1,TRUE,TRUE,TRUE,TRUE,p4a3,FALSE,FALSE,sin_mayoria_reciproca_estable
5141,334,2,8,4,612,620,TRUE,0.13365363616510156,FALSE,1,TRUE,1,3,0.047150259067357515,0.19667799169497924,1,1,FALSE,FALSE,TRUE,TRUE,p4a3,FALSE,FALSE,muestra_insuficiente
7201,466,3,6,25,9000,9702,TRUE,0.15387771850636028,FALSE,1,TRUE,12,13,0.09277161375370757,0.2546657003080268,1,1,FALSE,FALSE,TRUE,TRUE,p4a3,FALSE,FALSE,sin_mayoria_reciproca_estable
1204,336,2,1,3,410,383,TRUE,0.0488560533841754,FALSE,1,TRUE,1,2,0.02608695652173913,0.08548336959900528,1,1,FALSE,FALSE,TRUE,TRUE,p4a3,FALSE,FALSE,muestra_insuficiente
1230,541,2,3,1,102,103,TRUE,0.07234042553191489,FALSE,1,TRUE,NA,1,NA,0.09156193895870736,NA,1,NA,FALSE,NA,TRUE,p4a3,FALSE,FALSE,muestra_insuficiente
1230,541,2,2,4,1308,1136,TRUE,0.9276595744680851,TRUE,1,TRUE,2,2,1,0.9084380610412927,1,1,TRUE,TRUE,TRUE,TRUE,p4a3,FALSE,TRUE,muestra_insuficiente
6101,614,1,1,2,279,361,TRUE,1,TRUE,1,TRUE,2,NA,1,NA,1,NA,TRUE,NA,TRUE,NA,p4a3,FALSE,TRUE,muestra_insuficiente
1204,336,2,2,16,3239,3248,TRUE,0.3859628217349857,FALSE,1,TRUE,7,9,0.3136231884057971,0.5023313646254274,1,1,FALSE,TRUE,TRUE,TRUE,p4a3,FALSE,TRUE,sin_mayoria_reciproca_estable
7201,463,3,6,35,11083,10543,TRUE,0.24292571729171689,FALSE,1,TRUE,20,15,0.27179084102097384,0.2103962703962704,1,1,FALSE,FALSE,TRUE,TRUE,p4a3,FALSE,FALSE,sin_mayoria_reciproca_estable
6101,931,1,2,72,15935,17547,TRUE,0.5303711100016641,TRUE,1,TRUE,32,40,0.46776252792850304,0.575172728830012,1,1,TRUE,TRUE,TRUE,TRUE,p4a3,FALSE,FALSE,sin_mayoria_reciproca_estable
1230,613,2,2,3,491,519,TRUE,1,TRUE,1,TRUE,2,1,1,1,1,1,TRUE,TRUE,TRUE,TRUE,p4a3,FALSE,TRUE,muestra_insuficiente
7201,461,3,11,22,5911,5601,TRUE,0.7318311254178531,TRUE,1,TRUE,13,9,0.7649122807017544,0.5489086499595797,1,1,TRUE,TRUE,TRUE,TRUE,p4a3,TRUE,FALSE,candidato_estadistico_no_aprobado_semanticamente
5100,722,1,1,1,197,199,TRUE,0.25353925353925355,FALSE,1,TRUE,1,NA,0.25353925353925355,NA,1,NA,FALSE,NA,TRUE,NA,p4a3,FALSE,TRUE,muestra_insuficiente
2125,625,2,1,2,209,213,TRUE,1,TRUE,1,TRUE,NA,2,NA,1,NA,1,NA,TRUE,NA,TRUE,p4a3,FALSE,FALSE,muestra_insuficiente
1204,336,2,8,14,3827,3919,TRUE,0.45602955195424216,TRUE,1,TRUE,10,4,0.6185507246376811,0.19459123406900838,1,1,TRUE,FALSE,TRUE,TRUE,p4a3,FALSE,FALSE,muestra_insuficiente
6101,613,1,1,17,5827,5956,TRUE,0.8596931248155798,TRUE,0.9784787251519632,TRUE,6,11,0.6197520991603359,1,0.9790438768827767,0.9782894736842105,TRUE,TRUE,TRUE,TRUE,p4a3,TRUE,TRUE,candidato_estadistico_no_aprobado_semanticamente
5141,334,2,7,10,2969,2869,TRUE,0.6483948460362524,TRUE,1,TRUE,4,6,0.655958549222798,0.642884107210268,1,1,TRUE,TRUE,TRUE,TRUE,p4a3,FALSE,FALSE,muestra_insuficiente
5141,336,2,8,37,7402,7207,TRUE,0.21420303275842112,FALSE,1,TRUE,19,18,0.2541235136171845,0.1811885375912023,1,1,FALSE,FALSE,TRUE,TRUE,p4a3,FALSE,FALSE,sin_mayoria_reciproca_estable
7201,465,3,11,68,13960,14037,TRUE,0.8375832483350333,TRUE,1,TRUE,32,36,0.9618730808597749,0.7278273641396452,1,1,TRUE,TRUE,TRUE,TRUE,p4a3,TRUE,FALSE,candidato_estadistico_no_aprobado_semanticamente
7201,466,3,11,99,46729,47153,TRUE,0.798950212009301,TRUE,1,TRUE,55,44,0.8845984840162584,0.6576825511868092,1,1,TRUE,TRUE,TRUE,TRUE,p4a3,TRUE,FALSE,candidato_estadistico_no_aprobado_semanticamente
8150,812,6,6,2,220,249,TRUE,0.12249443207126949,FALSE,1,TRUE,1,1,0.1276595744680851,0.11789473684210526,1,1,FALSE,FALSE,TRUE,TRUE,p4a3,FALSE,TRUE,muestra_insuficiente
6101,611,1,2,5,421,444,TRUE,0.08119575699132112,FALSE,0.3018354860639021,FALSE,4,1,0.13050314465408805,0.03369935630443014,0.2513247539742619,0.7466666666666667,FALSE,FALSE,FALSE,TRUE,p4a3,FALSE,FALSE,muestra_insuficiente
5141,334,2,10,1,106,108,TRUE,0.02314915920506661,FALSE,1,TRUE,NA,1,NA,0.04001510003775009,NA,1,NA,FALSE,NA,TRUE,p4a3,FALSE,FALSE,muestra_insuficiente
2121,468,2,2,2,284,290,TRUE,0.7675675675675676,TRUE,0.6744186046511628,TRUE,1,1,0.6177777777777778,1,1,0.5121951219512195,TRUE,TRUE,TRUE,TRUE,p4a3,FALSE,TRUE,muestra_insuficiente
6180,561,2,2,2,286,292,TRUE,1,TRUE,1,TRUE,1,1,1,1,1,1,TRUE,TRUE,TRUE,TRUE,p4a3,FALSE,TRUE,muestra_insuficiente
1204,327,2,8,5,920,892,TRUE,0.572139303482587,TRUE,1,TRUE,3,2,0.561282932416953,0.5850340136054422,1,1,TRUE,TRUE,TRUE,TRUE,p4a3,FALSE,FALSE,muestra_insuficiente
5141,333,2,8,1,69,71,TRUE,0.014899589721442452,FALSE,1,TRUE,1,NA,0.022541653054557333,NA,1,NA,FALSE,NA,TRUE,NA,p4a3,FALSE,FALSE,muestra_insuficiente
5380,931,8,7,4,1685,1680,TRUE,1,TRUE,1,TRUE,2,2,1,1,1,1,TRUE,TRUE,TRUE,TRUE,p4a3,FALSE,FALSE,muestra_insuficiente
1204,333,2,2,3,538,536,TRUE,0.7032679738562092,TRUE,1,TRUE,3,NA,0.7032679738562092,NA,1,NA,TRUE,NA,TRUE,NA,p4a3,FALSE,TRUE,muestra_insuficiente
5141,334,2,1,2,573,636,TRUE,0.12513649268399213,FALSE,1,TRUE,2,NA,0.29689119170984457,NA,1,NA,FALSE,NA,TRUE,NA,p4a3,FALSE,FALSE,muestra_insuficiente
5141,336,2,1,16,2489,2453,TRUE,0.07202801250144693,FALSE,1,TRUE,7,9,0.06725482674849763,0.0759754679073702,1,1,FALSE,FALSE,TRUE,TRUE,p4a3,FALSE,FALSE,sin_mayoria_reciproca_estable
5100,311,1,1,3,572,588,TRUE,0.1770349736923553,FALSE,1,TRUE,1,2,0.15248897290485192,0.20072992700729927,1,1,FALSE,FALSE,TRUE,TRUE,p4a3,FALSE,TRUE,muestra_insuficiente
1204,322,2,2,2,580,491,TRUE,0.4978540772532189,FALSE,1,TRUE,1,1,0.4688195991091314,0.5955056179775281,1,1,FALSE,TRUE,TRUE,TRUE,p4a3,FALSE,TRUE,muestra_insuficiente
1204,338,2,8,3,716,715,TRUE,0.8277456647398844,TRUE,1,TRUE,1,2,0.6068601583113457,1,1,1,TRUE,TRUE,TRUE,TRUE,p4a3,FALSE,FALSE,muestra_insuficiente
1204,334,2,7,1,316,310,TRUE,0.47518796992481205,TRUE,1,TRUE,1,NA,0.5703971119133574,NA,1,NA,TRUE,NA,TRUE,NA,p4a3,FALSE,FALSE,muestra_insuficiente
5170,335,1,10,1,227,225,TRUE,1,TRUE,1,TRUE,1,NA,1,NA,1,NA,TRUE,NA,TRUE,NA,p4a3,FALSE,FALSE,muestra_insuficiente
1204,334,2,8,1,238,235,TRUE,0.35789473684210527,FALSE,1,TRUE,1,NA,0.4296028880866426,NA,1,NA,FALSE,NA,TRUE,NA,p4a3,FALSE,FALSE,muestra_insuficiente
6121,485,1,3,2,497,490,TRUE,0.6113161131611317,TRUE,1,TRUE,NA,2,NA,0.6980337078651685,NA,1,NA,TRUE,NA,TRUE,p4a3,FALSE,FALSE,muestra_insuficiente
8150,711,4,13,1,249,412,TRUE,0.8032258064516129,TRUE,1,TRUE,NA,1,NA,0.8032258064516129,NA,1,NA,TRUE,NA,TRUE,p4a3,FALSE,FALSE,muestra_insuficiente
7121,468,8,10,6,2851,2830,TRUE,0.9882149046793761,TRUE,1,TRUE,4,2,0.9845384265575261,1,1,1,TRUE,TRUE,TRUE,TRUE,p4a3,FALSE,FALSE,muestra_insuficiente
5141,326,2,7,1,211,207,TRUE,0.6098265895953757,TRUE,1,TRUE,1,NA,0.6098265895953757,NA,1,NA,TRUE,NA,TRUE,NA,p4a3,FALSE,FALSE,muestra_insuficiente
5141,332,2,10,1,463,467,TRUE,0.10891554928252176,FALSE,1,TRUE,NA,1,NA,0.26701268742791234,NA,1,NA,FALSE,NA,TRUE,p4a3,FALSE,FALSE,muestra_insuficiente
6110,931,1,7,3,504,504,TRUE,0.039603960396039604,FALSE,1,TRUE,1,2,0.012142514778718645,0.0661821555589918,1,1,FALSE,FALSE,TRUE,TRUE,p4a3,FALSE,FALSE,muestra_insuficiente
1204,221,2,8,2,437,432,TRUE,0.22456320657759507,FALSE,1,TRUE,1,1,1,0.171334431630972,1,1,TRUE,FALSE,TRUE,TRUE,p4a3,FALSE,FALSE,muestra_insuficiente
4109,111,13,13,9,1626,1597,TRUE,0.2156784719458814,FALSE,1,TRUE,8,1,0.4833913318570073,0.022384650525354044,1,1,TRUE,FALSE,TRUE,TRUE,p4a3,FALSE,TRUE,muestra_insuficiente
4109,111,13,10,10,2694,2719,TRUE,0.357341822522881,FALSE,1,TRUE,3,7,0.1262258778867447,0.5242119689355871,1,1,FALSE,TRUE,TRUE,TRUE,p4a3,FALSE,FALSE,muestra_insuficiente
1250,338,3,3,1,628,506,TRUE,1,TRUE,1,TRUE,NA,1,NA,1,NA,1,NA,TRUE,NA,TRUE,p4a3,FALSE,TRUE,muestra_insuficiente
1204,337,2,1,1,467,487,TRUE,1,TRUE,1,TRUE,NA,1,NA,1,NA,1,NA,TRUE,NA,TRUE,p4a3,FALSE,FALSE,muestra_insuficiente
5380,980,8,10,1,467,487,TRUE,1,TRUE,1,TRUE,NA,1,NA,1,NA,1,NA,TRUE,NA,TRUE,p4a3,FALSE,FALSE,muestra_insuficiente
1204,111,2,10,1,152,146,TRUE,1,TRUE,1,TRUE,NA,1,NA,1,NA,1,NA,TRUE,NA,TRUE,p4a3,FALSE,FALSE,muestra_insuficiente
6110,462,1,2,8,2734,2947,TRUE,0.2873961946809629,FALSE,1,TRUE,3,5,0.6743088334457181,0.21594022415940226,1,1,TRUE,FALSE,TRUE,TRUE,p4a3,FALSE,FALSE,muestra_insuficiente
1204,312,2,1,1,536,560,TRUE,0.44666666666666666,FALSE,1,TRUE,1,NA,1,NA,1,NA,TRUE,NA,TRUE,NA,p4a3,FALSE,FALSE,muestra_insuficiente
1204,311,2,2,1,281,283,TRUE,0.10583804143126177,FALSE,1,TRUE,NA,1,NA,0.20784023668639054,NA,1,NA,FALSE,NA,TRUE,p4a3,FALSE,TRUE,muestra_insuficiente
1204,238,2,5,3,1195,1321,TRUE,0.48204921339249696,TRUE,1,TRUE,NA,3,NA,0.7134328358208956,NA,1,NA,TRUE,NA,TRUE,p4a3,FALSE,FALSE,muestra_insuficiente
6180,622,1,2,1,262,265,TRUE,0.39398496240601505,TRUE,1,TRUE,NA,1,NA,0.5941043083900227,NA,1,NA,TRUE,NA,TRUE,p4a3,FALSE,FALSE,muestra_insuficiente
5141,336,2,3,4,1950,1102,TRUE,0.05643014237759,FALSE,1,TRUE,3,1,0.03465030047308528,0.07444221211800782,1,1,FALSE,FALSE,TRUE,TRUE,p4a3,FALSE,FALSE,muestra_insuficiente
1204,238,2,6,3,873,773,TRUE,0.35215812827753123,FALSE,1,TRUE,1,2,0.5398009950248757,0.262089552238806,1,1,TRUE,FALSE,TRUE,TRUE,p4a3,FALSE,FALSE,muestra_insuficiente
5141,335,2,7,8,2005,1924,TRUE,0.5194300518134715,TRUE,1,TRUE,5,3,0.5912568306010929,0.454679802955665,1,1,TRUE,TRUE,TRUE,TRUE,p4a3,FALSE,FALSE,muestra_insuficiente
5141,468,2,7,1,287,287,TRUE,1,TRUE,1,TRUE,NA,1,NA,1,NA,1,NA,TRUE,NA,TRUE,p4a3,FALSE,FALSE,muestra_insuficiente
1250,931,3,3,55,7921,8164,TRUE,0.5490399944548416,TRUE,1,TRUE,34,21,0.4801788981500305,0.6966659402920026,1,1,TRUE,TRUE,TRUE,TRUE,p4a3,FALSE,TRUE,sin_mayoria_reciproca_estable
5380,324,8,8,1,293,296,TRUE,1,TRUE,1,TRUE,NA,1,NA,1,NA,1,NA,TRUE,NA,TRUE,p4a3,FALSE,TRUE,muestra_insuficiente
5141,338,2,7,3,794,715,TRUE,1,TRUE,1,TRUE,1,2,1,1,1,1,TRUE,TRUE,TRUE,TRUE,p4a3,FALSE,FALSE,muestra_insuficiente
1204,336,2,3,2,411,435,TRUE,0.04897521448999047,FALSE,1,TRUE,NA,2,NA,0.12775878147342246,NA,1,NA,FALSE,NA,TRUE,p4a3,FALSE,FALSE,muestra_insuficiente
5380,325,8,10,4,2041,2044,TRUE,0.2531943927552413,FALSE,1,TRUE,2,2,0.20251531763947114,0.2848790322580645,1,1,FALSE,FALSE,TRUE,TRUE,p4a3,FALSE,FALSE,muestra_insuficiente
1204,811,2,11,5,2120,2207,TRUE,0.14063018242122718,FALSE,1,TRUE,4,1,0.24351761252446183,0.01869836208146108,1,1,FALSE,FALSE,TRUE,TRUE,p4a3,FALSE,FALSE,muestra_insuficiente
1250,931,3,1,21,3041,3219,TRUE,0.2107853330560754,FALSE,1,TRUE,17,4,0.27780036592803414,0.06711701895837874,1,1,FALSE,FALSE,TRUE,TRUE,p4a3,FALSE,FALSE,muestra_insuficiente
4109,970,13,9,1,171,166,TRUE,1,TRUE,1,TRUE,NA,1,NA,1,NA,1,NA,TRUE,NA,TRUE,p4a3,FALSE,FALSE,muestra_insuficiente
6110,522,1,2,5,2056,1499,TRUE,0.43791267305644305,TRUE,0.9746423927178154,TRUE,4,1,0.32476763258611263,0.5101186322400558,1,0.9583333333333334,FALSE,TRUE,TRUE,TRUE,p4a3,FALSE,FALSE,muestra_insuficiente
7201,469,3,11,10,1474,1454,TRUE,0.012399162173302265,FALSE,1,TRUE,6,4,0.011170649119438675,0.013542038775046276,1,1,FALSE,FALSE,TRUE,TRUE,p4a3,FALSE,FALSE,muestra_insuficiente
8311,931,2,10,18,3279,3240,TRUE,0.486715155113552,TRUE,1,TRUE,8,10,0.5845493562231759,0.43498978897208984,1,1,TRUE,FALSE,TRUE,TRUE,p4a3,FALSE,FALSE,sin_mayoria_reciproca_estable
7201,468,3,11,7,943,941,TRUE,0.39571968107427613,FALSE,1,TRUE,4,3,0.7400793650793651,0.14327272727272727,1,1,TRUE,FALSE,TRUE,TRUE,p4a3,FALSE,FALSE,muestra_insuficiente
6121,931,1,1,7,1056,1163,TRUE,0.28517418309478804,FALSE,1,TRUE,6,1,0.44144144144144143,0.05124747134187458,1,1,TRUE,FALSE,TRUE,TRUE,p4a3,FALSE,TRUE,muestra_insuficiente
1204,212,2,8,1,44,45,TRUE,0.088,FALSE,1,TRUE,NA,1,NA,0.088,NA,1,NA,FALSE,NA,TRUE,p4a3,FALSE,FALSE,muestra_insuficiente
6180,622,1,1,2,150,153,TRUE,0.22556390977443608,FALSE,1,TRUE,1,1,0.20089285714285715,0.23809523809523808,1,1,FALSE,FALSE,TRUE,TRUE,p4a3,FALSE,TRUE,muestra_insuficiente
6110,462,1,1,4,2420,2400,TRUE,0.2543887312099233,FALSE,1,TRUE,1,3,0.024949426837491573,0.2967621419676214,1,1,FALSE,FALSE,TRUE,TRUE,p4a3,FALSE,TRUE,muestra_insuficiente
2126,931,1,3,2,1081,880,TRUE,0.6611620795107034,TRUE,1,TRUE,2,NA,0.9617437722419929,NA,1,NA,TRUE,NA,TRUE,NA,p4a3,FALSE,FALSE,muestra_insuficiente
1204,621,2,2,1,76,57,TRUE,1,TRUE,1,TRUE,NA,1,NA,1,NA,1,NA,TRUE,NA,TRUE,p4a3,FALSE,TRUE,muestra_insuficiente
6110,931,1,1,26,5914,6661,TRUE,0.4647179003614647,TRUE,1,TRUE,14,12,0.3986259785908292,0.528684088449049,1,1,TRUE,TRUE,TRUE,TRUE,p4a3,FALSE,TRUE,sin_mayoria_reciproca_estable
1204,811,2,6,10,2850,3001,TRUE,0.1890547263681592,FALSE,1,TRUE,4,6,0.08512720156555773,0.3122191621974199,1,1,FALSE,FALSE,TRUE,TRUE,p4a3,FALSE,FALSE,muestra_insuficiente
5100,311,2,5,3,1945,1921,TRUE,0.6786461967899512,TRUE,1,TRUE,NA,3,NA,0.905072126570498,NA,1,NA,TRUE,NA,TRUE,p4a3,FALSE,FALSE,muestra_insuficiente
5100,722,2,7,1,48,38,TRUE,0.03966942148760331,FALSE,0.07265774378585087,FALSE,NA,1,NA,0.2696629213483146,NA,1,NA,FALSE,NA,TRUE,p4a3,FALSE,FALSE,muestra_insuficiente
1230,622,2,2,16,2959,3013,TRUE,0.7220595412396291,TRUE,1,TRUE,7,9,0.8750678978815861,0.5972529906956137,1,1,TRUE,TRUE,TRUE,TRUE,p4a3,TRUE,TRUE,candidato_estadistico_no_aprobado_semanticamente
2126,931,1,1,5,554,561,TRUE,0.3388379204892966,FALSE,1,TRUE,1,4,0.03825622775800712,1,1,1,FALSE,TRUE,TRUE,TRUE,p4a3,FALSE,TRUE,muestra_insuficiente
2121,813,2,1,1,45,46,TRUE,1,TRUE,0.08863198458574181,FALSE,NA,1,NA,1,NA,0.08863198458574181,NA,TRUE,NA,FALSE,p4a3,FALSE,FALSE,muestra_insuficiente
1204,462,2,8,1,54,55,TRUE,0.17197452229299362,FALSE,1,TRUE,1,NA,0.2571428571428571,NA,1,NA,FALSE,NA,TRUE,NA,p4a3,FALSE,FALSE,muestra_insuficiente
8150,931,4,10,1,47,47,TRUE,0.0817391304347826,FALSE,1,TRUE,1,NA,0.09853249475890985,NA,1,NA,FALSE,NA,TRUE,NA,p4a3,FALSE,FALSE,muestra_insuficiente
1250,611,3,3,9,1191,1166,TRUE,0.3784556720686368,FALSE,1,TRUE,5,4,0.589319771137953,0.16772554002541296,1,1,TRUE,FALSE,TRUE,TRUE,p4a3,FALSE,TRUE,muestra_insuficiente
5100,722,2,4,2,121,122,TRUE,0.1,FALSE,0.5446428571428571,TRUE,2,NA,0.11724806201550388,NA,0.5446428571428571,NA,FALSE,NA,TRUE,NA,p4a3,FALSE,FALSE,muestra_insuficiente
5170,212,1,1,1,45,46,TRUE,0.17045454545454544,FALSE,1,TRUE,1,NA,0.17045454545454544,NA,1,NA,FALSE,NA,TRUE,NA,p4a3,FALSE,TRUE,muestra_insuficiente
6101,931,1,1,49,8155,8580,TRUE,0.2714261940422699,FALSE,1,TRUE,21,28,0.3239706351739547,0.23382630046251357,1,1,FALSE,FALSE,TRUE,TRUE,p4a3,FALSE,TRUE,sin_mayoria_reciproca_estable
7201,463,3,11,83,24534,25070,TRUE,0.5377550796747255,TRUE,1,TRUE,35,48,0.5015513175857361,0.5785547785547785,1,1,TRUE,TRUE,TRUE,TRUE,p4a3,TRUE,FALSE,candidato_estadistico_no_aprobado_semanticamente
6110,431,1,3,1,238,217,TRUE,1,TRUE,1,TRUE,1,NA,1,NA,1,NA,TRUE,NA,TRUE,NA,p4a3,FALSE,FALSE,muestra_insuficiente
1230,221,2,8,1,156,173,TRUE,0.2553191489361702,FALSE,1,TRUE,1,NA,0.2553191489361702,NA,1,NA,FALSE,NA,TRUE,NA,p4a3,FALSE,FALSE,muestra_insuficiente
5170,221,1,1,6,807,850,TRUE,0.37798594847775174,TRUE,1,TRUE,2,4,0.3929824561403509,0.36796875,1,1,FALSE,FALSE,TRUE,TRUE,p4a3,FALSE,TRUE,muestra_insuficiente
4109,111,13,11,20,3219,3247,TRUE,0.42697970553123754,TRUE,1,TRUE,6,14,0.390382790256248,0.45340338053905893,1,1,FALSE,FALSE,TRUE,TRUE,p4a3,FALSE,FALSE,sin_mayoria_reciproca_estable
1204,462,2,2,1,60,61,TRUE,0.1910828025477707,FALSE,1,TRUE,NA,1,NA,0.5769230769230769,NA,1,NA,TRUE,NA,TRUE,p4a3,FALSE,TRUE,muestra_insuficiente
6180,721,1,8,1,99,113,TRUE,0.47596153846153844,FALSE,1,TRUE,NA,1,NA,1,NA,1,NA,TRUE,NA,TRUE,p4a3,FALSE,FALSE,muestra_insuficiente
6121,931,1,2,8,2176,2160,TRUE,0.5876316500135026,TRUE,1,TRUE,4,4,0.3801801801801802,0.8981793661496965,1,1,FALSE,TRUE,TRUE,TRUE,p4a3,FALSE,FALSE,muestra_insuficiente
1204,622,2,8,5,1848,2138,TRUE,0.578766050735985,TRUE,1,TRUE,3,2,0.538404452690167,0.7971887550200804,1,1,TRUE,TRUE,TRUE,TRUE,p4a3,FALSE,FALSE,muestra_insuficiente
6110,622,1,1,1,39,42,TRUE,1,TRUE,1,TRUE,1,NA,1,NA,1,NA,TRUE,NA,TRUE,NA,p4a3,FALSE,TRUE,muestra_insuficiente
6110,611,1,1,1,63,48,TRUE,1,TRUE,1,TRUE,1,NA,1,NA,1,NA,TRUE,NA,TRUE,NA,p4a3,FALSE,TRUE,muestra_insuficiente
8150,931,4,1,3,430,441,TRUE,0.7478260869565218,TRUE,1,TRUE,3,NA,0.9014675052410901,NA,1,NA,TRUE,NA,TRUE,NA,p4a3,FALSE,FALSE,muestra_insuficiente
6101,611,1,1,12,2482,2277,TRUE,0.4786885245901639,TRUE,1,TRUE,5,7,0.18985849056603774,0.7569102612646724,1,1,FALSE,TRUE,TRUE,TRUE,p4a3,FALSE,TRUE,sin_mayoria_reciproca_estable
5170,931,1,8,2,829,827,TRUE,0.5900355871886122,TRUE,1,TRUE,2,NA,0.5900355871886122,NA,1,NA,TRUE,NA,TRUE,NA,p4a3,FALSE,FALSE,muestra_insuficiente
7201,114,3,11,1,33,34,TRUE,1,TRUE,1,TRUE,1,NA,1,NA,1,NA,TRUE,NA,TRUE,NA,p4a3,FALSE,FALSE,muestra_insuficiente
6180,613,1,13,1,35,36,TRUE,0.01529051987767584,FALSE,1,TRUE,NA,1,NA,0.1320754716981132,NA,1,NA,FALSE,NA,TRUE,p4a3,FALSE,FALSE,muestra_insuficiente
1250,931,3,2,13,2320,2414,TRUE,0.1608095931240036,FALSE,1,TRUE,8,5,0.1479975604797723,0.18827631292220529,1,1,FALSE,FALSE,TRUE,TRUE,p4a3,FALSE,FALSE,sin_mayoria_reciproca_estable
8311,931,2,8,7,684,675,TRUE,0.1015288704170996,FALSE,1,TRUE,5,2,0.2206008583690987,0.038574994327206714,1,1,FALSE,FALSE,TRUE,TRUE,p4a3,FALSE,FALSE,muestra_insuficiente
2125,611,2,2,24,7076,7164,TRUE,1,TRUE,0.4403466715839941,FALSE,17,7,1,1,0.4856776057129102,0.29190751445086704,TRUE,TRUE,FALSE,FALSE,p4a3,FALSE,TRUE,sin_mayoria_reciproca_estable
1204,931,2,8,1,48,49,TRUE,0.24242424242424243,FALSE,1,TRUE,NA,1,NA,0.6,NA,1,NA,TRUE,NA,TRUE,p4a3,FALSE,FALSE,muestra_insuficiente
6121,431,1,1,1,37,38,TRUE,1,TRUE,1,TRUE,1,NA,1,NA,1,NA,TRUE,NA,TRUE,NA,p4a3,FALSE,TRUE,muestra_insuficiente
7201,465,3,6,9,2029,1780,TRUE,0.12173756524869503,FALSE,1,TRUE,2,7,0.03812691914022518,0.19557112190712914,1,1,FALSE,FALSE,TRUE,TRUE,p4a3,FALSE,FALSE,muestra_insuficiente
1204,431,2,8,3,289,294,TRUE,1,TRUE,1,TRUE,NA,3,NA,1,NA,1,NA,TRUE,NA,TRUE,p4a3,FALSE,FALSE,muestra_insuficiente
5100,611,2,2,1,38,39,TRUE,1,TRUE,1,TRUE,1,NA,1,NA,1,NA,TRUE,NA,TRUE,NA,p4a3,FALSE,TRUE,muestra_insuficiente
8311,931,2,7,1,35,35,TRUE,0.005195190737717085,FALSE,1,TRUE,NA,1,NA,0.007941910596777853,NA,1,NA,FALSE,NA,TRUE,p4a3,FALSE,FALSE,muestra_insuficiente
8311,931,2,3,2,142,141,TRUE,0.0210776309930236,FALSE,1,TRUE,1,1,0.04377682403433476,0.009076469253460404,1,1,FALSE,FALSE,TRUE,TRUE,p4a3,FALSE,FALSE,muestra_insuficiente
1250,813,3,1,1,35,36,TRUE,1,TRUE,1,TRUE,NA,1,NA,1,NA,1,NA,TRUE,NA,TRUE,p4a3,FALSE,FALSE,muestra_insuficiente
6110,931,1,3,16,3763,3983,TRUE,0.2956938550997957,FALSE,1,TRUE,7,9,0.24444799488736219,0.3452914798206278,1,1,FALSE,FALSE,TRUE,TRUE,p4a3,FALSE,FALSE,sin_mayoria_reciproca_estable
7121,461,8,3,1,75,73,TRUE,1,TRUE,1,TRUE,NA,1,NA,1,NA,1,NA,TRUE,NA,TRUE,p4a3,FALSE,FALSE,muestra_insuficiente
5100,312,2,5,1,56,54,TRUE,0.5233644859813084,TRUE,1,TRUE,NA,1,NA,1,NA,1,NA,TRUE,NA,TRUE,p4a3,FALSE,FALSE,muestra_insuficiente
6110,613,1,1,4,266,262,TRUE,0.7916666666666666,TRUE,1,TRUE,2,2,0.7008547008547008,1,1,1,TRUE,TRUE,TRUE,TRUE,p4a3,FALSE,TRUE,muestra_insuficiente
4109,112,13,11,1,82,83,TRUE,0.21243523316062177,FALSE,1,TRUE,NA,1,NA,1,NA,1,NA,TRUE,NA,TRUE,p4a3,FALSE,FALSE,muestra_insuficiente
7201,463,3,5,4,2336,2275,TRUE,0.05120224448194989,FALSE,1,TRUE,2,2,0.016671492988044514,0.09011655011655012,1,1,FALSE,FALSE,TRUE,TRUE,p4a3,FALSE,FALSE,muestra_insuficiente
6101,611,1,3,5,1676,1438,TRUE,0.32324011571841854,FALSE,1,TRUE,4,1,0.6395440251572327,0.018553578190079516,1,1,TRUE,FALSE,TRUE,TRUE,p4a3,FALSE,FALSE,muestra_insuficiente
7121,315,8,10,1,84,87,TRUE,1,TRUE,1,TRUE,1,NA,1,NA,1,NA,TRUE,NA,TRUE,NA,p4a3,FALSE,FALSE,muestra_insuficiente
4120,111,13,11,40,8600,8569,TRUE,0.8369829683698297,TRUE,1,TRUE,29,11,0.7866555462885738,0.9074766355140187,1,1,TRUE,TRUE,TRUE,TRUE,p4a3,TRUE,FALSE,candidato_estadistico_no_aprobado_semanticamente
4119,111,13,11,3,281,289,TRUE,1,TRUE,1,TRUE,NA,3,NA,1,NA,1,NA,TRUE,NA,TRUE,p4a3,FALSE,FALSE,muestra_insuficiente
1230,931,2,7,4,687,645,TRUE,0.27524038461538464,FALSE,1,TRUE,1,3,0.060544904137235116,0.41661129568106314,1,1,FALSE,TRUE,TRUE,TRUE,p4a3,FALSE,FALSE,muestra_insuficiente
1230,931,2,2,6,1310,1430,TRUE,0.5248397435897436,TRUE,1,TRUE,4,2,0.8234106962663976,0.3282392026578073,1,1,TRUE,FALSE,TRUE,TRUE,p4a3,FALSE,TRUE,muestra_insuficiente
6110,237,1,2,1,159,159,TRUE,1,TRUE,1,TRUE,NA,1,NA,1,NA,1,NA,TRUE,NA,TRUE,p4a3,FALSE,FALSE,muestra_insuficiente
6110,238,1,3,1,167,167,TRUE,1,TRUE,1,TRUE,1,NA,1,NA,1,NA,TRUE,NA,TRUE,NA,p4a3,FALSE,FALSE,muestra_insuficiente
4119,112,13,11,4,1445,1354,TRUE,1,TRUE,1,TRUE,2,2,1,1,1,1,TRUE,TRUE,TRUE,TRUE,p4a3,FALSE,FALSE,muestra_insuficiente
4120,112,13,11,1,111,108,TRUE,0.4605809128630705,FALSE,1,TRUE,NA,1,NA,1,NA,1,NA,TRUE,NA,TRUE,p4a3,FALSE,FALSE,muestra_insuficiente
5141,561,2,8,1,110,136,TRUE,0.13142174432497014,FALSE,1,TRUE,1,NA,1,NA,1,NA,TRUE,NA,TRUE,NA,p4a3,FALSE,FALSE,muestra_insuficiente
1204,811,2,2,16,7169,6986,TRUE,0.47555555555555556,TRUE,1,TRUE,9,7,0.5311888454011742,0.4096245832729381,1,1,TRUE,TRUE,TRUE,TRUE,p4a3,FALSE,TRUE,sin_mayoria_reciproca_estable
1204,622,2,2,3,1345,1339,TRUE,0.42123394926401503,FALSE,1,TRUE,2,1,0.46159554730983304,0.20281124497991967,1,1,FALSE,FALSE,TRUE,TRUE,p4a3,FALSE,TRUE,muestra_insuficiente
1230,336,2,4,1,101,99,TRUE,1,TRUE,1,TRUE,NA,1,NA,1,NA,1,NA,TRUE,NA,TRUE,p4a3,FALSE,FALSE,muestra_insuficiente
5141,336,2,2,9,1622,1736,TRUE,0.046938303044333836,FALSE,1,TRUE,4,5,0.048011763201636616,0.04605054457015967,1,1,FALSE,FALSE,TRUE,TRUE,p4a3,FALSE,TRUE,muestra_insuficiente
1230,322,2,10,1,213,268,TRUE,1,TRUE,1,TRUE,NA,1,NA,1,NA,1,NA,TRUE,NA,TRUE,p4a3,FALSE,FALSE,muestra_insuficiente
1204,331,2,8,3,830,844,TRUE,1,TRUE,1,TRUE,1,2,1,1,1,1,TRUE,TRUE,TRUE,TRUE,p4a3,FALSE,FALSE,muestra_insuficiente
5380,325,8,8,14,5334,5500,TRUE,0.6617045031633793,TRUE,1,TRUE,7,7,0.7059013221541438,0.6340725806451613,1,1,TRUE,TRUE,TRUE,TRUE,p4a3,TRUE,TRUE,candidato_estadistico_no_aprobado_semanticamente
1204,327,2,1,1,193,153,TRUE,0.12002487562189054,FALSE,1,TRUE,NA,1,NA,0.26258503401360545,NA,1,NA,FALSE,NA,TRUE,p4a3,FALSE,FALSE,muestra_insuficiente
6180,811,1,7,2,196,199,TRUE,1,TRUE,1,TRUE,NA,2,NA,1,NA,1,NA,TRUE,NA,TRUE,p4a3,FALSE,FALSE,muestra_insuficiente
1204,335,2,2,2,496,502,TRUE,0.5188284518828452,TRUE,1,TRUE,1,1,0.5225102319236017,0.5067264573991032,1,1,TRUE,TRUE,TRUE,TRUE,p4a3,FALSE,TRUE,muestra_insuficiente
2121,522,2,3,1,108,106,TRUE,0.14323607427055704,FALSE,0.09114359415305245,FALSE,NA,1,NA,0.17197452229299362,NA,0.4669603524229075,NA,FALSE,NA,FALSE,p4a3,FALSE,FALSE,muestra_insuficiente
5141,335,2,3,1,133,132,TRUE,0.0344559585492228,FALSE,1,TRUE,NA,1,NA,0.06551724137931035,NA,1,NA,FALSE,NA,TRUE,p4a3,FALSE,FALSE,muestra_insuficiente
6121,931,1,3,4,471,475,TRUE,0.12719416689170943,FALSE,1,TRUE,3,1,0.1783783783783784,0.05057316250842886,1,1,FALSE,FALSE,TRUE,TRUE,p4a3,FALSE,FALSE,muestra_insuficiente
7201,466,3,4,6,2680,2696,TRUE,0.045821365066338396,FALSE,1,TRUE,2,4,0.022629902230034055,0.08407320166696865,1,1,FALSE,FALSE,TRUE,TRUE,p4a3,FALSE,FALSE,muestra_insuficiente
6121,326,1,4,1,108,106,TRUE,1,TRUE,1,TRUE,NA,1,NA,1,NA,1,NA,TRUE,NA,TRUE,p4a3,FALSE,FALSE,muestra_insuficiente
1204,335,2,7,1,110,87,TRUE,0.11506276150627615,FALSE,1,TRUE,NA,1,NA,0.49327354260089684,NA,1,NA,FALSE,NA,TRUE,p4a3,FALSE,FALSE,muestra_insuficiente
1204,327,2,2,2,495,499,TRUE,0.30783582089552236,FALSE,1,TRUE,1,1,0.43871706758304696,0.1523809523809524,1,1,FALSE,FALSE,TRUE,TRUE,p4a3,FALSE,TRUE,muestra_insuficiente
1204,333,2,8,2,227,226,TRUE,0.29673202614379085,FALSE,1,TRUE,2,NA,0.29673202614379085,NA,1,NA,FALSE,NA,TRUE,NA,p4a3,FALSE,FALSE,muestra_insuficiente
6121,485,1,1,1,101,99,TRUE,0.12423124231242312,FALSE,1,TRUE,1,NA,1,NA,1,NA,TRUE,NA,TRUE,NA,p4a3,FALSE,TRUE,muestra_insuficiente
5141,335,2,8,3,460,456,TRUE,0.11917098445595854,FALSE,1,TRUE,1,2,0.14207650273224043,0.09852216748768473,1,1,FALSE,FALSE,TRUE,TRUE,p4a3,FALSE,FALSE,muestra_insuficiente
5380,335,8,8,1,179,133,TRUE,0.3752620545073375,FALSE,1,TRUE,NA,1,NA,0.3752620545073375,NA,1,NA,FALSE,NA,TRUE,p4a3,FALSE,TRUE,muestra_insuficiente
5100,722,1,4,1,103,102,TRUE,0.13256113256113256,FALSE,0.45535714285714285,FALSE,1,NA,0.13256113256113256,NA,0.45535714285714285,NA,FALSE,NA,FALSE,NA,p4a3,FALSE,FALSE,muestra_insuficiente
1204,811,2,8,1,99,98,TRUE,0.006567164179104477,FALSE,1,TRUE,NA,1,NA,0.014349905783446876,NA,1,NA,FALSE,NA,TRUE,p4a3,FALSE,FALSE,muestra_insuficiente
8150,722,6,6,1,117,116,TRUE,1,TRUE,1,TRUE,NA,1,NA,1,NA,1,NA,TRUE,NA,TRUE,p4a3,FALSE,TRUE,muestra_insuficiente
7121,311,9,4,5,1461,1531,TRUE,0.3326502732240437,FALSE,1,TRUE,4,1,0.6724393864423552,0.04301982285955293,1,1,TRUE,FALSE,TRUE,TRUE,p4a3,FALSE,FALSE,muestra_insuficiente
1204,238,2,9,2,411,405,TRUE,0.16579265832997175,FALSE,1,TRUE,1,1,0.4601990049751244,0.02447761194029851,1,1,FALSE,FALSE,TRUE,TRUE,p4a3,FALSE,FALSE,muestra_insuficiente
4120,111,13,13,7,1675,1674,TRUE,0.1630170316301703,FALSE,1,TRUE,5,2,0.21334445371142619,0.09252336448598131,1,1,FALSE,FALSE,TRUE,TRUE,p4a3,FALSE,TRUE,muestra_insuficiente
5141,333,2,7,5,1556,1567,TRUE,0.3359965450226733,FALSE,1,TRUE,5,NA,0.5083306109114668,NA,1,NA,TRUE,NA,TRUE,NA,p4a3,FALSE,FALSE,muestra_insuficiente
5141,333,2,2,3,1436,1503,TRUE,0.3100842150723386,FALSE,1,TRUE,3,NA,0.46912773603397584,NA,1,NA,FALSE,NA,TRUE,NA,p4a3,FALSE,TRUE,muestra_insuficiente
5100,311,1,2,2,683,680,TRUE,0.21138966264314454,FALSE,0.5300077942322681,TRUE,NA,2,NA,0.41545012165450124,NA,0.85,NA,TRUE,NA,TRUE,p4a3,FALSE,FALSE,muestra_insuficiente
5141,336,2,10,5,2113,2117,TRUE,0.06114712350966547,FALSE,1,TRUE,1,4,0.005434087712568725,0.10722216347678969,1,1,FALSE,FALSE,TRUE,TRUE,p4a3,FALSE,FALSE,muestra_insuficiente
2121,541,2,1,5,983,883,TRUE,1,TRUE,0.48330596606458676,FALSE,1,4,1,1,0.16607773851590105,1,TRUE,TRUE,FALSE,TRUE,p4a3,FALSE,FALSE,muestra_insuficiente
5141,331,2,7,4,1150,1114,TRUE,0.382950382950383,FALSE,1,TRUE,4,NA,0.4705400981996727,NA,1,NA,TRUE,NA,TRUE,NA,p4a3,FALSE,FALSE,muestra_insuficiente
1250,931,3,7,6,1004,993,TRUE,0.06959173771400845,FALSE,1,TRUE,5,1,0.09402317544216304,0.017215079538025712,1,1,FALSE,FALSE,TRUE,TRUE,p4a3,FALSE,FALSE,muestra_insuficiente
5100,722,1,7,3,477,485,TRUE,0.6138996138996139,TRUE,0.9273422562141491,TRUE,3,NA,0.6138996138996139,NA,1,NA,TRUE,NA,TRUE,NA,p4a3,FALSE,FALSE,muestra_insuficiente
1204,931,2,1,1,32,33,TRUE,0.16161616161616163,FALSE,1,TRUE,NA,1,NA,0.4,NA,1,NA,FALSE,NA,TRUE,p4a3,FALSE,FALSE,muestra_insuficiente
7121,311,9,11,6,1269,1278,TRUE,0.2889344262295082,FALSE,1,TRUE,2,4,0.15982187036120732,0.39898776887389287,1,1,FALSE,FALSE,TRUE,TRUE,p4a3,FALSE,FALSE,muestra_insuficiente
5141,236,2,8,1,61,64,TRUE,1,TRUE,1,TRUE,1,NA,1,NA,1,NA,TRUE,NA,TRUE,NA,p4a3,FALSE,FALSE,muestra_insuficiente
1250,611,3,1,2,182,184,TRUE,0.05783285668891007,FALSE,1,TRUE,1,1,0.08963763509218055,0.026048284625158832,1,1,FALSE,FALSE,TRUE,TRUE,p4a3,FALSE,FALSE,muestra_insuficiente
5141,811,2,2,2,175,177,TRUE,0.2061248527679623,FALSE,1,TRUE,1,1,0.2118003025718608,0.18617021276595744,1,1,FALSE,FALSE,TRUE,TRUE,p4a3,FALSE,TRUE,muestra_insuficiente
6101,611,1,4,1,40,41,TRUE,0.007714561234329798,FALSE,1,TRUE,NA,1,NA,0.015145778114350625,NA,1,NA,FALSE,NA,TRUE,p4a3,FALSE,FALSE,muestra_insuficiente
1204,462,2,4,1,44,44,TRUE,0.14012738853503184,FALSE,1,TRUE,NA,1,NA,0.4230769230769231,NA,1,NA,FALSE,NA,TRUE,p4a3,FALSE,FALSE,muestra_insuficiente
7121,311,9,9,9,1512,1521,TRUE,0.3442622950819672,TRUE,1,TRUE,4,5,0.16773874319643742,0.4947279628848587,1,1,FALSE,TRUE,TRUE,TRUE,p4a3,FALSE,TRUE,muestra_insuficiente
1230,327,2,8,1,44,39,TRUE,1,TRUE,1,TRUE,NA,1,NA,1,NA,1,NA,TRUE,NA,TRUE,p4a3,FALSE,FALSE,muestra_insuficiente
8150,931,4,4,1,32,33,TRUE,0.05565217391304348,FALSE,1,TRUE,NA,1,NA,0.32653061224489793,NA,1,NA,FALSE,NA,TRUE,p4a3,FALSE,TRUE,muestra_insuficiente
2125,614,2,2,3,306,219,TRUE,1,TRUE,1,TRUE,2,1,1,1,1,1,TRUE,TRUE,TRUE,TRUE,p4a3,FALSE,TRUE,muestra_insuficiente
1230,312,2,7,1,44,47,TRUE,0.3826086956521739,FALSE,1,TRUE,NA,1,NA,1,NA,1,NA,TRUE,NA,TRUE,p4a3,FALSE,FALSE,muestra_insuficiente
7121,461,9,9,1,40,41,TRUE,0.0975609756097561,FALSE,1,TRUE,1,NA,0.0975609756097561,NA,1,NA,FALSE,NA,TRUE,NA,p4a3,FALSE,TRUE,muestra_insuficiente
1204,811,2,9,4,2414,2170,TRUE,0.16013266998341624,FALSE,1,TRUE,2,2,0.08842954990215264,0.24510798666473402,1,1,FALSE,FALSE,TRUE,TRUE,p4a3,FALSE,FALSE,muestra_insuficiente
6121,488,1,2,1,138,136,TRUE,0.6272727272727273,TRUE,1,TRUE,1,NA,0.6272727272727273,NA,1,NA,TRUE,NA,TRUE,NA,p4a3,FALSE,FALSE,muestra_insuficiente
7121,431,9,9,2,442,456,TRUE,0.45473251028806583,FALSE,1,TRUE,NA,2,NA,0.5351089588377724,NA,1,NA,TRUE,NA,TRUE,p4a3,FALSE,TRUE,muestra_insuficiente
8311,931,2,2,4,2210,2215,TRUE,0.3280391865815645,FALSE,1,TRUE,1,3,0.05793991416309013,0.47084184252325845,1,1,FALSE,TRUE,TRUE,TRUE,p4a3,FALSE,TRUE,muestra_insuficiente
4134,113,12,11,2,193,197,TRUE,0.5920245398773006,TRUE,0.5628571428571428,TRUE,2,NA,0.5920245398773006,NA,1,NA,TRUE,NA,TRUE,NA,p4a3,FALSE,FALSE,muestra_insuficiente
7201,434,3,6,3,239,254,TRUE,0.1943089430894309,FALSE,1,TRUE,2,1,0.2390998593530239,0.1329479768786127,1,1,FALSE,FALSE,TRUE,TRUE,p4a3,FALSE,FALSE,muestra_insuficiente
7201,484,3,6,1,82,82,TRUE,1,TRUE,1,TRUE,NA,1,NA,1,NA,1,NA,TRUE,NA,TRUE,p4a3,FALSE,FALSE,muestra_insuficiente
1250,613,3,4,1,74,93,TRUE,0.2835249042145594,FALSE,1,TRUE,1,NA,0.3627450980392157,NA,1,NA,FALSE,NA,TRUE,NA,p4a3,FALSE,FALSE,muestra_insuficiente
7121,431,8,10,8,1543,1555,TRUE,1,TRUE,1,TRUE,5,3,1,1,1,1,TRUE,TRUE,TRUE,TRUE,p4a3,FALSE,FALSE,muestra_insuficiente
5141,336,2,4,2,187,213,TRUE,0.005411505961338118,FALSE,1,TRUE,2,NA,0.011954992967651195,NA,1,NA,FALSE,NA,TRUE,NA,p4a3,FALSE,FALSE,muestra_insuficiente
6121,311,1,1,2,390,396,TRUE,0.3291139240506329,FALSE,1,TRUE,2,NA,1,NA,1,NA,TRUE,NA,TRUE,NA,p4a3,FALSE,TRUE,muestra_insuficiente
5100,462,1,10,1,84,84,TRUE,0.06330067822155237,FALSE,1,TRUE,1,NA,0.075,NA,1,NA,FALSE,NA,TRUE,NA,p4a3,FALSE,FALSE,muestra_insuficiente
7201,467,3,11,18,11495,10647,TRUE,0.8048029125533851,TRUE,1,TRUE,8,10,0.30031835868411744,0.9292946927374302,1,1,FALSE,TRUE,TRUE,TRUE,p4a3,FALSE,FALSE,sin_mayoria_reciproca_estable
7201,464,3,11,11,3000,3108,TRUE,0.7398273736128237,TRUE,1,TRUE,5,6,0.8748707342295761,0.6166902404526167,1,1,TRUE,TRUE,TRUE,TRUE,p4a3,TRUE,FALSE,candidato_estadistico_no_aprobado_semanticamente
6180,931,1,1,4,1892,1932,TRUE,0.5944077913917688,TRUE,1,TRUE,2,2,0.5541932319764591,0.666083916083916,1,1,TRUE,TRUE,TRUE,TRUE,p4a3,FALSE,TRUE,muestra_insuficiente
8311,931,2,1,2,387,394,TRUE,0.0574439661570432,FALSE,1,TRUE,1,1,0.09313304721030043,0.038574994327206714,1,1,FALSE,FALSE,TRUE,TRUE,p4a3,FALSE,FALSE,muestra_insuficiente
6180,336,1,8,1,631,649,TRUE,1,TRUE,1,TRUE,1,NA,1,NA,1,NA,TRUE,NA,TRUE,NA,p4a3,FALSE,FALSE,muestra_insuficiente
4109,111,12,12,2,737,750,TRUE,1,TRUE,1,TRUE,2,NA,1,NA,1,NA,TRUE,NA,TRUE,NA,p4a3,FALSE,TRUE,muestra_insuficiente
6180,524,1,3,2,381,389,TRUE,0.2754880694143167,FALSE,1,TRUE,NA,2,NA,1,NA,1,NA,TRUE,NA,TRUE,p4a3,FALSE,FALSE,muestra_insuficiente
5100,462,1,4,2,881,898,TRUE,0.6639035418236624,TRUE,1,TRUE,1,1,0.6017857142857143,1,1,1,TRUE,TRUE,TRUE,TRUE,p4a3,FALSE,FALSE,muestra_insuficiente
7201,468,3,6,3,1297,1260,TRUE,0.5442719261435166,TRUE,1,TRUE,1,2,0.11805555555555555,0.8567272727272728,1,1,FALSE,TRUE,TRUE,TRUE,p4a3,FALSE,FALSE,muestra_insuficiente
2121,461,2,6,1,116,117,TRUE,1,TRUE,1,TRUE,NA,1,NA,1,NA,1,NA,TRUE,NA,TRUE,p4a3,FALSE,FALSE,muestra_insuficiente
5170,517,1,2,1,113,113,TRUE,0.07151898734177216,FALSE,1,TRUE,1,NA,0.07151898734177216,NA,1,NA,FALSE,NA,TRUE,NA,p4a3,FALSE,FALSE,muestra_insuficiente
1230,622,2,1,3,944,943,TRUE,0.23035627135187897,FALSE,1,TRUE,2,1,0.1249321021184139,0.3163491360212672,1,1,FALSE,FALSE,TRUE,TRUE,p4a3,FALSE,FALSE,muestra_insuficiente
5100,462,1,8,2,253,226,TRUE,0.19065561416729465,FALSE,1,TRUE,2,NA,0.22589285714285715,NA,1,NA,FALSE,NA,TRUE,NA,p4a3,FALSE,FALSE,muestra_insuficiente
5380,327,8,2,1,125,125,TRUE,1,TRUE,1,TRUE,1,NA,1,NA,1,NA,TRUE,NA,TRUE,NA,p4a3,FALSE,FALSE,muestra_insuficiente
5141,335,2,1,2,488,494,TRUE,0.12642487046632125,FALSE,1,TRUE,2,NA,0.26666666666666666,NA,1,NA,FALSE,NA,TRUE,NA,p4a3,FALSE,FALSE,muestra_insuficiente
1204,468,2,2,1,127,127,TRUE,1,TRUE,1,TRUE,1,NA,1,NA,1,NA,TRUE,NA,TRUE,NA,p4a3,FALSE,TRUE,muestra_insuficiente
1204,334,2,2,1,111,110,TRUE,0.16691729323308271,FALSE,1,TRUE,NA,1,NA,1,NA,1,NA,TRUE,NA,TRUE,p4a3,FALSE,TRUE,muestra_insuficiente
7201,722,3,11,3,1019,1054,TRUE,1,TRUE,1,TRUE,2,1,1,1,1,1,TRUE,TRUE,TRUE,TRUE,p4a3,FALSE,FALSE,muestra_insuficiente
2121,611,2,2,2,1110,1110,TRUE,1,TRUE,0.8951612903225806,TRUE,2,NA,1,NA,0.8951612903225806,NA,TRUE,NA,TRUE,NA,p4a3,FALSE,TRUE,muestra_insuficiente
1204,336,2,10,2,295,325,TRUE,0.03515252621544328,FALSE,1,TRUE,1,1,0.022028985507246378,0.05626359962698166,1,1,FALSE,FALSE,TRUE,TRUE,p4a3,FALSE,FALSE,muestra_insuficiente
7121,435,8,3,1,1752,1764,TRUE,1,TRUE,1,TRUE,NA,1,NA,1,NA,1,NA,TRUE,NA,TRUE,p4a3,FALSE,FALSE,muestra_insuficiente
4170,111,12,12,2,426,404,TRUE,1,TRUE,1,TRUE,1,1,1,1,1,1,TRUE,TRUE,TRUE,TRUE,p4a3,FALSE,TRUE,muestra_insuficiente
6101,336,1,2,1,290,309,TRUE,1,TRUE,1,TRUE,1,NA,1,NA,1,NA,TRUE,NA,TRUE,NA,p4a3,FALSE,FALSE,muestra_insuficiente
1204,713,2,2,1,841,837,TRUE,1,TRUE,1,TRUE,NA,1,NA,1,NA,1,NA,TRUE,NA,TRUE,p4a3,FALSE,TRUE,muestra_insuficiente
7201,469,3,6,4,1091,1095,TRUE,0.00917739886775629,FALSE,1,TRUE,3,1,0.017855584451852757,0.0011041470464066509,1,1,FALSE,FALSE,TRUE,TRUE,p4a3,FALSE,FALSE,muestra_insuficiente
5170,541,1,1,1,712,709,TRUE,1,TRUE,1,TRUE,NA,1,NA,1,NA,1,NA,TRUE,NA,TRUE,p4a3,FALSE,TRUE,muestra_insuficiente
1250,465,3,2,1,846,1054,TRUE,1,TRUE,1,TRUE,NA,1,NA,1,NA,1,NA,TRUE,NA,TRUE,p4a3,FALSE,FALSE,muestra_insuficiente
8150,813,4,2,1,1087,1084,TRUE,0.49954044117647056,TRUE,1,TRUE,1,NA,0.6764156813939017,NA,1,NA,TRUE,NA,TRUE,NA,p4a3,FALSE,FALSE,muestra_insuficiente
6101,931,1,3,24,5786,5812,TRUE,0.1925777999667166,FALSE,1,TRUE,12,12,0.19478135971911906,0.19100097070747446,1,1,FALSE,FALSE,TRUE,TRUE,p4a3,FALSE,FALSE,sin_mayoria_reciproca_estable
6121,312,1,8,1,1517,1518,TRUE,1,TRUE,1,TRUE,1,NA,1,NA,1,NA,TRUE,NA,TRUE,NA,p4a3,FALSE,FALSE,muestra_insuficiente
8150,812,6,12,2,1576,1755,TRUE,0.8775055679287305,TRUE,1,TRUE,1,1,0.8723404255319149,0.8821052631578947,1,1,TRUE,TRUE,TRUE,TRUE,p4a3,FALSE,FALSE,muestra_insuficiente
6110,722,1,2,1,822,1025,TRUE,1,TRUE,1,TRUE,1,NA,1,NA,1,NA,TRUE,NA,TRUE,NA,p4a3,FALSE,FALSE,muestra_insuficiente
7201,463,3,4,14,6022,6104,TRUE,0.13199482717050612,FALSE,1,TRUE,9,5,0.14181111157076076,0.12093240093240093,1,1,FALSE,FALSE,TRUE,TRUE,p4a3,FALSE,FALSE,sin_mayoria_reciproca_estable
6180,561,1,7,3,1629,1623,TRUE,0.6156462585034014,TRUE,1,TRUE,1,2,0.4675392670157068,1,1,1,TRUE,TRUE,TRUE,TRUE,p4a3,FALSE,FALSE,muestra_insuficiente
1230,621,2,2,6,2021,2041,TRUE,0.8699956952216961,TRUE,1,TRUE,5,1,0.9782383419689119,0.3384223918575064,1,1,TRUE,FALSE,TRUE,TRUE,p4a3,FALSE,TRUE,muestra_insuficiente
6101,517,1,1,1,844,844,TRUE,1,TRUE,1,TRUE,NA,1,NA,1,NA,1,NA,TRUE,NA,TRUE,p4a3,FALSE,TRUE,muestra_insuficiente
6180,613,1,7,1,808,810,TRUE,0.3529925731760594,FALSE,1,TRUE,1,NA,0.39920948616600793,NA,1,NA,FALSE,NA,TRUE,NA,p4a3,FALSE,FALSE,muestra_insuficiente
5100,722,2,5,1,911,909,TRUE,0.7528925619834711,TRUE,1,TRUE,1,NA,0.8827519379844961,NA,1,NA,TRUE,NA,TRUE,NA,p4a3,FALSE,FALSE,muestra_insuficiente
7121,464,9,11,1,833,830,TRUE,0.8861702127659574,TRUE,1,TRUE,1,NA,1,NA,1,NA,TRUE,NA,TRUE,NA,p4a3,FALSE,FALSE,muestra_insuficiente
1230,561,2,6,3,1137,1107,TRUE,0.8185745140388769,TRUE,1,TRUE,1,2,0.35693215339233036,0.9676190476190476,1,1,FALSE,TRUE,TRUE,TRUE,p4a3,FALSE,FALSE,muestra_insuficiente
5100,622,1,4,1,744,741,TRUE,0.8857142857142857,TRUE,1,TRUE,1,NA,1,NA,1,NA,TRUE,NA,TRUE,NA,p4a3,FALSE,FALSE,muestra_insuficiente
6121,311,1,10,1,795,793,TRUE,0.6708860759493671,TRUE,1,TRUE,NA,1,NA,1,NA,1,NA,TRUE,NA,TRUE,p4a3,FALSE,FALSE,muestra_insuficiente
6110,522,1,3,5,1765,1783,TRUE,0.3759318423855165,FALSE,0.7268650631879331,TRUE,4,1,0.6752323674138874,0.18492672714584787,0.9201183431952663,0.4895549500454133,TRUE,FALSE,TRUE,FALSE,p4a3,FALSE,FALSE,muestra_insuficiente
1230,611,2,3,1,819,821,TRUE,0.5663900414937759,TRUE,1,TRUE,NA,1,NA,0.5663900414937759,NA,1,NA,TRUE,NA,TRUE,p4a3,FALSE,FALSE,muestra_insuficiente
7121,312,8,8,3,1036,1266,TRUE,0.6495297805642634,TRUE,1,TRUE,1,2,0.2635294117647059,0.7897435897435897,1,1,FALSE,TRUE,TRUE,TRUE,p4a3,FALSE,TRUE,muestra_insuficiente
6110,433,1,1,2,1342,1443,TRUE,1,TRUE,1,TRUE,1,1,1,1,1,1,TRUE,TRUE,TRUE,TRUE,p4a3,FALSE,TRUE,muestra_insuficiente
6110,522,1,1,2,874,873,TRUE,0.18615548455804046,FALSE,1,TRUE,NA,2,NA,0.30495464061409633,NA,1,NA,FALSE,NA,TRUE,p4a3,FALSE,TRUE,muestra_insuficiente
6110,541,1,1,2,1448,1454,TRUE,1,TRUE,0.7444956477214542,TRUE,1,1,1,1,1,0.7270240700218819,TRUE,TRUE,TRUE,TRUE,p4a3,FALSE,TRUE,muestra_insuficiente
6180,812,2,7,1,1431,1075,TRUE,1,TRUE,0.9156729131175468,TRUE,1,NA,1,NA,0.9156729131175468,NA,TRUE,NA,TRUE,NA,p4a3,FALSE,FALSE,muestra_insuficiente
5100,721,1,10,1,849,851,TRUE,0.4698395130049806,FALSE,1,TRUE,1,NA,0.9475446428571429,NA,1,NA,TRUE,NA,TRUE,NA,p4a3,FALSE,FALSE,muestra_insuficiente
6180,613,1,1,1,969,965,TRUE,0.4233289646133683,TRUE,1,TRUE,1,NA,0.47875494071146246,NA,1,NA,TRUE,NA,TRUE,NA,p4a3,FALSE,TRUE,muestra_insuficiente
6180,524,1,1,2,856,1048,TRUE,0.618944323933478,TRUE,1,TRUE,2,NA,0.8542914171656687,NA,1,NA,TRUE,NA,TRUE,NA,p4a3,FALSE,TRUE,muestra_insuficiente
4109,931,13,13,1,92,93,TRUE,1,TRUE,1,TRUE,1,NA,1,NA,1,NA,TRUE,NA,TRUE,NA,p4a3,FALSE,TRUE,muestra_insuficiente
6180,931,1,7,4,375,376,TRUE,0.117813383600377,FALSE,0.706766917293233,TRUE,2,2,0.06817067189798921,0.2062937062937063,1,0.6020408163265306,FALSE,FALSE,TRUE,TRUE,p4a3,FALSE,FALSE,muestra_insuficiente
7201,468,3,3,2,143,144,TRUE,0.0600083927822073,FALSE,1,TRUE,2,NA,0.14186507936507936,NA,1,NA,FALSE,NA,TRUE,NA,p4a3,FALSE,TRUE,muestra_insuficiente
8150,711,4,7,1,61,62,TRUE,0.1967741935483871,FALSE,1,TRUE,NA,1,NA,0.1967741935483871,NA,1,NA,FALSE,NA,TRUE,p4a3,FALSE,FALSE,muestra_insuficiente
1230,312,2,2,1,71,72,TRUE,0.6173913043478261,TRUE,1,TRUE,1,NA,1,NA,1,NA,TRUE,NA,TRUE,NA,p4a3,FALSE,TRUE,muestra_insuficiente
1204,484,2,8,1,561,565,TRUE,1,TRUE,1,TRUE,NA,1,NA,1,NA,1,NA,TRUE,NA,TRUE,p4a3,FALSE,FALSE,muestra_insuficiente
5100,311,1,3,1,631,640,TRUE,0.19529557412565768,FALSE,1,TRUE,NA,1,NA,0.3838199513381995,NA,1,NA,FALSE,NA,TRUE,p4a3,FALSE,FALSE,muestra_insuficiente
7201,461,3,6,7,932,932,TRUE,0.11538937724402624,FALSE,1,TRUE,3,4,0.07119883040935672,0.3597413096200485,1,1,FALSE,FALSE,TRUE,TRUE,p4a3,FALSE,FALSE,muestra_insuficiente
5100,311,1,10,1,117,147,TRUE,0.036211699164345405,FALSE,1,TRUE,1,NA,0.07372400756143667,NA,1,NA,FALSE,NA,TRUE,NA,p4a3,FALSE,FALSE,muestra_insuficiente
1204,435,2,8,1,142,143,TRUE,1,TRUE,1,TRUE,NA,1,NA,1,NA,1,NA,TRUE,NA,TRUE,p4a3,FALSE,FALSE,muestra_insuficiente
1204,312,2,2,4,664,712,TRUE,0.5533333333333333,TRUE,1,TRUE,NA,4,NA,1,NA,1,NA,TRUE,NA,TRUE,p4a3,FALSE,TRUE,muestra_insuficiente
7121,311,9,3,1,150,151,TRUE,0.03415300546448088,FALSE,1,TRUE,NA,1,NA,0.06326444538169548,NA,1,NA,FALSE,NA,TRUE,p4a3,FALSE,FALSE,muestra_insuficiente
8150,431,4,10,1,117,118,TRUE,1,TRUE,1,TRUE,NA,1,NA,1,NA,1,NA,TRUE,NA,TRUE,p4a3,FALSE,FALSE,muestra_insuficiente
5100,311,2,4,2,205,213,TRUE,0.07152826238660154,FALSE,0.30603448275862066,FALSE,2,NA,0.2859135285913529,NA,0.30603448275862066,NA,FALSE,NA,FALSE,NA,p4a3,FALSE,FALSE,muestra_insuficiente
1250,541,3,1,3,3294,3279,TRUE,0.8544747081712062,TRUE,1,TRUE,1,2,0.847267631947688,0.8634772462077013,1,1,TRUE,TRUE,TRUE,TRUE,p4a3,FALSE,FALSE,muestra_insuficiente
6180,316,1,1,1,141,142,TRUE,1,TRUE,1,TRUE,NA,1,NA,1,NA,1,NA,TRUE,NA,TRUE,p4a3,FALSE,TRUE,muestra_insuficiente
1230,931,2,3,1,115,116,TRUE,0.04607371794871795,FALSE,1,TRUE,1,NA,0.11604439959636731,NA,1,NA,FALSE,NA,TRUE,NA,p4a3,FALSE,FALSE,muestra_insuficiente
5141,561,2,1,1,727,693,TRUE,0.8685782556750299,TRUE,1,TRUE,NA,1,NA,1,NA,1,NA,TRUE,NA,TRUE,p4a3,FALSE,FALSE,muestra_insuficiente
5170,517,1,3,1,1467,1470,TRUE,0.9284810126582278,TRUE,1,TRUE,1,NA,0.9284810126582278,NA,1,NA,TRUE,NA,TRUE,NA,p4a3,FALSE,FALSE,muestra_insuficiente
8150,713,6,11,1,845,852,TRUE,0.40900290416263313,TRUE,0.4874141876430206,FALSE,NA,1,NA,0.4678848283499446,NA,0.5,NA,TRUE,NA,FALSE,p4a3,FALSE,FALSE,muestra_insuficiente
8150,713,4,11,2,889,896,TRUE,0.36933942667220604,TRUE,0.5125858123569794,TRUE,1,1,0.23529411764705882,0.38063063063063063,1,0.5,FALSE,TRUE,TRUE,FALSE,p4a3,FALSE,FALSE,muestra_insuficiente
7201,461,3,5,3,1200,1202,TRUE,0.14857001361891792,FALSE,1,TRUE,1,2,0.1638888888888889,0.06386418755052546,1,1,FALSE,FALSE,TRUE,TRUE,p4a3,FALSE,FALSE,muestra_insuficiente
1204,311,2,10,1,954,932,TRUE,0.3593220338983051,FALSE,1,TRUE,NA,1,NA,0.7056213017751479,NA,1,NA,TRUE,NA,TRUE,p4a3,FALSE,FALSE,muestra_insuficiente
5380,222,8,8,3,259,274,TRUE,0.8068535825545171,TRUE,1,TRUE,2,1,0.7529880478087649,1,1,1,TRUE,TRUE,TRUE,TRUE,p4a3,FALSE,TRUE,muestra_insuficiente
8310,931,2,10,1,83,83,TRUE,0.48823529411764705,FALSE,1,TRUE,NA,1,NA,1,NA,1,NA,TRUE,NA,TRUE,p4a3,FALSE,FALSE,muestra_insuficiente
6110,462,1,4,1,77,78,TRUE,0.008094186902133923,FALSE,1,TRUE,1,NA,0.051921780175320294,NA,1,NA,FALSE,NA,TRUE,NA,p4a3,FALSE,FALSE,muestra_insuficiente
1204,236,2,8,1,72,74,TRUE,1,TRUE,1,TRUE,1,NA,1,NA,1,NA,TRUE,NA,TRUE,NA,p4a3,FALSE,FALSE,muestra_insuficiente
5170,931,1,2,1,576,595,TRUE,0.4099644128113879,FALSE,1,TRUE,1,NA,0.4099644128113879,NA,1,NA,FALSE,NA,TRUE,NA,p4a3,FALSE,FALSE,muestra_insuficiente
1250,611,3,2,5,1227,1205,TRUE,0.38989513822688276,TRUE,1,TRUE,2,3,0.15956770502225048,0.6200762388818297,1,1,FALSE,TRUE,TRUE,TRUE,p4a3,FALSE,FALSE,muestra_insuficiente
2126,623,1,1,1,58,58,TRUE,1,TRUE,1,TRUE,1,NA,1,NA,1,NA,TRUE,NA,TRUE,NA,p4a3,FALSE,TRUE,muestra_insuficiente
6101,613,1,2,2,189,287,TRUE,0.02788433166125701,FALSE,1,TRUE,2,NA,0.07556977209116353,NA,1,NA,FALSE,NA,TRUE,NA,p4a3,FALSE,FALSE,muestra_insuficiente
1230,621,2,1,1,42,43,TRUE,0.018080068876452863,FALSE,1,TRUE,1,NA,0.021761658031088083,NA,1,NA,FALSE,NA,TRUE,NA,p4a3,FALSE,FALSE,muestra_insuficiente
6110,561,1,3,2,427,433,TRUE,0.7878228782287823,TRUE,1,TRUE,NA,2,NA,1,NA,1,NA,TRUE,NA,TRUE,p4a3,FALSE,FALSE,muestra_insuficiente
6110,931,1,2,8,2545,2571,TRUE,0.19998428414269998,FALSE,1,TRUE,4,4,0.34478351174308997,0.05984227617133137,1,1,FALSE,FALSE,TRUE,TRUE,p4a3,FALSE,FALSE,muestra_insuficiente
6110,312,1,2,1,79,80,TRUE,0.0718835304822566,FALSE,1,TRUE,1,NA,0.08987485779294653,NA,1,NA,FALSE,NA,TRUE,NA,p4a3,FALSE,FALSE,muestra_insuficiente
6101,612,1,1,1,509,550,TRUE,1,TRUE,1,TRUE,NA,1,NA,1,NA,1,NA,TRUE,NA,TRUE,p4a3,FALSE,TRUE,muestra_insuficiente
6110,462,1,3,8,4138,4014,TRUE,0.43498370650688534,TRUE,1,TRUE,3,5,0.24881995954147,0.4693648816936488,1,1,FALSE,TRUE,TRUE,TRUE,p4a3,FALSE,FALSE,muestra_insuficiente
2121,332,2,3,1,559,561,TRUE,1,TRUE,1,TRUE,NA,1,NA,1,NA,1,NA,TRUE,NA,TRUE,p4a3,FALSE,FALSE,muestra_insuficiente
6121,334,1,1,1,815,623,TRUE,1,TRUE,1,TRUE,NA,1,NA,1,NA,1,NA,TRUE,NA,TRUE,p4a3,FALSE,TRUE,muestra_insuficiente
6110,312,1,3,1,800,407,TRUE,0.7279344858962693,TRUE,1,TRUE,1,NA,0.9101251422070534,NA,1,NA,TRUE,NA,TRUE,NA,p4a3,FALSE,FALSE,muestra_insuficiente
5141,221,2,10,1,355,360,TRUE,1,TRUE,1,TRUE,1,NA,1,NA,1,NA,TRUE,NA,TRUE,NA,p4a3,FALSE,FALSE,muestra_insuficiente
5141,332,2,7,5,2952,3665,TRUE,0.6944248412138321,TRUE,1,TRUE,3,2,0.8895510528406834,0.41118800461361016,1,1,TRUE,TRUE,TRUE,TRUE,p4a3,FALSE,FALSE,muestra_insuficiente
6101,611,1,7,1,464,473,TRUE,0.08948891031822565,FALSE,1,TRUE,NA,1,NA,0.17569102612646725,NA,1,NA,FALSE,NA,TRUE,p4a3,FALSE,FALSE,muestra_insuficiente
5170,334,1,10,1,94,97,TRUE,1,TRUE,1,TRUE,1,NA,1,NA,1,NA,TRUE,NA,TRUE,NA,p4a3,FALSE,FALSE,muestra_insuficiente
6180,561,1,8,1,445,564,TRUE,0.16817838246409675,FALSE,1,TRUE,1,NA,0.23298429319371727,NA,1,NA,FALSE,NA,TRUE,NA,p4a3,FALSE,FALSE,muestra_insuficiente
1250,485,3,3,1,335,340,TRUE,1,TRUE,1,TRUE,NA,1,NA,1,NA,1,NA,TRUE,NA,TRUE,p4a3,FALSE,TRUE,muestra_insuficiente
6110,334,1,1,1,416,422,TRUE,1,TRUE,1,TRUE,NA,1,NA,1,NA,1,NA,TRUE,NA,TRUE,p4a3,FALSE,TRUE,muestra_insuficiente
6101,613,1,3,3,762,859,TRUE,0.11242254352316318,FALSE,0.8837448559670782,TRUE,3,NA,0.3046781287485006,NA,1,NA,FALSE,NA,TRUE,NA,p4a3,FALSE,FALSE,muestra_insuficiente
5141,334,2,2,1,319,324,TRUE,0.06966586590958725,FALSE,1,TRUE,NA,1,NA,0.12042280105700265,NA,1,NA,FALSE,NA,TRUE,p4a3,FALSE,TRUE,muestra_insuficiente
7121,492,8,8,1,385,390,TRUE,1,TRUE,1,TRUE,1,NA,1,NA,1,NA,TRUE,NA,TRUE,NA,p4a3,FALSE,TRUE,muestra_insuficiente
6180,561,1,1,1,365,370,TRUE,0.1379440665154951,FALSE,1,TRUE,1,NA,0.19109947643979058,NA,1,NA,FALSE,NA,TRUE,NA,p4a3,FALSE,TRUE,muestra_insuficiente
7121,311,8,8,2,1018,912,TRUE,1,TRUE,1,TRUE,NA,2,NA,1,NA,1,NA,TRUE,NA,TRUE,p4a3,FALSE,TRUE,muestra_insuficiente
6110,468,1,3,1,472,481,TRUE,1,TRUE,1,TRUE,1,NA,1,NA,1,NA,TRUE,NA,TRUE,NA,p4a3,FALSE,FALSE,muestra_insuficiente
7201,463,3,3,3,1648,1605,TRUE,0.03612213138110164,FALSE,1,TRUE,3,NA,0.06817523683448476,NA,1,NA,FALSE,NA,TRUE,NA,p4a3,FALSE,TRUE,muestra_insuficiente
7121,434,9,4,1,1123,1126,TRUE,1,TRUE,1,TRUE,1,NA,1,NA,1,NA,TRUE,NA,TRUE,NA,p4a3,FALSE,FALSE,muestra_insuficiente
5100,721,1,7,4,958,1005,TRUE,0.5301604869950194,TRUE,1,TRUE,1,3,0.052455357142857144,1,1,1,FALSE,TRUE,TRUE,TRUE,p4a3,FALSE,FALSE,muestra_insuficiente
1250,611,3,4,1,254,255,TRUE,0.08071178900540198,FALSE,1,TRUE,1,NA,0.161474888747616,NA,1,NA,FALSE,NA,TRUE,NA,p4a3,FALSE,FALSE,muestra_insuficiente
1204,313,2,2,1,126,125,TRUE,1,TRUE,1,TRUE,NA,1,NA,1,NA,1,NA,TRUE,NA,TRUE,p4a3,FALSE,TRUE,muestra_insuficiente
7121,468,9,11,2,245,246,TRUE,0.3141025641025641,FALSE,1,TRUE,2,NA,1,NA,1,NA,TRUE,NA,TRUE,NA,p4a3,FALSE,FALSE,muestra_insuficiente
5380,325,8,4,1,284,285,TRUE,0.03523136087334078,FALSE,1,TRUE,1,NA,0.09158336020638504,NA,1,NA,FALSE,NA,TRUE,NA,p4a3,FALSE,FALSE,muestra_insuficiente
1204,222,2,7,1,96,120,TRUE,1,TRUE,1,TRUE,1,NA,1,NA,1,NA,TRUE,NA,TRUE,NA,p4a3,FALSE,FALSE,muestra_insuficiente
5380,325,8,2,1,284,285,TRUE,0.03523136087334078,FALSE,1,TRUE,NA,1,NA,0.05725806451612903,NA,1,NA,FALSE,NA,TRUE,p4a3,FALSE,FALSE,muestra_insuficiente
6180,931,1,2,4,468,473,TRUE,0.1470311027332705,FALSE,1,TRUE,3,1,0.17459538989700835,0.0979020979020979,1,1,FALSE,FALSE,TRUE,TRUE,p4a3,FALSE,FALSE,muestra_insuficiente
6180,613,1,10,1,122,122,TRUE,0.05329838357361293,FALSE,1,TRUE,1,NA,0.06027667984189723,NA,1,NA,FALSE,NA,TRUE,NA,p4a3,FALSE,FALSE,muestra_insuficiente
1204,481,2,3,1,122,122,TRUE,1,TRUE,1,TRUE,1,NA,1,NA,1,NA,TRUE,NA,TRUE,NA,p4a3,FALSE,FALSE,muestra_insuficiente
5141,331,2,8,1,95,94,TRUE,0.03163503163503163,FALSE,1,TRUE,1,NA,0.03887070376432079,NA,1,NA,FALSE,NA,TRUE,NA,p4a3,FALSE,FALSE,muestra_insuficiente
1250,481,3,1,1,1898,1513,TRUE,1,TRUE,1,TRUE,1,NA,1,NA,1,NA,TRUE,NA,TRUE,NA,p4a3,FALSE,FALSE,muestra_insuficiente
6121,462,1,4,1,1774,1771,TRUE,1,TRUE,1,TRUE,1,NA,1,NA,1,NA,TRUE,NA,TRUE,NA,p4a3,FALSE,FALSE,muestra_insuficiente
1204,325,2,8,3,3102,3118,TRUE,1,TRUE,1,TRUE,1,2,1,1,1,1,TRUE,TRUE,TRUE,TRUE,p4a3,FALSE,FALSE,muestra_insuficiente
6121,322,1,7,1,2726,2063,TRUE,1,TRUE,1,TRUE,NA,1,NA,1,NA,1,NA,TRUE,NA,TRUE,p4a3,FALSE,FALSE,muestra_insuficiente
6121,484,1,10,1,1663,1646,TRUE,0.8167976424361493,TRUE,1,TRUE,NA,1,NA,0.8167976424361493,NA,1,NA,TRUE,NA,TRUE,p4a3,FALSE,FALSE,muestra_insuficiente
5141,327,2,1,1,1323,1319,TRUE,1,TRUE,1,TRUE,NA,1,NA,1,NA,1,NA,TRUE,NA,TRUE,p4a3,FALSE,FALSE,muestra_insuficiente
5141,333,2,1,2,1570,1916,TRUE,0.3390196501835457,TRUE,1,TRUE,NA,2,NA,1,NA,1,NA,TRUE,NA,TRUE,p4a3,FALSE,FALSE,muestra_insuficiente
1204,332,2,8,2,2552,2553,TRUE,1,TRUE,1,TRUE,2,NA,1,NA,1,NA,TRUE,NA,TRUE,NA,p4a3,FALSE,FALSE,muestra_insuficiente
8150,722,4,10,1,1455,1440,TRUE,1,TRUE,1,TRUE,1,NA,1,NA,1,NA,TRUE,NA,TRUE,NA,p4a3,FALSE,FALSE,muestra_insuficiente
1204,311,2,8,1,1303,1298,TRUE,0.49077212806026366,TRUE,1,TRUE,1,NA,1,NA,1,NA,TRUE,NA,TRUE,NA,p4a3,FALSE,FALSE,muestra_insuficiente
7201,467,3,6,2,2788,2367,TRUE,0.19519708744661485,FALSE,1,TRUE,1,1,0.6996816413158825,0.07070530726256984,1,1,TRUE,FALSE,TRUE,TRUE,p4a3,FALSE,FALSE,muestra_insuficiente
2121,434,2,5,1,487,489,TRUE,1,TRUE,1,TRUE,NA,1,NA,1,NA,1,NA,TRUE,NA,TRUE,p4a3,FALSE,FALSE,muestra_insuficiente
7201,434,3,11,4,770,688,TRUE,0.6260162601626016,TRUE,1,TRUE,2,2,0.6652601969057665,0.5722543352601156,1,1,TRUE,TRUE,TRUE,TRUE,p4a3,FALSE,FALSE,muestra_insuficiente
1250,541,3,3,5,509,513,TRUE,0.13203631647211414,FALSE,1,TRUE,3,2,0.152732368052312,0.10618436406067679,1,1,FALSE,FALSE,TRUE,TRUE,p4a3,FALSE,TRUE,muestra_insuficiente
1230,325,2,2,2,150,212,TRUE,0.3740648379052369,TRUE,1,TRUE,NA,2,NA,0.3740648379052369,NA,1,NA,TRUE,NA,TRUE,p4a3,FALSE,TRUE,muestra_insuficiente
5100,312,1,3,1,114,152,TRUE,0.48717948717948717,FALSE,1,TRUE,1,NA,0.48717948717948717,NA,1,NA,FALSE,NA,TRUE,NA,p4a3,FALSE,FALSE,muestra_insuficiente
6121,561,1,1,1,112,112,TRUE,1,TRUE,1,TRUE,1,NA,1,NA,1,NA,TRUE,NA,TRUE,NA,p4a3,FALSE,TRUE,muestra_insuficiente
1250,613,3,1,2,142,143,TRUE,0.5440613026819924,TRUE,1,TRUE,1,1,0.4166666666666667,1,1,1,TRUE,TRUE,TRUE,TRUE,p4a3,FALSE,FALSE,muestra_insuficiente
6180,561,1,10,2,207,187,TRUE,0.0782312925170068,FALSE,1,TRUE,2,NA,0.10837696335078534,NA,1,NA,FALSE,NA,TRUE,NA,p4a3,FALSE,FALSE,muestra_insuficiente
6121,221,1,4,1,99,99,TRUE,1,TRUE,1,TRUE,NA,1,NA,1,NA,1,NA,TRUE,NA,TRUE,p4a3,FALSE,FALSE,muestra_insuficiente
5141,332,2,8,2,326,323,TRUE,0.07668783815572806,FALSE,1,TRUE,1,1,0.04529201430274136,0.12226066897347174,1,1,FALSE,FALSE,TRUE,TRUE,p4a3,FALSE,FALSE,muestra_insuficiente
8150,713,4,10,3,331,330,TRUE,0.13751557955961777,FALSE,1,TRUE,NA,3,NA,0.1490990990990991,NA,1,NA,FALSE,NA,TRUE,p4a3,FALSE,FALSE,muestra_insuficiente
5141,331,2,1,2,1559,1544,TRUE,0.5191475191475191,TRUE,1,TRUE,1,1,0.40916530278232405,1,1,1,FALSE,TRUE,TRUE,TRUE,p4a3,FALSE,FALSE,muestra_insuficiente
7121,464,9,4,1,107,99,TRUE,0.11382978723404255,FALSE,1,TRUE,NA,1,NA,1,NA,1,NA,TRUE,NA,TRUE,p4a3,FALSE,FALSE,muestra_insuficiente
1204,221,2,2,1,1509,1512,TRUE,0.7754367934224049,TRUE,1,TRUE,NA,1,NA,0.828665568369028,NA,1,NA,TRUE,NA,TRUE,p4a3,FALSE,TRUE,muestra_insuficiente
4120,931,13,13,1,402,401,TRUE,1,TRUE,1,TRUE,1,NA,1,NA,1,NA,TRUE,NA,TRUE,NA,p4a3,FALSE,TRUE,muestra_insuficiente
1230,621,2,3,2,260,263,TRUE,0.11192423590185105,FALSE,1,TRUE,NA,2,NA,0.6615776081424937,NA,1,NA,TRUE,NA,TRUE,p4a3,FALSE,FALSE,muestra_insuficiente
5380,338,8,8,2,223,221,TRUE,0.4084249084249084,FALSE,1,TRUE,1,1,1,0.2523148148148148,1,1,TRUE,FALSE,TRUE,TRUE,p4a3,FALSE,TRUE,muestra_insuficiente
6180,488,1,2,1,103,101,TRUE,1,TRUE,1,TRUE,NA,1,NA,1,NA,1,NA,TRUE,NA,TRUE,p4a3,FALSE,FALSE,muestra_insuficiente
7121,461,9,4,3,370,375,TRUE,0.9024390243902439,TRUE,1,TRUE,3,NA,0.9024390243902439,NA,1,NA,TRUE,NA,TRUE,NA,p4a3,FALSE,FALSE,muestra_insuficiente
7121,931,8,3,1,117,116,TRUE,1,TRUE,1,TRUE,1,NA,1,NA,1,NA,TRUE,NA,TRUE,NA,p4a3,FALSE,FALSE,muestra_insuficiente
7121,431,9,11,3,448,451,TRUE,0.4609053497942387,TRUE,1,TRUE,1,2,1,0.36561743341404357,1,1,TRUE,FALSE,TRUE,TRUE,p4a3,FALSE,FALSE,muestra_insuficiente
5380,336,9,9,1,176,172,TRUE,1,TRUE,1,TRUE,NA,1,NA,1,NA,1,NA,TRUE,NA,TRUE,p4a3,FALSE,TRUE,muestra_insuficiente
7121,431,9,3,1,82,87,TRUE,0.08436213991769548,FALSE,1,TRUE,NA,1,NA,0.09927360774818401,NA,1,NA,FALSE,NA,TRUE,p4a3,FALSE,FALSE,muestra_insuficiente
5380,325,9,9,3,362,392,TRUE,1,TRUE,1,TRUE,1,2,1,1,1,1,TRUE,TRUE,TRUE,TRUE,p4a3,FALSE,TRUE,muestra_insuficiente
5100,311,1,7,3,773,797,TRUE,0.23924481584648716,TRUE,0.899548532731377,TRUE,3,NA,0.4870825456836799,NA,1,NA,TRUE,NA,TRUE,NA,p4a3,FALSE,FALSE,muestra_insuficiente
8150,112,4,13,1,164,172,TRUE,1,TRUE,1,TRUE,NA,1,NA,1,NA,1,NA,TRUE,NA,TRUE,p4a3,FALSE,FALSE,muestra_insuficiente
1230,622,2,3,1,195,216,TRUE,0.04758418740849195,FALSE,1,TRUE,NA,1,NA,0.08639787328311918,NA,1,NA,FALSE,NA,TRUE,p4a3,FALSE,FALSE,muestra_insuficiente
6110,312,1,7,1,58,57,TRUE,0.052775250227479524,FALSE,1,TRUE,NA,1,NA,0.2636363636363636,NA,1,NA,FALSE,NA,TRUE,p4a3,FALSE,FALSE,muestra_insuficiente
8150,713,4,3,3,624,601,TRUE,0.2592438720398837,FALSE,1,TRUE,NA,3,NA,0.2810810810810811,NA,1,NA,FALSE,NA,TRUE,p4a3,FALSE,FALSE,muestra_insuficiente
1250,541,3,2,1,52,51,TRUE,0.013488975356679637,FALSE,1,TRUE,NA,1,NA,0.030338389731621937,NA,1,NA,FALSE,NA,TRUE,p4a3,FALSE,FALSE,muestra_insuficiente
7121,511,8,10,1,44,44,TRUE,0.11989100817438691,FALSE,1,TRUE,NA,1,NA,0.23783783783783785,NA,1,NA,FALSE,NA,TRUE,p4a3,FALSE,FALSE,muestra_insuficiente
7121,467,9,9,1,49,50,TRUE,1,TRUE,1,TRUE,NA,1,NA,1,NA,1,NA,TRUE,NA,TRUE,p4a3,FALSE,TRUE,muestra_insuficiente
2121,522,2,9,2,189,246,TRUE,0.2506631299734748,FALSE,1,TRUE,NA,2,NA,0.30095541401273884,NA,1,NA,FALSE,NA,TRUE,p4a3,FALSE,FALSE,muestra_insuficiente
1250,613,3,2,1,45,45,TRUE,0.1724137931034483,FALSE,1,TRUE,1,NA,0.22058823529411764,NA,1,NA,FALSE,NA,TRUE,NA,p4a3,FALSE,FALSE,muestra_insuficiente
7121,312,8,10,4,495,518,TRUE,0.3103448275862069,FALSE,1,TRUE,3,1,0.7364705882352941,0.15555555555555556,1,1,TRUE,FALSE,TRUE,TRUE,p4a3,FALSE,FALSE,muestra_insuficiente
5170,221,1,2,4,668,716,TRUE,0.31288056206088993,FALSE,1,TRUE,2,2,0.5064327485380117,0.18359375,1,1,TRUE,FALSE,TRUE,TRUE,p4a3,FALSE,FALSE,muestra_insuficiente
5100,931,1,3,1,152,151,TRUE,1,TRUE,1,TRUE,NA,1,NA,1,NA,1,NA,TRUE,NA,TRUE,p4a3,FALSE,FALSE,muestra_insuficiente
6110,551,1,1,1,351,451,TRUE,1,TRUE,1,TRUE,1,NA,1,NA,1,NA,TRUE,NA,TRUE,NA,p4a3,FALSE,TRUE,muestra_insuficiente
8150,712,4,4,2,665,826,TRUE,1,TRUE,1,TRUE,1,1,1,1,1,1,TRUE,TRUE,TRUE,TRUE,p4a3,FALSE,TRUE,muestra_insuficiente
5380,338,8,10,1,323,329,TRUE,0.5915750915750916,TRUE,1,TRUE,NA,1,NA,0.7476851851851852,NA,1,NA,TRUE,NA,TRUE,p4a3,FALSE,FALSE,muestra_insuficiente
1204,335,2,1,1,350,357,TRUE,0.36610878661087864,FALSE,1,TRUE,1,NA,0.47748976807639837,NA,1,NA,FALSE,NA,TRUE,NA,p4a3,FALSE,FALSE,muestra_insuficiente
1204,212,2,2,1,456,467,TRUE,0.912,TRUE,1,TRUE,NA,1,NA,0.912,NA,1,NA,TRUE,NA,TRUE,p4a3,FALSE,TRUE,muestra_insuficiente
1204,485,2,1,1,391,400,TRUE,1,TRUE,1,TRUE,NA,1,NA,1,NA,1,NA,TRUE,NA,TRUE,p4a3,FALSE,FALSE,muestra_insuficiente
5380,335,8,10,1,298,304,TRUE,0.6247379454926625,TRUE,1,TRUE,NA,1,NA,0.6247379454926625,NA,1,NA,TRUE,NA,TRUE,p4a3,FALSE,FALSE,muestra_insuficiente
1230,335,2,2,1,360,366,TRUE,1,TRUE,1,TRUE,1,NA,1,NA,1,NA,TRUE,NA,TRUE,NA,p4a3,FALSE,TRUE,muestra_insuficiente
5141,332,2,1,2,407,415,TRUE,0.09574217831098565,FALSE,1,TRUE,1,1,0.024235200635677395,0.19953863898500576,1,1,FALSE,FALSE,TRUE,TRUE,p4a3,FALSE,FALSE,muestra_insuficiente
6180,222,1,8,1,346,352,TRUE,1,TRUE,1,TRUE,NA,1,NA,1,NA,1,NA,TRUE,NA,TRUE,p4a3,FALSE,FALSE,muestra_insuficiente
6121,336,1,4,1,388,396,TRUE,1,TRUE,1,TRUE,1,NA,1,NA,1,NA,TRUE,NA,TRUE,NA,p4a3,FALSE,FALSE,muestra_insuficiente
1204,322,2,8,3,585,704,TRUE,0.5021459227467812,TRUE,1,TRUE,2,1,0.5311804008908686,0.4044943820224719,1,1,TRUE,FALSE,TRUE,TRUE,p4a3,FALSE,FALSE,muestra_insuficiente
5141,311,2,2,1,433,458,TRUE,1,TRUE,1,TRUE,NA,1,NA,1,NA,1,NA,TRUE,NA,TRUE,p4a3,FALSE,TRUE,muestra_insuficiente
5170,221,1,3,1,574,599,TRUE,0.26885245901639343,FALSE,1,TRUE,NA,1,NA,0.4484375,NA,1,NA,TRUE,NA,TRUE,p4a3,FALSE,FALSE,muestra_insuficiente
5141,335,2,2,1,348,365,TRUE,0.09015544041450778,FALSE,1,TRUE,NA,1,NA,0.17142857142857143,NA,1,NA,FALSE,NA,TRUE,p4a3,FALSE,TRUE,muestra_insuficiente
5100,311,2,2,2,630,603,TRUE,0.2198185624563852,FALSE,0.4699922057677319,FALSE,1,1,0.7140864714086471,0.05490926012098651,1,0.15,TRUE,FALSE,TRUE,FALSE,p4a3,FALSE,TRUE,muestra_insuficiente
5141,335,2,10,1,426,447,TRUE,0.11036269430051814,FALSE,1,TRUE,NA,1,NA,0.20985221674876847,NA,1,NA,FALSE,NA,TRUE,p4a3,FALSE,FALSE,muestra_insuficiente
5100,311,1,4,1,455,483,TRUE,0.1408232745280099,FALSE,0.6939655172413793,TRUE,1,NA,0.2867044738500315,NA,0.6939655172413793,NA,FALSE,NA,TRUE,NA,p4a3,FALSE,FALSE,muestra_insuficiente
4109,611,13,13,1,179,183,TRUE,1,TRUE,1,TRUE,NA,1,NA,1,NA,1,NA,TRUE,NA,TRUE,p4a3,FALSE,TRUE,muestra_insuficiente
5141,485,2,2,1,164,177,TRUE,1,TRUE,1,TRUE,NA,1,NA,1,NA,1,NA,TRUE,NA,TRUE,p4a3,FALSE,TRUE,muestra_insuficiente
4120,112,13,13,1,130,129,TRUE,0.5394190871369294,TRUE,1,TRUE,1,NA,1,NA,1,NA,TRUE,NA,TRUE,NA,p4a3,FALSE,TRUE,muestra_insuficiente
8150,931,4,13,1,66,64,TRUE,0.11478260869565217,FALSE,1,TRUE,NA,1,NA,0.673469387755102,NA,1,NA,TRUE,NA,TRUE,p4a3,FALSE,FALSE,muestra_insuficiente
7121,312,8,4,1,64,64,TRUE,0.04012539184952978,FALSE,1,TRUE,NA,1,NA,0.0547008547008547,NA,1,NA,FALSE,NA,TRUE,p4a3,FALSE,FALSE,muestra_insuficiente
6101,611,1,10,1,102,101,TRUE,0.019672131147540985,FALSE,1,TRUE,1,NA,0.04009433962264151,NA,1,NA,FALSE,NA,TRUE,NA,p4a3,FALSE,FALSE,muestra_insuficiente
2121,522,2,2,4,363,331,TRUE,0.48143236074270557,TRUE,1,TRUE,1,3,0.25396825396825395,0.5270700636942676,1,1,FALSE,TRUE,TRUE,TRUE,p4a3,FALSE,TRUE,muestra_insuficiente
2121,515,2,1,1,380,391,TRUE,1,TRUE,1,TRUE,1,NA,1,NA,1,NA,TRUE,NA,TRUE,NA,p4a3,FALSE,FALSE,muestra_insuficiente
8150,813,4,3,3,783,787,TRUE,0.35983455882352944,FALSE,1,TRUE,2,1,0.3235843186060983,0.46221441124780316,1,1,FALSE,FALSE,TRUE,TRUE,p4a3,FALSE,FALSE,muestra_insuficiente
5380,561,8,7,1,489,528,TRUE,1,TRUE,1,TRUE,1,NA,1,NA,1,NA,TRUE,NA,TRUE,NA,p4a3,FALSE,FALSE,muestra_insuficiente
6180,311,1,1,1,243,243,TRUE,1,TRUE,1,TRUE,1,NA,1,NA,1,NA,TRUE,NA,TRUE,NA,p4a3,FALSE,TRUE,muestra_insuficiente
5380,326,8,8,1,195,195,TRUE,1,TRUE,1,TRUE,1,NA,1,NA,1,NA,TRUE,NA,TRUE,NA,p4a3,FALSE,TRUE,muestra_insuficiente
7201,464,3,6,2,400,399,TRUE,0.09864364981504316,FALSE,1,TRUE,1,1,0.125129265770424,0.07449316360207449,1,1,FALSE,FALSE,TRUE,TRUE,p4a3,FALSE,FALSE,muestra_insuficiente
6180,613,1,2,2,355,357,TRUE,0.15508955875928354,FALSE,1,TRUE,1,1,0.06175889328063241,0.8679245283018868,1,1,FALSE,TRUE,TRUE,TRUE,p4a3,FALSE,FALSE,muestra_insuficiente
7121,812,9,9,1,208,206,TRUE,1,TRUE,1,TRUE,NA,1,NA,1,NA,1,NA,TRUE,NA,TRUE,p4a3,FALSE,TRUE,muestra_insuficiente
1250,931,3,10,1,141,141,TRUE,0.009773341651070909,FALSE,1,TRUE,NA,1,NA,0.030725648289387668,NA,1,NA,FALSE,NA,TRUE,p4a3,FALSE,FALSE,muestra_insuficiente
7121,511,8,8,2,323,359,TRUE,0.8801089918256131,TRUE,1,TRUE,1,1,1,0.7621621621621621,1,1,TRUE,TRUE,TRUE,TRUE,p4a3,FALSE,TRUE,muestra_insuficiente
7201,465,3,3,1,678,655,TRUE,0.040679186416271676,FALSE,1,TRUE,NA,1,NA,0.07660151395322562,NA,1,NA,FALSE,NA,TRUE,p4a3,FALSE,TRUE,muestra_insuficiente
7201,111,3,11,1,708,765,TRUE,1,TRUE,1,TRUE,1,NA,1,NA,1,NA,TRUE,NA,TRUE,NA,p4a3,FALSE,FALSE,muestra_insuficiente
8150,713,6,2,1,674,684,TRUE,0.32623426911907066,FALSE,1,TRUE,NA,1,NA,0.37320044296788485,NA,1,NA,FALSE,NA,TRUE,p4a3,FALSE,FALSE,muestra_insuficiente
1204,326,2,8,1,91,91,TRUE,1,TRUE,1,TRUE,NA,1,NA,1,NA,1,NA,TRUE,NA,TRUE,p4a3,FALSE,FALSE,muestra_insuficiente
5141,332,2,2,1,103,105,TRUE,0.024229593036932486,FALSE,1,TRUE,1,NA,0.04092173222089789,NA,1,NA,FALSE,NA,TRUE,NA,p4a3,FALSE,TRUE,muestra_insuficiente
6121,484,1,2,2,176,218,TRUE,0.08644400785854617,FALSE,0.218,FALSE,NA,2,NA,0.08644400785854617,NA,0.37521514629948366,NA,FALSE,NA,FALSE,p4a3,FALSE,FALSE,muestra_insuficiente
1230,325,2,1,1,114,114,TRUE,0.28428927680798005,FALSE,1,TRUE,NA,1,NA,0.28428927680798005,NA,1,NA,FALSE,NA,TRUE,p4a3,FALSE,FALSE,muestra_insuficiente
5380,325,8,7,1,118,118,TRUE,0.014638382334697927,FALSE,1,TRUE,NA,1,NA,0.02379032258064516,NA,1,NA,FALSE,NA,TRUE,p4a3,FALSE,FALSE,muestra_insuficiente
6180,622,1,7,2,253,256,TRUE,0.3804511278195489,FALSE,1,TRUE,1,1,0.7991071428571429,0.16780045351473924,1,1,TRUE,FALSE,TRUE,TRUE,p4a3,FALSE,FALSE,muestra_insuficiente
5100,462,1,7,1,109,89,TRUE,0.08214016578749057,FALSE,1,TRUE,1,NA,0.09732142857142857,NA,1,NA,FALSE,NA,TRUE,NA,p4a3,FALSE,FALSE,muestra_insuficiente
8150,721,4,7,4,515,525,TRUE,0.5223123732251521,TRUE,1,TRUE,2,2,1,0.3476454293628809,1,1,TRUE,FALSE,TRUE,TRUE,p4a3,FALSE,FALSE,muestra_insuficiente
6121,485,1,8,1,126,129,TRUE,0.15498154981549817,FALSE,1,TRUE,NA,1,NA,0.17696629213483145,NA,1,NA,FALSE,NA,TRUE,p4a3,FALSE,FALSE,muestra_insuficiente
6110,721,1,2,2,268,274,TRUE,0.4581196581196581,FALSE,1,TRUE,2,NA,0.4581196581196581,NA,1,NA,FALSE,NA,TRUE,NA,p4a3,FALSE,FALSE,muestra_insuficiente
1204,721,2,8,2,238,237,TRUE,1,TRUE,1,TRUE,1,1,1,1,1,1,TRUE,TRUE,TRUE,TRUE,p4a3,FALSE,FALSE,muestra_insuficiente
8150,721,4,4,2,314,430,TRUE,0.3184584178498986,FALSE,1,TRUE,NA,2,NA,0.43490304709141275,NA,1,NA,TRUE,NA,TRUE,p4a3,FALSE,TRUE,muestra_insuficiente
8150,721,4,2,1,157,215,TRUE,0.1592292089249493,FALSE,1,TRUE,NA,1,NA,0.21745152354570638,NA,1,NA,FALSE,NA,TRUE,p4a3,FALSE,FALSE,muestra_insuficiente
6180,931,1,10,1,98,99,TRUE,0.03078856424756519,FALSE,1,TRUE,1,NA,0.048062775870524765,NA,1,NA,FALSE,NA,TRUE,NA,p4a3,FALSE,FALSE,muestra_insuficiente
6180,931,1,4,2,120,123,TRUE,0.03770028275212064,FALSE,1,TRUE,1,1,0.042177538008827856,0.02972027972027972,1,1,FALSE,FALSE,TRUE,TRUE,p4a3,FALSE,FALSE,muestra_insuficiente
6180,562,2,2,1,179,183,TRUE,1,TRUE,1,TRUE,NA,1,NA,1,NA,1,NA,TRUE,NA,TRUE,p4a3,FALSE,TRUE,muestra_insuficiente
1204,462,2,1,1,156,159,TRUE,0.4968152866242038,TRUE,1,TRUE,1,NA,0.7428571428571429,NA,1,NA,TRUE,NA,TRUE,NA,p4a3,FALSE,FALSE,muestra_insuficiente
6180,721,1,7,1,109,112,TRUE,0.5240384615384616,TRUE,1,TRUE,1,NA,1,NA,1,NA,TRUE,NA,TRUE,NA,p4a3,FALSE,FALSE,muestra_insuficiente
2126,624,1,1,1,112,115,TRUE,1,TRUE,1,TRUE,1,NA,1,NA,1,NA,TRUE,NA,TRUE,NA,p4a3,FALSE,TRUE,muestra_insuficiente
6110,721,1,1,2,317,253,TRUE,0.5418803418803418,TRUE,1,TRUE,2,NA,0.5418803418803418,NA,1,NA,TRUE,NA,TRUE,NA,p4a3,FALSE,TRUE,muestra_insuficiente
1230,561,2,7,3,252,259,TRUE,0.18142548596112312,FALSE,1,TRUE,2,1,0.6430678466076696,0.03238095238095238,1,1,TRUE,FALSE,TRUE,TRUE,p4a3,FALSE,FALSE,muestra_insuficiente
1230,931,2,1,1,384,391,TRUE,0.15384615384615385,FALSE,1,TRUE,NA,1,NA,0.25514950166112954,NA,1,NA,FALSE,NA,TRUE,p4a3,FALSE,FALSE,muestra_insuficiente
8150,713,4,13,2,222,217,TRUE,0.0922309929372663,FALSE,1,TRUE,1,1,0.3048128342245989,0.07432432432432433,1,1,FALSE,FALSE,TRUE,TRUE,p4a3,FALSE,FALSE,muestra_insuficiente
6110,511,1,1,1,57,59,TRUE,1,TRUE,1,TRUE,1,NA,1,NA,1,NA,TRUE,NA,TRUE,NA,p4a3,FALSE,TRUE,muestra_insuficiente
8150,713,4,4,2,255,253,TRUE,0.105941005400914,FALSE,1,TRUE,NA,2,NA,0.11486486486486487,NA,1,NA,FALSE,NA,TRUE,p4a3,FALSE,TRUE,muestra_insuficiente
7201,466,3,5,1,79,76,TRUE,0.0013507044180002736,FALSE,1,TRUE,NA,1,NA,0.0035785468381953254,NA,1,NA,FALSE,NA,TRUE,p4a3,FALSE,FALSE,muestra_insuficiente
6180,524,1,2,1,146,198,TRUE,0.10556760665220535,FALSE,1,TRUE,1,NA,0.14570858283433133,NA,1,NA,FALSE,NA,TRUE,NA,p4a3,FALSE,FALSE,muestra_insuficiente
5141,811,2,1,1,153,155,TRUE,0.18021201413427562,FALSE,1,TRUE,NA,1,NA,0.8138297872340425,NA,1,NA,TRUE,NA,TRUE,p4a3,FALSE,FALSE,muestra_insuficiente
6121,484,1,1,1,197,160,TRUE,0.09675834970530452,FALSE,1,TRUE,NA,1,NA,0.09675834970530452,NA,1,NA,FALSE,NA,TRUE,p4a3,FALSE,TRUE,muestra_insuficiente
1230,325,2,8,1,137,140,TRUE,0.341645885286783,FALSE,1,TRUE,NA,1,NA,0.341645885286783,NA,1,NA,FALSE,NA,TRUE,p4a3,FALSE,FALSE,muestra_insuficiente
5170,336,1,2,1,155,158,TRUE,1,TRUE,1,TRUE,1,NA,1,NA,1,NA,TRUE,NA,TRUE,NA,p4a3,FALSE,FALSE,muestra_insuficiente
5141,331,2,2,2,199,199,TRUE,0.06626706626706627,FALSE,1,TRUE,2,NA,0.08142389525368249,NA,1,NA,FALSE,NA,TRUE,NA,p4a3,FALSE,TRUE,muestra_insuficiente
4109,112,13,13,1,304,293,TRUE,0.7875647668393783,TRUE,1,TRUE,1,NA,1,NA,1,NA,TRUE,NA,TRUE,NA,p4a3,FALSE,TRUE,muestra_insuficiente
2121,524,2,2,1,150,156,TRUE,1,TRUE,1,TRUE,1,NA,1,NA,1,NA,TRUE,NA,TRUE,NA,p4a3,FALSE,TRUE,muestra_insuficiente
7201,437,3,3,1,106,110,TRUE,1,TRUE,1,TRUE,NA,1,NA,1,NA,1,NA,TRUE,NA,TRUE,p4a3,FALSE,TRUE,muestra_insuficiente
2121,468,2,9,1,86,89,TRUE,0.23243243243243245,FALSE,1,TRUE,1,NA,0.38222222222222224,NA,1,NA,FALSE,NA,TRUE,NA,p4a3,FALSE,FALSE,muestra_insuficiente
8150,531,4,11,1,100,104,TRUE,1,TRUE,1,TRUE,1,NA,1,NA,1,NA,TRUE,NA,TRUE,NA,p4a3,FALSE,FALSE,muestra_insuficiente
8150,713,4,7,1,86,89,TRUE,0.03572912339011217,FALSE,1,TRUE,1,NA,0.45989304812834225,NA,1,NA,TRUE,NA,TRUE,NA,p4a3,FALSE,FALSE,muestra_insuficiente
6180,812,1,7,1,96,99,TRUE,1,TRUE,0.08432708688245315,FALSE,1,NA,1,NA,0.08432708688245315,NA,TRUE,NA,FALSE,NA,p4a3,FALSE,FALSE,muestra_insuficiente
6110,561,1,1,1,115,159,TRUE,0.21217712177121772,FALSE,1,TRUE,1,NA,1,NA,1,NA,TRUE,NA,TRUE,NA,p4a3,FALSE,TRUE,muestra_insuficiente
5100,311,2,7,1,86,89,TRUE,0.030006978367062107,FALSE,0.10045146726862303,FALSE,NA,1,NA,0.04001861330851559,NA,1,NA,FALSE,NA,TRUE,p4a3,FALSE,FALSE,muestra_insuficiente
5100,312,2,2,1,51,52,TRUE,0.4766355140186916,FALSE,1,TRUE,1,NA,1,NA,1,NA,TRUE,NA,TRUE,NA,p4a3,FALSE,TRUE,muestra_insuficiente
5100,312,1,7,1,120,125,TRUE,0.5128205128205128,TRUE,1,TRUE,1,NA,0.5128205128205128,NA,1,NA,TRUE,NA,TRUE,NA,p4a3,FALSE,FALSE,muestra_insuficiente
1230,611,2,2,1,627,628,TRUE,0.4336099585062241,FALSE,1,TRUE,NA,1,NA,0.4336099585062241,NA,1,NA,FALSE,NA,TRUE,p4a3,FALSE,TRUE,muestra_insuficiente
1204,465,2,9,1,158,158,TRUE,1,TRUE,1,TRUE,1,NA,1,NA,1,NA,TRUE,NA,TRUE,NA,p4a3,FALSE,FALSE,muestra_insuficiente
7121,468,9,4,1,535,535,TRUE,0.6858974358974359,TRUE,1,TRUE,NA,1,NA,1,NA,1,NA,TRUE,NA,TRUE,p4a3,FALSE,FALSE,muestra_insuficiente
4151,112,13,13,3,2781,2976,TRUE,1,TRUE,1,TRUE,3,NA,1,NA,1,NA,TRUE,NA,TRUE,NA,p4a3,FALSE,TRUE,muestra_insuficiente
1250,611,3,10,1,293,297,TRUE,0.09310454401016842,FALSE,1,TRUE,NA,1,NA,0.18614993646759848,NA,1,NA,FALSE,NA,TRUE,p4a3,FALSE,FALSE,muestra_insuficiente
5141,336,2,9,1,348,335,TRUE,0.010070610024308368,FALSE,1,TRUE,NA,1,NA,0.018399069472348525,NA,1,NA,FALSE,NA,TRUE,p4a3,FALSE,FALSE,muestra_insuficiente
1204,931,2,2,1,118,119,TRUE,0.5959595959595959,TRUE,1,TRUE,1,NA,1,NA,1,NA,TRUE,NA,TRUE,NA,p4a3,FALSE,TRUE,muestra_insuficiente
2121,522,2,5,1,94,119,TRUE,0.1246684350132626,FALSE,1,TRUE,1,NA,0.746031746031746,NA,1,NA,TRUE,NA,TRUE,NA,p4a3,FALSE,FALSE,muestra_insuficiente
1230,311,2,2,1,94,95,TRUE,1,TRUE,1,TRUE,NA,1,NA,1,NA,1,NA,TRUE,NA,TRUE,p4a3,FALSE,TRUE,muestra_insuficiente
1204,336,2,7,2,210,213,TRUE,0.02502383222116301,FALSE,1,TRUE,1,1,0.01971014492753623,0.0335716506061548,1,1,FALSE,FALSE,TRUE,TRUE,p4a3,FALSE,FALSE,muestra_insuficiente
5170,222,1,2,1,95,96,TRUE,1,TRUE,1,TRUE,NA,1,NA,1,NA,1,NA,TRUE,NA,TRUE,p4a3,FALSE,FALSE,muestra_insuficiente
6121,482,1,2,1,101,102,TRUE,0.7013888888888888,TRUE,0.3493150684931507,FALSE,NA,1,NA,1,NA,0.3493150684931507,NA,TRUE,NA,FALSE,p4a3,FALSE,FALSE,muestra_insuficiente
8310,931,2,2,1,87,88,TRUE,0.5117647058823529,TRUE,1,TRUE,1,NA,1,NA,1,NA,TRUE,NA,TRUE,NA,p4a3,FALSE,TRUE,muestra_insuficiente
7121,467,8,8,1,112,114,TRUE,1,TRUE,1,TRUE,NA,1,NA,1,NA,1,NA,TRUE,NA,TRUE,p4a3,FALSE,TRUE,muestra_insuficiente
6180,931,1,13,1,175,297,TRUE,0.05497957901350927,FALSE,1,TRUE,1,NA,0.08582638548307994,NA,1,NA,FALSE,NA,TRUE,NA,p4a3,FALSE,FALSE,muestra_insuficiente
6180,462,1,4,1,124,126,TRUE,1,TRUE,1,TRUE,NA,1,NA,1,NA,1,NA,TRUE,NA,TRUE,p4a3,FALSE,FALSE,muestra_insuficiente
7201,464,3,3,1,655,659,TRUE,0.16152897657213316,FALSE,1,TRUE,NA,1,NA,0.3088165959453088,NA,1,NA,FALSE,NA,TRUE,p4a3,FALSE,TRUE,muestra_insuficiente
5141,811,2,6,1,521,516,TRUE,0.6136631330977621,TRUE,1,TRUE,1,NA,0.7881996974281392,NA,1,NA,TRUE,NA,TRUE,NA,p4a3,FALSE,FALSE,muestra_insuficiente
1250,614,3,3,1,754,739,TRUE,1,TRUE,1,TRUE,1,NA,1,NA,1,NA,TRUE,NA,TRUE,NA,p4a3,FALSE,TRUE,muestra_insuficiente
5141,213,2,2,1,58,58,TRUE,1,TRUE,1,TRUE,NA,1,NA,1,NA,1,NA,TRUE,NA,TRUE,p4a3,FALSE,TRUE,muestra_insuficiente
6180,811,2,11,1,51,51,TRUE,1,TRUE,1,TRUE,NA,1,NA,1,NA,1,NA,TRUE,NA,TRUE,p4a3,FALSE,FALSE,muestra_insuficiente
5141,211,2,7,1,67,68,TRUE,0.335,FALSE,1,TRUE,NA,1,NA,0.46853146853146854,NA,1,NA,FALSE,NA,TRUE,p4a3,FALSE,FALSE,muestra_insuficiente
6180,931,1,3,1,55,56,TRUE,0.017279296261388626,FALSE,1,TRUE,1,NA,0.026974006866110838,NA,1,NA,FALSE,NA,TRUE,NA,p4a3,FALSE,FALSE,muestra_insuficiente
1204,237,2,10,1,60,61,TRUE,0.375,FALSE,1,TRUE,NA,1,NA,1,NA,1,NA,TRUE,NA,TRUE,p4a3,FALSE,FALSE,muestra_insuficiente
7121,433,8,8,1,65,66,TRUE,1,TRUE,1,TRUE,NA,1,NA,1,NA,1,NA,TRUE,NA,TRUE,p4a3,FALSE,TRUE,muestra_insuficiente
5380,222,8,7,1,62,63,TRUE,0.19314641744548286,FALSE,1,TRUE,1,NA,0.24701195219123506,NA,1,NA,FALSE,NA,TRUE,NA,p4a3,FALSE,FALSE,muestra_insuficiente
5170,211,1,10,1,74,60,TRUE,1,TRUE,1,TRUE,1,NA,1,NA,1,NA,TRUE,NA,TRUE,NA,p4a3,FALSE,FALSE,muestra_insuficiente
6110,613,1,3,1,70,71,TRUE,0.20833333333333334,FALSE,1,TRUE,1,NA,0.29914529914529914,NA,1,NA,FALSE,NA,TRUE,NA,p4a3,FALSE,FALSE,muestra_insuficiente
1250,970,3,3,1,57,58,TRUE,1,TRUE,1,TRUE,NA,1,NA,1,NA,1,NA,TRUE,NA,TRUE,p4a3,FALSE,TRUE,muestra_insuficiente
5141,211,2,2,2,133,133,TRUE,0.665,TRUE,1,TRUE,1,1,1,0.5314685314685315,1,1,TRUE,TRUE,TRUE,TRUE,p4a3,FALSE,TRUE,muestra_insuficiente
1204,811,2,5,3,423,430,TRUE,0.028059701492537312,FALSE,1,TRUE,3,NA,0.05173679060665362,NA,1,NA,FALSE,NA,TRUE,NA,p4a3,FALSE,FALSE,muestra_insuficiente
1204,213,2,8,1,340,337,TRUE,1,TRUE,1,TRUE,NA,1,NA,1,NA,1,NA,TRUE,NA,TRUE,p4a3,FALSE,FALSE,muestra_insuficiente
1204,488,2,3,1,106,107,TRUE,1,TRUE,1,TRUE,1,NA,1,NA,1,NA,TRUE,NA,TRUE,NA,p4a3,FALSE,FALSE,muestra_insuficiente
6121,488,1,1,1,82,104,TRUE,0.37272727272727274,FALSE,1,TRUE,1,NA,0.37272727272727274,NA,1,NA,FALSE,NA,TRUE,NA,p4a3,FALSE,TRUE,muestra_insuficiente
1204,237,2,2,1,100,127,TRUE,0.625,TRUE,1,TRUE,1,NA,1,NA,1,NA,TRUE,NA,TRUE,NA,p4a3,FALSE,TRUE,muestra_insuficiente
6121,325,1,3,1,119,120,TRUE,1,TRUE,1,TRUE,1,NA,1,NA,1,NA,TRUE,NA,TRUE,NA,p4a3,FALSE,FALSE,muestra_insuficiente
8311,483,2,2,1,113,92,TRUE,1,TRUE,1,TRUE,NA,1,NA,1,NA,1,NA,TRUE,NA,TRUE,p4a3,FALSE,TRUE,muestra_insuficiente
6180,931,2,7,1,166,156,TRUE,1,TRUE,0.2932330827067669,FALSE,NA,1,NA,1,NA,0.3979591836734694,NA,TRUE,NA,FALSE,p4a3,FALSE,FALSE,muestra_insuficiente
8150,512,4,4,1,1471,1484,TRUE,0.9800133244503664,TRUE,1,TRUE,NA,1,NA,0.9800133244503664,NA,1,NA,TRUE,NA,TRUE,p4a3,FALSE,TRUE,muestra_insuficiente
7201,434,3,5,1,68,67,TRUE,0.055284552845528454,FALSE,1,TRUE,1,NA,0.09563994374120956,NA,1,NA,FALSE,NA,TRUE,NA,p4a3,FALSE,FALSE,muestra_insuficiente
5141,326,2,10,1,135,109,TRUE,0.3901734104046243,FALSE,1,TRUE,1,NA,0.3901734104046243,NA,1,NA,FALSE,NA,TRUE,NA,p4a3,FALSE,FALSE,muestra_insuficiente
1204,311,2,7,1,117,119,TRUE,0.04406779661016949,FALSE,1,TRUE,NA,1,NA,0.08653846153846154,NA,1,NA,FALSE,NA,TRUE,p4a3,FALSE,FALSE,muestra_insuficiente
1230,313,2,2,1,100,102,TRUE,1,TRUE,1,TRUE,NA,1,NA,1,NA,1,NA,TRUE,NA,TRUE,p4a3,FALSE,TRUE,muestra_insuficiente
6121,485,1,2,1,89,70,TRUE,0.10947109471094711,FALSE,0.12237762237762238,FALSE,NA,1,NA,0.125,NA,1,NA,FALSE,NA,TRUE,p4a3,FALSE,FALSE,muestra_insuficiente
7201,434,3,4,2,153,173,TRUE,0.12439024390243902,FALSE,1,TRUE,NA,2,NA,0.2947976878612717,NA,1,NA,FALSE,NA,TRUE,p4a3,FALSE,FALSE,muestra_insuficiente
2121,236,2,1,1,89,91,TRUE,1,TRUE,0.558282208588957,TRUE,1,NA,1,NA,1,NA,TRUE,NA,TRUE,NA,p4a3,FALSE,FALSE,muestra_insuficiente
5141,237,2,7,1,266,277,TRUE,1,TRUE,1,TRUE,1,NA,1,NA,1,NA,TRUE,NA,TRUE,NA,p4a3,FALSE,FALSE,muestra_insuficiente
5170,221,1,8,1,86,84,TRUE,0.04028103044496487,FALSE,1,TRUE,1,NA,0.10058479532163743,NA,1,NA,FALSE,NA,TRUE,NA,p4a3,FALSE,FALSE,muestra_insuficiente
5100,622,1,7,1,96,93,TRUE,0.11428571428571428,FALSE,1,TRUE,NA,1,NA,1,NA,1,NA,TRUE,NA,TRUE,p4a3,FALSE,FALSE,muestra_insuficiente
7201,713,3,11,1,117,91,TRUE,1,TRUE,1,TRUE,1,NA,1,NA,1,NA,TRUE,NA,TRUE,NA,p4a3,FALSE,FALSE,muestra_insuficiente
6110,461,1,3,1,248,256,TRUE,1,TRUE,1,TRUE,1,NA,1,NA,1,NA,TRUE,NA,TRUE,NA,p4a3,FALSE,FALSE,muestra_insuficiente
5141,488,2,2,1,138,106,TRUE,1,TRUE,1,TRUE,1,NA,1,NA,1,NA,TRUE,NA,TRUE,NA,p4a3,FALSE,TRUE,muestra_insuficiente
1230,221,2,3,1,455,362,TRUE,0.7446808510638298,TRUE,1,TRUE,1,NA,0.7446808510638298,NA,1,NA,TRUE,NA,TRUE,NA,p4a3,FALSE,FALSE,muestra_insuficiente
1230,332,2,8,1,62,58,TRUE,1,TRUE,1,TRUE,NA,1,NA,1,NA,1,NA,TRUE,NA,TRUE,p4a3,FALSE,FALSE,muestra_insuficiente
6110,462,1,8,1,144,146,TRUE,0.015137180700094607,FALSE,1,TRUE,NA,1,NA,0.01793275217932752,NA,1,NA,FALSE,NA,TRUE,p4a3,FALSE,FALSE,muestra_insuficiente
5100,722,2,11,1,130,131,TRUE,0.10743801652892562,FALSE,1,TRUE,NA,1,NA,0.7303370786516854,NA,1,NA,TRUE,NA,TRUE,p4a3,FALSE,FALSE,muestra_insuficiente
6110,326,1,4,1,152,154,TRUE,1,TRUE,1,TRUE,1,NA,1,NA,1,NA,TRUE,NA,TRUE,NA,p4a3,FALSE,FALSE,muestra_insuficiente
6101,931,1,8,1,169,137,TRUE,0.0056248959893493095,FALSE,1,TRUE,1,NA,0.013485477178423237,NA,1,NA,FALSE,NA,TRUE,NA,p4a3,FALSE,FALSE,muestra_insuficiente
1204,338,2,2,1,149,154,TRUE,0.1722543352601156,FALSE,1,TRUE,1,NA,0.39313984168865435,NA,1,NA,FALSE,NA,TRUE,NA,p4a3,FALSE,TRUE,muestra_insuficiente
8150,813,4,11,1,306,234,TRUE,0.140625,FALSE,1,TRUE,NA,1,NA,0.5377855887521968,NA,1,NA,TRUE,NA,TRUE,p4a3,FALSE,FALSE,muestra_insuficiente
6110,312,1,1,1,162,160,TRUE,0.14740673339399454,FALSE,1,TRUE,NA,1,NA,0.7363636363636363,NA,1,NA,TRUE,NA,TRUE,p4a3,FALSE,TRUE,muestra_insuficiente
8150,713,6,6,2,547,543,TRUE,0.2647628267182962,FALSE,1,TRUE,1,1,1,0.15891472868217055,1,1,TRUE,FALSE,TRUE,TRUE,p4a3,FALSE,TRUE,muestra_insuficiente
4134,113,13,11,1,163,153,TRUE,1,TRUE,0.43714285714285717,FALSE,NA,1,NA,1,NA,1,NA,TRUE,NA,TRUE,p4a3,FALSE,FALSE,muestra_insuficiente
4134,113,12,12,1,133,132,TRUE,0.40797546012269936,FALSE,1,TRUE,1,NA,0.40797546012269936,NA,1,NA,FALSE,NA,TRUE,NA,p4a3,FALSE,TRUE,muestra_insuficiente
7201,311,3,11,1,41,41,TRUE,1,TRUE,1,TRUE,NA,1,NA,1,NA,1,NA,TRUE,NA,TRUE,p4a3,FALSE,FALSE,muestra_insuficiente
8150,512,4,7,1,30,38,TRUE,0.019986675549633577,FALSE,1,TRUE,NA,1,NA,0.019986675549633577,NA,1,NA,FALSE,NA,TRUE,p4a3,FALSE,FALSE,muestra_insuficiente
7121,468,8,8,1,34,34,TRUE,0.011785095320623917,FALSE,1,TRUE,1,NA,0.015461573442473852,NA,1,NA,FALSE,NA,TRUE,NA,p4a3,FALSE,TRUE,muestra_insuficiente
6121,482,1,8,1,43,49,TRUE,0.2986111111111111,FALSE,1,TRUE,1,NA,1,NA,1,NA,TRUE,NA,TRUE,NA,p4a3,FALSE,FALSE,muestra_insuficiente
2121,467,2,9,1,42,43,TRUE,1,TRUE,1,TRUE,1,NA,1,NA,1,NA,TRUE,NA,TRUE,NA,p4a3,FALSE,FALSE,muestra_insuficiente
7201,461,3,3,1,34,35,TRUE,0.004209483719202674,FALSE,1,TRUE,NA,1,NA,0.0274858528698464,NA,1,NA,FALSE,NA,TRUE,p4a3,FALSE,TRUE,muestra_insuficiente
2121,561,2,3,1,53,47,TRUE,1,TRUE,0.27167630057803466,FALSE,1,NA,1,NA,0.27167630057803466,NA,TRUE,NA,FALSE,NA,p4a3,FALSE,FALSE,muestra_insuficiente
1230,212,2,2,1,249,248,TRUE,0.5081632653061224,TRUE,1,TRUE,1,NA,0.5081632653061224,NA,1,NA,TRUE,NA,TRUE,NA,p4a3,FALSE,TRUE,muestra_insuficiente
5170,212,1,8,1,219,223,TRUE,0.8295454545454546,TRUE,1,TRUE,1,NA,0.8295454545454546,NA,1,NA,TRUE,NA,TRUE,NA,p4a3,FALSE,FALSE,muestra_insuficiente
1230,212,2,1,1,241,237,TRUE,0.49183673469387756,FALSE,1,TRUE,1,NA,0.49183673469387756,NA,1,NA,FALSE,NA,TRUE,NA,p4a3,FALSE,FALSE,muestra_insuficiente
7201,4690,3,3,425,116314,119321,TRUE,0.9784234389589415,TRUE,1,TRUE,209,216,0.9709737664287086,0.9853538141785471,1,1,TRUE,TRUE,TRUE,TRUE,p4a,TRUE,TRUE,candidato_estadistico_no_aprobado_semanticamente
5141,3360,2,7,78,18445,18585,TRUE,0.5337712698228961,TRUE,1,TRUE,37,41,0.5785705152793761,0.4967220048641218,1,1,TRUE,TRUE,TRUE,TRUE,p4a,FALSE,FALSE,sin_mayoria_reciproca_estable
5141,3340,2,8,4,612,620,TRUE,0.13365363616510156,FALSE,1,TRUE,1,3,0.047150259067357515,0.19667799169497924,1,1,FALSE,FALSE,TRUE,TRUE,p4a,FALSE,FALSE,muestra_insuficiente
7201,4662,3,6,24,8517,9132,TRUE,0.14834102586432116,FALSE,1,TRUE,12,12,0.09277161375370757,0.24467933152406798,1,1,FALSE,FALSE,TRUE,TRUE,p4a,FALSE,FALSE,sin_mayoria_reciproca_estable
1204,3360,2,1,3,410,383,TRUE,0.0488560533841754,FALSE,1,TRUE,1,2,0.02608695652173913,0.08548336959900528,1,1,FALSE,FALSE,TRUE,TRUE,p4a,FALSE,FALSE,muestra_insuficiente
1230,5411,2,3,1,102,103,TRUE,0.08063241106719368,FALSE,1,TRUE,NA,1,NA,0.09156193895870736,NA,1,NA,FALSE,NA,TRUE,p4a,FALSE,FALSE,muestra_insuficiente
1230,5411,2,2,3,1163,988,TRUE,0.9193675889328063,TRUE,1,TRUE,1,2,1,0.9084380610412927,1,1,TRUE,TRUE,TRUE,TRUE,p4a,FALSE,TRUE,muestra_insuficiente
6101,6142,1,1,2,279,361,TRUE,1,TRUE,1,TRUE,2,NA,1,NA,1,NA,TRUE,NA,TRUE,NA,p4a,FALSE,TRUE,muestra_insuficiente
1204,3360,2,2,16,3239,3248,TRUE,0.3859628217349857,FALSE,1,TRUE,7,9,0.3136231884057971,0.5023313646254274,1,1,FALSE,TRUE,TRUE,TRUE,p4a,FALSE,TRUE,sin_mayoria_reciproca_estable
7201,4632,3,6,34,10980,10442,TRUE,0.245533218542454,FALSE,1,TRUE,19,15,0.2779234174223215,0.2103962703962704,1,1,FALSE,FALSE,TRUE,TRUE,p4a,FALSE,FALSE,sin_mayoria_reciproca_estable
6101,9313,1,2,53,12726,14171,TRUE,0.5949230984993689,TRUE,1,TRUE,25,28,0.4804728731264513,0.6859108836116472,1,1,TRUE,TRUE,TRUE,TRUE,p4a,FALSE,FALSE,sin_mayoria_reciproca_estable
1230,6132,2,2,3,491,519,TRUE,1,TRUE,1,TRUE,2,1,1,1,1,1,TRUE,TRUE,TRUE,TRUE,p4a,FALSE,TRUE,muestra_insuficiente
7201,4612,3,11,22,5911,5601,TRUE,0.7412841735640833,TRUE,1,TRUE,13,9,0.7649122807017544,0.5987654320987654,1,1,TRUE,TRUE,TRUE,TRUE,p4a,TRUE,FALSE,candidato_estadistico_no_aprobado_semanticamente
5100,7221,1,1,1,197,199,TRUE,0.25353925353925355,FALSE,1,TRUE,1,NA,0.25353925353925355,NA,1,NA,FALSE,NA,TRUE,NA,p4a,FALSE,TRUE,muestra_insuficiente
2125,6251,2,1,2,209,213,TRUE,1,TRUE,1,TRUE,NA,2,NA,1,NA,1,NA,TRUE,NA,TRUE,p4a,FALSE,FALSE,muestra_insuficiente
1204,3360,2,8,14,3827,3919,TRUE,0.45602955195424216,TRUE,1,TRUE,10,4,0.6185507246376811,0.19459123406900838,1,1,TRUE,FALSE,TRUE,TRUE,p4a,FALSE,FALSE,muestra_insuficiente
6101,6132,1,1,10,2742,2859,TRUE,0.8534080298786181,TRUE,0.9561872909698996,TRUE,3,7,0.4392857142857143,1,0.9067055393586005,0.9625991688704193,FALSE,TRUE,TRUE,TRUE,p4a,FALSE,TRUE,muestra_insuficiente
5141,3340,2,7,10,2969,2869,TRUE,0.6483948460362524,TRUE,1,TRUE,4,6,0.655958549222798,0.642884107210268,1,1,TRUE,TRUE,TRUE,TRUE,p4a,FALSE,FALSE,muestra_insuficiente
5141,3360,2,8,37,7402,7207,TRUE,0.21420303275842112,FALSE,1,TRUE,19,18,0.2541235136171845,0.1811885375912023,1,1,FALSE,FALSE,TRUE,TRUE,p4a,FALSE,FALSE,sin_mayoria_reciproca_estable
7201,4652,3,11,68,13960,14037,TRUE,0.8375832483350333,TRUE,1,TRUE,32,36,0.9618730808597749,0.7278273641396452,1,1,TRUE,TRUE,TRUE,TRUE,p4a,TRUE,FALSE,candidato_estadistico_no_aprobado_semanticamente
7201,4662,3,11,97,46139,46557,TRUE,0.8036053296176957,TRUE,1,TRUE,55,42,0.8845984840162584,0.6631909727181832,1,1,TRUE,TRUE,TRUE,TRUE,p4a,TRUE,FALSE,candidato_estadistico_no_aprobado_semanticamente
8150,8121,6,6,2,220,249,TRUE,0.12249443207126949,FALSE,1,TRUE,1,1,0.1276595744680851,0.11789473684210526,1,1,FALSE,FALSE,TRUE,TRUE,p4a,FALSE,TRUE,muestra_insuficiente
6101,6112,1,2,5,421,444,TRUE,0.109464378575143,FALSE,0.3018354860639021,FALSE,4,1,0.15953868332532437,0.05042492917847025,0.2513247539742619,0.7466666666666667,FALSE,FALSE,FALSE,TRUE,p4a,FALSE,FALSE,muestra_insuficiente
5141,3340,2,10,1,106,108,TRUE,0.02314915920506661,FALSE,1,TRUE,NA,1,NA,0.04001510003775009,NA,1,NA,FALSE,NA,TRUE,p4a,FALSE,FALSE,muestra_insuficiente
2121,4681,2,2,2,284,290,TRUE,0.7675675675675676,TRUE,0.6744186046511628,TRUE,1,1,0.6177777777777778,1,1,0.5121951219512195,TRUE,TRUE,TRUE,TRUE,p4a,FALSE,TRUE,muestra_insuficiente
6180,5613,2,2,2,286,292,TRUE,1,TRUE,1,TRUE,1,1,1,1,1,1,TRUE,TRUE,TRUE,TRUE,p4a,FALSE,TRUE,muestra_insuficiente
1204,3270,2,8,5,920,892,TRUE,0.572139303482587,TRUE,1,TRUE,3,2,0.561282932416953,0.5850340136054422,1,1,TRUE,TRUE,TRUE,TRUE,p4a,FALSE,FALSE,muestra_insuficiente
5141,3330,2,8,1,69,71,TRUE,0.014899589721442452,FALSE,1,TRUE,1,NA,0.022541653054557333,NA,1,NA,FALSE,NA,TRUE,NA,p4a,FALSE,FALSE,muestra_insuficiente
5380,9313,8,7,3,866,865,TRUE,1,TRUE,1,TRUE,2,1,1,1,1,1,TRUE,TRUE,TRUE,TRUE,p4a,FALSE,FALSE,muestra_insuficiente
1204,3330,2,2,3,538,536,TRUE,0.7032679738562092,TRUE,1,TRUE,3,NA,0.7032679738562092,NA,1,NA,TRUE,NA,TRUE,NA,p4a,FALSE,TRUE,muestra_insuficiente
5141,3340,2,1,2,573,636,TRUE,0.12513649268399213,FALSE,1,TRUE,2,NA,0.29689119170984457,NA,1,NA,FALSE,NA,TRUE,NA,p4a,FALSE,FALSE,muestra_insuficiente
5141,3360,2,1,16,2489,2453,TRUE,0.07202801250144693,FALSE,1,TRUE,7,9,0.06725482674849763,0.0759754679073702,1,1,FALSE,FALSE,TRUE,TRUE,p4a,FALSE,FALSE,sin_mayoria_reciproca_estable
5100,3110,1,1,3,572,588,TRUE,0.1770349736923553,FALSE,1,TRUE,1,2,0.15248897290485192,0.20072992700729927,1,1,FALSE,FALSE,TRUE,TRUE,p4a,FALSE,TRUE,muestra_insuficiente
1204,3220,2,2,2,580,491,TRUE,0.4978540772532189,FALSE,1,TRUE,1,1,0.4688195991091314,0.5955056179775281,1,1,FALSE,TRUE,TRUE,TRUE,p4a,FALSE,TRUE,muestra_insuficiente
1204,3380,2,8,3,716,715,TRUE,0.8277456647398844,TRUE,1,TRUE,1,2,0.6068601583113457,1,1,1,TRUE,TRUE,TRUE,TRUE,p4a,FALSE,FALSE,muestra_insuficiente
1204,3340,2,7,1,316,310,TRUE,0.47518796992481205,TRUE,1,TRUE,1,NA,0.5703971119133574,NA,1,NA,TRUE,NA,TRUE,NA,p4a,FALSE,FALSE,muestra_insuficiente
5170,3350,1,10,1,227,225,TRUE,1,TRUE,1,TRUE,1,NA,1,NA,1,NA,TRUE,NA,TRUE,NA,p4a,FALSE,FALSE,muestra_insuficiente
1204,3340,2,8,1,238,235,TRUE,0.35789473684210527,FALSE,1,TRUE,1,NA,0.4296028880866426,NA,1,NA,FALSE,NA,TRUE,NA,p4a,FALSE,FALSE,muestra_insuficiente
6121,4850,1,3,2,497,490,TRUE,0.6113161131611317,TRUE,1,TRUE,NA,2,NA,0.6980337078651685,NA,1,NA,TRUE,NA,TRUE,p4a,FALSE,FALSE,muestra_insuficiente
8150,7112,4,13,1,249,412,TRUE,0.8032258064516129,TRUE,1,TRUE,NA,1,NA,0.8032258064516129,NA,1,NA,TRUE,NA,TRUE,p4a,FALSE,FALSE,muestra_insuficiente
7121,4681,8,10,6,2851,2830,TRUE,0.9882149046793761,TRUE,1,TRUE,4,2,0.9845384265575261,1,1,1,TRUE,TRUE,TRUE,TRUE,p4a,FALSE,FALSE,muestra_insuficiente
5141,3260,2,7,1,211,207,TRUE,0.6098265895953757,TRUE,1,TRUE,1,NA,0.6098265895953757,NA,1,NA,TRUE,NA,TRUE,NA,p4a,FALSE,FALSE,muestra_insuficiente
5141,3320,2,10,1,463,467,TRUE,0.10891554928252176,FALSE,1,TRUE,NA,1,NA,0.26701268742791234,NA,1,NA,FALSE,NA,TRUE,p4a,FALSE,FALSE,muestra_insuficiente
6110,9313,1,7,3,504,504,TRUE,0.08363757052771324,FALSE,1,TRUE,1,2,0.03546430237984134,0.11022405356682977,1,1,FALSE,FALSE,TRUE,TRUE,p4a,FALSE,FALSE,muestra_insuficiente
1204,2210,2,8,2,437,432,TRUE,0.22456320657759507,FALSE,1,TRUE,1,1,1,0.171334431630972,1,1,TRUE,FALSE,TRUE,TRUE,p4a,FALSE,FALSE,muestra_insuficiente
4109,1110,13,13,9,1626,1597,TRUE,0.2156784719458814,FALSE,1,TRUE,8,1,0.4833913318570073,0.022384650525354044,1,1,TRUE,FALSE,TRUE,TRUE,p4a,FALSE,TRUE,muestra_insuficiente
4109,1110,13,10,10,2694,2719,TRUE,0.357341822522881,FALSE,1,TRUE,3,7,0.1262258778867447,0.5242119689355871,1,1,FALSE,TRUE,TRUE,TRUE,p4a,FALSE,FALSE,muestra_insuficiente
1250,3380,3,3,1,628,506,TRUE,1,TRUE,1,TRUE,NA,1,NA,1,NA,1,NA,TRUE,NA,TRUE,p4a,FALSE,TRUE,muestra_insuficiente
1204,3370,2,1,1,467,487,TRUE,1,TRUE,1,TRUE,NA,1,NA,1,NA,1,NA,TRUE,NA,TRUE,p4a,FALSE,FALSE,muestra_insuficiente
5380,9800,8,10,1,467,487,TRUE,1,TRUE,1,TRUE,NA,1,NA,1,NA,1,NA,TRUE,NA,TRUE,p4a,FALSE,FALSE,muestra_insuficiente
1204,1110,2,10,1,152,146,TRUE,1,TRUE,1,TRUE,NA,1,NA,1,NA,1,NA,TRUE,NA,TRUE,p4a,FALSE,FALSE,muestra_insuficiente
6110,4620,1,2,8,2734,2947,TRUE,0.2873961946809629,FALSE,1,TRUE,3,5,0.6743088334457181,0.21594022415940226,1,1,TRUE,FALSE,TRUE,TRUE,p4a,FALSE,FALSE,muestra_insuficiente
1204,3120,2,1,1,536,560,TRUE,0.44666666666666666,FALSE,1,TRUE,1,NA,1,NA,1,NA,TRUE,NA,TRUE,NA,p4a,FALSE,FALSE,muestra_insuficiente
1204,3110,2,2,1,281,283,TRUE,0.10583804143126177,FALSE,1,TRUE,NA,1,NA,0.20784023668639054,NA,1,NA,FALSE,NA,TRUE,p4a,FALSE,TRUE,muestra_insuficiente
1204,2381,2,5,2,993,1197,TRUE,0.5207131620346094,TRUE,1,TRUE,NA,2,NA,0.6741344195519349,NA,1,NA,TRUE,NA,TRUE,p4a,FALSE,FALSE,muestra_insuficiente
6180,6222,1,2,1,262,265,TRUE,0.5390946502057613,TRUE,1,TRUE,NA,1,NA,0.5941043083900227,NA,1,NA,TRUE,NA,TRUE,p4a,FALSE,FALSE,muestra_insuficiente
5141,3360,2,3,4,1950,1102,TRUE,0.05643014237759,FALSE,1,TRUE,3,1,0.03465030047308528,0.07444221211800782,1,1,FALSE,FALSE,TRUE,TRUE,p4a,FALSE,FALSE,muestra_insuficiente
7201,4661,3,11,2,590,596,TRUE,0.5498602050326188,TRUE,1,TRUE,NA,2,NA,0.5498602050326188,NA,1,NA,TRUE,NA,TRUE,p4a,FALSE,FALSE,muestra_insuficiente
1204,2381,2,6,3,873,773,TRUE,0.45778710015731516,FALSE,1,TRUE,1,2,1,0.29803122878479293,1,1,TRUE,FALSE,TRUE,TRUE,p4a,FALSE,FALSE,muestra_insuficiente
5141,3350,2,7,8,2005,1924,TRUE,0.5194300518134715,TRUE,1,TRUE,5,3,0.5912568306010929,0.454679802955665,1,1,TRUE,TRUE,TRUE,TRUE,p4a,FALSE,FALSE,muestra_insuficiente
5141,4681,2,7,1,287,287,TRUE,1,TRUE,1,TRUE,NA,1,NA,1,NA,1,NA,TRUE,NA,TRUE,p4a,FALSE,FALSE,muestra_insuficiente
1250,9312,3,3,18,4161,4325,TRUE,0.7593065693430657,TRUE,1,TRUE,14,4,0.7243816254416962,0.8306496390893948,1,1,TRUE,TRUE,TRUE,TRUE,p4a,FALSE,TRUE,muestra_insuficiente
5380,3240,8,8,1,293,296,TRUE,1,TRUE,1,TRUE,NA,1,NA,1,NA,1,NA,TRUE,NA,TRUE,p4a,FALSE,TRUE,muestra_insuficiente
5141,3380,2,7,3,794,715,TRUE,1,TRUE,1,TRUE,1,2,1,1,1,1,TRUE,TRUE,TRUE,TRUE,p4a,FALSE,FALSE,muestra_insuficiente
1204,3360,2,3,2,411,435,TRUE,0.04897521448999047,FALSE,1,TRUE,NA,2,NA,0.12775878147342246,NA,1,NA,FALSE,NA,TRUE,p4a,FALSE,FALSE,muestra_insuficiente
5380,3250,8,10,4,2041,2044,TRUE,0.2531943927552413,FALSE,1,TRUE,2,2,0.20251531763947114,0.2848790322580645,1,1,FALSE,FALSE,TRUE,TRUE,p4a,FALSE,FALSE,muestra_insuficiente
1204,8112,2,11,2,422,426,TRUE,0.04497495470531813,FALSE,1,TRUE,1,1,0.04523000926211794,0.04440619621342513,1,1,FALSE,FALSE,TRUE,TRUE,p4a,FALSE,FALSE,muestra_insuficiente
6101,9312,1,2,19,3209,3376,TRUE,0.3933080034317931,TRUE,1,TRUE,7,12,0.42838456507521255,0.3722799451088022,1,1,TRUE,FALSE,TRUE,TRUE,p4a,FALSE,FALSE,sin_mayoria_reciproca_estable
1250,9313,3,1,11,1580,1642,TRUE,0.22642591000286616,FALSE,1,TRUE,9,2,0.309665597801191,0.08728943338437979,1,1,TRUE,FALSE,TRUE,TRUE,p4a,FALSE,FALSE,muestra_insuficiente
4109,9700,13,9,1,171,166,TRUE,1,TRUE,1,TRUE,NA,1,NA,1,NA,1,NA,TRUE,NA,TRUE,p4a,FALSE,FALSE,muestra_insuficiente
6110,5222,1,2,3,254,256,TRUE,1,TRUE,1,TRUE,3,NA,1,NA,1,NA,TRUE,NA,TRUE,NA,p4a,FALSE,FALSE,muestra_insuficiente
7201,4690,3,11,10,1474,1454,TRUE,0.012399162173302265,FALSE,1,TRUE,6,4,0.011170649119438675,0.013542038775046276,1,1,FALSE,FALSE,TRUE,TRUE,p4a,FALSE,FALSE,muestra_insuficiente
8311,9312,2,10,18,3279,3240,TRUE,0.486715155113552,TRUE,1,TRUE,8,10,0.5845493562231759,0.43498978897208984,1,1,TRUE,FALSE,TRUE,TRUE,p4a,FALSE,FALSE,sin_mayoria_reciproca_estable
7201,4682,3,11,7,943,941,TRUE,0.5991105463786531,TRUE,1,TRUE,4,3,0.8391451068616423,0.2875912408759124,1,1,TRUE,FALSE,TRUE,TRUE,p4a,FALSE,FALSE,muestra_insuficiente
6121,9312,1,1,4,567,667,TRUE,0.2897291773122126,FALSE,1,TRUE,4,NA,0.5451923076923076,NA,1,NA,TRUE,NA,TRUE,NA,p4a,FALSE,TRUE,muestra_insuficiente
1204,2123,2,8,1,44,45,TRUE,1,TRUE,1,TRUE,NA,1,NA,1,NA,1,NA,TRUE,NA,TRUE,p4a,FALSE,FALSE,muestra_insuficiente
6180,6222,1,1,2,150,153,TRUE,0.30864197530864196,FALSE,1,TRUE,1,1,1,0.23809523809523808,1,1,TRUE,FALSE,TRUE,TRUE,p4a,FALSE,TRUE,muestra_insuficiente
6110,4620,1,1,4,2420,2400,TRUE,0.2543887312099233,FALSE,1,TRUE,1,3,0.024949426837491573,0.2967621419676214,1,1,FALSE,FALSE,TRUE,TRUE,p4a,FALSE,TRUE,muestra_insuficiente
2126,9313,1,3,1,67,67,TRUE,1,TRUE,1,TRUE,1,NA,1,NA,1,NA,TRUE,NA,TRUE,NA,p4a,FALSE,FALSE,muestra_insuficiente
1204,6212,2,2,1,76,57,TRUE,1,TRUE,1,TRUE,NA,1,NA,1,NA,1,NA,TRUE,NA,TRUE,p4a,FALSE,TRUE,muestra_insuficiente
6110,9312,1,1,4,269,294,TRUE,0.10700079554494829,FALSE,1,TRUE,2,2,0.28546409807355516,0.054554812146165726,1,1,FALSE,FALSE,TRUE,TRUE,p4a,FALSE,TRUE,muestra_insuficiente
1204,8112,2,6,9,1604,1767,TRUE,0.1709474581690291,FALSE,1,TRUE,4,5,0.10744056807656684,0.3125645438898451,1,1,FALSE,FALSE,TRUE,TRUE,p4a,FALSE,FALSE,muestra_insuficiente
5100,3110,2,5,3,1945,1921,TRUE,0.6786461967899512,TRUE,1,TRUE,NA,3,NA,0.905072126570498,NA,1,NA,TRUE,NA,TRUE,p4a,FALSE,FALSE,muestra_insuficiente
5100,7221,2,7,1,48,38,TRUE,0.03966942148760331,FALSE,0.07265774378585087,FALSE,NA,1,NA,0.2696629213483146,NA,1,NA,FALSE,NA,TRUE,p4a,FALSE,FALSE,muestra_insuficiente
1230,6222,2,2,15,2899,2952,TRUE,0.7420015357051446,TRUE,1,TRUE,7,8,0.9421052631578948,0.5862539827036869,1,1,TRUE,TRUE,TRUE,TRUE,p4a,TRUE,TRUE,candidato_estadistico_no_aprobado_semanticamente
2126,9314,1,1,3,408,415,TRUE,1,TRUE,1,TRUE,1,2,1,1,1,1,TRUE,TRUE,TRUE,TRUE,p4a,FALSE,TRUE,muestra_insuficiente
1250,9313,3,3,30,2799,2871,TRUE,0.4011177987962167,TRUE,1,TRUE,15,15,0.2918002748511223,0.583843797856049,1,1,FALSE,TRUE,TRUE,TRUE,p4a,FALSE,TRUE,sin_mayoria_reciproca_estable
1250,9314,3,3,6,867,873,TRUE,0.4848993288590604,FALSE,1,TRUE,4,2,0.4286600496277916,1,1,1,FALSE,TRUE,TRUE,TRUE,p4a,FALSE,TRUE,muestra_insuficiente
2121,8130,2,1,1,45,46,TRUE,1,TRUE,0.08863198458574181,FALSE,NA,1,NA,1,NA,0.08863198458574181,NA,TRUE,NA,FALSE,p4a,FALSE,FALSE,muestra_insuficiente
1204,4620,2,8,1,54,55,TRUE,0.17197452229299362,FALSE,1,TRUE,1,NA,0.2571428571428571,NA,1,NA,FALSE,NA,TRUE,NA,p4a,FALSE,FALSE,muestra_insuficiente
8150,9314,4,10,1,47,47,TRUE,0.125,FALSE,1,TRUE,1,NA,0.125,NA,1,NA,FALSE,NA,TRUE,NA,p4a,FALSE,FALSE,muestra_insuficiente
1250,6112,3,3,9,1191,1166,TRUE,0.45354150799695353,TRUE,1,TRUE,5,4,0.8131578947368421,0.17765814266487215,1,1,TRUE,FALSE,TRUE,TRUE,p4a,FALSE,TRUE,muestra_insuficiente
5100,7221,2,4,2,121,122,TRUE,0.1,FALSE,0.5446428571428571,TRUE,2,NA,0.11724806201550388,NA,0.5446428571428571,NA,FALSE,NA,TRUE,NA,p4a,FALSE,FALSE,muestra_insuficiente
5170,2123,1,1,1,45,46,TRUE,1,TRUE,1,TRUE,1,NA,1,NA,1,NA,TRUE,NA,TRUE,NA,p4a,FALSE,TRUE,muestra_insuficiente
6101,9313,1,1,30,5384,5707,TRUE,0.2516946379318405,FALSE,1,TRUE,15,15,0.37069875448596157,0.15708651506251572,1,1,FALSE,FALSE,TRUE,TRUE,p4a,FALSE,TRUE,sin_mayoria_reciproca_estable
7201,4632,3,11,82,24267,24798,TRUE,0.542655247210358,TRUE,1,TRUE,34,48,0.5095620783016029,0.5785547785547785,1,1,TRUE,TRUE,TRUE,TRUE,p4a,TRUE,FALSE,candidato_estadistico_no_aprobado_semanticamente
6110,4310,1,3,1,238,217,TRUE,1,TRUE,1,TRUE,1,NA,1,NA,1,NA,TRUE,NA,TRUE,NA,p4a,FALSE,FALSE,muestra_insuficiente
1230,2210,2,8,1,156,173,TRUE,0.2553191489361702,FALSE,1,TRUE,1,NA,0.2553191489361702,NA,1,NA,FALSE,NA,TRUE,NA,p4a,FALSE,FALSE,muestra_insuficiente
1230,5412,2,2,1,145,148,TRUE,1,TRUE,1,TRUE,1,NA,1,NA,1,NA,TRUE,NA,TRUE,NA,p4a,FALSE,TRUE,muestra_insuficiente
5170,2210,1,1,6,807,850,TRUE,0.37798594847775174,TRUE,1,TRUE,2,4,0.3929824561403509,0.36796875,1,1,FALSE,FALSE,TRUE,TRUE,p4a,FALSE,TRUE,muestra_insuficiente
4109,1110,13,11,20,3219,3247,TRUE,0.42697970553123754,TRUE,1,TRUE,6,14,0.390382790256248,0.45340338053905893,1,1,FALSE,FALSE,TRUE,TRUE,p4a,FALSE,FALSE,sin_mayoria_reciproca_estable
1204,4620,2,2,1,60,61,TRUE,0.1910828025477707,FALSE,1,TRUE,NA,1,NA,0.5769230769230769,NA,1,NA,TRUE,NA,TRUE,p4a,FALSE,TRUE,muestra_insuficiente
6180,7210,1,8,1,99,113,TRUE,0.47596153846153844,FALSE,1,TRUE,NA,1,NA,1,NA,1,NA,TRUE,NA,TRUE,p4a,FALSE,FALSE,muestra_insuficiente
6121,9314,1,2,2,72,79,TRUE,0.17603911980440098,FALSE,1,TRUE,1,1,0.12239583333333333,1,1,1,FALSE,TRUE,TRUE,TRUE,p4a,FALSE,FALSE,muestra_insuficiente
1204,6222,2,8,4,1494,1776,TRUE,0.5262416343783022,TRUE,1,TRUE,3,1,0.538404452690167,0.2986111111111111,1,1,TRUE,FALSE,TRUE,TRUE,p4a,FALSE,FALSE,muestra_insuficiente
6110,6222,1,1,1,39,42,TRUE,1,TRUE,1,TRUE,1,NA,1,NA,1,NA,TRUE,NA,TRUE,NA,p4a,FALSE,TRUE,muestra_insuficiente
6110,6112,1,1,1,63,48,TRUE,1,TRUE,1,TRUE,1,NA,1,NA,1,NA,TRUE,NA,TRUE,NA,p4a,FALSE,TRUE,muestra_insuficiente
8150,9313,4,1,2,101,102,TRUE,0.507537688442211,TRUE,1,TRUE,2,NA,1,NA,1,NA,TRUE,NA,TRUE,NA,p4a,FALSE,FALSE,muestra_insuficiente
6101,6112,1,1,9,1909,1704,TRUE,0.4963598543941758,TRUE,1,TRUE,4,5,0.15473330129745314,0.8991501416430595,1,1,FALSE,TRUE,TRUE,TRUE,p4a,FALSE,TRUE,muestra_insuficiente
5170,9314,1,8,1,40,42,TRUE,0.06493506493506493,FALSE,1,TRUE,1,NA,0.06493506493506493,NA,1,NA,FALSE,NA,TRUE,NA,p4a,FALSE,FALSE,muestra_insuficiente
7201,1141,3,11,1,33,34,TRUE,1,TRUE,1,TRUE,1,NA,1,NA,1,NA,TRUE,NA,TRUE,NA,p4a,FALSE,FALSE,muestra_insuficiente
6180,6132,1,13,1,35,36,TRUE,0.01529051987767584,FALSE,1,TRUE,NA,1,NA,0.1320754716981132,NA,1,NA,FALSE,NA,TRUE,p4a,FALSE,FALSE,muestra_insuficiente
1250,9312,3,2,6,450,493,TRUE,0.08211678832116788,FALSE,1,TRUE,3,3,0.06115792334873607,0.1249305941143809,1,1,FALSE,FALSE,TRUE,TRUE,p4a,FALSE,FALSE,muestra_insuficiente
6101,6131,1,1,7,3085,3097,TRUE,0.8653576437587658,TRUE,1,TRUE,3,4,0.7110174593618303,1,1,1,TRUE,TRUE,TRUE,TRUE,p4a,FALSE,TRUE,muestra_insuficiente
8311,9312,2,8,7,684,675,TRUE,0.1015288704170996,FALSE,1,TRUE,5,2,0.2206008583690987,0.038574994327206714,1,1,FALSE,FALSE,TRUE,TRUE,p4a,FALSE,FALSE,muestra_insuficiente
6110,9313,1,1,14,3738,4390,TRUE,0.6203119814138732,TRUE,1,TRUE,9,5,0.4195053663089127,0.731135719804275,1,1,FALSE,TRUE,TRUE,TRUE,p4a,FALSE,TRUE,sin_mayoria_reciproca_estable
2125,6112,2,2,18,3357,3421,TRUE,1,TRUE,0.2888626192687664,FALSE,14,4,1,1,0.32682980599647266,0.1645615301335258,TRUE,TRUE,FALSE,FALSE,p4a,FALSE,TRUE,muestra_insuficiente
1204,9313,2,8,1,48,49,TRUE,0.24242424242424243,FALSE,1,TRUE,NA,1,NA,0.6,NA,1,NA,TRUE,NA,TRUE,p4a,FALSE,FALSE,muestra_insuficiente
6121,4310,1,1,1,37,38,TRUE,1,TRUE,1,TRUE,1,NA,1,NA,1,NA,TRUE,NA,TRUE,NA,p4a,FALSE,TRUE,muestra_insuficiente
7201,4652,3,6,9,2029,1780,TRUE,0.12173756524869503,FALSE,1,TRUE,2,7,0.03812691914022518,0.19557112190712914,1,1,FALSE,FALSE,TRUE,TRUE,p4a,FALSE,FALSE,muestra_insuficiente
1204,4310,2,8,3,289,294,TRUE,1,TRUE,1,TRUE,NA,3,NA,1,NA,1,NA,TRUE,NA,TRUE,p4a,FALSE,FALSE,muestra_insuficiente
5100,6111,2,2,1,38,39,TRUE,1,TRUE,1,TRUE,1,NA,1,NA,1,NA,TRUE,NA,TRUE,NA,p4a,FALSE,TRUE,muestra_insuficiente
8311,9312,2,7,1,35,35,TRUE,0.005195190737717085,FALSE,1,TRUE,NA,1,NA,0.007941910596777853,NA,1,NA,FALSE,NA,TRUE,p4a,FALSE,FALSE,muestra_insuficiente
8311,9312,2,3,2,142,141,TRUE,0.0210776309930236,FALSE,1,TRUE,1,1,0.04377682403433476,0.009076469253460404,1,1,FALSE,FALSE,TRUE,TRUE,p4a,FALSE,FALSE,muestra_insuficiente
1250,8130,3,1,1,35,36,TRUE,1,TRUE,1,TRUE,NA,1,NA,1,NA,1,NA,TRUE,NA,TRUE,p4a,FALSE,FALSE,muestra_insuficiente
6110,9313,1,3,8,1564,1758,TRUE,0.2595419847328244,FALSE,1,TRUE,4,4,0.5450303313112459,0.10198300283286119,1,1,TRUE,FALSE,TRUE,TRUE,p4a,FALSE,FALSE,muestra_insuficiente
7121,4611,8,3,1,75,73,TRUE,1,TRUE,1,TRUE,NA,1,NA,1,NA,1,NA,TRUE,NA,TRUE,p4a,FALSE,FALSE,muestra_insuficiente
5100,3120,2,5,1,56,54,TRUE,0.5233644859813084,TRUE,1,TRUE,NA,1,NA,1,NA,1,NA,TRUE,NA,TRUE,p4a,FALSE,FALSE,muestra_insuficiente
6110,6132,1,1,4,266,262,TRUE,1,TRUE,1,TRUE,2,2,1,1,1,1,TRUE,TRUE,TRUE,TRUE,p4a,FALSE,TRUE,muestra_insuficiente
4109,1121,13,11,1,82,83,TRUE,0.21243523316062177,FALSE,1,TRUE,NA,1,NA,1,NA,1,NA,TRUE,NA,TRUE,p4a,FALSE,FALSE,muestra_insuficiente
7201,4632,3,5,4,2336,2275,TRUE,0.052237304054205146,FALSE,1,TRUE,2,2,0.017319180024925867,0.09011655011655012,1,1,FALSE,FALSE,TRUE,TRUE,p4a,FALSE,FALSE,muestra_insuficiente
6101,6112,1,3,4,1374,1135,TRUE,0.35725429017160687,FALSE,1,TRUE,3,1,0.6367131186929361,0.027762039660056657,1,1,TRUE,FALSE,TRUE,TRUE,p4a,FALSE,FALSE,muestra_insuficiente
7121,3150,8,10,1,84,87,TRUE,1,TRUE,1,TRUE,1,NA,1,NA,1,NA,TRUE,NA,TRUE,NA,p4a,FALSE,FALSE,muestra_insuficiente
4120,1110,13,11,40,8600,8569,TRUE,0.8369829683698297,TRUE,1,TRUE,29,11,0.7866555462885738,0.9074766355140187,1,1,TRUE,TRUE,TRUE,TRUE,p4a,TRUE,FALSE,candidato_estadistico_no_aprobado_semanticamente
4119,1110,13,11,3,281,289,TRUE,1,TRUE,1,TRUE,NA,3,NA,1,NA,1,NA,TRUE,NA,TRUE,p4a,FALSE,FALSE,muestra_insuficiente
1230,9313,2,7,3,498,463,TRUE,0.2587012987012987,FALSE,1,TRUE,1,2,0.08415147265077139,0.3613861386138614,1,1,FALSE,TRUE,TRUE,TRUE,p4a,FALSE,FALSE,muestra_insuficiente
1230,9313,2,2,4,1043,1161,TRUE,0.5418181818181819,TRUE,1,TRUE,3,1,0.9158485273492286,0.3217821782178218,1,1,TRUE,FALSE,TRUE,TRUE,p4a,FALSE,TRUE,muestra_insuficiente
6110,2370,1,2,1,159,159,TRUE,1,TRUE,1,TRUE,NA,1,NA,1,NA,1,NA,TRUE,NA,TRUE,p4a,FALSE,FALSE,muestra_insuficiente
6110,2381,1,3,1,167,167,TRUE,1,TRUE,1,TRUE,1,NA,1,NA,1,NA,TRUE,NA,TRUE,NA,p4a,FALSE,FALSE,muestra_insuficiente
4119,1121,13,11,4,1445,1354,TRUE,1,TRUE,1,TRUE,2,2,1,1,1,1,TRUE,TRUE,TRUE,TRUE,p4a,FALSE,FALSE,muestra_insuficiente
4120,1121,13,11,1,111,108,TRUE,0.4605809128630705,FALSE,1,TRUE,NA,1,NA,1,NA,1,NA,TRUE,NA,TRUE,p4a,FALSE,FALSE,muestra_insuficiente
5141,5611,2,8,1,110,136,TRUE,0.13142174432497014,FALSE,1,TRUE,1,NA,1,NA,1,NA,TRUE,NA,TRUE,NA,p4a,FALSE,FALSE,muestra_insuficiente
1204,8112,2,2,15,6112,5933,TRUE,0.6513908131727593,TRUE,1,TRUE,9,6,0.6704229700524853,0.6089500860585197,1,1,TRUE,TRUE,TRUE,TRUE,p4a,TRUE,TRUE,candidato_estadistico_no_aprobado_semanticamente
1204,6222,2,2,3,1345,1339,TRUE,0.47375836562169776,FALSE,1,TRUE,2,1,0.46159554730983304,0.7013888888888888,1,1,FALSE,TRUE,TRUE,TRUE,p4a,FALSE,TRUE,muestra_insuficiente
1230,3360,2,4,1,101,99,TRUE,1,TRUE,1,TRUE,NA,1,NA,1,NA,1,NA,TRUE,NA,TRUE,p4a,FALSE,FALSE,muestra_insuficiente
5141,3360,2,2,9,1622,1736,TRUE,0.046938303044333836,FALSE,1,TRUE,4,5,0.048011763201636616,0.04605054457015967,1,1,FALSE,FALSE,TRUE,TRUE,p4a,FALSE,TRUE,muestra_insuficiente
1230,3220,2,10,1,213,268,TRUE,1,TRUE,1,TRUE,NA,1,NA,1,NA,1,NA,TRUE,NA,TRUE,p4a,FALSE,FALSE,muestra_insuficiente
1204,3310,2,8,3,830,844,TRUE,1,TRUE,1,TRUE,1,2,1,1,1,1,TRUE,TRUE,TRUE,TRUE,p4a,FALSE,FALSE,muestra_insuficiente
5380,3250,8,8,14,5334,5500,TRUE,0.6617045031633793,TRUE,1,TRUE,7,7,0.7059013221541438,0.6340725806451613,1,1,TRUE,TRUE,TRUE,TRUE,p4a,TRUE,TRUE,candidato_estadistico_no_aprobado_semanticamente
1204,3270,2,1,1,193,153,TRUE,0.12002487562189054,FALSE,1,TRUE,NA,1,NA,0.26258503401360545,NA,1,NA,FALSE,NA,TRUE,p4a,FALSE,FALSE,muestra_insuficiente
6180,8111,1,7,2,196,199,TRUE,1,TRUE,1,TRUE,NA,2,NA,1,NA,1,NA,TRUE,NA,TRUE,p4a,FALSE,FALSE,muestra_insuficiente
1204,3350,2,2,2,496,502,TRUE,0.5188284518828452,TRUE,1,TRUE,1,1,0.5225102319236017,0.5067264573991032,1,1,TRUE,TRUE,TRUE,TRUE,p4a,FALSE,TRUE,muestra_insuficiente
2121,5221,2,3,1,108,106,TRUE,0.2460136674259681,FALSE,0.301994301994302,FALSE,NA,1,NA,0.2460136674259681,NA,0.4669603524229075,NA,FALSE,NA,FALSE,p4a,FALSE,FALSE,muestra_insuficiente
5141,3350,2,3,1,133,132,TRUE,0.0344559585492228,FALSE,1,TRUE,NA,1,NA,0.06551724137931035,NA,1,NA,FALSE,NA,TRUE,p4a,FALSE,FALSE,muestra_insuficiente
6121,9312,1,3,2,297,300,TRUE,0.15176290240163515,FALSE,1,TRUE,2,NA,0.28557692307692306,NA,1,NA,FALSE,NA,TRUE,NA,p4a,FALSE,FALSE,muestra_insuficiente
7201,4662,3,4,6,2680,2696,TRUE,0.04667769746581904,FALSE,1,TRUE,2,4,0.022629902230034055,0.08836832833404752,1,1,FALSE,FALSE,TRUE,TRUE,p4a,FALSE,FALSE,muestra_insuficiente
6121,3260,1,4,1,108,106,TRUE,1,TRUE,1,TRUE,NA,1,NA,1,NA,1,NA,TRUE,NA,TRUE,p4a,FALSE,FALSE,muestra_insuficiente
1204,3350,2,7,1,110,87,TRUE,0.11506276150627615,FALSE,1,TRUE,NA,1,NA,0.49327354260089684,NA,1,NA,FALSE,NA,TRUE,p4a,FALSE,FALSE,muestra_insuficiente
1204,3270,2,2,2,495,499,TRUE,0.30783582089552236,FALSE,1,TRUE,1,1,0.43871706758304696,0.1523809523809524,1,1,FALSE,FALSE,TRUE,TRUE,p4a,FALSE,TRUE,muestra_insuficiente
1204,3330,2,8,2,227,226,TRUE,0.29673202614379085,FALSE,1,TRUE,2,NA,0.29673202614379085,NA,1,NA,FALSE,NA,TRUE,NA,p4a,FALSE,FALSE,muestra_insuficiente
6121,4850,1,1,1,101,99,TRUE,0.12423124231242312,FALSE,1,TRUE,1,NA,1,NA,1,NA,TRUE,NA,TRUE,NA,p4a,FALSE,TRUE,muestra_insuficiente
5141,3350,2,8,3,460,456,TRUE,0.11917098445595854,FALSE,1,TRUE,1,2,0.14207650273224043,0.09852216748768473,1,1,FALSE,FALSE,TRUE,TRUE,p4a,FALSE,FALSE,muestra_insuficiente
5380,3350,8,8,1,179,133,TRUE,0.3752620545073375,FALSE,1,TRUE,NA,1,NA,0.3752620545073375,NA,1,NA,FALSE,NA,TRUE,p4a,FALSE,TRUE,muestra_insuficiente
5100,7221,1,4,1,103,102,TRUE,0.13256113256113256,FALSE,0.45535714285714285,FALSE,1,NA,0.13256113256113256,NA,0.45535714285714285,NA,FALSE,NA,FALSE,NA,p4a,FALSE,FALSE,muestra_insuficiente
6101,9312,1,1,18,2629,2704,TRUE,0.3222208603995588,FALSE,1,TRUE,6,12,0.17920209287115763,0.40795922368163107,1,1,FALSE,TRUE,TRUE,TRUE,p4a,FALSE,TRUE,sin_mayoria_reciproca_estable
1204,8112,2,8,1,99,98,TRUE,0.010550996483001172,FALSE,1,TRUE,NA,1,NA,0.034079173838209985,NA,1,NA,FALSE,NA,TRUE,p4a,FALSE,FALSE,muestra_insuficiente
8150,7221,6,6,1,117,116,TRUE,1,TRUE,1,TRUE,NA,1,NA,1,NA,1,NA,TRUE,NA,TRUE,p4a,FALSE,TRUE,muestra_insuficiente
7121,3110,9,4,5,1461,1531,TRUE,0.3326502732240437,FALSE,1,TRUE,4,1,0.6724393864423552,0.04301982285955293,1,1,TRUE,FALSE,TRUE,TRUE,p4a,FALSE,FALSE,muestra_insuficiente
1250,9314,3,1,3,921,940,TRUE,0.5151006711409396,TRUE,1,TRUE,3,NA,0.5713399503722084,NA,1,NA,TRUE,NA,TRUE,NA,p4a,FALSE,FALSE,muestra_insuficiente
1204,2382,2,9,1,370,363,TRUE,0.6468531468531469,TRUE,1,TRUE,1,NA,1,NA,1,NA,TRUE,NA,TRUE,NA,p4a,FALSE,FALSE,muestra_insuficiente
6110,9312,1,3,8,2199,2225,TRUE,0.8747016706443914,TRUE,1,TRUE,3,5,0.6339754816112084,0.9454451878538342,1,1,TRUE,TRUE,TRUE,TRUE,p4a,FALSE,FALSE,muestra_insuficiente
4120,1110,13,13,7,1675,1674,TRUE,0.1630170316301703,FALSE,1,TRUE,5,2,0.21334445371142619,0.09252336448598131,1,1,FALSE,FALSE,TRUE,TRUE,p4a,FALSE,TRUE,muestra_insuficiente
5141,3330,2,7,5,1556,1567,TRUE,0.3359965450226733,FALSE,1,TRUE,5,NA,0.5083306109114668,NA,1,NA,TRUE,NA,TRUE,NA,p4a,FALSE,FALSE,muestra_insuficiente
6110,9314,1,1,8,1907,1977,TRUE,0.4555661729574773,FALSE,1,TRUE,3,5,0.40423131170662907,0.7394695787831513,1,1,FALSE,TRUE,TRUE,TRUE,p4a,FALSE,TRUE,muestra_insuficiente
5141,3330,2,2,3,1436,1503,TRUE,0.3100842150723386,FALSE,1,TRUE,3,NA,0.46912773603397584,NA,1,NA,FALSE,NA,TRUE,NA,p4a,FALSE,TRUE,muestra_insuficiente
5100,3110,1,2,2,683,680,TRUE,0.21138966264314454,FALSE,0.5300077942322681,TRUE,NA,2,NA,0.41545012165450124,NA,0.85,NA,TRUE,NA,TRUE,p4a,FALSE,FALSE,muestra_insuficiente
2125,6111,2,2,6,3719,3743,TRUE,1,TRUE,0.8456845910528694,TRUE,3,3,1,1,0.9106458271896196,0.6328502415458938,TRUE,TRUE,TRUE,TRUE,p4a,FALSE,TRUE,muestra_insuficiente
5141,3360,2,10,5,2113,2117,TRUE,0.06114712350966547,FALSE,1,TRUE,1,4,0.005434087712568725,0.10722216347678969,1,1,FALSE,FALSE,TRUE,TRUE,p4a,FALSE,FALSE,muestra_insuficiente
2121,5411,2,1,5,983,883,TRUE,1,TRUE,0.48330596606458676,FALSE,1,4,1,1,0.16607773851590105,1,TRUE,TRUE,FALSE,TRUE,p4a,FALSE,FALSE,muestra_insuficiente
5141,3310,2,7,4,1150,1114,TRUE,0.382950382950383,FALSE,1,TRUE,4,NA,0.4705400981996727,NA,1,NA,TRUE,NA,TRUE,NA,p4a,FALSE,FALSE,muestra_insuficiente
1250,9312,3,7,2,416,425,TRUE,0.07591240875912408,FALSE,1,TRUE,2,NA,0.11307420494699646,NA,1,NA,FALSE,NA,TRUE,NA,p4a,FALSE,FALSE,muestra_insuficiente
5100,7221,1,7,3,477,485,TRUE,0.6138996138996139,TRUE,0.9273422562141491,TRUE,3,NA,0.6138996138996139,NA,1,NA,TRUE,NA,TRUE,NA,p4a,FALSE,FALSE,muestra_insuficiente
1204,9313,2,1,1,32,33,TRUE,0.16161616161616163,FALSE,1,TRUE,NA,1,NA,0.4,NA,1,NA,FALSE,NA,TRUE,p4a,FALSE,FALSE,muestra_insuficiente
7121,3110,9,11,6,1269,1278,TRUE,0.2889344262295082,FALSE,1,TRUE,2,4,0.15982187036120732,0.39898776887389287,1,1,FALSE,FALSE,TRUE,TRUE,p4a,FALSE,FALSE,muestra_insuficiente
5141,2361,2,8,1,61,64,TRUE,1,TRUE,1,TRUE,1,NA,1,NA,1,NA,TRUE,NA,TRUE,NA,p4a,FALSE,FALSE,muestra_insuficiente
1250,6111,3,1,1,41,41,TRUE,0.07869481765834933,FALSE,1,TRUE,NA,1,NA,0.4659090909090909,NA,1,NA,FALSE,NA,TRUE,p4a,FALSE,FALSE,muestra_insuficiente
5141,8112,2,2,2,175,177,TRUE,1,TRUE,1,TRUE,1,1,1,1,1,1,TRUE,TRUE,TRUE,TRUE,p4a,FALSE,TRUE,muestra_insuficiente
6101,6112,1,4,1,40,41,TRUE,0.010400416016640665,FALSE,1,TRUE,NA,1,NA,0.0226628895184136,NA,1,NA,FALSE,NA,TRUE,p4a,FALSE,FALSE,muestra_insuficiente
1204,2381,2,9,1,41,42,TRUE,0.02149973780807551,FALSE,1,TRUE,NA,1,NA,0.027834351663272233,NA,1,NA,FALSE,NA,TRUE,p4a,FALSE,FALSE,muestra_insuficiente
1204,4620,2,4,1,44,44,TRUE,0.14012738853503184,FALSE,1,TRUE,NA,1,NA,0.4230769230769231,NA,1,NA,FALSE,NA,TRUE,p4a,FALSE,FALSE,muestra_insuficiente
7121,3110,9,9,9,1512,1521,TRUE,0.3442622950819672,TRUE,1,TRUE,4,5,0.16773874319643742,0.4947279628848587,1,1,FALSE,TRUE,TRUE,TRUE,p4a,FALSE,TRUE,muestra_insuficiente
1230,3270,2,8,1,44,39,TRUE,1,TRUE,1,TRUE,NA,1,NA,1,NA,1,NA,TRUE,NA,TRUE,p4a,FALSE,FALSE,muestra_insuficiente
8150,9313,4,4,1,32,33,TRUE,0.16080402010050251,FALSE,1,TRUE,NA,1,NA,0.32653061224489793,NA,1,NA,FALSE,NA,TRUE,p4a,FALSE,TRUE,muestra_insuficiente
2125,6141,2,2,3,306,219,TRUE,1,TRUE,1,TRUE,2,1,1,1,1,1,TRUE,TRUE,TRUE,TRUE,p4a,FALSE,TRUE,muestra_insuficiente
1230,3120,2,7,1,44,47,TRUE,0.3826086956521739,FALSE,1,TRUE,NA,1,NA,1,NA,1,NA,TRUE,NA,TRUE,p4a,FALSE,FALSE,muestra_insuficiente
7121,4611,9,9,1,40,41,TRUE,0.0975609756097561,FALSE,1,TRUE,1,NA,0.0975609756097561,NA,1,NA,FALSE,NA,TRUE,NA,p4a,FALSE,TRUE,muestra_insuficiente
1204,8112,2,9,2,723,726,TRUE,0.07705424704252371,FALSE,1,TRUE,2,NA,0.11160852114850263,NA,1,NA,FALSE,NA,TRUE,NA,p4a,FALSE,FALSE,muestra_insuficiente
6121,4881,1,2,1,138,136,TRUE,0.6272727272727273,TRUE,1,TRUE,1,NA,0.6272727272727273,NA,1,NA,TRUE,NA,TRUE,NA,p4a,FALSE,FALSE,muestra_insuficiente
7121,4310,9,9,2,442,456,TRUE,0.45473251028806583,FALSE,1,TRUE,NA,2,NA,0.5351089588377724,NA,1,NA,TRUE,NA,TRUE,p4a,FALSE,TRUE,muestra_insuficiente
8311,9312,2,2,4,2210,2215,TRUE,0.3280391865815645,FALSE,1,TRUE,1,3,0.05793991416309013,0.47084184252325845,1,1,FALSE,TRUE,TRUE,TRUE,p4a,FALSE,TRUE,muestra_insuficiente
4134,1130,12,11,2,193,197,TRUE,0.5920245398773006,TRUE,0.5628571428571428,TRUE,2,NA,0.5920245398773006,NA,1,NA,TRUE,NA,TRUE,NA,p4a,FALSE,FALSE,muestra_insuficiente
6121,9313,1,1,2,152,154,TRUE,0.11368735976065819,FALSE,1,TRUE,1,1,0.09547738693467336,0.14048059149722736,1,1,FALSE,FALSE,TRUE,TRUE,p4a,FALSE,TRUE,muestra_insuficiente
7201,4340,3,6,3,239,254,TRUE,0.1943089430894309,FALSE,1,TRUE,2,1,0.2390998593530239,0.1329479768786127,1,1,FALSE,FALSE,TRUE,TRUE,p4a,FALSE,FALSE,muestra_insuficiente
6121,9313,1,3,2,174,175,TRUE,0.13014210919970082,FALSE,1,TRUE,1,1,0.12437185929648241,0.13863216266173753,1,1,FALSE,FALSE,TRUE,TRUE,p4a,FALSE,FALSE,muestra_insuficiente
7201,4840,3,6,1,82,82,TRUE,1,TRUE,1,TRUE,NA,1,NA,1,NA,1,NA,TRUE,NA,TRUE,p4a,FALSE,FALSE,muestra_insuficiente
1250,6131,3,4,1,74,93,TRUE,1,TRUE,1,TRUE,1,NA,1,NA,1,NA,TRUE,NA,TRUE,NA,p4a,FALSE,FALSE,muestra_insuficiente
1204,8111,2,11,3,1698,1781,TRUE,0.2983134223471539,TRUE,1,TRUE,3,NA,1,NA,1,NA,TRUE,NA,TRUE,NA,p4a,FALSE,FALSE,muestra_insuficiente
7121,4310,8,10,8,1543,1555,TRUE,1,TRUE,1,TRUE,5,3,1,1,1,1,TRUE,TRUE,TRUE,TRUE,p4a,FALSE,FALSE,muestra_insuficiente
5141,3360,2,4,2,187,213,TRUE,0.005411505961338118,FALSE,1,TRUE,2,NA,0.011954992967651195,NA,1,NA,FALSE,NA,TRUE,NA,p4a,FALSE,FALSE,muestra_insuficiente
6121,9312,1,2,4,1093,1009,TRUE,0.5585079202861523,TRUE,1,TRUE,2,2,0.16923076923076924,1,1,1,FALSE,TRUE,TRUE,TRUE,p4a,FALSE,FALSE,muestra_insuficiente
6121,3110,1,1,2,390,396,TRUE,0.3291139240506329,FALSE,1,TRUE,2,NA,1,NA,1,NA,TRUE,NA,TRUE,NA,p4a,FALSE,TRUE,muestra_insuficiente
5100,4620,1,10,1,84,84,TRUE,0.06330067822155237,FALSE,1,TRUE,1,NA,0.075,NA,1,NA,FALSE,NA,TRUE,NA,p4a,FALSE,FALSE,muestra_insuficiente
7201,4672,3,11,17,11355,10534,TRUE,0.851646291157279,TRUE,1,TRUE,7,10,0.2638630442873093,1,1,1,FALSE,TRUE,TRUE,TRUE,p4a,FALSE,FALSE,sin_mayoria_reciproca_estable
7201,4642,3,11,10,2910,3021,TRUE,0.733921815889029,TRUE,1,TRUE,4,6,0.868763557483731,0.6166902404526167,1,1,TRUE,TRUE,TRUE,TRUE,p4a,FALSE,FALSE,muestra_insuficiente
1250,9313,3,7,4,588,568,TRUE,0.08426483233018056,FALSE,1,TRUE,3,1,0.11658268437929455,0.03024502297090352,1,1,FALSE,FALSE,TRUE,TRUE,p4a,FALSE,FALSE,muestra_insuficiente
6180,9312,1,1,1,107,111,TRUE,1,TRUE,1,TRUE,NA,1,NA,1,NA,1,NA,TRUE,NA,TRUE,p4a,FALSE,TRUE,muestra_insuficiente
8311,9312,2,1,2,387,394,TRUE,0.0574439661570432,FALSE,1,TRUE,1,1,0.09313304721030043,0.038574994327206714,1,1,FALSE,FALSE,TRUE,TRUE,p4a,FALSE,FALSE,muestra_insuficiente
6180,3360,1,8,1,631,649,TRUE,1,TRUE,1,TRUE,1,NA,1,NA,1,NA,TRUE,NA,TRUE,NA,p4a,FALSE,FALSE,muestra_insuficiente
4109,1110,12,12,2,737,750,TRUE,1,TRUE,1,TRUE,2,NA,1,NA,1,NA,TRUE,NA,TRUE,NA,p4a,FALSE,TRUE,muestra_insuficiente
6180,5240,1,3,2,381,389,TRUE,0.2754880694143167,FALSE,1,TRUE,NA,2,NA,1,NA,1,NA,TRUE,NA,TRUE,p4a,FALSE,FALSE,muestra_insuficiente
5100,4620,1,4,2,881,898,TRUE,0.6639035418236624,TRUE,1,TRUE,1,1,0.6017857142857143,1,1,1,TRUE,TRUE,TRUE,TRUE,p4a,FALSE,FALSE,muestra_insuficiente
1250,9313,3,2,7,1870,1921,TRUE,0.2679850960160504,FALSE,1,TRUE,5,2,0.28195144296839214,0.24464012251148545,1,1,FALSE,FALSE,TRUE,TRUE,p4a,FALSE,FALSE,muestra_insuficiente
7201,4681,3,6,2,809,767,TRUE,1,TRUE,1,TRUE,1,1,1,1,1,1,TRUE,TRUE,TRUE,TRUE,p4a,FALSE,FALSE,muestra_insuficiente
2121,4611,2,6,1,116,117,TRUE,1,TRUE,1,TRUE,NA,1,NA,1,NA,1,NA,TRUE,NA,TRUE,p4a,FALSE,FALSE,muestra_insuficiente
5170,5170,1,2,1,113,113,TRUE,0.07151898734177216,FALSE,1,TRUE,1,NA,0.07151898734177216,NA,1,NA,FALSE,NA,TRUE,NA,p4a,FALSE,FALSE,muestra_insuficiente
1230,6221,2,1,1,131,132,TRUE,0.6858638743455497,TRUE,1,TRUE,1,NA,1,NA,1,NA,TRUE,NA,TRUE,NA,p4a,FALSE,FALSE,muestra_insuficiente
7201,4671,3,11,1,140,113,TRUE,0.14736842105263157,FALSE,1,TRUE,1,NA,1,NA,1,NA,TRUE,NA,TRUE,NA,p4a,FALSE,FALSE,muestra_insuficiente
5100,4620,1,8,2,253,226,TRUE,0.19065561416729465,FALSE,1,TRUE,2,NA,0.22589285714285715,NA,1,NA,FALSE,NA,TRUE,NA,p4a,FALSE,FALSE,muestra_insuficiente
5380,3270,8,2,1,125,125,TRUE,1,TRUE,1,TRUE,1,NA,1,NA,1,NA,TRUE,NA,TRUE,NA,p4a,FALSE,FALSE,muestra_insuficiente
5141,3350,2,1,2,488,494,TRUE,0.12642487046632125,FALSE,1,TRUE,2,NA,0.26666666666666666,NA,1,NA,FALSE,NA,TRUE,NA,p4a,FALSE,FALSE,muestra_insuficiente
1204,4681,2,2,1,127,127,TRUE,1,TRUE,1,TRUE,1,NA,1,NA,1,NA,TRUE,NA,TRUE,NA,p4a,FALSE,TRUE,muestra_insuficiente
1204,3340,2,2,1,111,110,TRUE,0.16691729323308271,FALSE,1,TRUE,NA,1,NA,1,NA,1,NA,TRUE,NA,TRUE,p4a,FALSE,TRUE,muestra_insuficiente
7201,7222,3,11,3,1019,1054,TRUE,1,TRUE,1,TRUE,2,1,1,1,1,1,TRUE,TRUE,TRUE,TRUE,p4a,FALSE,FALSE,muestra_insuficiente
2121,6112,2,2,1,151,150,TRUE,1,TRUE,0.5357142857142857,TRUE,1,NA,1,NA,0.5357142857142857,NA,TRUE,NA,TRUE,NA,p4a,FALSE,TRUE,muestra_insuficiente
1204,3360,2,10,2,295,325,TRUE,0.03515252621544328,FALSE,1,TRUE,1,1,0.022028985507246378,0.05626359962698166,1,1,FALSE,FALSE,TRUE,TRUE,p4a,FALSE,FALSE,muestra_insuficiente
7121,4350,8,3,1,1752,1764,TRUE,1,TRUE,1,TRUE,NA,1,NA,1,NA,1,NA,TRUE,NA,TRUE,p4a,FALSE,FALSE,muestra_insuficiente
4170,1110,12,12,2,426,404,TRUE,1,TRUE,1,TRUE,1,1,1,1,1,1,TRUE,TRUE,TRUE,TRUE,p4a,FALSE,TRUE,muestra_insuficiente
6101,3360,1,2,1,290,309,TRUE,1,TRUE,1,TRUE,1,NA,1,NA,1,NA,TRUE,NA,TRUE,NA,p4a,FALSE,FALSE,muestra_insuficiente
1204,7131,2,2,1,841,837,TRUE,1,TRUE,1,TRUE,NA,1,NA,1,NA,1,NA,TRUE,NA,TRUE,p4a,FALSE,TRUE,muestra_insuficiente
7201,4690,3,6,4,1091,1095,TRUE,0.00917739886775629,FALSE,1,TRUE,3,1,0.017855584451852757,0.0011041470464066509,1,1,FALSE,FALSE,TRUE,TRUE,p4a,FALSE,FALSE,muestra_insuficiente
5170,5412,1,1,1,712,709,TRUE,1,TRUE,1,TRUE,NA,1,NA,1,NA,1,NA,TRUE,NA,TRUE,p4a,FALSE,TRUE,muestra_insuficiente
1250,4651,3,2,1,846,1054,TRUE,1,TRUE,1,TRUE,NA,1,NA,1,NA,1,NA,TRUE,NA,TRUE,p4a,FALSE,FALSE,muestra_insuficiente
8150,8130,4,2,1,1087,1084,TRUE,0.49954044117647056,TRUE,1,TRUE,1,NA,0.6764156813939017,NA,1,NA,TRUE,NA,TRUE,NA,p4a,FALSE,FALSE,muestra_insuficiente
6101,9312,1,3,5,2152,2175,TRUE,0.2637578134575316,FALSE,1,TRUE,2,3,0.3371484630477436,0.21976083120956674,1,1,FALSE,FALSE,TRUE,TRUE,p4a,FALSE,FALSE,muestra_insuficiente
6121,3120,1,8,1,1517,1518,TRUE,1,TRUE,1,TRUE,1,NA,1,NA,1,NA,TRUE,NA,TRUE,NA,p4a,FALSE,FALSE,muestra_insuficiente
8150,8121,6,12,2,1576,1755,TRUE,0.8775055679287305,TRUE,1,TRUE,1,1,0.8723404255319149,0.8821052631578947,1,1,TRUE,TRUE,TRUE,TRUE,p4a,FALSE,FALSE,muestra_insuficiente
6110,7221,1,2,1,822,1025,TRUE,1,TRUE,1,TRUE,1,NA,1,NA,1,NA,TRUE,NA,TRUE,NA,p4a,FALSE,FALSE,muestra_insuficiente
5170,9313,1,8,1,789,785,TRUE,1,TRUE,1,TRUE,1,NA,1,NA,1,NA,TRUE,NA,TRUE,NA,p4a,FALSE,FALSE,muestra_insuficiente
6110,5221,1,2,2,1802,1243,TRUE,0.4145387623648493,TRUE,0.9695787831513261,TRUE,1,1,0.21587301587301588,0.5274170274170275,1,0.9583333333333334,FALSE,TRUE,TRUE,TRUE,p4a,FALSE,FALSE,muestra_insuficiente
1204,8111,2,2,1,1057,1053,TRUE,0.18569922698524244,FALSE,1,TRUE,NA,1,NA,0.26464697045568353,NA,1,NA,FALSE,NA,TRUE,p4a,FALSE,TRUE,muestra_insuficiente
1230,6222,2,1,2,813,811,TRUE,0.20808804709495776,FALSE,1,TRUE,1,1,0.05789473684210526,0.324988620846609,1,1,FALSE,FALSE,TRUE,TRUE,p4a,FALSE,FALSE,muestra_insuficiente
2126,9312,1,3,1,1014,813,TRUE,0.8741379310344828,TRUE,1,TRUE,1,NA,1,NA,1,NA,TRUE,NA,TRUE,NA,p4a,FALSE,FALSE,muestra_insuficiente
7201,4632,3,4,12,5488,5560,TRUE,0.1227218855520025,FALSE,1,TRUE,7,5,0.12437148137006318,0.12093240093240093,1,1,FALSE,FALSE,TRUE,TRUE,p4a,FALSE,FALSE,sin_mayoria_reciproca_estable
6180,5613,1,7,3,1629,1623,TRUE,0.6423501577287066,TRUE,1,TRUE,1,2,0.4961111111111111,1,1,1,TRUE,TRUE,TRUE,TRUE,p4a,FALSE,FALSE,muestra_insuficiente
5380,9314,8,7,1,819,815,TRUE,1,TRUE,1,TRUE,NA,1,NA,1,NA,1,NA,TRUE,NA,TRUE,p4a,FALSE,FALSE,muestra_insuficiente
1230,6212,2,2,1,911,909,TRUE,0.9559286463798531,TRUE,1,TRUE,1,NA,0.9559286463798531,NA,1,NA,TRUE,NA,TRUE,NA,p4a,FALSE,TRUE,muestra_insuficiente
6101,5170,1,1,1,844,844,TRUE,1,TRUE,1,TRUE,NA,1,NA,1,NA,1,NA,TRUE,NA,TRUE,p4a,FALSE,TRUE,muestra_insuficiente
6180,6132,1,7,1,808,810,TRUE,0.3529925731760594,FALSE,1,TRUE,1,NA,0.39920948616600793,NA,1,NA,FALSE,NA,TRUE,NA,p4a,FALSE,FALSE,muestra_insuficiente
5100,7221,2,5,1,911,909,TRUE,0.7528925619834711,TRUE,1,TRUE,1,NA,0.8827519379844961,NA,1,NA,TRUE,NA,TRUE,NA,p4a,FALSE,FALSE,muestra_insuficiente
7121,4641,9,11,1,833,830,TRUE,0.8861702127659574,TRUE,1,TRUE,1,NA,1,NA,1,NA,TRUE,NA,TRUE,NA,p4a,FALSE,FALSE,muestra_insuficiente
1230,5613,2,6,3,1137,1107,TRUE,0.8185745140388769,TRUE,1,TRUE,1,2,0.35693215339233036,0.9676190476190476,1,1,FALSE,TRUE,TRUE,TRUE,p4a,FALSE,FALSE,muestra_insuficiente
5100,6222,1,4,1,744,741,TRUE,0.8857142857142857,TRUE,1,TRUE,1,NA,1,NA,1,NA,TRUE,NA,TRUE,NA,p4a,FALSE,FALSE,muestra_insuficiente
6121,3110,1,10,1,795,793,TRUE,0.6708860759493671,TRUE,1,TRUE,NA,1,NA,1,NA,1,NA,TRUE,NA,TRUE,p4a,FALSE,FALSE,muestra_insuficiente
2121,6111,2,2,1,959,960,TRUE,1,TRUE,1,TRUE,1,NA,1,NA,1,NA,TRUE,NA,TRUE,NA,p4a,FALSE,TRUE,muestra_insuficiente
6110,5221,1,3,5,1765,1783,TRUE,0.4060271451575799,FALSE,0.947900053163211,TRUE,4,1,0.7841269841269841,0.1911976911976912,1,0.8461538461538461,TRUE,FALSE,TRUE,TRUE,p4a,FALSE,FALSE,muestra_insuficiente
1230,6111,2,3,1,819,821,TRUE,1,TRUE,1,TRUE,NA,1,NA,1,NA,1,NA,TRUE,NA,TRUE,p4a,FALSE,FALSE,muestra_insuficiente
7121,3120,8,8,3,1036,1266,TRUE,0.6495297805642634,TRUE,1,TRUE,1,2,0.2635294117647059,0.7897435897435897,1,1,FALSE,TRUE,TRUE,TRUE,p4a,FALSE,TRUE,muestra_insuficiente
6110,4330,1,1,2,1342,1443,TRUE,1,TRUE,1,TRUE,1,1,1,1,1,1,TRUE,TRUE,TRUE,TRUE,p4a,FALSE,TRUE,muestra_insuficiente
6110,5221,1,1,1,780,778,TRUE,0.17943409247757075,FALSE,1,TRUE,NA,1,NA,0.2813852813852814,NA,1,NA,FALSE,NA,TRUE,p4a,FALSE,TRUE,muestra_insuficiente
6110,5411,1,1,2,1448,1454,TRUE,1,TRUE,0.7444956477214542,TRUE,1,1,1,1,1,0.7270240700218819,TRUE,TRUE,TRUE,TRUE,p4a,FALSE,TRUE,muestra_insuficiente
6180,8122,2,7,1,1431,1075,TRUE,1,TRUE,1,TRUE,1,NA,1,NA,1,NA,TRUE,NA,TRUE,NA,p4a,FALSE,FALSE,muestra_insuficiente
5100,7210,1,10,1,849,851,TRUE,0.4698395130049806,FALSE,1,TRUE,1,NA,0.9475446428571429,NA,1,NA,TRUE,NA,TRUE,NA,p4a,FALSE,FALSE,muestra_insuficiente
6180,6132,1,1,1,969,965,TRUE,0.4233289646133683,TRUE,1,TRUE,1,NA,0.47875494071146246,NA,1,NA,TRUE,NA,TRUE,NA,p4a,FALSE,TRUE,muestra_insuficiente
6180,5240,1,1,2,856,1048,TRUE,0.618944323933478,TRUE,1,TRUE,2,NA,0.8542914171656687,NA,1,NA,TRUE,NA,TRUE,NA,p4a,FALSE,TRUE,muestra_insuficiente
4109,9314,13,13,1,92,93,TRUE,1,TRUE,1,TRUE,1,NA,1,NA,1,NA,TRUE,NA,TRUE,NA,p4a,FALSE,TRUE,muestra_insuficiente
1250,9312,3,1,6,453,548,TRUE,0.08266423357664233,FALSE,1,TRUE,4,2,0.10138624626257135,0.04441976679622432,1,1,FALSE,FALSE,TRUE,TRUE,p4a,FALSE,FALSE,muestra_insuficiente
6180,9314,1,7,4,375,376,TRUE,0.16240796881766997,FALSE,0.706766917293233,TRUE,2,2,0.06817067189798921,0.8740740740740741,1,0.6020408163265306,FALSE,TRUE,TRUE,TRUE,p4a,FALSE,FALSE,muestra_insuficiente
7201,4682,3,3,2,143,144,TRUE,0.09085133418043202,FALSE,1,TRUE,2,NA,0.1608548931383577,NA,1,NA,FALSE,NA,TRUE,NA,p4a,FALSE,TRUE,muestra_insuficiente
6101,9313,1,3,18,3281,3278,TRUE,0.15338226356879062,FALSE,1,TRUE,10,8,0.1488283723875871,0.15700260132583704,1,1,FALSE,FALSE,TRUE,TRUE,p4a,FALSE,FALSE,sin_mayoria_reciproca_estable
8150,7112,4,7,1,61,62,TRUE,0.1967741935483871,FALSE,1,TRUE,NA,1,NA,0.1967741935483871,NA,1,NA,FALSE,NA,TRUE,p4a,FALSE,FALSE,muestra_insuficiente
1230,3120,2,2,1,71,72,TRUE,0.6173913043478261,TRUE,1,TRUE,1,NA,1,NA,1,NA,TRUE,NA,TRUE,NA,p4a,FALSE,TRUE,muestra_insuficiente
1204,4840,2,8,1,561,565,TRUE,1,TRUE,1,TRUE,NA,1,NA,1,NA,1,NA,TRUE,NA,TRUE,p4a,FALSE,FALSE,muestra_insuficiente
5100,3110,1,3,1,631,640,TRUE,0.19529557412565768,FALSE,1,TRUE,NA,1,NA,0.3838199513381995,NA,1,NA,FALSE,NA,TRUE,p4a,FALSE,FALSE,muestra_insuficiente
7201,4611,3,6,1,103,104,TRUE,1,TRUE,1,TRUE,NA,1,NA,1,NA,1,NA,TRUE,NA,TRUE,p4a,FALSE,FALSE,muestra_insuficiente
5100,3110,1,10,1,117,147,TRUE,0.036211699164345405,FALSE,1,TRUE,1,NA,0.07372400756143667,NA,1,NA,FALSE,NA,TRUE,NA,p4a,FALSE,FALSE,muestra_insuficiente
1204,4350,2,8,1,142,143,TRUE,1,TRUE,1,TRUE,NA,1,NA,1,NA,1,NA,TRUE,NA,TRUE,p4a,FALSE,FALSE,muestra_insuficiente
1204,3120,2,2,4,664,712,TRUE,0.5533333333333333,TRUE,1,TRUE,NA,4,NA,1,NA,1,NA,TRUE,NA,TRUE,p4a,FALSE,TRUE,muestra_insuficiente
7121,3110,9,3,1,150,151,TRUE,0.03415300546448088,FALSE,1,TRUE,NA,1,NA,0.06326444538169548,NA,1,NA,FALSE,NA,TRUE,p4a,FALSE,FALSE,muestra_insuficiente
8150,4310,4,10,1,117,118,TRUE,1,TRUE,1,TRUE,NA,1,NA,1,NA,1,NA,TRUE,NA,TRUE,p4a,FALSE,FALSE,muestra_insuficiente
5100,3110,2,4,2,205,213,TRUE,0.07152826238660154,FALSE,0.30603448275862066,FALSE,2,NA,0.2859135285913529,NA,0.30603448275862066,NA,FALSE,NA,FALSE,NA,p4a,FALSE,FALSE,muestra_insuficiente
1250,5411,3,1,3,3294,3279,TRUE,0.8544747081712062,TRUE,1,TRUE,1,2,0.847267631947688,0.8634772462077013,1,1,TRUE,TRUE,TRUE,TRUE,p4a,FALSE,FALSE,muestra_insuficiente
6180,3160,1,1,1,141,142,TRUE,1,TRUE,1,TRUE,NA,1,NA,1,NA,1,NA,TRUE,NA,TRUE,p4a,FALSE,TRUE,muestra_insuficiente
1230,9314,2,3,1,115,116,TRUE,1,TRUE,1,TRUE,1,NA,1,NA,1,NA,TRUE,NA,TRUE,NA,p4a,FALSE,FALSE,muestra_insuficiente
5141,5611,2,1,1,727,693,TRUE,0.8685782556750299,TRUE,1,TRUE,NA,1,NA,1,NA,1,NA,TRUE,NA,TRUE,p4a,FALSE,FALSE,muestra_insuficiente
1204,8111,2,9,2,1691,1444,TRUE,0.2970836261419536,FALSE,1,TRUE,NA,2,NA,0.42338507761642463,NA,1,NA,TRUE,NA,TRUE,p4a,FALSE,FALSE,muestra_insuficiente
5170,5170,1,3,1,1467,1470,TRUE,0.9284810126582278,TRUE,1,TRUE,1,NA,0.9284810126582278,NA,1,NA,TRUE,NA,TRUE,NA,p4a,FALSE,FALSE,muestra_insuficiente
8150,7131,6,11,1,845,852,TRUE,0.40900290416263313,TRUE,0.4874141876430206,FALSE,NA,1,NA,0.4678848283499446,NA,0.5,NA,TRUE,NA,FALSE,p4a,FALSE,FALSE,muestra_insuficiente
8150,7131,4,11,2,889,896,TRUE,0.36933942667220604,TRUE,0.5125858123569794,TRUE,1,1,0.23529411764705882,0.38063063063063063,1,0.5,FALSE,TRUE,TRUE,FALSE,p4a,FALSE,FALSE,muestra_insuficiente
7201,4612,3,5,3,1200,1202,TRUE,0.1504890895410083,FALSE,1,TRUE,1,2,0.1638888888888889,0.06966490299823633,1,1,FALSE,FALSE,TRUE,TRUE,p4a,FALSE,FALSE,muestra_insuficiente
1204,3110,2,10,1,954,932,TRUE,0.3593220338983051,FALSE,1,TRUE,NA,1,NA,0.7056213017751479,NA,1,NA,TRUE,NA,TRUE,p4a,FALSE,FALSE,muestra_insuficiente
5380,2221,8,8,3,259,274,TRUE,0.8068535825545171,TRUE,1,TRUE,2,1,0.7529880478087649,1,1,1,TRUE,TRUE,TRUE,TRUE,p4a,FALSE,TRUE,muestra_insuficiente
8310,9312,2,10,1,83,83,TRUE,0.48823529411764705,FALSE,1,TRUE,NA,1,NA,1,NA,1,NA,TRUE,NA,TRUE,p4a,FALSE,FALSE,muestra_insuficiente
6110,4620,1,4,1,77,78,TRUE,0.008094186902133923,FALSE,1,TRUE,1,NA,0.051921780175320294,NA,1,NA,FALSE,NA,TRUE,NA,p4a,FALSE,FALSE,muestra_insuficiente
1204,2361,2,8,1,72,74,TRUE,1,TRUE,1,TRUE,1,NA,1,NA,1,NA,TRUE,NA,TRUE,NA,p4a,FALSE,FALSE,muestra_insuficiente
5170,9314,1,2,1,576,595,TRUE,0.935064935064935,TRUE,1,TRUE,1,NA,0.935064935064935,NA,1,NA,TRUE,NA,TRUE,NA,p4a,FALSE,FALSE,muestra_insuficiente
1250,6112,3,2,3,1001,1021,TRUE,0.3811881188118812,FALSE,1,TRUE,1,2,0.06315789473684211,0.6251682368775235,1,1,FALSE,TRUE,TRUE,TRUE,p4a,FALSE,FALSE,muestra_insuficiente
2126,6232,1,1,1,58,58,TRUE,1,TRUE,1,TRUE,1,NA,1,NA,1,NA,TRUE,NA,TRUE,NA,p4a,FALSE,TRUE,muestra_insuficiente
6101,6132,1,2,1,44,44,TRUE,0.013694366635543105,FALSE,1,TRUE,1,NA,0.05238095238095238,NA,1,NA,FALSE,NA,TRUE,NA,p4a,FALSE,FALSE,muestra_insuficiente
1230,6212,2,1,1,42,43,TRUE,0.04407135362014691,FALSE,1,TRUE,1,NA,0.04407135362014691,NA,1,NA,FALSE,NA,TRUE,NA,p4a,FALSE,FALSE,muestra_insuficiente
6110,5611,1,3,2,427,433,TRUE,0.7878228782287823,TRUE,1,TRUE,NA,2,NA,1,NA,1,NA,TRUE,NA,TRUE,p4a,FALSE,FALSE,muestra_insuficiente
6110,9314,1,2,4,2279,2281,TRUE,0.5444338270425227,TRUE,1,TRUE,3,1,0.5957686882933709,0.26053042121684866,1,1,TRUE,FALSE,TRUE,TRUE,p4a,FALSE,FALSE,muestra_insuficiente
6110,3120,1,2,1,79,80,TRUE,0.0718835304822566,FALSE,1,TRUE,1,NA,0.08987485779294653,NA,1,NA,FALSE,NA,TRUE,NA,p4a,FALSE,FALSE,muestra_insuficiente
6101,6122,1,1,1,509,550,TRUE,1,TRUE,1,TRUE,NA,1,NA,1,NA,1,NA,TRUE,NA,TRUE,p4a,FALSE,TRUE,muestra_insuficiente
6110,4620,1,3,8,4138,4014,TRUE,0.43498370650688534,TRUE,1,TRUE,3,5,0.24881995954147,0.4693648816936488,1,1,FALSE,TRUE,TRUE,TRUE,p4a,FALSE,FALSE,muestra_insuficiente
2121,3320,2,3,1,559,561,TRUE,1,TRUE,1,TRUE,NA,1,NA,1,NA,1,NA,TRUE,NA,TRUE,p4a,FALSE,FALSE,muestra_insuficiente
1250,6112,3,1,1,141,143,TRUE,0.05369383092155369,FALSE,1,TRUE,1,NA,0.12368421052631579,NA,1,NA,FALSE,NA,TRUE,NA,p4a,FALSE,FALSE,muestra_insuficiente
6121,3340,1,1,1,815,623,TRUE,1,TRUE,1,TRUE,NA,1,NA,1,NA,1,NA,TRUE,NA,TRUE,p4a,FALSE,TRUE,muestra_insuficiente
6110,3120,1,3,1,800,407,TRUE,0.7279344858962693,TRUE,1,TRUE,1,NA,0.9101251422070534,NA,1,NA,TRUE,NA,TRUE,NA,p4a,FALSE,FALSE,muestra_insuficiente
5141,2210,2,10,1,355,360,TRUE,1,TRUE,1,TRUE,1,NA,1,NA,1,NA,TRUE,NA,TRUE,NA,p4a,FALSE,FALSE,muestra_insuficiente
5141,3320,2,7,5,2952,3665,TRUE,0.6944248412138321,TRUE,1,TRUE,3,2,0.8895510528406834,0.41118800461361016,1,1,TRUE,TRUE,TRUE,TRUE,p4a,FALSE,FALSE,muestra_insuficiente
6101,6111,1,7,1,464,473,TRUE,0.34652725914861837,FALSE,1,TRUE,NA,1,NA,0.5296803652968036,NA,1,NA,TRUE,NA,TRUE,p4a,FALSE,FALSE,muestra_insuficiente
5170,3340,1,10,1,94,97,TRUE,1,TRUE,1,TRUE,1,NA,1,NA,1,NA,TRUE,NA,TRUE,NA,p4a,FALSE,FALSE,muestra_insuficiente
6180,5613,1,8,1,445,564,TRUE,0.1754731861198738,FALSE,1,TRUE,1,NA,0.24722222222222223,NA,1,NA,FALSE,NA,TRUE,NA,p4a,FALSE,FALSE,muestra_insuficiente
1250,4850,3,3,1,335,340,TRUE,1,TRUE,1,TRUE,NA,1,NA,1,NA,1,NA,TRUE,NA,TRUE,p4a,FALSE,TRUE,muestra_insuficiente
6110,3340,1,1,1,416,422,TRUE,1,TRUE,1,TRUE,NA,1,NA,1,NA,1,NA,TRUE,NA,TRUE,p4a,FALSE,TRUE,muestra_insuficiente
6101,6132,1,3,2,427,434,TRUE,0.1328976034858388,FALSE,1,TRUE,2,NA,0.5083333333333333,NA,1,NA,TRUE,NA,TRUE,NA,p4a,FALSE,FALSE,muestra_insuficiente
6121,9314,1,1,1,337,342,TRUE,0.823960880195599,TRUE,1,TRUE,1,NA,0.8776041666666666,NA,1,NA,TRUE,NA,TRUE,NA,p4a,FALSE,TRUE,muestra_insuficiente
5141,3340,2,2,1,319,324,TRUE,0.06966586590958725,FALSE,1,TRUE,NA,1,NA,0.12042280105700265,NA,1,NA,FALSE,NA,TRUE,p4a,FALSE,TRUE,muestra_insuficiente
7121,4920,8,8,1,385,390,TRUE,1,TRUE,1,TRUE,1,NA,1,NA,1,NA,TRUE,NA,TRUE,NA,p4a,FALSE,TRUE,muestra_insuficiente
6180,5613,1,1,1,365,370,TRUE,0.14392744479495267,FALSE,1,TRUE,1,NA,0.20277777777777778,NA,1,NA,FALSE,NA,TRUE,NA,p4a,FALSE,TRUE,muestra_insuficiente
7121,3110,8,8,2,1018,912,TRUE,1,TRUE,1,TRUE,NA,2,NA,1,NA,1,NA,TRUE,NA,TRUE,p4a,FALSE,TRUE,muestra_insuficiente
6110,4681,1,3,1,472,481,TRUE,1,TRUE,1,TRUE,1,NA,1,NA,1,NA,TRUE,NA,TRUE,NA,p4a,FALSE,FALSE,muestra_insuficiente
6101,6131,1,3,1,335,425,TRUE,0.09396914446002805,FALSE,0.7899628252788105,TRUE,1,NA,0.20168573148705599,NA,1,NA,FALSE,NA,TRUE,NA,p4a,FALSE,FALSE,muestra_insuficiente
7201,4632,3,3,3,1648,1605,TRUE,0.03685234464098035,FALSE,1,TRUE,3,NA,0.07082384288108642,NA,1,NA,FALSE,NA,TRUE,NA,p4a,FALSE,TRUE,muestra_insuficiente
7121,4340,9,4,1,1123,1126,TRUE,1,TRUE,1,TRUE,1,NA,1,NA,1,NA,TRUE,NA,TRUE,NA,p4a,FALSE,FALSE,muestra_insuficiente
5100,7210,1,7,4,958,1005,TRUE,0.5301604869950194,TRUE,1,TRUE,1,3,0.052455357142857144,1,1,1,FALSE,TRUE,TRUE,TRUE,p4a,FALSE,FALSE,muestra_insuficiente
6101,9314,1,1,1,142,169,TRUE,0.2868686868686869,FALSE,1,TRUE,NA,1,NA,0.2868686868686869,NA,1,NA,FALSE,NA,TRUE,p4a,FALSE,TRUE,muestra_insuficiente
1250,6111,3,4,1,254,255,TRUE,0.4875239923224568,TRUE,1,TRUE,1,NA,0.5866050808314087,NA,1,NA,TRUE,NA,TRUE,NA,p4a,FALSE,FALSE,muestra_insuficiente
1204,3130,2,2,1,126,125,TRUE,1,TRUE,1,TRUE,NA,1,NA,1,NA,1,NA,TRUE,NA,TRUE,p4a,FALSE,TRUE,muestra_insuficiente
7121,4681,9,11,2,245,246,TRUE,0.3141025641025641,FALSE,1,TRUE,2,NA,1,NA,1,NA,TRUE,NA,TRUE,NA,p4a,FALSE,FALSE,muestra_insuficiente
5380,3250,8,4,1,284,285,TRUE,0.03523136087334078,FALSE,1,TRUE,1,NA,0.09158336020638504,NA,1,NA,FALSE,NA,TRUE,NA,p4a,FALSE,FALSE,muestra_insuficiente
1204,2221,2,7,1,96,120,TRUE,1,TRUE,1,TRUE,1,NA,1,NA,1,NA,TRUE,NA,TRUE,NA,p4a,FALSE,FALSE,muestra_insuficiente
5380,3250,8,2,1,284,285,TRUE,0.03523136087334078,FALSE,1,TRUE,NA,1,NA,0.05725806451612903,NA,1,NA,FALSE,NA,TRUE,p4a,FALSE,FALSE,muestra_insuficiente
6180,9314,1,2,3,356,362,TRUE,0.15417929839757472,FALSE,1,TRUE,3,NA,0.17459538989700835,NA,1,NA,FALSE,NA,TRUE,NA,p4a,FALSE,FALSE,muestra_insuficiente
6180,9313,1,2,1,112,111,TRUE,0.14602346805736635,FALSE,1,TRUE,NA,1,NA,0.14602346805736635,NA,1,NA,FALSE,NA,TRUE,p4a,FALSE,FALSE,muestra_insuficiente
6180,6132,1,10,1,122,122,TRUE,0.05329838357361293,FALSE,1,TRUE,1,NA,0.06027667984189723,NA,1,NA,FALSE,NA,TRUE,NA,p4a,FALSE,FALSE,muestra_insuficiente
1204,4810,2,3,1,122,122,TRUE,1,TRUE,1,TRUE,1,NA,1,NA,1,NA,TRUE,NA,TRUE,NA,p4a,FALSE,FALSE,muestra_insuficiente
5141,3310,2,8,1,95,94,TRUE,0.03163503163503163,FALSE,1,TRUE,1,NA,0.03887070376432079,NA,1,NA,FALSE,NA,TRUE,NA,p4a,FALSE,FALSE,muestra_insuficiente
1250,4810,3,1,1,1898,1513,TRUE,1,TRUE,1,TRUE,1,NA,1,NA,1,NA,TRUE,NA,TRUE,NA,p4a,FALSE,FALSE,muestra_insuficiente
6121,4620,1,4,1,1774,1771,TRUE,1,TRUE,1,TRUE,1,NA,1,NA,1,NA,TRUE,NA,TRUE,NA,p4a,FALSE,FALSE,muestra_insuficiente
1204,3250,2,8,3,3102,3118,TRUE,1,TRUE,1,TRUE,1,2,1,1,1,1,TRUE,TRUE,TRUE,TRUE,p4a,FALSE,FALSE,muestra_insuficiente
6121,3220,1,7,1,2726,2063,TRUE,1,TRUE,1,TRUE,NA,1,NA,1,NA,1,NA,TRUE,NA,TRUE,p4a,FALSE,FALSE,muestra_insuficiente
6121,4840,1,10,1,1663,1646,TRUE,0.8167976424361493,TRUE,1,TRUE,NA,1,NA,0.8167976424361493,NA,1,NA,TRUE,NA,TRUE,p4a,FALSE,FALSE,muestra_insuficiente
5141,3270,2,1,1,1323,1319,TRUE,1,TRUE,1,TRUE,NA,1,NA,1,NA,1,NA,TRUE,NA,TRUE,p4a,FALSE,FALSE,muestra_insuficiente
5141,3330,2,1,2,1570,1916,TRUE,0.3390196501835457,TRUE,1,TRUE,NA,2,NA,1,NA,1,NA,TRUE,NA,TRUE,p4a,FALSE,FALSE,muestra_insuficiente
1204,3320,2,8,2,2552,2553,TRUE,1,TRUE,1,TRUE,2,NA,1,NA,1,NA,TRUE,NA,TRUE,NA,p4a,FALSE,FALSE,muestra_insuficiente
8150,7221,4,10,1,1455,1440,TRUE,1,TRUE,1,TRUE,1,NA,1,NA,1,NA,TRUE,NA,TRUE,NA,p4a,FALSE,FALSE,muestra_insuficiente
1204,3110,2,8,1,1303,1298,TRUE,0.49077212806026366,TRUE,1,TRUE,1,NA,1,NA,1,NA,TRUE,NA,TRUE,NA,p4a,FALSE,FALSE,muestra_insuficiente
7201,4672,3,6,1,1978,1580,TRUE,0.14835370884272106,FALSE,1,TRUE,1,NA,0.7361369557126908,NA,1,NA,TRUE,NA,TRUE,NA,p4a,FALSE,FALSE,muestra_insuficiente
1204,8111,2,6,1,1246,1234,TRUE,0.21890372452565005,FALSE,1,TRUE,NA,1,NA,0.31196795192789184,NA,1,NA,FALSE,NA,TRUE,p4a,FALSE,FALSE,muestra_insuficiente
2121,4340,2,5,1,487,489,TRUE,1,TRUE,1,TRUE,NA,1,NA,1,NA,1,NA,TRUE,NA,TRUE,p4a,FALSE,FALSE,muestra_insuficiente
7201,4340,3,11,4,770,688,TRUE,0.6260162601626016,TRUE,1,TRUE,2,2,0.6652601969057665,0.5722543352601156,1,1,TRUE,TRUE,TRUE,TRUE,p4a,FALSE,FALSE,muestra_insuficiente
6180,9314,1,1,2,1130,1163,TRUE,0.48938934603724554,TRUE,1,TRUE,2,NA,0.5541932319764591,NA,1,NA,TRUE,NA,TRUE,NA,p4a,FALSE,TRUE,muestra_insuficiente
1250,5411,3,3,5,509,513,TRUE,0.13203631647211414,FALSE,1,TRUE,3,2,0.152732368052312,0.10618436406067679,1,1,FALSE,FALSE,TRUE,TRUE,p4a,FALSE,TRUE,muestra_insuficiente
1230,3250,2,2,2,150,212,TRUE,0.3740648379052369,TRUE,1,TRUE,NA,2,NA,0.3740648379052369,NA,1,NA,TRUE,NA,TRUE,p4a,FALSE,TRUE,muestra_insuficiente
5100,3120,1,3,1,114,152,TRUE,0.48717948717948717,FALSE,1,TRUE,1,NA,0.48717948717948717,NA,1,NA,FALSE,NA,TRUE,NA,p4a,FALSE,FALSE,muestra_insuficiente
6121,5614,1,1,1,112,112,TRUE,1,TRUE,1,TRUE,1,NA,1,NA,1,NA,TRUE,NA,TRUE,NA,p4a,FALSE,TRUE,muestra_insuficiente
1250,6132,3,1,2,142,143,TRUE,0.7593582887700535,TRUE,1,TRUE,1,1,0.6538461538461539,1,1,1,TRUE,TRUE,TRUE,TRUE,p4a,FALSE,FALSE,muestra_insuficiente
6110,5223,1,1,1,94,95,TRUE,1,TRUE,1,TRUE,NA,1,NA,1,NA,1,NA,TRUE,NA,TRUE,p4a,FALSE,TRUE,muestra_insuficiente
6180,5614,1,10,1,110,111,TRUE,1,TRUE,1,TRUE,1,NA,1,NA,1,NA,TRUE,NA,TRUE,NA,p4a,FALSE,FALSE,muestra_insuficiente
6121,2210,1,4,1,99,99,TRUE,1,TRUE,1,TRUE,NA,1,NA,1,NA,1,NA,TRUE,NA,TRUE,p4a,FALSE,FALSE,muestra_insuficiente
5141,3320,2,8,2,326,323,TRUE,0.07668783815572806,FALSE,1,TRUE,1,1,0.04529201430274136,0.12226066897347174,1,1,FALSE,FALSE,TRUE,TRUE,p4a,FALSE,FALSE,muestra_insuficiente
8150,7131,4,10,3,331,330,TRUE,0.13751557955961777,FALSE,1,TRUE,NA,3,NA,0.1490990990990991,NA,1,NA,FALSE,NA,TRUE,p4a,FALSE,FALSE,muestra_insuficiente
5141,3310,2,1,2,1559,1544,TRUE,0.5191475191475191,TRUE,1,TRUE,1,1,0.40916530278232405,1,1,1,FALSE,TRUE,TRUE,TRUE,p4a,FALSE,FALSE,muestra_insuficiente
7121,4641,9,4,1,107,99,TRUE,0.11382978723404255,FALSE,1,TRUE,NA,1,NA,1,NA,1,NA,TRUE,NA,TRUE,p4a,FALSE,FALSE,muestra_insuficiente
7201,4661,3,6,1,483,570,TRUE,0.45013979496738116,FALSE,1,TRUE,NA,1,NA,0.45013979496738116,NA,1,NA,FALSE,NA,TRUE,p4a,FALSE,FALSE,muestra_insuficiente
1204,2210,2,2,1,1509,1512,TRUE,0.7754367934224049,TRUE,1,TRUE,NA,1,NA,0.828665568369028,NA,1,NA,TRUE,NA,TRUE,p4a,FALSE,TRUE,muestra_insuficiente
4120,9313,13,13,1,402,401,TRUE,1,TRUE,1,TRUE,1,NA,1,NA,1,NA,TRUE,NA,TRUE,NA,p4a,FALSE,TRUE,muestra_insuficiente
1230,6211,2,3,2,260,263,TRUE,0.1897810218978102,FALSE,1,TRUE,NA,2,NA,0.6615776081424937,NA,1,NA,TRUE,NA,TRUE,p4a,FALSE,FALSE,muestra_insuficiente
5380,3380,8,8,2,223,221,TRUE,0.4084249084249084,FALSE,1,TRUE,1,1,1,0.2523148148148148,1,1,TRUE,FALSE,TRUE,TRUE,p4a,FALSE,TRUE,muestra_insuficiente
6180,4881,1,2,1,103,101,TRUE,1,TRUE,1,TRUE,NA,1,NA,1,NA,1,NA,TRUE,NA,TRUE,p4a,FALSE,FALSE,muestra_insuficiente
7121,4611,9,4,3,370,375,TRUE,0.9024390243902439,TRUE,1,TRUE,3,NA,0.9024390243902439,NA,1,NA,TRUE,NA,TRUE,NA,p4a,FALSE,FALSE,muestra_insuficiente
7201,4631,3,6,1,103,101,TRUE,0.11393805309734513,FALSE,1,TRUE,1,NA,0.11393805309734513,NA,1,NA,FALSE,NA,TRUE,NA,p4a,FALSE,FALSE,muestra_insuficiente
7121,9312,8,3,1,117,116,TRUE,1,TRUE,1,TRUE,1,NA,1,NA,1,NA,TRUE,NA,TRUE,NA,p4a,FALSE,FALSE,muestra_insuficiente
7121,4310,9,11,3,448,451,TRUE,0.4609053497942387,TRUE,1,TRUE,1,2,1,0.36561743341404357,1,1,TRUE,FALSE,TRUE,TRUE,p4a,FALSE,FALSE,muestra_insuficiente
5380,3360,9,9,1,176,172,TRUE,1,TRUE,1,TRUE,NA,1,NA,1,NA,1,NA,TRUE,NA,TRUE,p4a,FALSE,TRUE,muestra_insuficiente
7121,4310,9,3,1,82,87,TRUE,0.08436213991769548,FALSE,1,TRUE,NA,1,NA,0.09927360774818401,NA,1,NA,FALSE,NA,TRUE,p4a,FALSE,FALSE,muestra_insuficiente
5380,3250,9,9,3,362,392,TRUE,1,TRUE,1,TRUE,1,2,1,1,1,1,TRUE,TRUE,TRUE,TRUE,p4a,FALSE,TRUE,muestra_insuficiente
5100,3110,1,7,3,773,797,TRUE,0.23924481584648716,TRUE,0.899548532731377,TRUE,3,NA,0.4870825456836799,NA,1,NA,TRUE,NA,TRUE,NA,p4a,FALSE,FALSE,muestra_insuficiente
8150,1121,4,13,1,164,172,TRUE,1,TRUE,1,TRUE,NA,1,NA,1,NA,1,NA,TRUE,NA,TRUE,p4a,FALSE,FALSE,muestra_insuficiente
1230,6222,2,3,1,195,216,TRUE,0.04991041719989762,FALSE,1,TRUE,NA,1,NA,0.08875739644970414,NA,1,NA,FALSE,NA,TRUE,p4a,FALSE,FALSE,muestra_insuficiente
6110,3120,1,7,1,58,57,TRUE,0.052775250227479524,FALSE,1,TRUE,NA,1,NA,0.2636363636363636,NA,1,NA,FALSE,NA,TRUE,p4a,FALSE,FALSE,muestra_insuficiente
8150,7131,4,3,3,624,601,TRUE,0.2592438720398837,FALSE,1,TRUE,NA,3,NA,0.2810810810810811,NA,1,NA,FALSE,NA,TRUE,p4a,FALSE,FALSE,muestra_insuficiente
2126,9312,1,1,2,146,146,TRUE,0.12586206896551724,FALSE,1,TRUE,NA,2,NA,1,NA,1,NA,TRUE,NA,TRUE,p4a,FALSE,TRUE,muestra_insuficiente
6110,9312,1,2,1,46,58,TRUE,0.018297533810660304,FALSE,1,TRUE,1,NA,0.08056042031523643,NA,1,NA,FALSE,NA,TRUE,NA,p4a,FALSE,FALSE,muestra_insuficiente
1250,5411,3,2,1,52,51,TRUE,0.013488975356679637,FALSE,1,TRUE,NA,1,NA,0.030338389731621937,NA,1,NA,FALSE,NA,TRUE,p4a,FALSE,FALSE,muestra_insuficiente
7121,5110,8,10,1,44,44,TRUE,0.11989100817438691,FALSE,1,TRUE,NA,1,NA,0.23783783783783785,NA,1,NA,FALSE,NA,TRUE,p4a,FALSE,FALSE,muestra_insuficiente
7121,4671,9,9,1,49,50,TRUE,1,TRUE,1,TRUE,NA,1,NA,1,NA,1,NA,TRUE,NA,TRUE,p4a,FALSE,TRUE,muestra_insuficiente
2121,5222,2,9,2,189,246,TRUE,0.6,TRUE,1,TRUE,NA,2,NA,1,NA,1,NA,TRUE,NA,TRUE,p4a,FALSE,FALSE,muestra_insuficiente
1250,6132,3,2,1,45,45,TRUE,0.24064171122994651,FALSE,1,TRUE,1,NA,0.34615384615384615,NA,1,NA,FALSE,NA,TRUE,NA,p4a,FALSE,FALSE,muestra_insuficiente
7121,3120,8,10,4,495,518,TRUE,0.3103448275862069,FALSE,1,TRUE,3,1,0.7364705882352941,0.15555555555555556,1,1,TRUE,FALSE,TRUE,TRUE,p4a,FALSE,FALSE,muestra_insuficiente
5170,2210,1,2,4,668,716,TRUE,0.31288056206088993,FALSE,1,TRUE,2,2,0.5064327485380117,0.18359375,1,1,TRUE,FALSE,TRUE,TRUE,p4a,FALSE,FALSE,muestra_insuficiente
1250,6111,3,2,2,226,184,TRUE,0.43378119001919385,FALSE,1,TRUE,1,1,0.4133949191685912,0.5340909090909091,1,1,FALSE,TRUE,TRUE,TRUE,p4a,FALSE,FALSE,muestra_insuficiente
5100,9314,1,3,1,152,151,TRUE,1,TRUE,1,TRUE,NA,1,NA,1,NA,1,NA,TRUE,NA,TRUE,p4a,FALSE,FALSE,muestra_insuficiente
6110,5510,1,1,1,351,451,TRUE,1,TRUE,1,TRUE,1,NA,1,NA,1,NA,TRUE,NA,TRUE,NA,p4a,FALSE,TRUE,muestra_insuficiente
8150,7120,4,4,2,665,826,TRUE,1,TRUE,1,TRUE,1,1,1,1,1,1,TRUE,TRUE,TRUE,TRUE,p4a,FALSE,TRUE,muestra_insuficiente
5380,3380,8,10,1,323,329,TRUE,0.5915750915750916,TRUE,1,TRUE,NA,1,NA,0.7476851851851852,NA,1,NA,TRUE,NA,TRUE,p4a,FALSE,FALSE,muestra_insuficiente
1204,6221,2,8,1,354,362,TRUE,1,TRUE,1,TRUE,NA,1,NA,1,NA,1,NA,TRUE,NA,TRUE,p4a,FALSE,FALSE,muestra_insuficiente
1204,3350,2,1,1,350,357,TRUE,0.36610878661087864,FALSE,1,TRUE,1,NA,0.47748976807639837,NA,1,NA,FALSE,NA,TRUE,NA,p4a,FALSE,FALSE,muestra_insuficiente
1204,2122,2,2,1,456,467,TRUE,1,TRUE,1,TRUE,NA,1,NA,1,NA,1,NA,TRUE,NA,TRUE,p4a,FALSE,TRUE,muestra_insuficiente
1204,4850,2,1,1,391,400,TRUE,1,TRUE,1,TRUE,NA,1,NA,1,NA,1,NA,TRUE,NA,TRUE,p4a,FALSE,FALSE,muestra_insuficiente
5380,3350,8,10,1,298,304,TRUE,0.6247379454926625,TRUE,1,TRUE,NA,1,NA,0.6247379454926625,NA,1,NA,TRUE,NA,TRUE,p4a,FALSE,FALSE,muestra_insuficiente
1230,3350,2,2,1,360,366,TRUE,1,TRUE,1,TRUE,1,NA,1,NA,1,NA,TRUE,NA,TRUE,NA,p4a,FALSE,TRUE,muestra_insuficiente
5141,3320,2,1,2,407,415,TRUE,0.09574217831098565,FALSE,1,TRUE,1,1,0.024235200635677395,0.19953863898500576,1,1,FALSE,FALSE,TRUE,TRUE,p4a,FALSE,FALSE,muestra_insuficiente
6180,2221,1,8,1,346,352,TRUE,1,TRUE,1,TRUE,NA,1,NA,1,NA,1,NA,TRUE,NA,TRUE,p4a,FALSE,FALSE,muestra_insuficiente
6121,3360,1,4,1,388,396,TRUE,1,TRUE,1,TRUE,1,NA,1,NA,1,NA,TRUE,NA,TRUE,NA,p4a,FALSE,FALSE,muestra_insuficiente
1204,3220,2,8,3,585,704,TRUE,0.5021459227467812,TRUE,1,TRUE,2,1,0.5311804008908686,0.4044943820224719,1,1,TRUE,FALSE,TRUE,TRUE,p4a,FALSE,FALSE,muestra_insuficiente
6101,6111,1,1,3,573,573,TRUE,0.4279312920089619,TRUE,1,TRUE,1,2,0.34773218142548595,0.4703196347031963,1,1,FALSE,FALSE,TRUE,TRUE,p4a,FALSE,TRUE,muestra_insuficiente
6101,9314,1,3,1,353,359,TRUE,0.7131313131313132,TRUE,1,TRUE,NA,1,NA,0.7131313131313132,NA,1,NA,TRUE,NA,TRUE,p4a,FALSE,FALSE,muestra_insuficiente
5141,3110,2,2,1,433,458,TRUE,1,TRUE,1,TRUE,NA,1,NA,1,NA,1,NA,TRUE,NA,TRUE,p4a,FALSE,TRUE,muestra_insuficiente
5170,2210,1,3,1,574,599,TRUE,0.26885245901639343,FALSE,1,TRUE,NA,1,NA,0.4484375,NA,1,NA,TRUE,NA,TRUE,p4a,FALSE,FALSE,muestra_insuficiente
5141,3350,2,2,1,348,365,TRUE,0.09015544041450778,FALSE,1,TRUE,NA,1,NA,0.17142857142857143,NA,1,NA,FALSE,NA,TRUE,p4a,FALSE,TRUE,muestra_insuficiente
5100,3110,2,2,2,630,603,TRUE,0.2198185624563852,FALSE,0.4699922057677319,FALSE,1,1,0.7140864714086471,0.05490926012098651,1,0.15,TRUE,FALSE,TRUE,FALSE,p4a,FALSE,TRUE,muestra_insuficiente
5141,3350,2,10,1,426,447,TRUE,0.11036269430051814,FALSE,1,TRUE,NA,1,NA,0.20985221674876847,NA,1,NA,FALSE,NA,TRUE,p4a,FALSE,FALSE,muestra_insuficiente
5100,3110,1,4,1,455,483,TRUE,0.1408232745280099,FALSE,0.6939655172413793,TRUE,1,NA,0.2867044738500315,NA,0.6939655172413793,NA,FALSE,NA,TRUE,NA,p4a,FALSE,FALSE,muestra_insuficiente
4109,6112,13,13,1,179,183,TRUE,1,TRUE,1,TRUE,NA,1,NA,1,NA,1,NA,TRUE,NA,TRUE,p4a,FALSE,TRUE,muestra_insuficiente
5141,4850,2,2,1,164,177,TRUE,1,TRUE,1,TRUE,NA,1,NA,1,NA,1,NA,TRUE,NA,TRUE,p4a,FALSE,TRUE,muestra_insuficiente
4120,1121,13,13,1,130,129,TRUE,0.5394190871369294,TRUE,1,TRUE,1,NA,1,NA,1,NA,TRUE,NA,TRUE,NA,p4a,FALSE,TRUE,muestra_insuficiente
8150,9313,4,13,1,66,64,TRUE,0.3316582914572864,FALSE,1,TRUE,NA,1,NA,0.673469387755102,NA,1,NA,TRUE,NA,TRUE,p4a,FALSE,FALSE,muestra_insuficiente
7121,3120,8,4,1,64,64,TRUE,0.04012539184952978,FALSE,1,TRUE,NA,1,NA,0.0547008547008547,NA,1,NA,FALSE,NA,TRUE,p4a,FALSE,FALSE,muestra_insuficiente
6101,6112,1,10,1,102,101,TRUE,0.026521060842433698,FALSE,1,TRUE,1,NA,0.0490148966842864,NA,1,NA,FALSE,NA,TRUE,NA,p4a,FALSE,FALSE,muestra_insuficiente
2121,5221,2,2,3,331,299,TRUE,0.7539863325740319,TRUE,1,TRUE,NA,3,NA,0.7539863325740319,NA,1,NA,TRUE,NA,TRUE,p4a,FALSE,TRUE,muestra_insuficiente
7201,4612,3,6,6,829,828,TRUE,0.10396287935791322,FALSE,1,TRUE,3,3,0.07119883040935672,0.30158730158730157,1,1,FALSE,FALSE,TRUE,TRUE,p4a,FALSE,FALSE,muestra_insuficiente
6110,9313,1,2,3,220,232,TRUE,0.036508463325589116,FALSE,1,TRUE,NA,3,NA,0.056657223796033995,NA,1,NA,FALSE,NA,TRUE,p4a,FALSE,FALSE,muestra_insuficiente
1230,6211,2,2,5,1110,1132,TRUE,0.8102189781021898,TRUE,1,TRUE,4,1,1,0.3384223918575064,1,1,TRUE,FALSE,TRUE,TRUE,p4a,FALSE,TRUE,muestra_insuficiente
2121,5150,2,1,1,380,391,TRUE,1,TRUE,1,TRUE,1,NA,1,NA,1,NA,TRUE,NA,TRUE,NA,p4a,FALSE,FALSE,muestra_insuficiente
8150,8130,4,3,3,783,787,TRUE,0.35983455882352944,FALSE,1,TRUE,2,1,0.3235843186060983,0.46221441124780316,1,1,FALSE,FALSE,TRUE,TRUE,p4a,FALSE,FALSE,muestra_insuficiente
6101,6111,1,3,1,302,303,TRUE,0.22554144884241972,FALSE,1,TRUE,1,NA,0.652267818574514,NA,1,NA,TRUE,NA,TRUE,NA,p4a,FALSE,FALSE,muestra_insuficiente
5380,5613,8,7,1,489,528,TRUE,1,TRUE,1,TRUE,1,NA,1,NA,1,NA,TRUE,NA,TRUE,NA,p4a,FALSE,FALSE,muestra_insuficiente
6180,3110,1,1,1,243,243,TRUE,1,TRUE,1,TRUE,1,NA,1,NA,1,NA,TRUE,NA,TRUE,NA,p4a,FALSE,TRUE,muestra_insuficiente
5380,3260,8,8,1,195,195,TRUE,1,TRUE,1,TRUE,1,NA,1,NA,1,NA,TRUE,NA,TRUE,NA,p4a,FALSE,TRUE,muestra_insuficiente
7201,4642,3,6,2,400,399,TRUE,0.1008827238335435,FALSE,1,TRUE,1,1,0.13123644251626898,0.07449316360207449,1,1,FALSE,FALSE,TRUE,TRUE,p4a,FALSE,FALSE,muestra_insuficiente
6180,6132,1,2,2,355,357,TRUE,0.15508955875928354,FALSE,1,TRUE,1,1,0.06175889328063241,0.8679245283018868,1,1,FALSE,TRUE,TRUE,TRUE,p4a,FALSE,FALSE,muestra_insuficiente
7121,8121,9,9,1,208,206,TRUE,1,TRUE,1,TRUE,NA,1,NA,1,NA,1,NA,TRUE,NA,TRUE,p4a,FALSE,TRUE,muestra_insuficiente
1250,9313,3,10,1,141,141,TRUE,0.020206362854686157,FALSE,1,TRUE,NA,1,NA,0.053981623277182235,NA,1,NA,FALSE,NA,TRUE,p4a,FALSE,FALSE,muestra_insuficiente
7121,5110,8,8,2,323,359,TRUE,0.8801089918256131,TRUE,1,TRUE,1,1,1,0.7621621621621621,1,1,TRUE,TRUE,TRUE,TRUE,p4a,FALSE,TRUE,muestra_insuficiente
7201,4652,3,3,1,678,655,TRUE,0.040679186416271676,FALSE,1,TRUE,NA,1,NA,0.07660151395322562,NA,1,NA,FALSE,NA,TRUE,p4a,FALSE,TRUE,muestra_insuficiente
7201,1110,3,11,1,708,765,TRUE,1,TRUE,1,TRUE,1,NA,1,NA,1,NA,TRUE,NA,TRUE,NA,p4a,FALSE,FALSE,muestra_insuficiente
8150,7131,6,2,1,674,684,TRUE,0.32623426911907066,FALSE,1,TRUE,NA,1,NA,0.37320044296788485,NA,1,NA,FALSE,NA,TRUE,p4a,FALSE,FALSE,muestra_insuficiente
1204,3260,2,8,1,91,91,TRUE,1,TRUE,1,TRUE,NA,1,NA,1,NA,1,NA,TRUE,NA,TRUE,p4a,FALSE,FALSE,muestra_insuficiente
5141,3320,2,2,1,103,105,TRUE,0.024229593036932486,FALSE,1,TRUE,1,NA,0.04092173222089789,NA,1,NA,FALSE,NA,TRUE,NA,p4a,FALSE,TRUE,muestra_insuficiente
6121,4840,1,2,2,176,218,TRUE,0.08644400785854617,FALSE,0.218,FALSE,NA,2,NA,0.08644400785854617,NA,0.37521514629948366,NA,FALSE,NA,FALSE,p4a,FALSE,FALSE,muestra_insuficiente
1230,3250,2,1,1,114,114,TRUE,0.28428927680798005,FALSE,1,TRUE,NA,1,NA,0.28428927680798005,NA,1,NA,FALSE,NA,TRUE,p4a,FALSE,FALSE,muestra_insuficiente
5380,3250,8,7,1,118,118,TRUE,0.014638382334697927,FALSE,1,TRUE,NA,1,NA,0.02379032258064516,NA,1,NA,FALSE,NA,TRUE,p4a,FALSE,FALSE,muestra_insuficiente
6121,9313,1,2,2,1011,1072,TRUE,0.7561705310396409,TRUE,1,TRUE,1,1,0.7801507537688442,0.7208872458410351,1,1,TRUE,TRUE,TRUE,TRUE,p4a,FALSE,FALSE,muestra_insuficiente
8150,9314,4,1,1,329,339,TRUE,0.875,TRUE,1,TRUE,1,NA,0.875,NA,1,NA,TRUE,NA,TRUE,NA,p4a,FALSE,FALSE,muestra_insuficiente
6180,6221,1,7,1,179,181,TRUE,1,TRUE,1,TRUE,1,NA,1,NA,1,NA,TRUE,NA,TRUE,NA,p4a,FALSE,FALSE,muestra_insuficiente
5100,4620,1,7,1,109,89,TRUE,0.08214016578749057,FALSE,1,TRUE,1,NA,0.09732142857142857,NA,1,NA,FALSE,NA,TRUE,NA,p4a,FALSE,FALSE,muestra_insuficiente
8150,7210,4,7,4,515,525,TRUE,0.5223123732251521,TRUE,1,TRUE,2,2,1,0.3476454293628809,1,1,TRUE,FALSE,TRUE,TRUE,p4a,FALSE,FALSE,muestra_insuficiente
6121,4850,1,8,1,126,129,TRUE,0.15498154981549817,FALSE,1,TRUE,NA,1,NA,0.17696629213483145,NA,1,NA,FALSE,NA,TRUE,p4a,FALSE,FALSE,muestra_insuficiente
6110,7210,1,2,2,268,274,TRUE,0.4581196581196581,FALSE,1,TRUE,2,NA,0.4581196581196581,NA,1,NA,FALSE,NA,TRUE,NA,p4a,FALSE,FALSE,muestra_insuficiente
1204,7210,2,8,2,238,237,TRUE,1,TRUE,1,TRUE,1,1,1,1,1,1,TRUE,TRUE,TRUE,TRUE,p4a,FALSE,FALSE,muestra_insuficiente
8150,7210,4,4,2,314,430,TRUE,0.3184584178498986,FALSE,1,TRUE,NA,2,NA,0.43490304709141275,NA,1,NA,TRUE,NA,TRUE,p4a,FALSE,TRUE,muestra_insuficiente
8150,7210,4,2,1,157,215,TRUE,0.1592292089249493,FALSE,1,TRUE,NA,1,NA,0.21745152354570638,NA,1,NA,FALSE,NA,TRUE,p4a,FALSE,FALSE,muestra_insuficiente
6180,9314,1,10,1,98,99,TRUE,0.04244261585101776,FALSE,1,TRUE,1,NA,0.048062775870524765,NA,1,NA,FALSE,NA,TRUE,NA,p4a,FALSE,FALSE,muestra_insuficiente
6180,9314,1,4,2,120,123,TRUE,0.0519705500216544,FALSE,1,TRUE,1,1,0.042177538008827856,0.1259259259259259,1,1,FALSE,FALSE,TRUE,TRUE,p4a,FALSE,FALSE,muestra_insuficiente
6180,5620,2,2,1,179,183,TRUE,1,TRUE,1,TRUE,NA,1,NA,1,NA,1,NA,TRUE,NA,TRUE,p4a,FALSE,TRUE,muestra_insuficiente
1204,4620,2,1,1,156,159,TRUE,0.4968152866242038,TRUE,1,TRUE,1,NA,0.7428571428571429,NA,1,NA,TRUE,NA,TRUE,NA,p4a,FALSE,FALSE,muestra_insuficiente
6180,7210,1,7,1,109,112,TRUE,0.5240384615384616,TRUE,1,TRUE,1,NA,1,NA,1,NA,TRUE,NA,TRUE,NA,p4a,FALSE,FALSE,muestra_insuficiente
2126,6242,1,1,1,112,115,TRUE,1,TRUE,1,TRUE,1,NA,1,NA,1,NA,TRUE,NA,TRUE,NA,p4a,FALSE,TRUE,muestra_insuficiente
6110,7210,1,1,2,317,253,TRUE,0.5418803418803418,TRUE,1,TRUE,2,NA,0.5418803418803418,NA,1,NA,TRUE,NA,TRUE,NA,p4a,FALSE,TRUE,muestra_insuficiente
1230,5613,2,7,3,252,259,TRUE,0.18142548596112312,FALSE,1,TRUE,2,1,0.6430678466076696,0.03238095238095238,1,1,TRUE,FALSE,TRUE,TRUE,p4a,FALSE,FALSE,muestra_insuficiente
1204,2382,2,5,1,202,124,TRUE,0.3531468531468531,FALSE,1,TRUE,NA,1,NA,1,NA,1,NA,TRUE,NA,TRUE,p4a,FALSE,FALSE,muestra_insuficiente
1230,9313,2,1,1,384,391,TRUE,0.19948051948051948,FALSE,1,TRUE,NA,1,NA,0.31683168316831684,NA,1,NA,FALSE,NA,TRUE,p4a,FALSE,FALSE,muestra_insuficiente
8150,7131,4,13,2,222,217,TRUE,0.0922309929372663,FALSE,1,TRUE,1,1,0.3048128342245989,0.07432432432432433,1,1,FALSE,FALSE,TRUE,TRUE,p4a,FALSE,FALSE,muestra_insuficiente
6110,5110,1,1,1,57,59,TRUE,1,TRUE,1,TRUE,1,NA,1,NA,1,NA,TRUE,NA,TRUE,NA,p4a,FALSE,TRUE,muestra_insuficiente
8150,7131,4,4,2,255,253,TRUE,0.105941005400914,FALSE,1,TRUE,NA,2,NA,0.11486486486486487,NA,1,NA,FALSE,NA,TRUE,p4a,FALSE,TRUE,muestra_insuficiente
7201,4662,3,5,1,79,76,TRUE,0.0013759470521640686,FALSE,1,TRUE,NA,1,NA,0.003761367423701376,NA,1,NA,FALSE,NA,TRUE,p4a,FALSE,FALSE,muestra_insuficiente
6180,5240,1,2,1,146,198,TRUE,0.10556760665220535,FALSE,1,TRUE,1,NA,0.14570858283433133,NA,1,NA,FALSE,NA,TRUE,NA,p4a,FALSE,FALSE,muestra_insuficiente
5141,8111,2,1,1,153,155,TRUE,0.22700296735905046,FALSE,1,TRUE,NA,1,NA,1,NA,1,NA,TRUE,NA,TRUE,p4a,FALSE,FALSE,muestra_insuficiente
6121,4840,1,1,1,197,160,TRUE,0.09675834970530452,FALSE,1,TRUE,NA,1,NA,0.09675834970530452,NA,1,NA,FALSE,NA,TRUE,p4a,FALSE,TRUE,muestra_insuficiente
1230,3250,2,8,1,137,140,TRUE,0.341645885286783,FALSE,1,TRUE,NA,1,NA,0.341645885286783,NA,1,NA,FALSE,NA,TRUE,p4a,FALSE,FALSE,muestra_insuficiente
5170,3360,1,2,1,155,158,TRUE,1,TRUE,1,TRUE,1,NA,1,NA,1,NA,TRUE,NA,TRUE,NA,p4a,FALSE,FALSE,muestra_insuficiente
5141,3310,2,2,2,199,199,TRUE,0.06626706626706627,FALSE,1,TRUE,2,NA,0.08142389525368249,NA,1,NA,FALSE,NA,TRUE,NA,p4a,FALSE,TRUE,muestra_insuficiente
1230,9312,2,7,1,189,182,TRUE,0.4144736842105263,FALSE,1,TRUE,NA,1,NA,0.6450511945392492,NA,1,NA,TRUE,NA,TRUE,p4a,FALSE,FALSE,muestra_insuficiente
4109,1121,13,13,1,304,293,TRUE,0.7875647668393783,TRUE,1,TRUE,1,NA,1,NA,1,NA,TRUE,NA,TRUE,NA,p4a,FALSE,TRUE,muestra_insuficiente
2121,5240,2,2,1,150,156,TRUE,1,TRUE,1,TRUE,1,NA,1,NA,1,NA,TRUE,NA,TRUE,NA,p4a,FALSE,TRUE,muestra_insuficiente
7201,4370,3,3,1,106,110,TRUE,1,TRUE,1,TRUE,NA,1,NA,1,NA,1,NA,TRUE,NA,TRUE,p4a,FALSE,TRUE,muestra_insuficiente
2121,4681,2,9,1,86,89,TRUE,0.23243243243243245,FALSE,1,TRUE,1,NA,0.38222222222222224,NA,1,NA,FALSE,NA,TRUE,NA,p4a,FALSE,FALSE,muestra_insuficiente
8150,5310,4,11,1,100,104,TRUE,1,TRUE,1,TRUE,1,NA,1,NA,1,NA,TRUE,NA,TRUE,NA,p4a,FALSE,FALSE,muestra_insuficiente
8150,7131,4,7,1,86,89,TRUE,0.03572912339011217,FALSE,1,TRUE,1,NA,0.45989304812834225,NA,1,NA,TRUE,NA,TRUE,NA,p4a,FALSE,FALSE,muestra_insuficiente
6180,8121,1,7,1,96,99,TRUE,1,TRUE,1,TRUE,1,NA,1,NA,1,NA,TRUE,NA,TRUE,NA,p4a,FALSE,FALSE,muestra_insuficiente
6110,5611,1,1,1,115,159,TRUE,0.21217712177121772,FALSE,1,TRUE,1,NA,1,NA,1,NA,TRUE,NA,TRUE,NA,p4a,FALSE,TRUE,muestra_insuficiente
5100,3110,2,7,1,86,89,TRUE,0.030006978367062107,FALSE,0.10045146726862303,FALSE,NA,1,NA,0.04001861330851559,NA,1,NA,FALSE,NA,TRUE,p4a,FALSE,FALSE,muestra_insuficiente
5100,3120,2,2,1,51,52,TRUE,0.4766355140186916,FALSE,1,TRUE,1,NA,1,NA,1,NA,TRUE,NA,TRUE,NA,p4a,FALSE,TRUE,muestra_insuficiente
5100,3120,1,7,1,120,125,TRUE,0.5128205128205128,TRUE,1,TRUE,1,NA,0.5128205128205128,NA,1,NA,TRUE,NA,TRUE,NA,p4a,FALSE,FALSE,muestra_insuficiente
1250,9311,3,1,1,87,89,TRUE,0.48066298342541436,FALSE,1,TRUE,1,NA,0.48066298342541436,NA,1,NA,FALSE,NA,TRUE,NA,p4a,FALSE,FALSE,muestra_insuficiente
1230,6112,2,2,1,627,628,TRUE,1,TRUE,1,TRUE,NA,1,NA,1,NA,1,NA,TRUE,NA,TRUE,p4a,FALSE,TRUE,muestra_insuficiente
1204,4651,2,9,1,158,158,TRUE,1,TRUE,1,TRUE,1,NA,1,NA,1,NA,TRUE,NA,TRUE,NA,p4a,FALSE,FALSE,muestra_insuficiente
7121,4681,9,4,1,535,535,TRUE,0.6858974358974359,TRUE,1,TRUE,NA,1,NA,1,NA,1,NA,TRUE,NA,TRUE,p4a,FALSE,FALSE,muestra_insuficiente
4151,1122,13,13,3,2781,2976,TRUE,1,TRUE,1,TRUE,3,NA,1,NA,1,NA,TRUE,NA,TRUE,NA,p4a,FALSE,TRUE,muestra_insuficiente
1250,6112,3,10,1,293,297,TRUE,0.11157654226961157,FALSE,1,TRUE,NA,1,NA,0.1971736204576043,NA,1,NA,FALSE,NA,TRUE,p4a,FALSE,FALSE,muestra_insuficiente
5141,3360,2,9,1,348,335,TRUE,0.010070610024308368,FALSE,1,TRUE,NA,1,NA,0.018399069472348525,NA,1,NA,FALSE,NA,TRUE,p4a,FALSE,FALSE,muestra_insuficiente
1204,9313,2,2,1,118,119,TRUE,0.5959595959595959,TRUE,1,TRUE,1,NA,1,NA,1,NA,TRUE,NA,TRUE,NA,p4a,FALSE,TRUE,muestra_insuficiente
2121,5222,2,5,1,94,119,TRUE,0.2984126984126984,FALSE,1,TRUE,1,NA,0.746031746031746,NA,1,NA,TRUE,NA,TRUE,NA,p4a,FALSE,FALSE,muestra_insuficiente
1230,3110,2,2,1,94,95,TRUE,1,TRUE,1,TRUE,NA,1,NA,1,NA,1,NA,TRUE,NA,TRUE,p4a,FALSE,TRUE,muestra_insuficiente
1204,3360,2,7,2,210,213,TRUE,0.02502383222116301,FALSE,1,TRUE,1,1,0.01971014492753623,0.0335716506061548,1,1,FALSE,FALSE,TRUE,TRUE,p4a,FALSE,FALSE,muestra_insuficiente
5170,2221,1,2,1,95,96,TRUE,1,TRUE,1,TRUE,NA,1,NA,1,NA,1,NA,TRUE,NA,TRUE,p4a,FALSE,FALSE,muestra_insuficiente
6121,4820,1,2,1,101,102,TRUE,0.7013888888888888,TRUE,0.3493150684931507,FALSE,NA,1,NA,1,NA,0.3493150684931507,NA,TRUE,NA,FALSE,p4a,FALSE,FALSE,muestra_insuficiente
8310,9312,2,2,1,87,88,TRUE,0.5117647058823529,TRUE,1,TRUE,1,NA,1,NA,1,NA,TRUE,NA,TRUE,NA,p4a,FALSE,TRUE,muestra_insuficiente
1250,9311,3,3,1,94,95,TRUE,0.5193370165745856,TRUE,1,TRUE,1,NA,0.5193370165745856,NA,1,NA,TRUE,NA,TRUE,NA,p4a,FALSE,TRUE,muestra_insuficiente
7121,4671,8,8,1,112,114,TRUE,1,TRUE,1,TRUE,NA,1,NA,1,NA,1,NA,TRUE,NA,TRUE,p4a,FALSE,TRUE,muestra_insuficiente
6180,9314,1,13,1,175,297,TRUE,0.075790385448246,FALSE,1,TRUE,1,NA,0.08582638548307994,NA,1,NA,FALSE,NA,TRUE,NA,p4a,FALSE,FALSE,muestra_insuficiente
6180,4620,1,4,1,124,126,TRUE,1,TRUE,1,TRUE,NA,1,NA,1,NA,1,NA,TRUE,NA,TRUE,p4a,FALSE,FALSE,muestra_insuficiente
7201,4642,3,3,1,655,659,TRUE,0.16519546027742749,FALSE,1,TRUE,NA,1,NA,0.3088165959453088,NA,1,NA,FALSE,NA,TRUE,p4a,FALSE,TRUE,muestra_insuficiente
5141,8111,2,6,1,521,516,TRUE,0.7729970326409495,TRUE,1,TRUE,1,NA,1,NA,1,NA,TRUE,NA,TRUE,NA,p4a,FALSE,FALSE,muestra_insuficiente
1250,6142,3,3,1,754,739,TRUE,1,TRUE,1,TRUE,1,NA,1,NA,1,NA,TRUE,NA,TRUE,NA,p4a,FALSE,TRUE,muestra_insuficiente
7201,4671,3,6,1,810,787,TRUE,0.8526315789473684,TRUE,1,TRUE,NA,1,NA,1,NA,1,NA,TRUE,NA,TRUE,p4a,FALSE,FALSE,muestra_insuficiente
5141,2132,2,2,1,58,58,TRUE,1,TRUE,1,TRUE,NA,1,NA,1,NA,1,NA,TRUE,NA,TRUE,p4a,FALSE,TRUE,muestra_insuficiente
6180,8111,2,11,1,51,51,TRUE,1,TRUE,1,TRUE,NA,1,NA,1,NA,1,NA,TRUE,NA,TRUE,p4a,FALSE,FALSE,muestra_insuficiente
5141,2110,2,7,1,67,68,TRUE,0.335,FALSE,1,TRUE,NA,1,NA,0.46853146853146854,NA,1,NA,FALSE,NA,TRUE,p4a,FALSE,FALSE,muestra_insuficiente
6180,9314,1,3,1,55,56,TRUE,0.023819835426591596,FALSE,1,TRUE,1,NA,0.026974006866110838,NA,1,NA,FALSE,NA,TRUE,NA,p4a,FALSE,FALSE,muestra_insuficiente
1230,6221,2,2,1,60,61,TRUE,0.31413612565445026,FALSE,1,TRUE,NA,1,NA,1,NA,1,NA,TRUE,NA,TRUE,p4a,FALSE,TRUE,muestra_insuficiente
1204,2370,2,10,1,60,61,TRUE,0.375,FALSE,1,TRUE,NA,1,NA,1,NA,1,NA,TRUE,NA,TRUE,p4a,FALSE,FALSE,muestra_insuficiente
7121,4330,8,8,1,65,66,TRUE,1,TRUE,1,TRUE,NA,1,NA,1,NA,1,NA,TRUE,NA,TRUE,p4a,FALSE,TRUE,muestra_insuficiente
5380,2221,8,7,1,62,63,TRUE,0.19314641744548286,FALSE,1,TRUE,1,NA,0.24701195219123506,NA,1,NA,FALSE,NA,TRUE,NA,p4a,FALSE,FALSE,muestra_insuficiente
5170,2110,1,10,1,74,60,TRUE,1,TRUE,1,TRUE,1,NA,1,NA,1,NA,TRUE,NA,TRUE,NA,p4a,FALSE,FALSE,muestra_insuficiente
6110,6131,1,3,1,70,71,TRUE,1,TRUE,1,TRUE,1,NA,1,NA,1,NA,TRUE,NA,TRUE,NA,p4a,FALSE,FALSE,muestra_insuficiente
1250,9700,3,3,1,57,58,TRUE,1,TRUE,1,TRUE,NA,1,NA,1,NA,1,NA,TRUE,NA,TRUE,p4a,FALSE,TRUE,muestra_insuficiente
5141,2110,2,2,2,133,133,TRUE,0.665,TRUE,1,TRUE,1,1,1,0.5314685314685315,1,1,TRUE,TRUE,TRUE,TRUE,p4a,FALSE,TRUE,muestra_insuficiente
7201,4682,3,6,1,488,493,TRUE,0.31003811944091486,FALSE,1,TRUE,NA,1,NA,0.7124087591240876,NA,1,NA,TRUE,NA,TRUE,p4a,FALSE,FALSE,muestra_insuficiente
1204,8112,2,5,3,423,430,TRUE,0.04508153042736864,FALSE,1,TRUE,3,NA,0.06529793146032727,NA,1,NA,FALSE,NA,TRUE,NA,p4a,FALSE,FALSE,muestra_insuficiente
1204,2132,2,8,1,340,337,TRUE,1,TRUE,1,TRUE,NA,1,NA,1,NA,1,NA,TRUE,NA,TRUE,p4a,FALSE,FALSE,muestra_insuficiente
1204,4881,2,3,1,106,107,TRUE,1,TRUE,1,TRUE,1,NA,1,NA,1,NA,TRUE,NA,TRUE,NA,p4a,FALSE,FALSE,muestra_insuficiente
6121,4881,1,1,1,82,104,TRUE,0.37272727272727274,FALSE,1,TRUE,1,NA,0.37272727272727274,NA,1,NA,FALSE,NA,TRUE,NA,p4a,FALSE,TRUE,muestra_insuficiente
1204,2370,2,2,1,100,127,TRUE,0.625,TRUE,1,TRUE,1,NA,1,NA,1,NA,TRUE,NA,TRUE,NA,p4a,FALSE,TRUE,muestra_insuficiente
1230,9312,2,2,2,267,269,TRUE,0.5855263157894737,TRUE,1,TRUE,1,1,1,0.35494880546075086,1,1,TRUE,FALSE,TRUE,TRUE,p4a,FALSE,TRUE,muestra_insuficiente
6180,6222,1,7,1,74,75,TRUE,0.1522633744855967,FALSE,1,TRUE,NA,1,NA,0.16780045351473924,NA,1,NA,FALSE,NA,TRUE,p4a,FALSE,FALSE,muestra_insuficiente
6121,3250,1,3,1,119,120,TRUE,1,TRUE,1,TRUE,1,NA,1,NA,1,NA,TRUE,NA,TRUE,NA,p4a,FALSE,FALSE,muestra_insuficiente
8311,4830,2,2,1,113,92,TRUE,1,TRUE,1,TRUE,NA,1,NA,1,NA,1,NA,TRUE,NA,TRUE,p4a,FALSE,TRUE,muestra_insuficiente
6180,9314,2,7,1,166,156,TRUE,1,TRUE,0.2932330827067669,FALSE,NA,1,NA,1,NA,0.3979591836734694,NA,TRUE,NA,FALSE,p4a,FALSE,FALSE,muestra_insuficiente
8150,5120,4,4,1,1471,1484,TRUE,0.9800133244503664,TRUE,1,TRUE,NA,1,NA,0.9800133244503664,NA,1,NA,TRUE,NA,TRUE,p4a,FALSE,TRUE,muestra_insuficiente
6180,9313,1,1,1,655,658,TRUE,0.8539765319426337,TRUE,1,TRUE,NA,1,NA,0.8539765319426337,NA,1,NA,TRUE,NA,TRUE,p4a,FALSE,TRUE,muestra_insuficiente
7201,4631,3,4,2,534,544,TRUE,0.5907079646017699,TRUE,1,TRUE,2,NA,0.5907079646017699,NA,1,NA,TRUE,NA,TRUE,NA,p4a,FALSE,FALSE,muestra_insuficiente
7201,4631,3,11,1,267,272,TRUE,0.29535398230088494,FALSE,1,TRUE,1,NA,0.29535398230088494,NA,1,NA,FALSE,NA,TRUE,NA,p4a,FALSE,FALSE,muestra_insuficiente
7201,4340,3,5,1,68,67,TRUE,0.055284552845528454,FALSE,1,TRUE,1,NA,0.09563994374120956,NA,1,NA,FALSE,NA,TRUE,NA,p4a,FALSE,FALSE,muestra_insuficiente
5141,3260,2,10,1,135,109,TRUE,0.3901734104046243,FALSE,1,TRUE,1,NA,0.3901734104046243,NA,1,NA,FALSE,NA,TRUE,NA,p4a,FALSE,FALSE,muestra_insuficiente
1204,3110,2,7,1,117,119,TRUE,0.04406779661016949,FALSE,1,TRUE,NA,1,NA,0.08653846153846154,NA,1,NA,FALSE,NA,TRUE,p4a,FALSE,FALSE,muestra_insuficiente
1230,3130,2,2,1,100,102,TRUE,1,TRUE,1,TRUE,NA,1,NA,1,NA,1,NA,TRUE,NA,TRUE,p4a,FALSE,TRUE,muestra_insuficiente
6121,4850,1,2,1,89,70,TRUE,0.10947109471094711,FALSE,0.12237762237762238,FALSE,NA,1,NA,0.125,NA,1,NA,FALSE,NA,TRUE,p4a,FALSE,FALSE,muestra_insuficiente
7201,4340,3,4,2,153,173,TRUE,0.12439024390243902,FALSE,1,TRUE,NA,2,NA,0.2947976878612717,NA,1,NA,FALSE,NA,TRUE,p4a,FALSE,FALSE,muestra_insuficiente
2121,2361,2,1,1,89,91,TRUE,1,TRUE,0.558282208588957,TRUE,1,NA,1,NA,1,NA,TRUE,NA,TRUE,NA,p4a,FALSE,FALSE,muestra_insuficiente
5141,2370,2,7,1,266,277,TRUE,1,TRUE,1,TRUE,1,NA,1,NA,1,NA,TRUE,NA,TRUE,NA,p4a,FALSE,FALSE,muestra_insuficiente
6180,5613,1,10,1,97,76,TRUE,0.038249211356466875,FALSE,1,TRUE,1,NA,0.05388888888888889,NA,1,NA,FALSE,NA,TRUE,NA,p4a,FALSE,FALSE,muestra_insuficiente
5170,2210,1,8,1,86,84,TRUE,0.04028103044496487,FALSE,1,TRUE,1,NA,0.10058479532163743,NA,1,NA,FALSE,NA,TRUE,NA,p4a,FALSE,FALSE,muestra_insuficiente
5100,6222,1,7,1,96,93,TRUE,0.11428571428571428,FALSE,1,TRUE,NA,1,NA,1,NA,1,NA,TRUE,NA,TRUE,p4a,FALSE,FALSE,muestra_insuficiente
7201,4641,3,11,1,90,87,TRUE,1,TRUE,1,TRUE,1,NA,1,NA,1,NA,TRUE,NA,TRUE,NA,p4a,FALSE,FALSE,muestra_insuficiente
7201,7133,3,11,1,117,91,TRUE,1,TRUE,1,TRUE,1,NA,1,NA,1,NA,TRUE,NA,TRUE,NA,p4a,FALSE,FALSE,muestra_insuficiente
6110,4611,1,3,1,248,256,TRUE,1,TRUE,1,TRUE,1,NA,1,NA,1,NA,TRUE,NA,TRUE,NA,p4a,FALSE,FALSE,muestra_insuficiente
5141,4881,2,2,1,138,106,TRUE,1,TRUE,1,TRUE,1,NA,1,NA,1,NA,TRUE,NA,TRUE,NA,p4a,FALSE,TRUE,muestra_insuficiente
1230,2210,2,3,1,455,362,TRUE,0.7446808510638298,TRUE,1,TRUE,1,NA,0.7446808510638298,NA,1,NA,TRUE,NA,TRUE,NA,p4a,FALSE,FALSE,muestra_insuficiente
1230,3320,2,8,1,62,58,TRUE,1,TRUE,1,TRUE,NA,1,NA,1,NA,1,NA,TRUE,NA,TRUE,p4a,FALSE,FALSE,muestra_insuficiente
6110,4620,1,8,1,144,146,TRUE,0.015137180700094607,FALSE,1,TRUE,NA,1,NA,0.01793275217932752,NA,1,NA,FALSE,NA,TRUE,p4a,FALSE,FALSE,muestra_insuficiente
5100,7221,2,11,1,130,131,TRUE,0.10743801652892562,FALSE,1,TRUE,NA,1,NA,0.7303370786516854,NA,1,NA,TRUE,NA,TRUE,p4a,FALSE,FALSE,muestra_insuficiente
6110,3260,1,4,1,152,154,TRUE,1,TRUE,1,TRUE,1,NA,1,NA,1,NA,TRUE,NA,TRUE,NA,p4a,FALSE,FALSE,muestra_insuficiente
6101,9312,1,8,1,169,137,TRUE,0.020713322711116557,FALSE,1,TRUE,1,NA,0.0552648790058862,NA,1,NA,FALSE,NA,TRUE,NA,p4a,FALSE,FALSE,muestra_insuficiente
6101,6131,1,2,1,145,243,TRUE,0.04067321178120617,FALSE,1,TRUE,1,NA,0.08729680915111379,NA,1,NA,FALSE,NA,TRUE,NA,p4a,FALSE,FALSE,muestra_insuficiente
1204,3380,2,2,1,149,154,TRUE,0.1722543352601156,FALSE,1,TRUE,1,NA,0.39313984168865435,NA,1,NA,FALSE,NA,TRUE,NA,p4a,FALSE,TRUE,muestra_insuficiente
8150,8130,4,11,1,306,234,TRUE,0.140625,FALSE,1,TRUE,NA,1,NA,0.5377855887521968,NA,1,NA,TRUE,NA,TRUE,p4a,FALSE,FALSE,muestra_insuficiente
6110,3120,1,1,1,162,160,TRUE,0.14740673339399454,FALSE,1,TRUE,NA,1,NA,0.7363636363636363,NA,1,NA,TRUE,NA,TRUE,p4a,FALSE,TRUE,muestra_insuficiente
8150,7131,6,6,2,547,543,TRUE,0.2647628267182962,FALSE,1,TRUE,1,1,1,0.15891472868217055,1,1,TRUE,FALSE,TRUE,TRUE,p4a,FALSE,TRUE,muestra_insuficiente
4134,1130,13,11,1,163,153,TRUE,1,TRUE,0.43714285714285717,FALSE,NA,1,NA,1,NA,1,NA,TRUE,NA,TRUE,p4a,FALSE,FALSE,muestra_insuficiente
4134,1130,12,12,1,133,132,TRUE,0.40797546012269936,FALSE,1,TRUE,1,NA,0.40797546012269936,NA,1,NA,FALSE,NA,TRUE,NA,p4a,FALSE,TRUE,muestra_insuficiente
7201,3110,3,11,1,41,41,TRUE,1,TRUE,1,TRUE,NA,1,NA,1,NA,1,NA,TRUE,NA,TRUE,p4a,FALSE,FALSE,muestra_insuficiente
8150,5120,4,7,1,30,38,TRUE,0.019986675549633577,FALSE,1,TRUE,NA,1,NA,0.019986675549633577,NA,1,NA,FALSE,NA,TRUE,p4a,FALSE,FALSE,muestra_insuficiente
7121,4681,8,8,1,34,34,TRUE,0.011785095320623917,FALSE,1,TRUE,1,NA,0.015461573442473852,NA,1,NA,FALSE,NA,TRUE,NA,p4a,FALSE,TRUE,muestra_insuficiente
6121,4820,1,8,1,43,49,TRUE,0.2986111111111111,FALSE,1,TRUE,1,NA,1,NA,1,NA,TRUE,NA,TRUE,NA,p4a,FALSE,FALSE,muestra_insuficiente
2121,5222,2,2,1,32,32,TRUE,0.10158730158730159,FALSE,1,TRUE,1,NA,0.25396825396825395,NA,1,NA,FALSE,NA,TRUE,NA,p4a,FALSE,TRUE,muestra_insuficiente
2121,4671,2,9,1,42,43,TRUE,1,TRUE,1,TRUE,1,NA,1,NA,1,NA,TRUE,NA,TRUE,NA,p4a,FALSE,FALSE,muestra_insuficiente
7201,4612,3,3,1,34,35,TRUE,0.004263857536995234,FALSE,1,TRUE,NA,1,NA,0.029982363315696647,NA,1,NA,FALSE,NA,TRUE,p4a,FALSE,TRUE,muestra_insuficiente
2121,5611,2,3,1,53,47,TRUE,1,TRUE,0.27167630057803466,FALSE,1,NA,1,NA,0.27167630057803466,NA,TRUE,NA,FALSE,NA,p4a,FALSE,FALSE,muestra_insuficiente
1230,2122,2,2,1,249,248,TRUE,0.5081632653061224,TRUE,1,TRUE,1,NA,0.5081632653061224,NA,1,NA,TRUE,NA,TRUE,NA,p4a,FALSE,TRUE,muestra_insuficiente
5170,2122,1,8,1,219,223,TRUE,1,TRUE,1,TRUE,1,NA,1,NA,1,NA,TRUE,NA,TRUE,NA,p4a,FALSE,FALSE,muestra_insuficiente
1230,2122,2,1,1,241,237,TRUE,0.49183673469387756,FALSE,1,TRUE,1,NA,0.49183673469387756,NA,1,NA,FALSE,NA,TRUE,NA,p4a,FALSE,FALSE,muestra_insuficiente
7201,2,3,11,218,67882,67614,TRUE,0.6116432246380076,TRUE,1,TRUE,106,112,0.5876167439360344,0.6394433538706731,1,1,TRUE,TRUE,TRUE,TRUE,p4f,TRUE,FALSE,candidato_estadistico_no_aprobado_semanticamente
7201,4,3,11,25,7001,7200,TRUE,1,TRUE,1,TRUE,6,19,1,1,1,1,TRUE,TRUE,TRUE,TRUE,p4f,TRUE,FALSE,candidato_estadistico_no_aprobado_semanticamente
8150,6,6,6,1,112,113,TRUE,1,TRUE,1,TRUE,NA,1,NA,1,NA,1,NA,TRUE,NA,TRUE,p4f,FALSE,TRUE,muestra_insuficiente
7201,5,3,11,13,2910,3051,TRUE,0.588949605343048,TRUE,1,TRUE,11,2,0.7284192825112108,0.22651128914785143,1,1,TRUE,FALSE,TRUE,TRUE,p4f,FALSE,FALSE,muestra_insuficiente
7201,6,3,3,3,457,622,TRUE,0.6740412979351033,TRUE,1,TRUE,1,2,0.32,1,1,1,FALSE,TRUE,TRUE,TRUE,p4f,FALSE,TRUE,muestra_insuficiente
7201,2,3,3,156,31931,32935,TRUE,0.2877107304722345,FALSE,1,TRUE,78,78,0.2911543371632063,0.28372626382383237,1,1,FALSE,FALSE,TRUE,TRUE,p4f,FALSE,TRUE,sin_mayoria_reciproca_estable
7201,2,3,6,29,10428,9889,TRUE,0.09396033626771667,FALSE,1,TRUE,14,15,0.11091513807700061,0.07434257837554177,1,1,FALSE,FALSE,TRUE,TRUE,p4f,FALSE,FALSE,sin_mayoria_reciproca_estable
1204,8,2,5,1,222,225,TRUE,0.041682313180623355,FALSE,1,TRUE,NA,1,NA,0.10802919708029197,NA,1,NA,FALSE,NA,TRUE,p4f,FALSE,FALSE,muestra_insuficiente
1204,8,2,6,9,2104,2159,TRUE,0.3950431843785205,FALSE,1,TRUE,3,6,0.3103026597370835,0.5299270072992701,1,1,FALSE,TRUE,TRUE,TRUE,p4f,FALSE,FALSE,muestra_insuficiente
1204,6,2,6,4,1619,1615,TRUE,0.7944062806673209,TRUE,1,TRUE,2,2,0.2987012987012987,0.9098608590441621,1,1,FALSE,TRUE,TRUE,TRUE,p4f,FALSE,FALSE,muestra_insuficiente
7201,2,3,5,3,447,438,TRUE,0.004027643873386014,FALSE,1,TRUE,2,1,0.006769468521131492,8.551826009212649e-4,1,1,FALSE,FALSE,TRUE,TRUE,p4f,FALSE,FALSE,muestra_insuficiente
1204,8,2,2,7,3000,2781,TRUE,0.5632745024408562,TRUE,1,TRUE,4,3,0.6896973402629165,0.362043795620438,1,1,TRUE,FALSE,TRUE,TRUE,p4f,FALSE,TRUE,muestra_insuficiente
4134,1,12,11,2,193,197,TRUE,0.5920245398773006,TRUE,0.5628571428571428,TRUE,2,NA,0.5920245398773006,NA,1,NA,TRUE,NA,TRUE,NA,p4f,FALSE,FALSE,muestra_insuficiente
1204,2,2,11,1,104,104,TRUE,1,TRUE,1,TRUE,1,NA,1,NA,1,NA,TRUE,NA,TRUE,NA,p4f,FALSE,FALSE,muestra_insuficiente
7201,1,3,11,3,802,878,TRUE,0.9662650602409638,TRUE,1,TRUE,2,1,1,0.9350348027842227,1,1,TRUE,TRUE,TRUE,TRUE,p4f,FALSE,FALSE,muestra_insuficiente
8150,8,6,12,1,838,836,TRUE,0.7632058287795993,TRUE,1,TRUE,NA,1,NA,1,NA,1,NA,TRUE,NA,TRUE,p4f,FALSE,FALSE,muestra_insuficiente
1230,8,2,6,3,1137,1107,TRUE,1,TRUE,1,TRUE,1,2,1,1,1,1,TRUE,TRUE,TRUE,TRUE,p4f,FALSE,FALSE,muestra_insuficiente
7201,5,3,6,4,1132,1108,TRUE,0.22910342036025097,FALSE,1,TRUE,2,2,0.07090807174887892,0.640203932993445,1,1,FALSE,TRUE,TRUE,TRUE,p4f,FALSE,FALSE,muestra_insuficiente
1204,6,2,2,3,419,502,TRUE,0.2055937193326791,FALSE,1,TRUE,2,1,0.7012987012987013,0.09013914095583787,1,1,TRUE,FALSE,TRUE,TRUE,p4f,FALSE,TRUE,muestra_insuficiente
7201,7,3,3,1,132,136,TRUE,0.2926829268292683,FALSE,1,TRUE,1,NA,0.32195121951219513,NA,1,NA,FALSE,NA,TRUE,NA,p4f,FALSE,TRUE,muestra_insuficiente
8150,3,6,11,1,845,852,TRUE,1,TRUE,0.5,FALSE,NA,1,NA,1,NA,0.5,NA,TRUE,NA,FALSE,p4f,FALSE,FALSE,muestra_insuficiente
8150,3,4,11,1,845,852,TRUE,1,TRUE,0.5,FALSE,NA,1,NA,1,NA,0.5,NA,TRUE,NA,FALSE,p4f,FALSE,FALSE,muestra_insuficiente
1250,8,3,1,1,1247,1252,TRUE,1,TRUE,1,TRUE,NA,1,NA,1,NA,1,NA,TRUE,NA,TRUE,p4f,FALSE,FALSE,muestra_insuficiente
8150,2,6,6,1,108,136,TRUE,1,TRUE,1,TRUE,1,NA,1,NA,1,NA,TRUE,NA,TRUE,NA,p4f,FALSE,TRUE,muestra_insuficiente
1204,7,2,2,1,47,47,TRUE,0.10021321961620469,FALSE,1,TRUE,1,NA,0.10021321961620469,NA,1,NA,FALSE,NA,TRUE,NA,p4f,FALSE,TRUE,muestra_insuficiente
7201,2,3,4,2,295,298,TRUE,0.0026580647486551994,FALSE,1,TRUE,1,1,0.0035443123026271586,0.0016326213290315057,1,1,FALSE,FALSE,TRUE,TRUE,p4f,FALSE,FALSE,muestra_insuficiente
7201,5,3,4,2,785,778,TRUE,0.15887472171625178,FALSE,1,TRUE,1,1,0.2006726457399103,0.050254916241806266,1,1,FALSE,FALSE,TRUE,TRUE,p4f,FALSE,FALSE,muestra_insuficiente
1204,7,2,11,1,174,172,TRUE,0.37100213219616207,FALSE,1,TRUE,1,NA,0.37100213219616207,NA,1,NA,FALSE,NA,TRUE,NA,p4f,FALSE,FALSE,muestra_insuficiente
1250,7,3,2,1,122,102,TRUE,1,TRUE,1,TRUE,NA,1,NA,1,NA,1,NA,TRUE,NA,TRUE,p4f,FALSE,FALSE,muestra_insuficiente
7201,5,3,5,2,114,111,TRUE,0.0230722525804493,FALSE,1,TRUE,NA,2,NA,0.08302986161689731,NA,1,NA,FALSE,NA,TRUE,p4f,FALSE,FALSE,muestra_insuficiente
6180,8,2,2,1,98,102,TRUE,1,TRUE,1,TRUE,NA,1,NA,1,NA,1,NA,TRUE,NA,TRUE,p4f,FALSE,TRUE,muestra_insuficiente
1204,7,2,5,1,248,260,TRUE,0.5287846481876333,TRUE,1,TRUE,1,NA,0.5287846481876333,NA,1,NA,TRUE,NA,TRUE,NA,p4f,FALSE,FALSE,muestra_insuficiente
7201,7,3,5,1,68,67,TRUE,0.15077605321507762,FALSE,1,TRUE,1,NA,0.16585365853658537,NA,1,NA,FALSE,NA,TRUE,NA,p4f,FALSE,FALSE,muestra_insuficiente
8150,1,6,6,1,287,285,TRUE,1,TRUE,1,TRUE,NA,1,NA,1,NA,1,NA,TRUE,NA,TRUE,p4f,FALSE,TRUE,muestra_insuficiente
8150,8,6,6,1,260,258,TRUE,0.23679417122040072,FALSE,1,TRUE,1,NA,1,NA,1,NA,TRUE,NA,TRUE,NA,p4f,FALSE,TRUE,muestra_insuficiente
4134,1,13,11,1,163,153,TRUE,1,TRUE,0.43714285714285717,FALSE,NA,1,NA,1,NA,1,NA,TRUE,NA,TRUE,p4f,FALSE,FALSE,muestra_insuficiente
4134,1,12,12,1,133,132,TRUE,0.40797546012269936,FALSE,1,TRUE,1,NA,0.40797546012269936,NA,1,NA,FALSE,NA,TRUE,NA,p4f,FALSE,TRUE,muestra_insuficiente
7201,7,3,11,1,41,41,TRUE,0.09090909090909091,FALSE,1,TRUE,NA,1,NA,1,NA,1,NA,TRUE,NA,TRUE,p4f,FALSE,FALSE,muestra_insuficiente
7201,1,3,3,1,28,29,TRUE,0.033734939759036145,FALSE,1,TRUE,NA,1,NA,0.06496519721577726,NA,1,NA,FALSE,NA,TRUE,p4f,FALSE,TRUE,muestra_insuficiente
7201,6,3,6,1,221,234,TRUE,0.32595870206489674,FALSE,1,TRUE,1,NA,0.68,NA,1,NA,TRUE,NA,TRUE,NA,p4f,FALSE,FALSE,muestra_insuficiente
7201,7,3,6,1,210,210,TRUE,0.4656319290465632,TRUE,1,TRUE,1,NA,0.5121951219512195,NA,1,NA,TRUE,NA,TRUE,NA,p4f,FALSE,FALSE,muestra_insuficiente
7201,7,3,3,433,119472,122419,TRUE,0.44503548080683913,TRUE,1,TRUE,214,219,0.4151826063064431,0.4767579445571332,1,1,FALSE,TRUE,TRUE,TRUE,scian,FALSE,TRUE,sin_mayoria_reciproca_estable
5141,5,2,7,114,30082,30646,TRUE,0.5206660204929382,TRUE,1,TRUE,60,54,0.5994571816298836,0.44656411634311816,1,1,TRUE,TRUE,TRUE,TRUE,scian,FALSE,FALSE,sin_mayoria_reciproca_estable
5141,5,2,8,48,8964,8771,TRUE,0.15515092772085295,FALSE,1,TRUE,24,24,0.1644168273694736,0.14643648821119098,1,1,FALSE,FALSE,TRUE,TRUE,scian,FALSE,FALSE,sin_mayoria_reciproca_estable
7201,7,3,6,87,28620,28078,TRUE,0.10661004637648767,FALSE,1,TRUE,43,44,0.10191391365335531,0.11160028274632737,1,1,FALSE,FALSE,TRUE,TRUE,scian,FALSE,FALSE,sin_mayoria_reciproca_estable
1204,5,2,1,7,1956,1940,TRUE,0.0768898148512127,FALSE,1,TRUE,3,4,0.06983584131326949,0.086422035308254,1,1,FALSE,FALSE,TRUE,TRUE,scian,FALSE,FALSE,muestra_insuficiente
1230,12,2,3,1,102,103,TRUE,0.07234042553191489,FALSE,1,TRUE,NA,1,NA,0.09156193895870736,NA,1,NA,FALSE,NA,TRUE,scian,FALSE,FALSE,muestra_insuficiente
1230,12,2,2,4,1308,1136,TRUE,0.9276595744680851,TRUE,1,TRUE,2,2,1,0.9084380610412927,1,1,TRUE,TRUE,TRUE,TRUE,scian,FALSE,TRUE,muestra_insuficiente
6101,15,1,1,32,9097,9144,TRUE,0.7134342404517293,TRUE,0.9858760107816712,TRUE,13,19,0.43425995492111197,0.9135586374040663,0.9862837548221175,0.9857389801210026,FALSE,TRUE,TRUE,TRUE,scian,FALSE,TRUE,sin_mayoria_reciproca_estable
1204,5,2,2,33,6679,6660,TRUE,0.2625496285231338,FALSE,1,TRUE,14,19,0.23919288645690834,0.2941122100009243,1,1,FALSE,FALSE,TRUE,TRUE,scian,FALSE,TRUE,sin_mayoria_reciproca_estable
6101,20,1,2,72,15935,17547,TRUE,0.5303711100016641,TRUE,1,TRUE,32,40,0.46776252792850304,0.575172728830012,1,1,TRUE,TRUE,TRUE,TRUE,scian,FALSE,FALSE,sin_mayoria_reciproca_estable
1230,15,2,2,4,1118,1147,TRUE,0.5771812080536913,TRUE,1,TRUE,2,2,1,0.4678362573099415,1,1,TRUE,FALSE,TRUE,TRUE,scian,FALSE,TRUE,muestra_insuficiente
7201,7,3,11,318,108046,108011,TRUE,0.40247341267624,FALSE,1,TRUE,158,160,0.4411401054207067,0.3613851496711537,1,1,TRUE,FALSE,TRUE,TRUE,scian,FALSE,FALSE,sin_mayoria_reciproca_estable
5100,18,1,1,1,197,199,TRUE,0.07623839009287926,FALSE,1,TRUE,1,NA,0.1177525403466826,NA,1,NA,FALSE,NA,TRUE,NA,scian,FALSE,TRUE,muestra_insuficiente
2125,16,2,1,2,209,213,TRUE,1,TRUE,1,TRUE,NA,2,NA,1,NA,1,NA,TRUE,NA,TRUE,scian,FALSE,FALSE,muestra_insuficiente
1204,5,2,8,38,14391,14595,TRUE,0.5657061991430481,TRUE,1,TRUE,24,14,0.6545827633378933,0.4456049542471578,1,1,TRUE,TRUE,TRUE,TRUE,scian,FALSE,FALSE,sin_mayoria_reciproca_estable
8150,19,6,6,2,220,249,TRUE,0.12249443207126949,FALSE,1,TRUE,1,1,0.1276595744680851,0.11789473684210526,1,1,FALSE,FALSE,TRUE,TRUE,scian,FALSE,TRUE,muestra_insuficiente
6101,15,1,2,7,610,731,TRUE,0.04783938514626304,FALSE,0.41581342434584756,FALSE,6,1,0.0978587528174305,0.011983304160495489,0.3849502487562189,0.7466666666666667,FALSE,FALSE,FALSE,TRUE,scian,FALSE,FALSE,muestra_insuficiente
5141,5,2,10,9,3243,3248,TRUE,0.056130573248407645,FALSE,1,TRUE,2,7,0.007856581672737662,0.10153153758312622,1,1,FALSE,FALSE,TRUE,TRUE,scian,FALSE,FALSE,muestra_insuficiente
2121,7,2,2,2,284,290,TRUE,0.5378787878787878,TRUE,0.47854785478547857,FALSE,1,1,0.5205992509363296,0.5555555555555556,1,0.3174946004319654,TRUE,TRUE,TRUE,FALSE,scian,FALSE,TRUE,muestra_insuficiente
6180,14,2,2,3,465,475,TRUE,1,TRUE,1,TRUE,1,2,1,1,1,1,TRUE,TRUE,TRUE,TRUE,scian,FALSE,TRUE,muestra_insuficiente
5380,20,8,7,4,1685,1680,TRUE,1,TRUE,1,TRUE,2,2,1,1,1,1,TRUE,TRUE,TRUE,TRUE,scian,FALSE,FALSE,muestra_insuficiente
5141,5,2,1,27,8409,8777,TRUE,0.14554486291885904,FALSE,1,TRUE,13,14,0.1133490464966788,0.17582454490495064,1,1,FALSE,FALSE,TRUE,TRUE,scian,FALSE,FALSE,sin_mayoria_reciproca_estable
5100,5,1,1,3,572,588,TRUE,0.16507936507936508,FALSE,1,TRUE,1,2,0.13289401427786932,0.20072992700729927,1,1,FALSE,FALSE,TRUE,TRUE,scian,FALSE,TRUE,muestra_insuficiente
1204,5,2,7,5,753,729,TRUE,0.029600220134439248,FALSE,1,TRUE,2,3,0.028590971272229822,0.030964044736112396,1,1,FALSE,FALSE,TRUE,TRUE,scian,FALSE,FALSE,muestra_insuficiente
5170,5,1,10,2,321,322,TRUE,0.6743697478991597,TRUE,1,TRUE,2,NA,0.6743697478991597,NA,1,NA,TRUE,NA,TRUE,NA,scian,FALSE,FALSE,muestra_insuficiente
6121,8,1,3,2,497,490,TRUE,0.15468409586056645,FALSE,0.7941653160453809,TRUE,NA,2,NA,0.17444717444717445,NA,0.8521739130434782,NA,FALSE,NA,TRUE,scian,FALSE,FALSE,muestra_insuficiente
8150,17,4,13,3,471,629,TRUE,0.13926670609107036,FALSE,1,TRUE,1,2,0.09283387622149837,0.1495664739884393,1,1,FALSE,FALSE,TRUE,TRUE,scian,FALSE,FALSE,muestra_insuficiente
7121,7,8,10,6,2851,2830,TRUE,0.9280598958333334,TRUE,1,TRUE,4,2,0.9845384265575261,0.7857961053837342,1,1,TRUE,TRUE,TRUE,TRUE,scian,FALSE,FALSE,muestra_insuficiente
6110,20,1,7,3,504,504,TRUE,0.039603960396039604,FALSE,1,TRUE,1,2,0.012142514778718645,0.0661821555589918,1,1,FALSE,FALSE,TRUE,TRUE,scian,FALSE,FALSE,muestra_insuficiente
1204,3,2,8,2,437,432,TRUE,0.21400587659157688,FALSE,1,TRUE,1,1,0.5656108597285068,0.171334431630972,1,1,TRUE,FALSE,TRUE,TRUE,scian,FALSE,FALSE,muestra_insuficiente
4109,1,13,13,10,1930,1890,TRUE,0.24353312302839117,FALSE,1,TRUE,9,1,0.5287157287157287,0.02197309417040359,1,1,TRUE,FALSE,TRUE,TRUE,scian,FALSE,TRUE,muestra_insuficiente
4109,1,13,10,10,2694,2719,TRUE,0.33993690851735014,FALSE,1,TRUE,3,7,0.11515151515151516,0.5145739910313901,1,1,FALSE,TRUE,TRUE,TRUE,scian,FALSE,FALSE,muestra_insuficiente
1250,5,3,3,1,628,506,TRUE,1,TRUE,1,TRUE,NA,1,NA,1,NA,1,NA,TRUE,NA,TRUE,scian,FALSE,TRUE,muestra_insuficiente
5380,21,8,10,1,467,487,TRUE,1,TRUE,1,TRUE,NA,1,NA,1,NA,1,NA,TRUE,NA,TRUE,scian,FALSE,FALSE,muestra_insuficiente
1204,1,2,10,1,152,146,TRUE,1,TRUE,1,TRUE,NA,1,NA,1,NA,1,NA,TRUE,NA,TRUE,scian,FALSE,FALSE,muestra_insuficiente
6110,7,1,2,8,2734,2947,TRUE,0.26717482654158115,FALSE,0.9577510562235944,TRUE,3,5,0.45392646391284613,0.21594022415940226,1,0.9383009017560513,FALSE,FALSE,TRUE,TRUE,scian,FALSE,FALSE,muestra_insuficiente
1204,4,2,5,3,1195,1321,TRUE,0.44079675396532647,TRUE,1,TRUE,NA,3,NA,0.6887608069164265,NA,1,NA,TRUE,NA,TRUE,scian,FALSE,FALSE,muestra_insuficiente
6180,16,1,2,1,262,265,TRUE,0.39398496240601505,TRUE,1,TRUE,NA,1,NA,0.5941043083900227,NA,1,NA,TRUE,NA,TRUE,scian,FALSE,FALSE,muestra_insuficiente
5141,5,2,3,5,2083,1234,TRUE,0.03605303240099696,FALSE,1,TRUE,3,2,0.019355760302835513,0.05175656613152415,1,1,FALSE,FALSE,TRUE,TRUE,scian,FALSE,FALSE,muestra_insuficiente
1204,4,2,6,3,873,773,TRUE,0.3220213943194393,FALSE,1,TRUE,1,2,0.444672131147541,0.25302593659942363,1,1,TRUE,FALSE,TRUE,TRUE,scian,FALSE,FALSE,muestra_insuficiente
5141,7,2,7,1,287,287,TRUE,1,TRUE,1,TRUE,NA,1,NA,1,NA,1,NA,TRUE,NA,TRUE,scian,FALSE,FALSE,muestra_insuficiente
1250,20,3,3,55,7921,8164,TRUE,0.5490399944548416,TRUE,1,TRUE,34,21,0.4801788981500305,0.6966659402920026,1,1,TRUE,TRUE,TRUE,TRUE,scian,FALSE,TRUE,sin_mayoria_reciproca_estable
5380,5,8,8,19,6224,6345,TRUE,0.641847994225018,TRUE,1,TRUE,9,10,0.7066478076379067,0.6046738072054528,1,1,TRUE,TRUE,TRUE,TRUE,scian,TRUE,TRUE,candidato_estadistico_no_aprobado_semanticamente
1204,5,2,3,2,411,435,TRUE,0.016156295451865248,FALSE,1,TRUE,NA,2,NA,0.037988723541917,NA,1,NA,FALSE,NA,TRUE,scian,FALSE,FALSE,muestra_insuficiente
5380,5,8,10,6,2662,2677,TRUE,0.2745178921315871,FALSE,1,TRUE,2,4,0.17765205091937766,0.33008763388510226,1,1,FALSE,FALSE,TRUE,TRUE,scian,FALSE,FALSE,muestra_insuficiente
1204,19,2,11,5,2120,2207,TRUE,0.14063018242122718,FALSE,1,TRUE,4,1,0.24351761252446183,0.01869836208146108,1,1,FALSE,FALSE,TRUE,TRUE,scian,FALSE,FALSE,muestra_insuficiente
1250,20,3,1,21,3041,3219,TRUE,0.2107853330560754,FALSE,1,TRUE,17,4,0.27780036592803414,0.06711701895837874,1,1,FALSE,FALSE,TRUE,TRUE,scian,FALSE,FALSE,muestra_insuficiente
4109,21,13,9,1,171,166,TRUE,1,TRUE,1,TRUE,NA,1,NA,1,NA,1,NA,TRUE,NA,TRUE,scian,FALSE,FALSE,muestra_insuficiente
6110,10,1,2,5,2056,1499,TRUE,0.43791267305644305,TRUE,0.9746423927178154,TRUE,4,1,0.32476763258611263,0.5101186322400558,1,0.9583333333333334,FALSE,TRUE,TRUE,TRUE,scian,FALSE,FALSE,muestra_insuficiente
8311,20,2,10,18,3279,3240,TRUE,0.486715155113552,TRUE,1,TRUE,8,10,0.5845493562231759,0.43498978897208984,1,1,TRUE,FALSE,TRUE,TRUE,scian,FALSE,FALSE,sin_mayoria_reciproca_estable
6121,20,1,1,7,1056,1163,TRUE,0.28517418309478804,FALSE,1,TRUE,6,1,0.44144144144144143,0.05124747134187458,1,1,TRUE,FALSE,TRUE,TRUE,scian,FALSE,TRUE,muestra_insuficiente
1204,2,2,8,2,384,382,TRUE,0.45714285714285713,FALSE,1,TRUE,NA,2,NA,0.45714285714285713,NA,1,NA,FALSE,NA,TRUE,scian,FALSE,FALSE,muestra_insuficiente
6180,16,1,1,2,150,153,TRUE,0.22556390977443608,FALSE,1,TRUE,1,1,0.20089285714285715,0.23809523809523808,1,1,FALSE,FALSE,TRUE,TRUE,scian,FALSE,TRUE,muestra_insuficiente
6110,7,1,1,4,2420,2400,TRUE,0.23648978794097528,FALSE,1,TRUE,1,3,0.016795279164775308,0.2967621419676214,1,1,FALSE,FALSE,TRUE,TRUE,scian,FALSE,TRUE,muestra_insuficiente
2126,20,1,3,2,1081,880,TRUE,0.6611620795107034,TRUE,1,TRUE,2,NA,0.9617437722419929,NA,1,NA,TRUE,NA,TRUE,NA,scian,FALSE,FALSE,muestra_insuficiente
1204,16,2,2,4,1421,1396,TRUE,0.4346895074946467,FALSE,1,TRUE,2,2,0.46159554730983304,0.3083623693379791,1,1,FALSE,FALSE,TRUE,TRUE,scian,FALSE,TRUE,muestra_insuficiente
6110,20,1,1,26,5914,6661,TRUE,0.4647179003614647,TRUE,1,TRUE,14,12,0.3986259785908292,0.528684088449049,1,1,TRUE,TRUE,TRUE,TRUE,scian,FALSE,TRUE,sin_mayoria_reciproca_estable
1204,19,2,6,10,2850,3001,TRUE,0.1890547263681592,FALSE,1,TRUE,4,6,0.08512720156555773,0.3122191621974199,1,1,FALSE,FALSE,TRUE,TRUE,scian,FALSE,FALSE,muestra_insuficiente
5100,5,2,5,4,2001,1975,TRUE,0.6730575176589304,TRUE,1,TRUE,NA,4,NA,0.9074829931972789,NA,1,NA,TRUE,NA,TRUE,scian,FALSE,FALSE,muestra_insuficiente
5100,18,2,7,1,48,38,TRUE,0.03966942148760331,FALSE,0.024869109947643978,FALSE,NA,1,NA,0.2696629213483146,NA,0.03885480572597137,NA,FALSE,NA,FALSE,scian,FALSE,FALSE,muestra_insuficiente
1230,16,2,2,22,4980,5054,TRUE,0.7755801277059649,TRUE,1,TRUE,12,10,0.9278705913550782,0.5588679245283019,1,1,TRUE,TRUE,TRUE,TRUE,scian,TRUE,TRUE,candidato_estadistico_no_aprobado_semanticamente
2126,20,1,1,5,554,561,TRUE,0.3388379204892966,FALSE,1,TRUE,1,4,0.03825622775800712,1,1,1,FALSE,TRUE,TRUE,TRUE,scian,FALSE,TRUE,muestra_insuficiente
2121,19,2,1,1,45,46,TRUE,1,TRUE,0.08863198458574181,FALSE,NA,1,NA,1,NA,0.08863198458574181,NA,TRUE,NA,FALSE,scian,FALSE,FALSE,muestra_insuficiente
1204,7,2,8,1,54,55,TRUE,0.09015025041736227,FALSE,1,TRUE,1,NA,0.10909090909090909,NA,1,NA,FALSE,NA,TRUE,NA,scian,FALSE,FALSE,muestra_insuficiente
8150,20,4,10,1,47,47,TRUE,0.0817391304347826,FALSE,1,TRUE,1,NA,0.09853249475890985,NA,1,NA,FALSE,NA,TRUE,NA,scian,FALSE,FALSE,muestra_insuficiente
1250,15,3,3,10,1945,1905,TRUE,0.46732340221047575,TRUE,1,TRUE,6,4,0.6641643619122877,0.1618638871857756,1,1,TRUE,FALSE,TRUE,TRUE,scian,FALSE,TRUE,muestra_insuficiente
5100,18,2,4,2,121,122,TRUE,0.1,FALSE,0.5446428571428571,TRUE,2,NA,0.11724806201550388,NA,0.5446428571428571,NA,FALSE,NA,TRUE,NA,scian,FALSE,FALSE,muestra_insuficiente
5170,2,1,1,1,45,46,TRUE,0.13313609467455623,FALSE,1,TRUE,1,NA,0.13313609467455623,NA,1,NA,FALSE,NA,TRUE,NA,scian,FALSE,TRUE,muestra_insuficiente
6101,20,1,1,49,8155,8580,TRUE,0.2714261940422699,FALSE,1,TRUE,21,28,0.3239706351739547,0.23382630046251357,1,1,FALSE,FALSE,TRUE,TRUE,scian,FALSE,TRUE,sin_mayoria_reciproca_estable
6110,6,1,3,1,238,217,TRUE,0.15063291139240506,FALSE,1,TRUE,1,NA,0.4061433447098976,NA,1,NA,FALSE,NA,TRUE,NA,scian,FALSE,FALSE,muestra_insuficiente
1230,3,2,8,1,156,173,TRUE,0.2553191489361702,FALSE,1,TRUE,1,NA,0.2553191489361702,NA,1,NA,FALSE,NA,TRUE,NA,scian,FALSE,FALSE,muestra_insuficiente
5170,3,1,1,6,807,850,TRUE,0.3618834080717489,TRUE,1,TRUE,2,4,0.3929824561403509,0.34254545454545454,1,1,FALSE,FALSE,TRUE,TRUE,scian,FALSE,TRUE,muestra_insuficiente
4109,1,13,11,21,3301,3330,TRUE,0.41652996845425866,TRUE,1,TRUE,6,15,0.35613275613275613,0.4634529147982063,1,1,FALSE,FALSE,TRUE,TRUE,scian,FALSE,FALSE,sin_mayoria_reciproca_estable
1204,7,2,2,2,187,188,TRUE,0.3121869782971619,TRUE,1,TRUE,1,1,0.25656565656565655,0.5769230769230769,1,1,FALSE,TRUE,TRUE,TRUE,scian,FALSE,TRUE,muestra_insuficiente
6180,18,1,8,1,99,113,TRUE,0.47596153846153844,FALSE,1,TRUE,NA,1,NA,1,NA,1,NA,TRUE,NA,TRUE,scian,FALSE,FALSE,muestra_insuficiente
6121,20,1,2,8,2176,2160,TRUE,0.5876316500135026,TRUE,1,TRUE,4,4,0.3801801801801802,0.8981793661496965,1,1,FALSE,TRUE,TRUE,TRUE,scian,FALSE,FALSE,muestra_insuficiente
1204,16,2,8,5,1848,2138,TRUE,0.5653104925053534,TRUE,1,TRUE,3,2,0.538404452690167,0.6916376306620209,1,1,TRUE,TRUE,TRUE,TRUE,scian,FALSE,FALSE,muestra_insuficiente
6110,16,1,1,1,39,42,TRUE,1,TRUE,1,TRUE,1,NA,1,NA,1,NA,TRUE,NA,TRUE,NA,scian,FALSE,TRUE,muestra_insuficiente
6110,15,1,1,5,329,310,TRUE,0.8245614035087719,TRUE,1,TRUE,3,2,0.7643097643097643,1,1,1,TRUE,TRUE,TRUE,TRUE,scian,FALSE,TRUE,muestra_insuficiente
8150,20,4,1,3,430,441,TRUE,0.7478260869565218,TRUE,1,TRUE,3,NA,0.9014675052410901,NA,1,NA,TRUE,NA,TRUE,NA,scian,FALSE,FALSE,muestra_insuficiente
5170,20,1,8,2,829,827,TRUE,0.5900355871886122,TRUE,1,TRUE,2,NA,0.5900355871886122,NA,1,NA,TRUE,NA,TRUE,NA,scian,FALSE,FALSE,muestra_insuficiente
7201,1,3,11,2,741,799,TRUE,1,TRUE,1,TRUE,2,NA,1,NA,1,NA,TRUE,NA,TRUE,NA,scian,FALSE,FALSE,muestra_insuficiente
6180,15,1,13,1,35,36,TRUE,0.01529051987767584,FALSE,1,TRUE,NA,1,NA,0.1320754716981132,NA,1,NA,FALSE,NA,TRUE,scian,FALSE,FALSE,muestra_insuficiente
1250,20,3,2,13,2320,2414,TRUE,0.1608095931240036,FALSE,1,TRUE,8,5,0.1479975604797723,0.18827631292220529,1,1,FALSE,FALSE,TRUE,TRUE,scian,FALSE,FALSE,sin_mayoria_reciproca_estable
8311,20,2,8,7,684,675,TRUE,0.1015288704170996,FALSE,1,TRUE,5,2,0.2206008583690987,0.038574994327206714,1,1,FALSE,FALSE,TRUE,TRUE,scian,FALSE,FALSE,muestra_insuficiente
2125,15,2,2,27,7382,7383,TRUE,1,TRUE,0.4477802037845706,FALSE,19,8,1,1,0.48928372241255674,0.31546863093726185,TRUE,TRUE,FALSE,FALSE,scian,FALSE,TRUE,sin_mayoria_reciproca_estable
1204,20,2,8,1,48,49,TRUE,0.24242424242424243,FALSE,1,TRUE,NA,1,NA,0.6,NA,1,NA,TRUE,NA,TRUE,scian,FALSE,FALSE,muestra_insuficiente
6121,6,1,1,1,37,38,TRUE,1,TRUE,1,TRUE,1,NA,1,NA,1,NA,TRUE,NA,TRUE,NA,scian,FALSE,TRUE,muestra_insuficiente
1204,6,2,8,4,431,437,TRUE,1,TRUE,1,TRUE,NA,4,NA,1,NA,1,NA,TRUE,NA,TRUE,scian,FALSE,FALSE,muestra_insuficiente
5100,15,2,2,1,38,39,TRUE,1,TRUE,1,TRUE,1,NA,1,NA,1,NA,TRUE,NA,TRUE,NA,scian,FALSE,TRUE,muestra_insuficiente
8311,20,2,7,1,35,35,TRUE,0.005195190737717085,FALSE,1,TRUE,NA,1,NA,0.007941910596777853,NA,1,NA,FALSE,NA,TRUE,scian,FALSE,FALSE,muestra_insuficiente
8311,20,2,3,2,142,141,TRUE,0.0210776309930236,FALSE,1,TRUE,1,1,0.04377682403433476,0.009076469253460404,1,1,FALSE,FALSE,TRUE,TRUE,scian,FALSE,FALSE,muestra_insuficiente
1250,19,3,1,1,35,36,TRUE,1,TRUE,1,TRUE,NA,1,NA,1,NA,1,NA,TRUE,NA,TRUE,scian,FALSE,FALSE,muestra_insuficiente
6110,20,1,3,16,3763,3983,TRUE,0.2956938550997957,FALSE,1,TRUE,7,9,0.24444799488736219,0.3452914798206278,1,1,FALSE,FALSE,TRUE,TRUE,scian,FALSE,FALSE,sin_mayoria_reciproca_estable
7121,7,8,3,1,75,73,TRUE,0.0244140625,FALSE,1,TRUE,NA,1,NA,0.0859106529209622,NA,1,NA,FALSE,NA,TRUE,scian,FALSE,FALSE,muestra_insuficiente
7201,7,3,5,8,3615,3553,TRUE,0.013465944012963067,FALSE,1,TRUE,3,5,0.011019283746556474,0.016065830721003135,1,1,FALSE,FALSE,TRUE,TRUE,scian,FALSE,FALSE,muestra_insuficiente
6101,15,1,3,8,2438,2297,TRUE,0.19120069014194965,FALSE,0.9531120331950207,TRUE,7,1,0.4487227648384673,0.006597549481621112,1,0.3067484662576687,TRUE,FALSE,TRUE,FALSE,scian,FALSE,FALSE,muestra_insuficiente
7121,5,8,10,5,579,605,TRUE,0.21468298109010012,FALSE,1,TRUE,4,1,0.7799607072691552,0.08318098720292505,1,1,TRUE,FALSE,TRUE,TRUE,scian,FALSE,FALSE,muestra_insuficiente
4120,1,13,11,41,8711,8677,TRUE,0.8283567896538608,TRUE,1,TRUE,29,12,0.7699591836734694,0.9098155317695286,1,1,TRUE,TRUE,TRUE,TRUE,scian,TRUE,FALSE,candidato_estadistico_no_aprobado_semanticamente
4119,1,13,11,7,1726,1643,TRUE,1,TRUE,1,TRUE,2,5,1,1,1,1,TRUE,TRUE,TRUE,TRUE,scian,FALSE,FALSE,muestra_insuficiente
1230,20,2,7,4,687,645,TRUE,0.27524038461538464,FALSE,1,TRUE,1,3,0.060544904137235116,0.41661129568106314,1,1,FALSE,TRUE,TRUE,TRUE,scian,FALSE,FALSE,muestra_insuficiente
1230,20,2,2,6,1310,1430,TRUE,0.5248397435897436,TRUE,1,TRUE,4,2,0.8234106962663976,0.3282392026578073,1,1,TRUE,FALSE,TRUE,TRUE,scian,FALSE,TRUE,muestra_insuficiente
6110,4,1,2,1,159,159,TRUE,0.48773006134969327,FALSE,1,TRUE,NA,1,NA,1,NA,1,NA,TRUE,NA,TRUE,scian,FALSE,FALSE,muestra_insuficiente
6110,4,1,3,1,167,167,TRUE,0.5122699386503068,TRUE,1,TRUE,1,NA,1,NA,1,NA,TRUE,NA,TRUE,NA,scian,FALSE,FALSE,muestra_insuficiente
5141,14,2,8,1,110,136,TRUE,0.13142174432497014,FALSE,1,TRUE,1,NA,1,NA,1,NA,TRUE,NA,TRUE,NA,scian,FALSE,FALSE,muestra_insuficiente
1204,19,2,2,16,7169,6986,TRUE,0.47555555555555556,TRUE,1,TRUE,9,7,0.5311888454011742,0.4096245832729381,1,1,TRUE,TRUE,TRUE,TRUE,scian,FALSE,TRUE,sin_mayoria_reciproca_estable
1230,5,2,4,1,101,99,TRUE,0.06778523489932886,FALSE,1,TRUE,NA,1,NA,0.09537299338999056,NA,1,NA,FALSE,NA,TRUE,scian,FALSE,FALSE,muestra_insuficiente
5141,5,2,2,18,4460,4690,TRUE,0.0771946829133204,FALSE,1,TRUE,10,8,0.08888650810656382,0.06619869684960032,1,1,FALSE,FALSE,TRUE,TRUE,scian,FALSE,TRUE,sin_mayoria_reciproca_estable
1230,5,2,10,1,213,268,TRUE,0.1429530201342282,FALSE,1,TRUE,NA,1,NA,0.20113314447592068,NA,1,NA,FALSE,NA,TRUE,scian,FALSE,FALSE,muestra_insuficiente
6180,19,1,7,3,292,298,TRUE,1,TRUE,0.21704297159504735,FALSE,1,2,1,1,0.08432708688245315,1,TRUE,TRUE,FALSE,TRUE,scian,FALSE,FALSE,muestra_insuficiente
2121,10,2,3,1,108,106,TRUE,0.11946902654867257,FALSE,0.09114359415305245,FALSE,NA,1,NA,0.17197452229299362,NA,0.4669603524229075,NA,FALSE,NA,FALSE,scian,FALSE,FALSE,muestra_insuficiente
6121,20,1,3,4,471,475,TRUE,0.12719416689170943,FALSE,1,TRUE,3,1,0.1783783783783784,0.05057316250842886,1,1,FALSE,FALSE,TRUE,TRUE,scian,FALSE,FALSE,muestra_insuficiente
7201,7,3,4,20,8702,8800,TRUE,0.03241511612747015,FALSE,1,TRUE,11,9,0.030744090872938404,0.034190792304382565,1,1,FALSE,FALSE,TRUE,TRUE,scian,FALSE,FALSE,sin_mayoria_reciproca_estable
6121,5,1,4,2,496,502,TRUE,0.07232429279673375,FALSE,1,TRUE,1,1,0.16072908036454017,0.024302430243024302,1,1,FALSE,FALSE,TRUE,TRUE,scian,FALSE,FALSE,muestra_insuficiente
6121,8,1,1,3,380,363,TRUE,0.11826953003423592,FALSE,1,TRUE,2,1,0.5027472527472527,0.06914706914706915,1,1,TRUE,FALSE,TRUE,TRUE,scian,FALSE,TRUE,muestra_insuficiente
5100,18,1,4,1,103,102,TRUE,0.039860681114551086,FALSE,0.45535714285714285,FALSE,1,NA,0.06156604901374776,NA,0.45535714285714285,NA,FALSE,NA,FALSE,NA,scian,FALSE,FALSE,muestra_insuficiente
1204,19,2,8,1,99,98,TRUE,0.006567164179104477,FALSE,1,TRUE,NA,1,NA,0.014349905783446876,NA,1,NA,FALSE,NA,TRUE,scian,FALSE,FALSE,muestra_insuficiente
8150,18,6,6,1,117,116,TRUE,1,TRUE,1,TRUE,NA,1,NA,1,NA,1,NA,TRUE,NA,TRUE,scian,FALSE,TRUE,muestra_insuficiente
7121,5,9,4,5,1461,1531,TRUE,0.3326502732240437,FALSE,0.9598746081504702,TRUE,4,1,0.6724393864423552,0.04301982285955293,1,0.6631578947368421,TRUE,FALSE,TRUE,TRUE,scian,FALSE,FALSE,muestra_insuficiente
1204,4,2,9,2,411,405,TRUE,0.1516045739579491,FALSE,1,TRUE,1,1,0.3790983606557377,0.02363112391930836,1,1,FALSE,FALSE,TRUE,TRUE,scian,FALSE,FALSE,muestra_insuficiente
4120,1,13,13,8,1805,1803,TRUE,0.17164321034613922,FALSE,1,TRUE,6,2,0.23004081632653062,0.09018446823047142,1,1,FALSE,FALSE,TRUE,TRUE,scian,FALSE,TRUE,muestra_insuficiente
5100,5,1,2,2,683,680,TRUE,0.1971139971139971,FALSE,0.5093632958801498,TRUE,NA,2,NA,0.41545012165450124,NA,0.85,NA,TRUE,NA,TRUE,scian,FALSE,FALSE,muestra_insuficiente
2121,12,2,1,5,983,883,TRUE,1,TRUE,0.48330596606458676,FALSE,1,4,1,1,0.16607773851590105,1,TRUE,TRUE,FALSE,TRUE,scian,FALSE,FALSE,muestra_insuficiente
1250,20,3,7,6,1004,993,TRUE,0.06959173771400845,FALSE,1,TRUE,5,1,0.09402317544216304,0.017215079538025712,1,1,FALSE,FALSE,TRUE,TRUE,scian,FALSE,FALSE,muestra_insuficiente
5100,18,1,7,7,1435,1490,TRUE,0.5553405572755418,TRUE,0.975130890052356,TRUE,4,3,0.3132098027495517,1,1,0.9611451942740287,FALSE,TRUE,TRUE,TRUE,scian,FALSE,FALSE,muestra_insuficiente
1204,20,2,1,1,32,33,TRUE,0.16161616161616163,FALSE,1,TRUE,NA,1,NA,0.4,NA,1,NA,FALSE,NA,TRUE,scian,FALSE,FALSE,muestra_insuficiente
7121,5,9,11,6,1269,1278,TRUE,0.2889344262295082,FALSE,1,TRUE,2,4,0.15982187036120732,0.39898776887389287,1,1,FALSE,FALSE,TRUE,TRUE,scian,FALSE,FALSE,muestra_insuficiente
5141,4,2,8,1,61,64,TRUE,0.18654434250764526,FALSE,1,TRUE,1,NA,0.18654434250764526,NA,1,NA,FALSE,NA,TRUE,NA,scian,FALSE,FALSE,muestra_insuficiente
1250,15,3,1,4,324,327,TRUE,0.07784718885151369,FALSE,1,TRUE,2,2,0.08929276965626234,0.060085836909871244,1,1,FALSE,FALSE,TRUE,TRUE,scian,FALSE,FALSE,muestra_insuficiente
5141,19,2,2,2,175,177,TRUE,0.2061248527679623,FALSE,1,TRUE,1,1,0.2118003025718608,0.18617021276595744,1,1,FALSE,FALSE,TRUE,TRUE,scian,FALSE,TRUE,muestra_insuficiente
6101,15,1,4,1,40,41,TRUE,0.0031370088620500352,FALSE,1,TRUE,NA,1,NA,0.005385754678874377,NA,1,NA,FALSE,NA,TRUE,scian,FALSE,FALSE,muestra_insuficiente
1204,7,2,4,1,44,44,TRUE,0.07345575959933222,FALSE,1,TRUE,NA,1,NA,0.4230769230769231,NA,1,NA,FALSE,NA,TRUE,scian,FALSE,FALSE,muestra_insuficiente
7121,5,9,9,9,1512,1521,TRUE,0.3442622950819672,TRUE,1,TRUE,4,5,0.16773874319643742,0.4947279628848587,1,1,FALSE,TRUE,TRUE,TRUE,scian,FALSE,TRUE,muestra_insuficiente
1230,5,2,8,3,243,237,TRUE,0.16308724832214766,FALSE,1,TRUE,NA,3,NA,0.22946175637393768,NA,1,NA,FALSE,NA,TRUE,scian,FALSE,FALSE,muestra_insuficiente
8150,20,4,4,1,32,33,TRUE,0.05565217391304348,FALSE,1,TRUE,NA,1,NA,0.32653061224489793,NA,1,NA,FALSE,NA,TRUE,scian,FALSE,TRUE,muestra_insuficiente
1230,5,2,7,1,44,47,TRUE,0.02953020134228188,FALSE,1,TRUE,NA,1,NA,0.04154863078375826,NA,1,NA,FALSE,NA,TRUE,scian,FALSE,FALSE,muestra_insuficiente
7121,7,9,9,2,89,91,TRUE,0.04084442404772832,FALSE,1,TRUE,1,1,0.026881720430107527,0.07091172214182344,1,1,FALSE,FALSE,TRUE,TRUE,scian,FALSE,TRUE,muestra_insuficiente
1204,19,2,9,4,2414,2170,TRUE,0.16013266998341624,FALSE,1,TRUE,2,2,0.08842954990215264,0.24510798666473402,1,1,FALSE,FALSE,TRUE,TRUE,scian,FALSE,FALSE,muestra_insuficiente
6121,8,1,2,5,504,526,TRUE,0.1568627450980392,FALSE,0.247996228194248,FALSE,1,4,0.3791208791208791,0.12846612846612845,0.11544991511035653,0.4135737009544008,FALSE,FALSE,FALSE,FALSE,scian,FALSE,FALSE,muestra_insuficiente
7121,6,9,9,2,442,456,TRUE,0.2109785202863962,FALSE,1,TRUE,NA,2,NA,0.5351089588377724,NA,1,NA,TRUE,NA,TRUE,scian,FALSE,TRUE,muestra_insuficiente
8311,20,2,2,4,2210,2215,TRUE,0.3280391865815645,FALSE,1,TRUE,1,3,0.05793991416309013,0.47084184252325845,1,1,FALSE,TRUE,TRUE,TRUE,scian,FALSE,TRUE,muestra_insuficiente
4134,1,12,11,2,193,197,TRUE,0.5920245398773006,TRUE,0.5628571428571428,TRUE,2,NA,0.5920245398773006,NA,1,NA,TRUE,NA,TRUE,NA,scian,FALSE,FALSE,muestra_insuficiente
7201,6,3,6,3,239,254,TRUE,0.17889221556886228,FALSE,1,TRUE,2,1,0.2390998593530239,0.1104,1,1,FALSE,FALSE,TRUE,TRUE,scian,FALSE,FALSE,muestra_insuficiente
7201,8,3,6,1,82,82,TRUE,1,TRUE,1,TRUE,NA,1,NA,1,NA,1,NA,TRUE,NA,TRUE,scian,FALSE,FALSE,muestra_insuficiente
1250,15,3,4,2,328,348,TRUE,0.07880826525708794,FALSE,1,TRUE,2,NA,0.12959304622678783,NA,1,NA,FALSE,NA,TRUE,NA,scian,FALSE,FALSE,muestra_insuficiente
7121,6,8,10,8,1543,1555,TRUE,0.45922619047619045,FALSE,1,TRUE,5,3,1,0.1075638506876228,1,1,TRUE,FALSE,TRUE,TRUE,scian,FALSE,FALSE,muestra_insuficiente
5141,5,2,4,2,187,213,TRUE,0.003236638050401551,FALSE,1,TRUE,2,NA,0.006678094421827012,NA,1,NA,FALSE,NA,TRUE,NA,scian,FALSE,FALSE,muestra_insuficiente
6121,5,1,1,3,1205,1019,TRUE,0.17570720326625838,FALSE,1,TRUE,2,1,0.1615575807787904,0.1833933393339334,1,1,FALSE,FALSE,TRUE,TRUE,scian,FALSE,TRUE,muestra_insuficiente
5100,7,1,10,1,84,84,TRUE,0.06330067822155237,FALSE,1,TRUE,1,NA,0.075,NA,1,NA,FALSE,NA,TRUE,NA,scian,FALSE,FALSE,muestra_insuficiente
6180,20,1,1,4,1892,1932,TRUE,0.5944077913917688,TRUE,1,TRUE,2,2,0.5541932319764591,0.666083916083916,1,1,TRUE,TRUE,TRUE,TRUE,scian,FALSE,TRUE,muestra_insuficiente
8311,20,2,1,2,387,394,TRUE,0.0574439661570432,FALSE,1,TRUE,1,1,0.09313304721030043,0.038574994327206714,1,1,FALSE,FALSE,TRUE,TRUE,scian,FALSE,FALSE,muestra_insuficiente
6180,5,1,8,1,631,649,TRUE,0.6216748768472906,TRUE,1,TRUE,1,NA,0.7219679633867276,NA,1,NA,TRUE,NA,TRUE,NA,scian,FALSE,FALSE,muestra_insuficiente
4109,1,12,12,2,737,750,TRUE,1,TRUE,1,TRUE,2,NA,1,NA,1,NA,TRUE,NA,TRUE,NA,scian,FALSE,TRUE,muestra_insuficiente
6180,10,1,3,2,381,389,TRUE,0.2754880694143167,FALSE,1,TRUE,NA,2,NA,1,NA,1,NA,TRUE,NA,TRUE,scian,FALSE,FALSE,muestra_insuficiente
5100,7,1,4,2,881,898,TRUE,0.6639035418236624,TRUE,1,TRUE,1,1,0.6017857142857143,1,1,1,TRUE,TRUE,TRUE,TRUE,scian,FALSE,FALSE,muestra_insuficiente
2121,7,2,6,1,116,117,TRUE,0.2196969696969697,FALSE,1,TRUE,NA,1,NA,0.4444444444444444,NA,1,NA,FALSE,NA,TRUE,scian,FALSE,FALSE,muestra_insuficiente
5170,9,1,2,1,113,113,TRUE,0.07151898734177216,FALSE,1,TRUE,1,NA,0.07151898734177216,NA,1,NA,FALSE,NA,TRUE,NA,scian,FALSE,FALSE,muestra_insuficiente
1230,16,2,1,4,986,986,TRUE,0.15355863572652234,FALSE,1,TRUE,3,1,0.07212940864492177,0.26943396226415095,1,1,FALSE,FALSE,TRUE,TRUE,scian,FALSE,FALSE,muestra_insuficiente
5100,7,1,8,2,253,226,TRUE,0.19065561416729465,FALSE,1,TRUE,2,NA,0.22589285714285715,NA,1,NA,FALSE,NA,TRUE,NA,scian,FALSE,FALSE,muestra_insuficiente
5380,5,8,2,2,409,410,TRUE,0.04217799319377127,FALSE,1,TRUE,1,1,0.03536067892503536,0.04608893216488153,1,1,FALSE,FALSE,TRUE,TRUE,scian,FALSE,FALSE,muestra_insuficiente
7201,18,3,11,3,1019,1054,TRUE,1,TRUE,1,TRUE,2,1,1,1,1,1,TRUE,TRUE,TRUE,TRUE,scian,FALSE,FALSE,muestra_insuficiente
2121,15,2,2,2,1110,1110,TRUE,1,TRUE,0.8951612903225806,TRUE,2,NA,1,NA,0.8951612903225806,NA,TRUE,NA,TRUE,NA,scian,FALSE,TRUE,muestra_insuficiente
1204,5,2,10,3,1249,1257,TRUE,0.04909784189630095,FALSE,1,TRUE,1,2,0.007797537619699042,0.10490803216563453,1,1,FALSE,FALSE,TRUE,TRUE,scian,FALSE,FALSE,muestra_insuficiente
7121,6,8,3,1,1752,1764,TRUE,0.5214285714285715,TRUE,0.9529983792544571,TRUE,NA,1,NA,0.8605108055009824,NA,0.9529983792544571,NA,TRUE,NA,TRUE,scian,FALSE,FALSE,muestra_insuficiente
4170,1,12,12,2,426,404,TRUE,1,TRUE,1,TRUE,1,1,1,1,1,1,TRUE,TRUE,TRUE,TRUE,scian,FALSE,TRUE,muestra_insuficiente
6101,5,1,2,1,290,309,TRUE,1,TRUE,1,TRUE,1,NA,1,NA,1,NA,TRUE,NA,TRUE,NA,scian,FALSE,FALSE,muestra_insuficiente
1204,17,2,2,1,841,837,TRUE,1,TRUE,1,TRUE,NA,1,NA,1,NA,1,NA,TRUE,NA,TRUE,scian,FALSE,TRUE,muestra_insuficiente
5170,12,1,1,1,712,709,TRUE,1,TRUE,1,TRUE,NA,1,NA,1,NA,1,NA,TRUE,NA,TRUE,scian,FALSE,TRUE,muestra_insuficiente
1250,7,3,2,1,846,1054,TRUE,1,TRUE,1,TRUE,NA,1,NA,1,NA,1,NA,TRUE,NA,TRUE,scian,FALSE,FALSE,muestra_insuficiente
8150,19,4,2,1,1087,1084,TRUE,0.49954044117647056,TRUE,1,TRUE,1,NA,0.6764156813939017,NA,1,NA,TRUE,NA,TRUE,NA,scian,FALSE,FALSE,muestra_insuficiente
6101,20,1,3,24,5786,5812,TRUE,0.1925777999667166,FALSE,1,TRUE,12,12,0.19478135971911906,0.19100097070747446,1,1,FALSE,FALSE,TRUE,TRUE,scian,FALSE,FALSE,sin_mayoria_reciproca_estable
6121,5,1,8,1,1517,1518,TRUE,0.22120151647710704,FALSE,1,TRUE,1,NA,0.6284175642087821,NA,1,NA,TRUE,NA,TRUE,NA,scian,FALSE,FALSE,muestra_insuficiente
8150,19,6,12,2,1576,1755,TRUE,0.8775055679287305,TRUE,1,TRUE,1,1,0.8723404255319149,0.8821052631578947,1,1,TRUE,TRUE,TRUE,TRUE,scian,FALSE,FALSE,muestra_insuficiente
6110,18,1,2,3,1090,1299,TRUE,0.7746979388770433,TRUE,1,TRUE,3,NA,0.7746979388770433,NA,1,NA,TRUE,NA,TRUE,NA,scian,FALSE,FALSE,muestra_insuficiente
6180,14,1,7,3,1629,1623,TRUE,0.6156462585034014,TRUE,1,TRUE,1,2,0.4675392670157068,1,1,1,TRUE,TRUE,TRUE,TRUE,scian,FALSE,FALSE,muestra_insuficiente
6101,9,1,1,1,844,844,TRUE,1,TRUE,1,TRUE,NA,1,NA,1,NA,1,NA,TRUE,NA,TRUE,scian,FALSE,TRUE,muestra_insuficiente
6180,15,1,7,1,808,810,TRUE,0.3529925731760594,FALSE,1,TRUE,1,NA,0.39920948616600793,NA,1,NA,FALSE,NA,TRUE,NA,scian,FALSE,FALSE,muestra_insuficiente
5100,18,2,5,1,911,909,TRUE,0.7528925619834711,TRUE,1,TRUE,1,NA,0.8827519379844961,NA,1,NA,TRUE,NA,TRUE,NA,scian,FALSE,FALSE,muestra_insuficiente
7121,7,9,11,3,1078,1076,TRUE,0.49472234970169804,TRUE,1,TRUE,3,NA,0.7244623655913979,NA,1,NA,TRUE,NA,TRUE,NA,scian,FALSE,FALSE,muestra_insuficiente
1230,14,2,6,3,1137,1107,TRUE,0.8185745140388769,TRUE,1,TRUE,1,2,0.35693215339233036,0.9676190476190476,1,1,FALSE,TRUE,TRUE,TRUE,scian,FALSE,FALSE,muestra_insuficiente
5100,16,1,4,1,744,741,TRUE,0.8857142857142857,TRUE,1,TRUE,1,NA,1,NA,1,NA,TRUE,NA,TRUE,NA,scian,FALSE,FALSE,muestra_insuficiente
6121,5,1,10,1,795,793,TRUE,0.11592300962379702,FALSE,1,TRUE,NA,1,NA,0.17889288928892888,NA,1,NA,FALSE,NA,TRUE,scian,FALSE,FALSE,muestra_insuficiente
6110,10,1,3,5,1765,1783,TRUE,0.3759318423855165,FALSE,0.7268650631879331,TRUE,4,1,0.6752323674138874,0.18492672714584787,0.9201183431952663,0.4895549500454133,TRUE,FALSE,TRUE,FALSE,scian,FALSE,FALSE,muestra_insuficiente
1230,15,2,3,1,819,821,TRUE,0.4228187919463087,FALSE,1,TRUE,NA,1,NA,0.5321637426900585,NA,1,NA,TRUE,NA,TRUE,scian,FALSE,FALSE,muestra_insuficiente
7121,5,8,8,5,2054,2178,TRUE,0.7615869484612533,TRUE,1,TRUE,1,4,0.2200392927308448,0.8875685557586838,1,1,FALSE,TRUE,TRUE,TRUE,scian,FALSE,TRUE,muestra_insuficiente
6110,6,1,1,2,1342,1443,TRUE,0.8493670886075949,TRUE,1,TRUE,1,1,0.5938566552901023,1,1,1,TRUE,TRUE,TRUE,TRUE,scian,FALSE,TRUE,muestra_insuficiente
6110,10,1,1,2,874,873,TRUE,0.18615548455804046,FALSE,1,TRUE,NA,2,NA,0.30495464061409633,NA,1,NA,FALSE,NA,TRUE,scian,FALSE,TRUE,muestra_insuficiente
6110,12,1,1,2,1448,1454,TRUE,1,TRUE,0.7444956477214542,TRUE,1,1,1,1,1,0.7270240700218819,TRUE,TRUE,TRUE,TRUE,scian,FALSE,TRUE,muestra_insuficiente
6180,19,2,7,1,1431,1075,TRUE,0.9655870445344129,TRUE,0.7829570284049526,TRUE,1,NA,1,NA,0.9156729131175468,NA,TRUE,NA,TRUE,NA,scian,FALSE,FALSE,muestra_insuficiente
5100,18,1,10,1,849,851,TRUE,0.3285603715170279,FALSE,1,TRUE,1,NA,0.5074716078900179,NA,1,NA,TRUE,NA,TRUE,NA,scian,FALSE,FALSE,muestra_insuficiente
6180,15,1,1,1,969,965,TRUE,0.4233289646133683,TRUE,1,TRUE,1,NA,0.47875494071146246,NA,1,NA,TRUE,NA,TRUE,NA,scian,FALSE,TRUE,muestra_insuficiente
6180,10,1,1,2,856,1048,TRUE,0.618944323933478,TRUE,1,TRUE,2,NA,0.8542914171656687,NA,1,NA,TRUE,NA,TRUE,NA,scian,FALSE,TRUE,muestra_insuficiente
4109,20,13,13,1,92,93,TRUE,1,TRUE,1,TRUE,1,NA,1,NA,1,NA,TRUE,NA,TRUE,NA,scian,FALSE,TRUE,muestra_insuficiente
6180,20,1,7,4,375,376,TRUE,0.117813383600377,FALSE,0.706766917293233,TRUE,2,2,0.06817067189798921,0.2062937062937063,1,0.6020408163265306,FALSE,FALSE,TRUE,TRUE,scian,FALSE,FALSE,muestra_insuficiente
8150,17,4,7,2,147,151,TRUE,0.04346540508574808,FALSE,1,TRUE,1,1,0.14006514657980457,0.02203757225433526,1,1,FALSE,FALSE,TRUE,TRUE,scian,FALSE,FALSE,muestra_insuficiente
1230,5,2,2,6,775,847,TRUE,0.5201342281879194,TRUE,1,TRUE,2,4,1,0.32483474976392823,1,1,TRUE,TRUE,TRUE,TRUE,scian,FALSE,TRUE,muestra_insuficiente
1204,8,2,8,1,561,565,TRUE,0.4754237288135593,TRUE,1,TRUE,NA,1,NA,0.5892857142857143,NA,1,NA,TRUE,NA,TRUE,scian,FALSE,FALSE,muestra_insuficiente
5100,5,1,3,2,745,792,TRUE,0.215007215007215,FALSE,1,TRUE,1,1,0.06260296540362438,0.3838199513381995,1,1,FALSE,FALSE,TRUE,TRUE,scian,FALSE,FALSE,muestra_insuficiente
5100,5,1,10,1,117,147,TRUE,0.033766233766233764,FALSE,1,TRUE,1,NA,0.0642504118616145,NA,1,NA,FALSE,NA,TRUE,NA,scian,FALSE,FALSE,muestra_insuficiente
7121,5,9,3,1,150,151,TRUE,0.03415300546448088,FALSE,1,TRUE,NA,1,NA,0.06326444538169548,NA,1,NA,FALSE,NA,TRUE,scian,FALSE,FALSE,muestra_insuficiente
8150,6,4,10,1,117,118,TRUE,1,TRUE,1,TRUE,NA,1,NA,1,NA,1,NA,TRUE,NA,TRUE,scian,FALSE,FALSE,muestra_insuficiente
5100,5,2,4,2,205,213,TRUE,0.06895391860073999,FALSE,0.30603448275862066,FALSE,2,NA,0.2669270833333333,NA,0.30603448275862066,NA,FALSE,NA,FALSE,NA,scian,FALSE,FALSE,muestra_insuficiente
1250,12,3,1,3,3294,3279,TRUE,0.8544747081712062,TRUE,1,TRUE,1,2,0.847267631947688,0.8634772462077013,1,1,TRUE,TRUE,TRUE,TRUE,scian,FALSE,FALSE,muestra_insuficiente
6180,5,1,1,2,384,385,TRUE,0.3783251231527094,FALSE,1,TRUE,1,1,0.2780320366132723,1,1,1,FALSE,TRUE,TRUE,TRUE,scian,FALSE,TRUE,muestra_insuficiente
1230,20,2,3,1,115,116,TRUE,0.04607371794871795,FALSE,1,TRUE,1,NA,0.11604439959636731,NA,1,NA,FALSE,NA,TRUE,NA,scian,FALSE,FALSE,muestra_insuficiente
5141,14,2,1,1,727,693,TRUE,0.8685782556750299,TRUE,1,TRUE,NA,1,NA,1,NA,1,NA,TRUE,NA,TRUE,scian,FALSE,FALSE,muestra_insuficiente
5170,9,1,3,1,1467,1470,TRUE,0.9284810126582278,TRUE,1,TRUE,1,NA,0.9284810126582278,NA,1,NA,TRUE,NA,TRUE,NA,scian,FALSE,FALSE,muestra_insuficiente
8150,17,6,11,1,845,852,TRUE,0.40900290416263313,TRUE,0.4874141876430206,FALSE,NA,1,NA,0.4678848283499446,NA,0.5,NA,TRUE,NA,FALSE,scian,FALSE,FALSE,muestra_insuficiente
8150,17,4,11,2,889,896,TRUE,0.2628622117090479,FALSE,0.5125858123569794,TRUE,1,1,0.07166123778501629,0.30527456647398843,1,0.5,FALSE,TRUE,TRUE,FALSE,scian,FALSE,FALSE,muestra_insuficiente
5380,3,8,8,3,259,274,TRUE,0.8068535825545171,TRUE,1,TRUE,2,1,0.7529880478087649,1,1,1,TRUE,TRUE,TRUE,TRUE,scian,FALSE,TRUE,muestra_insuficiente
8310,20,2,10,1,83,83,TRUE,0.48823529411764705,FALSE,1,TRUE,NA,1,NA,1,NA,1,NA,TRUE,NA,TRUE,scian,FALSE,FALSE,muestra_insuficiente
6110,7,1,4,1,77,78,TRUE,0.007524675070849213,FALSE,0.3561643835616438,FALSE,1,NA,0.03495233772128915,NA,1,NA,FALSE,NA,TRUE,NA,scian,FALSE,FALSE,muestra_insuficiente
1204,4,2,8,1,72,74,TRUE,0.026558465510881594,FALSE,1,TRUE,1,NA,0.07377049180327869,NA,1,NA,FALSE,NA,TRUE,NA,scian,FALSE,FALSE,muestra_insuficiente
5170,20,1,2,1,576,595,TRUE,0.4099644128113879,FALSE,1,TRUE,1,NA,0.4099644128113879,NA,1,NA,FALSE,NA,TRUE,NA,scian,FALSE,FALSE,muestra_insuficiente
1250,15,3,2,6,1272,1250,TRUE,0.30562229697260934,FALSE,1,TRUE,3,3,0.11694982220466218,0.598405885959534,1,1,FALSE,TRUE,TRUE,TRUE,scian,FALSE,FALSE,muestra_insuficiente
2126,16,1,1,2,170,173,TRUE,1,TRUE,1,TRUE,2,NA,1,NA,1,NA,TRUE,NA,TRUE,NA,scian,FALSE,TRUE,muestra_insuficiente
6110,14,1,3,2,427,433,TRUE,0.7878228782287823,TRUE,1,TRUE,NA,2,NA,1,NA,1,NA,TRUE,NA,TRUE,scian,FALSE,FALSE,muestra_insuficiente
6110,20,1,2,8,2545,2571,TRUE,0.19998428414269998,FALSE,1,TRUE,4,4,0.34478351174308997,0.05984227617133137,1,1,FALSE,FALSE,TRUE,TRUE,scian,FALSE,FALSE,muestra_insuficiente
6110,5,1,2,1,79,80,TRUE,0.047390521895620874,FALSE,1,TRUE,1,NA,0.07662463627546072,NA,1,NA,FALSE,NA,TRUE,NA,scian,FALSE,FALSE,muestra_insuficiente
6110,7,1,3,10,4858,4751,TRUE,0.47473859083357767,TRUE,0.8746318114874816,TRUE,5,5,0.4943259192010894,0.4693648816936488,0.6191275167785235,1,TRUE,TRUE,TRUE,TRUE,scian,FALSE,FALSE,sin_mayoria_reciproca_estable
2121,5,2,3,1,559,561,TRUE,1,TRUE,0.6226415094339622,TRUE,NA,1,NA,1,NA,1,NA,TRUE,NA,TRUE,scian,FALSE,FALSE,muestra_insuficiente
6110,5,1,3,1,800,407,TRUE,0.47990401919616077,TRUE,1,TRUE,1,NA,0.7759456838021338,NA,1,NA,TRUE,NA,TRUE,NA,scian,FALSE,FALSE,muestra_insuficiente
5141,3,2,10,1,355,360,TRUE,1,TRUE,1,TRUE,1,NA,1,NA,1,NA,TRUE,NA,TRUE,NA,scian,FALSE,FALSE,muestra_insuficiente
6101,15,1,7,1,464,473,TRUE,0.03638930279978041,FALSE,1,TRUE,NA,1,NA,0.06247475427494278,NA,1,NA,FALSE,NA,TRUE,scian,FALSE,FALSE,muestra_insuficiente
6180,14,1,8,1,445,564,TRUE,0.16817838246409675,FALSE,1,TRUE,1,NA,0.23298429319371727,NA,1,NA,FALSE,NA,TRUE,NA,scian,FALSE,FALSE,muestra_insuficiente
1250,8,3,3,1,335,340,TRUE,0.15002239140170176,FALSE,1,TRUE,NA,1,NA,1,NA,1,NA,TRUE,NA,TRUE,scian,FALSE,TRUE,muestra_insuficiente
6110,5,1,1,2,578,582,TRUE,0.34673065386922614,FALSE,0.8571428571428571,TRUE,NA,2,NA,0.9088050314465409,NA,1,NA,TRUE,NA,TRUE,scian,FALSE,TRUE,muestra_insuficiente
7121,8,8,8,1,385,390,TRUE,1,TRUE,1,TRUE,1,NA,1,NA,1,NA,TRUE,NA,TRUE,NA,scian,FALSE,TRUE,muestra_insuficiente
6180,14,1,1,1,365,370,TRUE,0.1379440665154951,FALSE,1,TRUE,1,NA,0.19109947643979058,NA,1,NA,FALSE,NA,TRUE,NA,scian,FALSE,TRUE,muestra_insuficiente
7121,6,9,4,1,1123,1126,TRUE,0.5360381861575179,TRUE,1,TRUE,1,NA,0.8849487785657998,NA,1,NA,TRUE,NA,TRUE,NA,scian,FALSE,FALSE,muestra_insuficiente
5380,5,8,4,1,284,285,TRUE,0.02928740847684851,FALSE,1,TRUE,1,NA,0.08033946251768034,NA,1,NA,FALSE,NA,TRUE,NA,scian,FALSE,FALSE,muestra_insuficiente
1204,3,2,7,1,96,120,TRUE,0.04701273261508325,FALSE,1,TRUE,1,NA,0.4343891402714932,NA,1,NA,FALSE,NA,TRUE,NA,scian,FALSE,FALSE,muestra_insuficiente
6180,20,1,2,4,468,473,TRUE,0.1470311027332705,FALSE,1,TRUE,3,1,0.17459538989700835,0.0979020979020979,1,1,FALSE,FALSE,TRUE,TRUE,scian,FALSE,FALSE,muestra_insuficiente
6180,15,1,10,1,122,122,TRUE,0.05329838357361293,FALSE,1,TRUE,1,NA,0.06027667984189723,NA,1,NA,FALSE,NA,TRUE,NA,scian,FALSE,FALSE,muestra_insuficiente
1204,8,2,3,2,228,229,TRUE,0.19322033898305085,FALSE,1,TRUE,2,NA,1,NA,1,NA,TRUE,NA,TRUE,NA,scian,FALSE,FALSE,muestra_insuficiente
1250,8,3,1,1,1898,1513,TRUE,0.8499776085982983,TRUE,1,TRUE,1,NA,1,NA,1,NA,TRUE,NA,TRUE,NA,scian,FALSE,FALSE,muestra_insuficiente
6121,7,1,4,1,1774,1771,TRUE,1,TRUE,1,TRUE,1,NA,1,NA,1,NA,TRUE,NA,TRUE,NA,scian,FALSE,FALSE,muestra_insuficiente
6121,5,1,7,1,2726,2063,TRUE,0.3974919801691455,TRUE,1,TRUE,NA,1,NA,0.6134113411341134,NA,1,NA,TRUE,NA,TRUE,scian,FALSE,FALSE,muestra_insuficiente
6121,8,1,10,1,1663,1646,TRUE,0.5175848117024587,TRUE,1,TRUE,NA,1,NA,0.5837135837135837,NA,1,NA,TRUE,NA,TRUE,scian,FALSE,FALSE,muestra_insuficiente
8150,18,4,10,1,1455,1440,TRUE,0.5960671855796804,TRUE,1,TRUE,1,NA,0.8464223385689355,NA,1,NA,TRUE,NA,TRUE,NA,scian,FALSE,FALSE,muestra_insuficiente
2121,6,2,5,1,487,489,TRUE,1,TRUE,1,TRUE,NA,1,NA,1,NA,1,NA,TRUE,NA,TRUE,scian,FALSE,FALSE,muestra_insuficiente
7201,6,3,11,4,770,688,TRUE,0.5763473053892215,TRUE,1,TRUE,2,2,0.6652601969057665,0.4752,1,1,TRUE,TRUE,TRUE,TRUE,scian,FALSE,FALSE,muestra_insuficiente
1250,12,3,3,5,509,513,TRUE,0.13203631647211414,FALSE,1,TRUE,3,2,0.152732368052312,0.10618436406067679,1,1,FALSE,FALSE,TRUE,TRUE,scian,FALSE,TRUE,muestra_insuficiente
6121,14,1,1,1,112,112,TRUE,1,TRUE,1,TRUE,1,NA,1,NA,1,NA,TRUE,NA,TRUE,NA,scian,FALSE,TRUE,muestra_insuficiente
6180,14,1,10,2,207,187,TRUE,0.0782312925170068,FALSE,1,TRUE,2,NA,0.10837696335078534,NA,1,NA,FALSE,NA,TRUE,NA,scian,FALSE,FALSE,muestra_insuficiente
6121,3,1,4,1,99,99,TRUE,1,TRUE,1,TRUE,NA,1,NA,1,NA,1,NA,TRUE,NA,TRUE,scian,FALSE,FALSE,muestra_insuficiente
8150,17,4,10,3,331,330,TRUE,0.09787108219988172,FALSE,1,TRUE,NA,3,NA,0.11958092485549134,NA,1,NA,FALSE,NA,TRUE,scian,FALSE,FALSE,muestra_insuficiente
7121,7,9,4,5,1012,1009,TRUE,0.46443322625057365,FALSE,1,TRUE,3,2,0.24865591397849462,0.9290882778581766,1,1,FALSE,TRUE,TRUE,TRUE,scian,FALSE,FALSE,muestra_insuficiente
1204,3,2,2,1,1509,1512,TRUE,0.7389813907933399,TRUE,1,TRUE,NA,1,NA,0.828665568369028,NA,1,NA,TRUE,NA,TRUE,scian,FALSE,TRUE,muestra_insuficiente
4120,20,13,13,1,402,401,TRUE,1,TRUE,1,TRUE,1,NA,1,NA,1,NA,TRUE,NA,TRUE,NA,scian,FALSE,TRUE,muestra_insuficiente
1230,16,2,3,3,455,479,TRUE,0.07086123656751285,FALSE,1,TRUE,NA,3,NA,0.17169811320754716,NA,1,NA,FALSE,NA,TRUE,scian,FALSE,FALSE,muestra_insuficiente
6180,8,1,2,1,103,101,TRUE,1,TRUE,1,TRUE,NA,1,NA,1,NA,1,NA,TRUE,NA,TRUE,scian,FALSE,FALSE,muestra_insuficiente
7121,20,8,3,1,117,116,TRUE,1,TRUE,1,TRUE,1,NA,1,NA,1,NA,TRUE,NA,TRUE,NA,scian,FALSE,FALSE,muestra_insuficiente
7121,6,9,11,3,448,451,TRUE,0.21384248210023865,FALSE,1,TRUE,1,2,0.11505122143420016,0.36561743341404357,1,1,FALSE,FALSE,TRUE,TRUE,scian,FALSE,FALSE,muestra_insuficiente
5380,5,9,9,4,538,564,TRUE,1,TRUE,1,TRUE,1,3,1,1,1,1,TRUE,TRUE,TRUE,TRUE,scian,FALSE,TRUE,muestra_insuficiente
7121,6,9,3,1,82,87,TRUE,0.03914081145584725,FALSE,0.04700162074554295,FALSE,NA,1,NA,0.09927360774818401,NA,0.04700162074554295,NA,FALSE,NA,FALSE,scian,FALSE,FALSE,muestra_insuficiente
5100,5,1,7,4,893,922,TRUE,0.25772005772005774,TRUE,0.9119683481701286,TRUE,4,NA,0.4903898956617243,NA,1,NA,TRUE,NA,TRUE,NA,scian,FALSE,FALSE,muestra_insuficiente
8150,1,4,13,1,164,172,TRUE,1,TRUE,1,TRUE,NA,1,NA,1,NA,1,NA,TRUE,NA,TRUE,scian,FALSE,FALSE,muestra_insuficiente
6110,5,1,7,1,58,57,TRUE,0.03479304139172166,FALSE,1,TRUE,NA,1,NA,0.09119496855345911,NA,1,NA,FALSE,NA,TRUE,scian,FALSE,FALSE,muestra_insuficiente
8150,17,4,3,3,624,601,TRUE,0.18450620934358367,FALSE,1,TRUE,NA,3,NA,0.2254335260115607,NA,1,NA,FALSE,NA,TRUE,scian,FALSE,FALSE,muestra_insuficiente
1250,12,3,2,1,52,51,TRUE,0.013488975356679637,FALSE,1,TRUE,NA,1,NA,0.030338389731621937,NA,1,NA,FALSE,NA,TRUE,scian,FALSE,FALSE,muestra_insuficiente
7121,9,8,10,1,44,44,TRUE,0.11989100817438691,FALSE,1,TRUE,NA,1,NA,0.23783783783783785,NA,1,NA,FALSE,NA,TRUE,scian,FALSE,FALSE,muestra_insuficiente
2121,10,2,9,2,189,246,TRUE,0.20907079646017698,FALSE,1,TRUE,NA,2,NA,0.30095541401273884,NA,1,NA,FALSE,NA,TRUE,scian,FALSE,FALSE,muestra_insuficiente
5170,3,1,2,5,763,812,TRUE,0.342152466367713,FALSE,1,TRUE,2,3,0.5064327485380117,0.24,1,1,TRUE,FALSE,TRUE,TRUE,scian,FALSE,FALSE,muestra_insuficiente
5100,20,1,3,1,152,151,TRUE,1,TRUE,1,TRUE,NA,1,NA,1,NA,1,NA,TRUE,NA,TRUE,scian,FALSE,FALSE,muestra_insuficiente
6110,13,1,1,1,351,451,TRUE,1,TRUE,1,TRUE,1,NA,1,NA,1,NA,TRUE,NA,TRUE,NA,scian,FALSE,TRUE,muestra_insuficiente
8150,17,4,4,4,920,1079,TRUE,0.2720283855706682,TRUE,1,TRUE,1,3,0.6954397394136808,0.17810693641618497,1,1,TRUE,FALSE,TRUE,TRUE,scian,FALSE,TRUE,muestra_insuficiente
1204,2,2,2,1,456,467,TRUE,0.5428571428571428,TRUE,1,TRUE,NA,1,NA,0.5428571428571428,NA,1,NA,TRUE,NA,TRUE,scian,FALSE,TRUE,muestra_insuficiente
1204,8,2,1,1,391,400,TRUE,0.3313559322033898,FALSE,1,TRUE,NA,1,NA,0.4107142857142857,NA,1,NA,FALSE,NA,TRUE,scian,FALSE,FALSE,muestra_insuficiente
6180,3,1,8,1,346,352,TRUE,1,TRUE,1,TRUE,NA,1,NA,1,NA,1,NA,TRUE,NA,TRUE,scian,FALSE,FALSE,muestra_insuficiente
5170,3,1,3,1,574,599,TRUE,0.25739910313901343,FALSE,1,TRUE,NA,1,NA,0.41745454545454547,NA,1,NA,TRUE,NA,TRUE,scian,FALSE,FALSE,muestra_insuficiente
5100,5,2,2,3,681,655,TRUE,0.22906155398587286,FALSE,0.49063670411985016,FALSE,2,1,0.7330729166666666,0.053514739229024944,1,0.15,TRUE,FALSE,TRUE,FALSE,scian,FALSE,TRUE,muestra_insuficiente
5100,5,1,4,1,455,483,TRUE,0.13131313131313133,FALSE,0.6939655172413793,TRUE,1,NA,0.2498627127951675,NA,0.6939655172413793,NA,FALSE,NA,TRUE,NA,scian,FALSE,FALSE,muestra_insuficiente
4109,15,13,13,1,179,183,TRUE,1,TRUE,1,TRUE,NA,1,NA,1,NA,1,NA,TRUE,NA,TRUE,scian,FALSE,TRUE,muestra_insuficiente
5141,8,2,2,2,302,283,TRUE,1,TRUE,1,TRUE,1,1,1,1,1,1,TRUE,TRUE,TRUE,TRUE,scian,FALSE,TRUE,muestra_insuficiente
8150,20,4,13,1,66,64,TRUE,0.11478260869565217,FALSE,1,TRUE,NA,1,NA,0.673469387755102,NA,1,NA,TRUE,NA,TRUE,scian,FALSE,FALSE,muestra_insuficiente
7121,5,8,4,1,64,64,TRUE,0.023730070448646643,FALSE,0.04012539184952978,FALSE,NA,1,NA,0.029250457038391225,NA,0.3368421052631579,NA,FALSE,NA,FALSE,scian,FALSE,FALSE,muestra_insuficiente
6101,15,1,10,1,102,101,TRUE,0.00799937259822759,FALSE,1,TRUE,1,NA,0.01915852742299023,NA,1,NA,FALSE,NA,TRUE,NA,scian,FALSE,FALSE,muestra_insuficiente
2121,10,2,2,5,513,487,TRUE,0.5674778761061947,TRUE,1,TRUE,2,3,0.6594202898550725,0.5270700636942676,1,1,TRUE,TRUE,TRUE,TRUE,scian,FALSE,TRUE,muestra_insuficiente
2121,9,2,1,1,380,391,TRUE,1,TRUE,0.7548262548262549,TRUE,1,NA,1,NA,0.7548262548262549,NA,TRUE,NA,TRUE,NA,scian,FALSE,FALSE,muestra_insuficiente
8150,19,4,3,3,783,787,TRUE,0.35983455882352944,FALSE,1,TRUE,2,1,0.3235843186060983,0.46221441124780316,1,1,FALSE,FALSE,TRUE,TRUE,scian,FALSE,FALSE,muestra_insuficiente
5380,14,8,7,1,489,528,TRUE,1,TRUE,1,TRUE,1,NA,1,NA,1,NA,TRUE,NA,TRUE,NA,scian,FALSE,FALSE,muestra_insuficiente
6180,15,1,2,2,355,357,TRUE,0.15508955875928354,FALSE,1,TRUE,1,1,0.06175889328063241,0.8679245283018868,1,1,FALSE,TRUE,TRUE,TRUE,scian,FALSE,FALSE,muestra_insuficiente
7121,19,9,9,1,208,206,TRUE,1,TRUE,1,TRUE,NA,1,NA,1,NA,1,NA,TRUE,NA,TRUE,scian,FALSE,TRUE,muestra_insuficiente
1250,20,3,10,1,141,141,TRUE,0.009773341651070909,FALSE,1,TRUE,NA,1,NA,0.030725648289387668,NA,1,NA,FALSE,NA,TRUE,scian,FALSE,FALSE,muestra_insuficiente
7121,9,8,8,2,323,359,TRUE,0.8801089918256131,TRUE,1,TRUE,1,1,1,0.7621621621621621,1,1,TRUE,TRUE,TRUE,TRUE,scian,FALSE,TRUE,muestra_insuficiente
8150,17,6,2,1,674,684,TRUE,0.32623426911907066,FALSE,1,TRUE,NA,1,NA,0.37320044296788485,NA,1,NA,FALSE,NA,TRUE,scian,FALSE,FALSE,muestra_insuficiente
1230,5,2,1,1,114,114,TRUE,0.07651006711409396,FALSE,1,TRUE,NA,1,NA,0.10764872521246459,NA,1,NA,FALSE,NA,TRUE,scian,FALSE,FALSE,muestra_insuficiente
5380,5,8,7,1,118,118,TRUE,0.012168711972775085,FALSE,1,TRUE,NA,1,NA,0.019149626744563452,NA,1,NA,FALSE,NA,TRUE,scian,FALSE,FALSE,muestra_insuficiente
6180,16,1,7,2,253,256,TRUE,0.3804511278195489,FALSE,1,TRUE,1,1,0.7991071428571429,0.16780045351473924,1,1,TRUE,FALSE,TRUE,TRUE,scian,FALSE,FALSE,muestra_insuficiente
5100,7,1,7,1,109,89,TRUE,0.08214016578749057,FALSE,1,TRUE,1,NA,0.09732142857142857,NA,1,NA,FALSE,NA,TRUE,NA,scian,FALSE,FALSE,muestra_insuficiente
8150,18,4,7,4,515,525,TRUE,0.21097910692339206,FALSE,1,TRUE,2,2,0.15357766143106458,0.3476454293628809,1,1,FALSE,FALSE,TRUE,TRUE,scian,FALSE,FALSE,muestra_insuficiente
6121,8,1,8,2,169,178,TRUE,0.05259881730469966,FALSE,1,TRUE,1,1,0.11813186813186813,0.044226044226044224,1,1,FALSE,FALSE,TRUE,TRUE,scian,FALSE,FALSE,muestra_insuficiente
1204,18,2,8,2,238,237,TRUE,1,TRUE,1,TRUE,1,1,1,1,1,1,TRUE,TRUE,TRUE,TRUE,scian,FALSE,FALSE,muestra_insuficiente
8150,18,4,4,2,314,430,TRUE,0.12863580499795166,FALSE,1,TRUE,NA,2,NA,0.43490304709141275,NA,1,NA,TRUE,NA,TRUE,scian,FALSE,TRUE,muestra_insuficiente
8150,18,4,2,1,157,215,TRUE,0.06431790249897583,FALSE,1,TRUE,NA,1,NA,0.21745152354570638,NA,1,NA,FALSE,NA,TRUE,scian,FALSE,FALSE,muestra_insuficiente
6180,20,1,10,1,98,99,TRUE,0.03078856424756519,FALSE,1,TRUE,1,NA,0.048062775870524765,NA,1,NA,FALSE,NA,TRUE,NA,scian,FALSE,FALSE,muestra_insuficiente
6180,20,1,4,2,120,123,TRUE,0.03770028275212064,FALSE,1,TRUE,1,1,0.042177538008827856,0.02972027972027972,1,1,FALSE,FALSE,TRUE,TRUE,scian,FALSE,FALSE,muestra_insuficiente
1204,7,2,1,1,156,159,TRUE,0.2604340567612688,FALSE,1,TRUE,1,NA,0.3151515151515151,NA,1,NA,FALSE,NA,TRUE,NA,scian,FALSE,FALSE,muestra_insuficiente
6180,18,1,7,1,109,112,TRUE,0.5240384615384616,TRUE,1,TRUE,1,NA,1,NA,1,NA,TRUE,NA,TRUE,NA,scian,FALSE,FALSE,muestra_insuficiente
6110,18,1,1,2,317,253,TRUE,0.22530206112295664,FALSE,1,TRUE,2,NA,0.22530206112295664,NA,1,NA,FALSE,NA,TRUE,NA,scian,FALSE,TRUE,muestra_insuficiente
1230,14,2,7,3,252,259,TRUE,0.18142548596112312,FALSE,1,TRUE,2,1,0.6430678466076696,0.03238095238095238,1,1,TRUE,FALSE,TRUE,TRUE,scian,FALSE,FALSE,muestra_insuficiente
1230,20,2,1,1,384,391,TRUE,0.15384615384615385,FALSE,1,TRUE,NA,1,NA,0.25514950166112954,NA,1,NA,FALSE,NA,TRUE,scian,FALSE,FALSE,muestra_insuficiente
6110,9,1,1,1,57,59,TRUE,1,TRUE,1,TRUE,1,NA,1,NA,1,NA,TRUE,NA,TRUE,NA,scian,FALSE,TRUE,muestra_insuficiente
7201,17,3,2,1,150,169,TRUE,0.5617977528089888,TRUE,1,TRUE,1,NA,0.5617977528089888,NA,1,NA,TRUE,NA,TRUE,NA,scian,FALSE,FALSE,muestra_insuficiente
6180,10,1,2,1,146,198,TRUE,0.10556760665220535,FALSE,1,TRUE,1,NA,0.14570858283433133,NA,1,NA,FALSE,NA,TRUE,NA,scian,FALSE,FALSE,muestra_insuficiente
5141,19,2,1,1,153,155,TRUE,0.18021201413427562,FALSE,1,TRUE,NA,1,NA,0.8138297872340425,NA,1,NA,TRUE,NA,TRUE,scian,FALSE,FALSE,muestra_insuficiente
5170,5,1,2,1,155,158,TRUE,0.32563025210084034,FALSE,1,TRUE,1,NA,0.32563025210084034,NA,1,NA,FALSE,NA,TRUE,NA,scian,FALSE,FALSE,muestra_insuficiente
7201,6,3,3,1,106,110,TRUE,0.07934131736526946,FALSE,1,TRUE,NA,1,NA,0.1696,NA,1,NA,FALSE,NA,TRUE,scian,FALSE,TRUE,muestra_insuficiente
2121,7,2,9,2,128,132,TRUE,0.24242424242424243,FALSE,1,TRUE,2,NA,0.4794007490636704,NA,1,NA,FALSE,NA,TRUE,NA,scian,FALSE,FALSE,muestra_insuficiente
8150,11,4,11,1,100,104,TRUE,1,TRUE,1,TRUE,1,NA,1,NA,1,NA,TRUE,NA,TRUE,NA,scian,FALSE,FALSE,muestra_insuficiente
6110,14,1,1,1,115,159,TRUE,0.21217712177121772,FALSE,1,TRUE,1,NA,1,NA,1,NA,TRUE,NA,TRUE,NA,scian,FALSE,TRUE,muestra_insuficiente
5100,5,2,7,1,86,89,TRUE,0.02892700975445678,FALSE,0.08803165182987141,FALSE,NA,1,NA,0.039002267573696146,NA,1,NA,FALSE,NA,TRUE,scian,FALSE,FALSE,muestra_insuficiente
1204,7,2,9,1,158,158,TRUE,0.2637729549248748,FALSE,1,TRUE,1,NA,0.3191919191919192,NA,1,NA,TRUE,NA,TRUE,NA,scian,FALSE,FALSE,muestra_insuficiente
4151,1,13,13,3,2781,2976,TRUE,1,TRUE,1,TRUE,3,NA,1,NA,1,NA,TRUE,NA,TRUE,NA,scian,FALSE,TRUE,muestra_insuficiente
1250,15,3,10,1,293,297,TRUE,0.07039884670831331,FALSE,1,TRUE,NA,1,NA,0.17964438994481913,NA,1,NA,FALSE,NA,TRUE,scian,FALSE,FALSE,muestra_insuficiente
5141,5,2,9,1,348,335,TRUE,0.0060232622542232064,FALSE,1,TRUE,NA,1,NA,0.011688049976489555,NA,1,NA,FALSE,NA,TRUE,scian,FALSE,FALSE,muestra_insuficiente
1204,20,2,2,1,118,119,TRUE,0.5959595959595959,TRUE,1,TRUE,1,NA,1,NA,1,NA,TRUE,NA,TRUE,NA,scian,FALSE,TRUE,muestra_insuficiente
2121,10,2,5,1,94,119,TRUE,0.10398230088495575,FALSE,1,TRUE,1,NA,0.34057971014492755,NA,1,NA,FALSE,NA,TRUE,NA,scian,FALSE,FALSE,muestra_insuficiente
8310,20,2,2,1,87,88,TRUE,0.5117647058823529,TRUE,1,TRUE,1,NA,1,NA,1,NA,TRUE,NA,TRUE,NA,scian,FALSE,TRUE,muestra_insuficiente
7121,7,8,8,2,146,148,TRUE,0.047526041666666664,FALSE,1,TRUE,1,1,0.015461573442473852,0.12829324169530354,1,1,FALSE,FALSE,TRUE,TRUE,scian,FALSE,TRUE,muestra_insuficiente
6180,20,1,13,1,175,297,TRUE,0.05497957901350927,FALSE,1,TRUE,1,NA,0.08582638548307994,NA,1,NA,FALSE,NA,TRUE,NA,scian,FALSE,FALSE,muestra_insuficiente
6180,7,1,4,1,124,126,TRUE,1,TRUE,1,TRUE,NA,1,NA,1,NA,1,NA,TRUE,NA,TRUE,scian,FALSE,FALSE,muestra_insuficiente
5141,19,2,6,1,521,516,TRUE,0.6136631330977621,TRUE,1,TRUE,1,NA,0.7881996974281392,NA,1,NA,TRUE,NA,TRUE,NA,scian,FALSE,FALSE,muestra_insuficiente
5141,2,2,2,3,191,191,TRUE,0.7403100775193798,TRUE,1,TRUE,1,2,1,0.6666666666666666,1,1,TRUE,TRUE,TRUE,TRUE,scian,FALSE,TRUE,muestra_insuficiente
6180,19,2,11,1,51,51,TRUE,0.03441295546558704,FALSE,1,TRUE,NA,1,NA,1,NA,1,NA,TRUE,NA,TRUE,scian,FALSE,FALSE,muestra_insuficiente
5141,2,2,7,1,67,68,TRUE,0.25968992248062017,FALSE,1,TRUE,NA,1,NA,0.3333333333333333,NA,1,NA,FALSE,NA,TRUE,scian,FALSE,FALSE,muestra_insuficiente
6180,20,1,3,1,55,56,TRUE,0.017279296261388626,FALSE,1,TRUE,1,NA,0.026974006866110838,NA,1,NA,FALSE,NA,TRUE,NA,scian,FALSE,FALSE,muestra_insuficiente
1204,4,2,10,1,60,61,TRUE,0.022132054592401328,FALSE,1,TRUE,NA,1,NA,0.0345821325648415,NA,1,NA,FALSE,NA,TRUE,scian,FALSE,FALSE,muestra_insuficiente
7121,6,8,8,1,65,66,TRUE,0.019345238095238096,FALSE,1,TRUE,NA,1,NA,0.03192534381139489,NA,1,NA,FALSE,NA,TRUE,scian,FALSE,TRUE,muestra_insuficiente
5380,3,8,7,1,62,63,TRUE,0.19314641744548286,FALSE,1,TRUE,1,NA,0.24701195219123506,NA,1,NA,FALSE,NA,TRUE,NA,scian,FALSE,FALSE,muestra_insuficiente
5170,2,1,10,1,74,60,TRUE,0.21893491124260356,FALSE,1,TRUE,1,NA,0.21893491124260356,NA,1,NA,FALSE,NA,TRUE,NA,scian,FALSE,FALSE,muestra_insuficiente
6110,15,1,3,1,70,71,TRUE,0.17543859649122806,FALSE,1,TRUE,1,NA,0.2356902356902357,NA,1,NA,FALSE,NA,TRUE,NA,scian,FALSE,FALSE,muestra_insuficiente
1250,21,3,3,1,57,58,TRUE,1,TRUE,1,TRUE,NA,1,NA,1,NA,1,NA,TRUE,NA,TRUE,scian,FALSE,TRUE,muestra_insuficiente
1204,19,2,5,3,423,430,TRUE,0.028059701492537312,FALSE,1,TRUE,3,NA,0.05173679060665362,NA,1,NA,FALSE,NA,TRUE,NA,scian,FALSE,FALSE,muestra_insuficiente
1204,4,2,2,1,100,127,TRUE,0.03688675765400221,FALSE,1,TRUE,1,NA,0.10245901639344263,NA,1,NA,FALSE,NA,TRUE,NA,scian,FALSE,TRUE,muestra_insuficiente
6121,5,1,3,1,119,120,TRUE,0.0173519976669583,FALSE,1,TRUE,1,NA,0.04929577464788732,NA,1,NA,FALSE,NA,TRUE,NA,scian,FALSE,FALSE,muestra_insuficiente
8311,8,2,2,1,113,92,TRUE,1,TRUE,1,TRUE,NA,1,NA,1,NA,1,NA,TRUE,NA,TRUE,scian,FALSE,TRUE,muestra_insuficiente
6180,20,2,7,1,166,156,TRUE,1,TRUE,0.2932330827067669,FALSE,NA,1,NA,1,NA,0.3979591836734694,NA,TRUE,NA,FALSE,scian,FALSE,FALSE,muestra_insuficiente
8150,9,4,4,1,1471,1484,TRUE,0.9800133244503664,TRUE,1,TRUE,NA,1,NA,0.9800133244503664,NA,1,NA,TRUE,NA,TRUE,scian,FALSE,TRUE,muestra_insuficiente
7201,6,3,5,1,68,67,TRUE,0.05089820359281437,FALSE,1,TRUE,1,NA,0.09563994374120956,NA,1,NA,FALSE,NA,TRUE,NA,scian,FALSE,FALSE,muestra_insuficiente
7201,6,3,4,2,153,173,TRUE,0.11452095808383234,FALSE,1,TRUE,NA,2,NA,0.2448,NA,1,NA,FALSE,NA,TRUE,scian,FALSE,FALSE,muestra_insuficiente
2121,4,2,1,1,89,91,TRUE,1,TRUE,0.558282208588957,TRUE,1,NA,1,NA,1,NA,TRUE,NA,TRUE,NA,scian,FALSE,FALSE,muestra_insuficiente
5141,4,2,7,1,266,277,TRUE,0.8134556574923547,TRUE,1,TRUE,1,NA,0.8134556574923547,NA,1,NA,TRUE,NA,TRUE,NA,scian,FALSE,FALSE,muestra_insuficiente
5170,3,1,8,1,86,84,TRUE,0.03856502242152467,FALSE,1,TRUE,1,NA,0.10058479532163743,NA,1,NA,FALSE,NA,TRUE,NA,scian,FALSE,FALSE,muestra_insuficiente
5100,16,1,7,1,96,93,TRUE,0.11428571428571428,FALSE,1,TRUE,NA,1,NA,1,NA,1,NA,TRUE,NA,TRUE,scian,FALSE,FALSE,muestra_insuficiente
7201,17,3,11,1,117,91,TRUE,0.43820224719101125,FALSE,1,TRUE,1,NA,0.43820224719101125,NA,1,NA,FALSE,NA,TRUE,NA,scian,FALSE,FALSE,muestra_insuficiente
1230,3,2,3,1,455,362,TRUE,0.7446808510638298,TRUE,1,TRUE,1,NA,0.7446808510638298,NA,1,NA,TRUE,NA,TRUE,NA,scian,FALSE,FALSE,muestra_insuficiente
6110,7,1,8,1,144,146,TRUE,0.014072119613016711,FALSE,1,TRUE,NA,1,NA,0.01793275217932752,NA,1,NA,FALSE,NA,TRUE,scian,FALSE,FALSE,muestra_insuficiente
5100,18,2,11,1,130,131,TRUE,0.10743801652892562,FALSE,1,TRUE,NA,1,NA,0.7303370786516854,NA,1,NA,TRUE,NA,TRUE,scian,FALSE,FALSE,muestra_insuficiente
6110,5,1,4,1,152,154,TRUE,0.09118176364727054,FALSE,1,TRUE,1,NA,0.14742967992240544,NA,1,NA,FALSE,NA,TRUE,NA,scian,FALSE,FALSE,muestra_insuficiente
6101,20,1,8,1,169,137,TRUE,0.0056248959893493095,FALSE,1,TRUE,1,NA,0.013485477178423237,NA,1,NA,FALSE,NA,TRUE,NA,scian,FALSE,FALSE,muestra_insuficiente
8150,19,4,11,1,306,234,TRUE,0.140625,FALSE,1,TRUE,NA,1,NA,0.5377855887521968,NA,1,NA,TRUE,NA,TRUE,scian,FALSE,FALSE,muestra_insuficiente
8150,17,6,6,2,547,543,TRUE,0.2647628267182962,FALSE,1,TRUE,1,1,1,0.15891472868217055,1,1,TRUE,FALSE,TRUE,TRUE,scian,FALSE,TRUE,muestra_insuficiente
4134,1,13,11,1,163,153,TRUE,1,TRUE,0.43714285714285717,FALSE,NA,1,NA,1,NA,1,NA,TRUE,NA,TRUE,scian,FALSE,FALSE,muestra_insuficiente
4134,1,12,12,1,133,132,TRUE,0.40797546012269936,FALSE,1,TRUE,1,NA,0.40797546012269936,NA,1,NA,FALSE,NA,TRUE,NA,scian,FALSE,TRUE,muestra_insuficiente
7201,5,3,11,1,41,41,TRUE,1,TRUE,1,TRUE,NA,1,NA,1,NA,1,NA,TRUE,NA,TRUE,scian,FALSE,FALSE,muestra_insuficiente
8150,9,4,7,1,30,38,TRUE,0.019986675549633577,FALSE,1,TRUE,NA,1,NA,0.019986675549633577,NA,1,NA,FALSE,NA,TRUE,scian,FALSE,FALSE,muestra_insuficiente
2121,14,2,3,1,53,47,TRUE,1,TRUE,0.27167630057803466,FALSE,1,NA,1,NA,0.27167630057803466,NA,TRUE,NA,FALSE,NA,scian,FALSE,FALSE,muestra_insuficiente
1230,2,2,2,1,249,248,TRUE,0.5081632653061224,TRUE,1,TRUE,1,NA,0.5081632653061224,NA,1,NA,TRUE,NA,TRUE,NA,scian,FALSE,TRUE,muestra_insuficiente
5170,2,1,8,1,219,223,TRUE,0.6479289940828402,TRUE,1,TRUE,1,NA,0.6479289940828402,NA,1,NA,TRUE,NA,TRUE,NA,scian,FALSE,FALSE,muestra_insuficiente
1230,2,2,1,1,241,237,TRUE,0.49183673469387756,FALSE,1,TRUE,1,NA,0.49183673469387756,NA,1,NA,FALSE,NA,TRUE,NA,scian,FALSE,FALSE,muestra_insuficiente
7201,3,3,3,432,119206,122088,TRUE,0.4548024646611091,TRUE,1,TRUE,213,219,0.4419804979060747,0.46730930111619423,1,1,FALSE,TRUE,TRUE,TRUE,posicion,FALSE,TRUE,sin_mayoria_reciproca_estable
5141,1,2,7,117,30702,31278,TRUE,0.5077228377707954,TRUE,1,TRUE,61,56,0.5853959971162759,0.43553173159758785,1,1,TRUE,TRUE,TRUE,TRUE,posicion,FALSE,FALSE,sin_mayoria_reciproca_estable
5141,1,2,8,50,9135,8971,TRUE,0.15106664461716554,FALSE,1,TRUE,26,24,0.1639259844141577,0.1391148974187167,1,1,FALSE,FALSE,TRUE,TRUE,posicion,FALSE,FALSE,sin_mayoria_reciproca_estable
7201,3,3,6,91,28941,28414,TRUE,0.1104175807405429,FALSE,1,TRUE,45,46,0.11022082798905905,0.11060949782564458,1,1,FALSE,FALSE,TRUE,TRUE,posicion,FALSE,FALSE,sin_mayoria_reciproca_estable
1204,1,2,1,10,2535,2532,TRUE,0.06089651196310176,FALSE,1,TRUE,4,6,0.054112454599788515,0.0683201690395935,1,1,FALSE,FALSE,TRUE,TRUE,posicion,FALSE,FALSE,muestra_insuficiente
1230,1,2,3,7,1946,1881,TRUE,0.13413289219740832,FALSE,1,TRUE,2,5,0.086272135613743,0.17415517023161625,1,1,FALSE,FALSE,TRUE,TRUE,posicion,FALSE,FALSE,muestra_insuficiente
1230,1,2,2,41,9141,9227,TRUE,0.630066170388751,TRUE,1,TRUE,21,20,0.7703950355683367,0.5127199088722947,1,1,TRUE,TRUE,TRUE,TRUE,posicion,TRUE,TRUE,candidato_estadistico_no_aprobado_semanticamente
6101,1,1,1,82,18096,18568,TRUE,0.4119280673799226,TRUE,0.9709773571092402,TRUE,34,48,0.35115176898490025,0.45470058951287623,0.9953488372093023,0.9572817119986932,FALSE,TRUE,TRUE,TRUE,posicion,FALSE,TRUE,sin_mayoria_reciproca_estable
1204,1,2,2,46,12434,12426,TRUE,0.2986931872777938,FALSE,1,TRUE,19,27,0.23382832973196635,0.36967349197565025,1,1,FALSE,TRUE,TRUE,TRUE,posicion,FALSE,TRUE,sin_mayoria_reciproca_estable
7201,3,3,11,355,113958,113774,TRUE,0.434779954598348,FALSE,1,TRUE,167,188,0.44779867410486623,0.42208120105816116,1,1,TRUE,FALSE,TRUE,TRUE,posicion,FALSE,FALSE,sin_mayoria_reciproca_estable
6101,1,1,2,80,16835,18587,TRUE,0.38322330981106306,FALSE,0.9225233273774072,TRUE,39,41,0.36773944671001874,0.3941203847347192,0.8195069921782413,0.9967549103330486,TRUE,FALSE,TRUE,TRUE,posicion,FALSE,FALSE,sin_mayoria_reciproca_estable
1204,1,2,8,58,18563,19062,TRUE,0.44592581916018065,TRUE,1,TRUE,31,27,0.5236540848696611,0.3608693464808573,1,1,TRUE,FALSE,TRUE,TRUE,posicion,FALSE,FALSE,sin_mayoria_reciproca_estable
8150,3,6,6,5,884,908,TRUE,0.2221663734606685,FALSE,1,TRUE,2,3,0.33273056057866185,0.17960320222763662,1,1,FALSE,FALSE,TRUE,TRUE,posicion,FALSE,TRUE,muestra_insuficiente
5141,1,2,10,10,3598,3608,TRUE,0.059500578799404666,FALSE,1,TRUE,3,7,0.019739778227882865,0.09645512268274783,1,1,FALSE,FALSE,TRUE,TRUE,posicion,FALSE,FALSE,muestra_insuficiente
2121,1,2,2,8,948,927,TRUE,0.402206194314807,TRUE,0.49838709677419357,FALSE,4,4,0.4816326530612245,0.345679012345679,0.4537735849056604,0.5575,TRUE,FALSE,FALSE,TRUE,posicion,FALSE,TRUE,muestra_insuficiente
6180,1,2,2,2,367,373,TRUE,0.18213399503722083,FALSE,0.211092246745897,FALSE,1,1,0.11612106238418778,0.45202020202020204,0.21664766248574688,0.20561797752808988,FALSE,TRUE,FALSE,FALSE,posicion,FALSE,TRUE,muestra_insuficiente
5380,1,8,7,7,2354,2389,TRUE,0.18595465676593728,FALSE,1,TRUE,4,3,0.15917814405057576,0.20036452004860267,1,1,FALSE,FALSE,TRUE,TRUE,posicion,FALSE,FALSE,muestra_insuficiente
5141,1,2,1,29,9289,9625,TRUE,0.1536133619976848,FALSE,1,TRUE,13,16,0.10896357581791342,0.19511183433840656,1,1,FALSE,FALSE,TRUE,TRUE,posicion,FALSE,FALSE,sin_mayoria_reciproca_estable
5100,1,1,1,3,572,588,TRUE,0.07000367152123363,FALSE,1,TRUE,1,2,0.04689013757023833,0.10963455149501661,1,1,FALSE,FALSE,TRUE,TRUE,posicion,FALSE,TRUE,muestra_insuficiente
1204,1,2,7,6,849,849,TRUE,0.020394926491784374,FALSE,1,TRUE,3,3,0.02363109742080824,0.01685364994717513,1,1,FALSE,FALSE,TRUE,TRUE,posicion,FALSE,FALSE,muestra_insuficiente
5170,1,1,10,3,395,382,TRUE,0.05859664738169411,FALSE,1,TRUE,3,NA,0.08487322733132789,NA,1,NA,FALSE,NA,TRUE,NA,posicion,FALSE,FALSE,muestra_insuficiente
6121,1,1,3,7,1087,1085,TRUE,0.06881488984553051,FALSE,0.8952145214521452,TRUE,4,3,0.07441121225256465,0.06445070422535211,0.9251336898395722,0.869431643625192,FALSE,FALSE,TRUE,TRUE,posicion,FALSE,FALSE,muestra_insuficiente
8150,1,4,13,5,701,865,TRUE,0.0732727082680046,FALSE,1,TRUE,1,4,0.012743125419181758,0.12642324303101687,1,1,FALSE,FALSE,TRUE,TRUE,posicion,FALSE,FALSE,muestra_insuficiente
7121,1,8,10,20,5017,5034,TRUE,0.4630364559298569,TRUE,1,TRUE,13,7,0.8020639834881321,0.18881469115191987,1,1,TRUE,FALSE,TRUE,TRUE,posicion,FALSE,FALSE,sin_mayoria_reciproca_estable
6110,1,1,7,4,562,561,TRUE,0.015844375528615732,FALSE,1,TRUE,1,3,0.005254424778761062,0.02313624678663239,1,1,FALSE,FALSE,TRUE,TRUE,posicion,FALSE,FALSE,muestra_insuficiente
4109,1,13,13,10,1989,1964,TRUE,0.2805755395683453,FALSE,1,TRUE,8,2,0.5450493473416109,0.07016210739614995,1,1,TRUE,FALSE,TRUE,TRUE,posicion,FALSE,TRUE,muestra_insuficiente
4109,1,13,10,10,2694,2719,TRUE,0.3800253914515446,TRUE,1,TRUE,3,7,0.12702960840496658,0.581306990881459,1,1,FALSE,TRUE,TRUE,TRUE,posicion,FALSE,FALSE,muestra_insuficiente
1250,1,3,3,87,15208,15213,TRUE,0.5571104110191223,TRUE,1,TRUE,49,38,0.5395194986072424,0.587224319491357,1,1,TRUE,TRUE,TRUE,TRUE,posicion,TRUE,TRUE,candidato_estadistico_no_aprobado_semanticamente
5380,1,8,10,7,3129,3164,TRUE,0.2471759222687416,FALSE,1,TRUE,2,5,0.141792729735832,0.30388821385176185,1,1,FALSE,FALSE,TRUE,TRUE,posicion,FALSE,FALSE,muestra_insuficiente
1204,1,2,10,5,1461,1464,TRUE,0.035096569616604206,FALSE,1,TRUE,1,4,0.005241138338467197,0.06776676560849222,1,1,FALSE,FALSE,TRUE,TRUE,posicion,FALSE,FALSE,muestra_insuficiente
6110,1,1,2,26,8663,8555,TRUE,0.24423456442063715,FALSE,0.9393872845064236,TRUE,15,11,0.34022400442477874,0.1781395791678568,1,0.8615500376222723,FALSE,FALSE,TRUE,TRUE,posicion,FALSE,FALSE,sin_mayoria_reciproca_estable
1204,2,2,5,6,1618,1751,TRUE,0.9182746878547106,TRUE,1,TRUE,3,3,0.746031746031746,1,1,1,TRUE,TRUE,TRUE,TRUE,posicion,FALSE,FALSE,muestra_insuficiente
6180,1,1,2,9,1334,1394,TRUE,0.10886241227354333,FALSE,0.788907753254103,TRUE,5,4,0.07574293307562213,0.17781690140845072,0.7833523375142531,0.7943820224719101,FALSE,FALSE,TRUE,TRUE,posicion,FALSE,FALSE,muestra_insuficiente
5141,1,2,3,5,2083,1234,TRUE,0.0344468331404002,FALSE,1,TRUE,3,2,0.018606886607847848,0.04916882039500973,1,1,FALSE,FALSE,TRUE,TRUE,posicion,FALSE,FALSE,muestra_insuficiente
7201,1,3,11,23,10209,10099,TRUE,0.6876599757510441,TRUE,1,TRUE,12,11,0.7428350116189001,0.5615316511730855,1,1,TRUE,TRUE,TRUE,TRUE,posicion,TRUE,FALSE,candidato_estadistico_no_aprobado_semanticamente
1204,3,2,6,13,3723,3774,TRUE,0.3868051948051948,FALSE,1,TRUE,5,8,0.21204728842184276,0.603584729981378,1,1,FALSE,TRUE,TRUE,TRUE,posicion,FALSE,FALSE,sin_mayoria_reciproca_estable
5380,1,8,8,22,6483,6619,TRUE,0.51212576032862,TRUE,1,TRUE,11,11,0.6066832242041093,0.4612393681652491,1,1,TRUE,TRUE,TRUE,TRUE,posicion,FALSE,TRUE,sin_mayoria_reciproca_estable
1204,1,2,3,4,639,664,TRUE,0.015350245027385414,FALSE,1,TRUE,2,2,0.010482276676934394,0.02067716456205665,1,1,FALSE,FALSE,TRUE,TRUE,posicion,FALSE,FALSE,muestra_insuficiente
1204,1,2,11,5,2120,2207,TRUE,0.050927260497741905,FALSE,1,TRUE,4,1,0.09153602133235253,0.006489912964733109,1,1,FALSE,FALSE,TRUE,TRUE,posicion,FALSE,FALSE,muestra_insuficiente
1250,1,3,1,31,5886,5668,TRUE,0.21562019195545462,FALSE,1,TRUE,21,10,0.28609563602599813,0.0949731770315915,1,1,FALSE,FALSE,TRUE,TRUE,posicion,FALSE,FALSE,sin_mayoria_reciproca_estable
4109,1,13,9,1,171,166,TRUE,0.024121878967414304,FALSE,1,TRUE,NA,1,NA,0.04331306990881459,NA,1,NA,FALSE,NA,TRUE,posicion,FALSE,FALSE,muestra_insuficiente
8311,1,2,10,18,3279,3240,TRUE,0.47868613138686134,TRUE,1,TRUE,8,10,0.5845493562231759,0.4241150442477876,1,1,TRUE,FALSE,TRUE,TRUE,posicion,FALSE,FALSE,sin_mayoria_reciproca_estable
6121,1,1,1,15,2790,2695,TRUE,0.17662699417574068,TRUE,1,TRUE,12,3,0.24591821991041757,0.12259154929577465,1,1,FALSE,FALSE,TRUE,TRUE,posicion,FALSE,TRUE,muestra_insuficiente
6180,1,1,1,12,4616,4853,TRUE,0.37669332462869265,TRUE,1,TRUE,8,4,0.43585407103165014,0.2535211267605634,1,1,TRUE,FALSE,TRUE,TRUE,posicion,FALSE,TRUE,muestra_insuficiente
6110,1,1,1,49,13784,14687,TRUE,0.3886100930363688,TRUE,0.9663135732613988,TRUE,26,23,0.2840846238938053,0.4605826906598115,0.9784970073154511,0.9611714071856288,FALSE,TRUE,TRUE,TRUE,posicion,FALSE,TRUE,sin_mayoria_reciproca_estable
2126,1,1,3,2,1081,880,TRUE,0.5988919667590028,TRUE,1,TRUE,2,NA,0.8353941267387944,NA,1,NA,TRUE,NA,TRUE,NA,posicion,FALSE,FALSE,muestra_insuficiente
5100,2,2,5,5,2912,2884,TRUE,0.9451476793248945,TRUE,1,TRUE,1,4,0.946985446985447,0.9443133553563001,1,1,TRUE,TRUE,TRUE,TRUE,posicion,FALSE,FALSE,muestra_insuficiente
5100,1,2,7,2,134,127,TRUE,0.11754385964912281,FALSE,0.04667401690554943,FALSE,NA,2,NA,0.5075757575757576,NA,0.10948275862068965,NA,TRUE,NA,FALSE,posicion,FALSE,FALSE,muestra_insuficiente
2126,1,1,1,7,724,734,TRUE,0.40110803324099725,FALSE,1,TRUE,3,4,0.16460587326120557,1,1,1,FALSE,TRUE,TRUE,TRUE,posicion,FALSE,TRUE,muestra_insuficiente
2121,1,2,1,2,425,437,TRUE,0.18031395842172254,FALSE,0.011576772279326058,FALSE,1,1,0.3877551020408163,0.032679738562091505,0.02692095841366015,0.0019807096107475027,FALSE,FALSE,FALSE,FALSE,posicion,FALSE,FALSE,muestra_insuficiente
8150,1,4,10,6,1950,1935,TRUE,0.20382565067419253,FALSE,1,TRUE,2,4,0.33579253297563155,0.08794660384766392,1,1,TRUE,FALSE,TRUE,TRUE,posicion,FALSE,FALSE,muestra_insuficiente
5100,1,2,4,4,326,335,TRUE,0.28596491228070176,FALSE,0.13091051191871825,FALSE,4,NA,0.3721461187214612,NA,0.14365351629502573,NA,FALSE,NA,FALSE,NA,posicion,FALSE,FALSE,muestra_insuficiente
5170,1,1,1,8,1564,1605,TRUE,0.232013054442961,FALSE,1,TRUE,3,5,0.08186506231198969,0.5668423574508864,1,1,FALSE,TRUE,TRUE,TRUE,posicion,FALSE,TRUE,muestra_insuficiente
1230,2,2,2,1,151,159,TRUE,1,TRUE,1,TRUE,1,NA,1,NA,1,NA,TRUE,NA,TRUE,NA,posicion,FALSE,TRUE,muestra_insuficiente
6110,1,1,3,37,12088,11812,TRUE,0.3407950380603327,FALSE,0.8973638228367393,TRUE,20,17,0.3546045353982301,0.3312862991526231,0.8621593291404612,0.9244522113187257,TRUE,FALSE,TRUE,TRUE,posicion,FALSE,FALSE,sin_mayoria_reciproca_estable
1230,1,2,8,4,399,410,TRUE,0.02750206782464847,FALSE,1,TRUE,1,3,0.023611321325866505,0.030755600556891534,1,1,FALSE,FALSE,TRUE,TRUE,posicion,FALSE,FALSE,muestra_insuficiente
4109,1,13,11,7,2235,2240,TRUE,0.3152771900126957,FALSE,1,TRUE,4,3,0.3279210442534225,0.3052178318135765,1,1,FALSE,FALSE,TRUE,TRUE,posicion,FALSE,FALSE,muestra_insuficiente
6180,1,1,8,4,1521,1678,TRUE,0.1241227354333279,FALSE,1,TRUE,2,2,0.12998308770234357,0.1119215291750503,1,1,FALSE,FALSE,TRUE,TRUE,posicion,FALSE,FALSE,muestra_insuficiente
6121,1,1,2,13,2680,2686,TRUE,0.16966320587490505,FALSE,0.7160757131431619,TRUE,5,8,0.14188701054760872,0.19132394366197183,0.5221190606226106,0.9010416666666666,FALSE,FALSE,TRUE,TRUE,posicion,FALSE,FALSE,sin_mayoria_reciproca_estable
8150,1,4,1,3,430,441,TRUE,0.04494616912302707,FALSE,1,TRUE,3,NA,0.09613234965347642,NA,1,NA,FALSE,NA,TRUE,NA,posicion,FALSE,FALSE,muestra_insuficiente
5170,1,1,8,4,1134,1134,TRUE,0.16822429906542055,FALSE,1,TRUE,4,NA,0.2436613665663945,NA,1,NA,FALSE,NA,TRUE,NA,posicion,FALSE,FALSE,muestra_insuficiente
7201,4,3,11,16,3728,3725,TRUE,0.44818465977398414,FALSE,1,TRUE,10,6,0.6077371947266047,0.24817122730967217,1,1,TRUE,FALSE,TRUE,TRUE,posicion,FALSE,FALSE,sin_mayoria_reciproca_estable
6180,1,1,13,2,210,333,TRUE,0.017137261302431858,FALSE,1,TRUE,1,1,0.021140372070548443,0.008802816901408451,1,1,FALSE,FALSE,TRUE,TRUE,posicion,FALSE,FALSE,muestra_insuficiente
1250,1,3,2,20,4438,4718,TRUE,0.16257601289471757,FALSE,1,TRUE,11,9,0.10167130919220056,0.2668388635008941,1,1,FALSE,FALSE,TRUE,TRUE,posicion,FALSE,FALSE,sin_mayoria_reciproca_estable
8311,1,2,8,7,684,675,TRUE,0.09985401459854015,FALSE,1,TRUE,5,2,0.2206008583690987,0.03761061946902655,1,1,FALSE,FALSE,TRUE,TRUE,posicion,FALSE,FALSE,muestra_insuficiente
2125,1,2,2,22,4536,4603,TRUE,1,TRUE,0.3209902370990237,FALSE,17,5,1,1,0.37872782181955456,0.15758547008547008,TRUE,TRUE,FALSE,FALSE,posicion,FALSE,TRUE,sin_mayoria_reciproca_estable
5100,1,2,2,2,550,522,TRUE,0.4824561403508772,TRUE,0.43427620632279534,FALSE,2,NA,0.6278538812785388,NA,1,NA,TRUE,NA,TRUE,NA,posicion,FALSE,TRUE,muestra_insuficiente
8311,1,2,7,1,35,35,TRUE,0.0051094890510948905,FALSE,1,TRUE,NA,1,NA,0.007743362831858407,NA,1,NA,FALSE,NA,TRUE,posicion,FALSE,FALSE,muestra_insuficiente
8311,1,2,3,2,142,141,TRUE,0.02072992700729927,FALSE,1,TRUE,1,1,0.04377682403433476,0.008849557522123894,1,1,FALSE,FALSE,TRUE,TRUE,posicion,FALSE,FALSE,muestra_insuficiente
7121,1,8,3,3,1944,1953,TRUE,0.17941855099215506,FALSE,0.8913738019169329,TRUE,1,2,0.02414860681114551,0.30500834724540904,1,0.8853012048192771,FALSE,FALSE,TRUE,TRUE,posicion,FALSE,FALSE,muestra_insuficiente
7201,2,3,5,9,3683,3620,TRUE,0.9608661622749805,TRUE,1,TRUE,4,5,0.9138920780711826,1,1,1,TRUE,TRUE,TRUE,TRUE,posicion,FALSE,FALSE,muestra_insuficiente
6101,1,1,3,32,8224,8109,TRUE,0.18720692010015935,FALSE,0.986256385307711,TRUE,19,13,0.2661743634960873,0.13163201985727582,1,0.9680249009620826,FALSE,FALSE,TRUE,TRUE,posicion,FALSE,FALSE,sin_mayoria_reciproca_estable
4120,4,13,11,35,6441,6379,TRUE,0.8253459764223475,TRUE,1,TRUE,27,8,0.7655447803764974,0.9489194499017681,1,1,TRUE,TRUE,TRUE,TRUE,posicion,TRUE,FALSE,candidato_estadistico_no_aprobado_semanticamente
4109,4,13,11,14,1066,1090,TRUE,0.8341158059467919,TRUE,1,TRUE,2,12,0.49038461538461536,1,1,1,FALSE,TRUE,TRUE,TRUE,posicion,FALSE,FALSE,muestra_insuficiente
4119,4,13,11,3,281,289,TRUE,1,TRUE,1,TRUE,NA,3,NA,1,NA,1,NA,TRUE,NA,TRUE,posicion,FALSE,FALSE,muestra_insuficiente
1230,1,2,7,8,983,951,TRUE,0.06775572098152743,FALSE,1,TRUE,3,5,0.042076585439685184,0.08922921149221617,1,1,FALSE,FALSE,TRUE,TRUE,posicion,FALSE,FALSE,muestra_insuficiente
4119,1,13,11,4,1445,1354,TRUE,1,TRUE,1,TRUE,2,2,1,1,1,1,TRUE,TRUE,TRUE,TRUE,posicion,FALSE,FALSE,muestra_insuficiente
4120,1,13,11,6,2270,2298,TRUE,0.7289659601798331,TRUE,1,TRUE,2,4,0.5441640378548895,0.8559046587215602,1,1,TRUE,TRUE,TRUE,TRUE,posicion,FALSE,FALSE,muestra_insuficiente
1204,2,2,2,1,144,142,TRUE,0.08172531214528944,FALSE,1,TRUE,1,NA,0.25396825396825395,NA,1,NA,FALSE,NA,TRUE,NA,posicion,FALSE,TRUE,muestra_insuficiente
1230,1,2,4,1,101,99,TRUE,0.006961676316515026,FALSE,1,TRUE,NA,1,NA,0.01278319200101253,NA,1,NA,FALSE,NA,TRUE,posicion,FALSE,FALSE,muestra_insuficiente
5141,1,2,2,25,5128,5341,TRUE,0.08480238134612204,FALSE,1,TRUE,13,12,0.09694805863572385,0.07351392744328515,1,1,FALSE,FALSE,TRUE,TRUE,posicion,FALSE,TRUE,sin_mayoria_reciproca_estable
1230,1,2,10,1,213,268,TRUE,0.014681555004135649,FALSE,1,TRUE,NA,1,NA,0.026958612833818504,NA,1,NA,FALSE,NA,TRUE,posicion,FALSE,FALSE,muestra_insuficiente
7121,4,9,11,1,103,102,TRUE,0.059572006940427996,FALSE,1,TRUE,1,NA,0.08084772370486656,NA,1,NA,FALSE,NA,TRUE,NA,posicion,FALSE,FALSE,muestra_insuficiente
6180,1,1,7,14,3466,3475,TRUE,0.2828464174963277,FALSE,0.7384190395240119,TRUE,7,7,0.2686639284851413,0.31237424547283704,0.6753246753246753,0.8881720430107527,FALSE,TRUE,TRUE,TRUE,posicion,FALSE,FALSE,sin_mayoria_reciproca_estable
2121,1,2,3,2,667,667,TRUE,0.28298684768773863,FALSE,0.08589826142949131,FALSE,NA,2,NA,0.4843863471314452,NA,0.1312992125984252,NA,TRUE,NA,FALSE,posicion,FALSE,FALSE,muestra_insuficiente
7201,4,3,4,13,4218,4216,TRUE,0.5070930512142342,TRUE,1,TRUE,6,7,0.34493192133131617,0.7103765917095638,1,1,FALSE,TRUE,TRUE,TRUE,posicion,FALSE,FALSE,sin_mayoria_reciproca_estable
6121,1,1,4,4,2369,2372,TRUE,0.1499746771334515,FALSE,1,TRUE,2,2,0.3123826036699899,0.02332394366197183,1,1,TRUE,FALSE,TRUE,TRUE,posicion,FALSE,FALSE,muestra_insuficiente
5100,1,1,4,5,2183,2224,TRUE,0.2671643617672256,FALSE,0.8690894880812817,TRUE,4,1,0.38287153652392947,0.06877076411960133,0.8563464837049742,1,TRUE,FALSE,TRUE,TRUE,posicion,FALSE,FALSE,muestra_insuficiente
7121,4,9,4,2,1225,1252,TRUE,0.708502024291498,TRUE,1,TRUE,1,1,0.8814756671899528,0.22417582417582418,1,1,TRUE,FALSE,TRUE,TRUE,posicion,FALSE,FALSE,muestra_insuficiente
1204,1,2,9,7,2983,2733,TRUE,0.07165849908715288,FALSE,1,TRUE,4,3,0.05751459703002161,0.08713588569703677,1,1,FALSE,FALSE,TRUE,TRUE,posicion,FALSE,FALSE,muestra_insuficiente
4120,1,13,13,4,844,860,TRUE,0.271034039820167,FALSE,1,TRUE,3,1,0.4558359621451104,0.14409534127843987,1,1,FALSE,FALSE,TRUE,TRUE,posicion,FALSE,TRUE,muestra_insuficiente
5100,1,1,2,2,683,680,TRUE,0.08358830008566882,FALSE,0.5657237936772047,TRUE,NA,2,NA,0.22691029900332227,NA,1,NA,FALSE,NA,TRUE,posicion,FALSE,FALSE,muestra_insuficiente
2121,2,2,1,6,1072,974,TRUE,0.4104134762633997,TRUE,0.6382699868938401,TRUE,2,4,0.17798594847775176,0.6341096919609316,0.4164179104477612,0.8119158878504673,FALSE,TRUE,FALSE,TRUE,posicion,FALSE,FALSE,muestra_insuficiente
1250,1,3,7,6,1004,993,TRUE,0.03677925122719613,FALSE,1,TRUE,5,1,0.05367920148560817,0.007848201867673356,1,1,FALSE,FALSE,TRUE,TRUE,posicion,FALSE,FALSE,muestra_insuficiente
1204,3,2,2,13,5902,5724,TRUE,0.6131948051948052,TRUE,1,TRUE,8,5,0.7879527115781573,0.396415270018622,1,1,TRUE,FALSE,TRUE,TRUE,posicion,FALSE,TRUE,sin_mayoria_reciproca_estable
5100,1,1,7,13,2533,2594,TRUE,0.30999877615958876,TRUE,0.9533259830944506,TRUE,9,4,0.29567913195117224,0.3345514950166113,1,0.8905172413793103,FALSE,TRUE,TRUE,TRUE,posicion,FALSE,FALSE,muestra_insuficiente
7121,1,9,11,13,2897,2907,TRUE,0.29813728517032007,FALSE,1,TRUE,6,7,0.3543289051763628,0.2522892917211736,1,1,FALSE,FALSE,TRUE,TRUE,posicion,FALSE,FALSE,sin_mayoria_reciproca_estable
6101,1,1,4,1,40,41,TRUE,9.105394946505805e-4,FALSE,1,TRUE,NA,1,NA,0.0015513496742165685,NA,1,NA,FALSE,NA,TRUE,posicion,FALSE,FALSE,muestra_insuficiente
1204,1,2,4,1,44,44,TRUE,0.0010569808782550207,FALSE,1,TRUE,NA,1,NA,0.002213613724405091,NA,1,NA,FALSE,NA,TRUE,posicion,FALSE,FALSE,muestra_insuficiente
7121,1,9,9,21,3243,3267,TRUE,0.33374498301945044,FALSE,1,TRUE,10,11,0.2320201557489693,0.4167445337320127,1,1,FALSE,TRUE,TRUE,TRUE,posicion,FALSE,TRUE,sin_mayoria_reciproca_estable
8150,1,4,4,8,2737,3026,TRUE,0.28608759276680257,TRUE,1,TRUE,1,7,0.09546165884194054,0.4534746760895171,1,1,FALSE,TRUE,TRUE,TRUE,posicion,FALSE,TRUE,muestra_insuficiente
7121,4,9,3,1,37,38,TRUE,0.021399652978600348,FALSE,1,TRUE,NA,1,NA,0.08131868131868132,NA,1,NA,FALSE,NA,TRUE,posicion,FALSE,FALSE,muestra_insuficiente
8311,1,2,2,5,2323,2307,TRUE,0.33912408759124085,FALSE,1,TRUE,1,4,0.05793991416309013,0.484070796460177,1,1,FALSE,TRUE,TRUE,TRUE,posicion,FALSE,TRUE,muestra_insuficiente
4134,3,12,11,2,193,197,TRUE,0.5920245398773006,TRUE,1,TRUE,2,NA,0.5920245398773006,NA,1,NA,TRUE,NA,TRUE,NA,posicion,FALSE,FALSE,muestra_insuficiente
1250,1,3,4,2,328,348,TRUE,0.012015532273426624,FALSE,1,TRUE,2,NA,0.01903435468895079,NA,1,NA,FALSE,NA,TRUE,NA,posicion,FALSE,FALSE,muestra_insuficiente
5141,1,2,4,2,187,213,TRUE,0.0030924425334876797,FALSE,1,TRUE,2,NA,0.006419719180198427,NA,1,NA,FALSE,NA,TRUE,NA,posicion,FALSE,FALSE,muestra_insuficiente
5100,1,1,10,3,1050,1082,TRUE,0.12850324317708972,FALSE,1,TRUE,3,NA,0.20344894400310018,NA,1,NA,FALSE,NA,TRUE,NA,posicion,FALSE,FALSE,muestra_insuficiente
8311,1,2,1,2,387,394,TRUE,0.056496350364963505,FALSE,1,TRUE,1,1,0.09313304721030043,0.03761061946902655,1,1,FALSE,FALSE,TRUE,TRUE,posicion,FALSE,FALSE,muestra_insuficiente
4109,3,12,12,2,737,750,TRUE,1,TRUE,1,TRUE,2,NA,1,NA,1,NA,TRUE,NA,TRUE,NA,posicion,FALSE,TRUE,muestra_insuficiente
6180,1,1,3,3,436,445,TRUE,0.03558021870409662,FALSE,1,TRUE,1,2,0.0066441169364580815,0.09582494969818914,1,1,FALSE,FALSE,TRUE,TRUE,posicion,FALSE,FALSE,muestra_insuficiente
2121,3,2,6,1,116,117,TRUE,0.6863905325443787,TRUE,1,TRUE,NA,1,NA,1,NA,1,NA,TRUE,NA,TRUE,posicion,FALSE,FALSE,muestra_insuficiente
5170,1,1,2,8,1607,1678,TRUE,0.23839192998071504,FALSE,1,TRUE,5,3,0.2743876235496347,0.1581217057977959,1,1,FALSE,FALSE,TRUE,TRUE,posicion,FALSE,FALSE,muestra_insuficiente
1230,1,2,1,7,1725,1728,TRUE,0.11889991728701406,FALSE,1,TRUE,4,3,0.0776449220523687,0.15339830401215035,1,1,FALSE,FALSE,TRUE,TRUE,posicion,FALSE,FALSE,muestra_insuficiente
5100,1,1,8,2,253,226,TRUE,0.03096316240362257,FALSE,1,TRUE,2,NA,0.04902150745979461,NA,1,NA,FALSE,NA,TRUE,NA,posicion,FALSE,FALSE,muestra_insuficiente
5380,1,8,2,2,409,410,TRUE,0.032309029149221895,FALSE,1,TRUE,1,1,0.028223075186272296,0.03450789793438639,1,1,FALSE,FALSE,TRUE,TRUE,posicion,FALSE,FALSE,muestra_insuficiente
4170,2,12,12,2,426,404,TRUE,1,TRUE,1,TRUE,1,1,1,1,1,1,TRUE,TRUE,TRUE,TRUE,posicion,FALSE,TRUE,muestra_insuficiente
7121,1,9,4,11,3301,3341,TRUE,0.3397139034681486,TRUE,0.9812041116005874,TRUE,8,3,0.4136509390746679,0.27938703046159596,1,0.9586296056884293,TRUE,FALSE,TRUE,TRUE,posicion,FALSE,FALSE,muestra_insuficiente
8150,1,4,2,2,1244,1299,TRUE,0.13003031253266437,FALSE,1,TRUE,1,1,0.24301363737983456,0.03082057322340008,1,1,FALSE,FALSE,TRUE,TRUE,posicion,FALSE,FALSE,muestra_insuficiente
6121,1,1,8,3,1686,1696,TRUE,0.10673588250189922,FALSE,1,TRUE,2,1,0.22540095361941917,0.014197183098591548,1,1,FALSE,FALSE,TRUE,TRUE,posicion,FALSE,FALSE,muestra_insuficiente
8150,3,6,12,2,1576,1755,TRUE,0.3960794169389294,TRUE,1,TRUE,1,1,0.6672694394213382,0.2916811695092238,1,1,TRUE,FALSE,TRUE,TRUE,posicion,FALSE,FALSE,muestra_insuficiente
1230,3,2,6,3,1137,1107,TRUE,0.7173501577287066,TRUE,1,TRUE,1,2,0.2126537785588752,1,1,1,FALSE,TRUE,TRUE,TRUE,posicion,FALSE,FALSE,muestra_insuficiente
6121,1,1,10,2,2458,2439,TRUE,0.15560901494049126,FALSE,1,TRUE,NA,2,NA,0.2769577464788732,NA,1,NA,FALSE,NA,TRUE,posicion,FALSE,FALSE,muestra_insuficiente
2121,2,2,2,1,959,960,TRUE,0.36715160796324653,FALSE,1,TRUE,1,NA,0.7486338797814208,NA,1,NA,TRUE,NA,TRUE,NA,posicion,FALSE,TRUE,muestra_insuficiente
7121,1,8,8,14,3810,3977,TRUE,0.3516382095062298,FALSE,1,TRUE,5,9,0.1737874097007224,0.4954924874791319,1,1,FALSE,TRUE,TRUE,TRUE,posicion,FALSE,TRUE,sin_mayoria_reciproca_estable
6180,1,2,7,2,1597,1231,TRUE,0.7925558312655087,TRUE,0.2615809604759881,FALSE,1,1,0.8838789376158123,0.41919191919191917,0.3246753246753247,0.11182795698924732,TRUE,FALSE,FALSE,FALSE,posicion,FALSE,FALSE,muestra_insuficiente
8150,1,4,7,7,692,714,TRUE,0.07233197449566217,FALSE,1,TRUE,3,4,0.0782472613458529,0.06713780918727916,1,1,FALSE,FALSE,TRUE,TRUE,posicion,FALSE,FALSE,muestra_insuficiente
5100,1,1,3,3,897,943,TRUE,0.10977848488557092,FALSE,1,TRUE,1,2,0.02208874249176516,0.2601328903654485,1,1,FALSE,FALSE,TRUE,TRUE,posicion,FALSE,FALSE,muestra_insuficiente
7201,1,3,4,9,4637,4757,TRUE,0.31234002424895596,FALSE,1,TRUE,5,4,0.2571649883810999,0.43846834882691454,1,1,FALSE,FALSE,TRUE,TRUE,posicion,FALSE,FALSE,muestra_insuficiente
7121,1,9,3,2,232,238,TRUE,0.02387568179479263,FALSE,0.10862619808306709,FALSE,NA,2,NA,0.043356381984675764,NA,0.11469879518072289,NA,FALSE,NA,FALSE,posicion,FALSE,FALSE,muestra_insuficiente
5170,1,1,3,2,2041,2069,TRUE,0.3027740691292093,TRUE,1,TRUE,1,1,0.3152127202406532,0.27503593675131766,1,1,TRUE,FALSE,TRUE,TRUE,posicion,FALSE,FALSE,muestra_insuficiente
8150,3,6,11,1,845,852,TRUE,0.21236491580799197,FALSE,1,TRUE,NA,1,NA,0.29411764705882354,NA,1,NA,TRUE,NA,TRUE,posicion,FALSE,FALSE,muestra_insuficiente
8150,4,4,11,2,889,896,TRUE,1,TRUE,1,TRUE,1,1,1,1,1,1,TRUE,TRUE,TRUE,TRUE,posicion,FALSE,FALSE,muestra_insuficiente
1250,3,3,1,2,3061,3044,TRUE,0.9462132921174652,TRUE,1,TRUE,1,1,1,0.8775510204081632,1,1,TRUE,TRUE,TRUE,TRUE,posicion,FALSE,FALSE,muestra_insuficiente
8310,1,2,10,1,83,83,TRUE,0.48823529411764705,FALSE,1,TRUE,NA,1,NA,1,NA,1,NA,TRUE,NA,TRUE,posicion,FALSE,FALSE,muestra_insuficiente
6110,1,1,4,2,229,232,TRUE,0.006456160135325627,FALSE,0.6219839142091153,TRUE,2,NA,0.015832411504424777,NA,1,NA,FALSE,NA,TRUE,NA,posicion,FALSE,FALSE,muestra_insuficiente
7201,4,3,3,2,372,441,TRUE,0.04472228901178168,FALSE,1,TRUE,1,1,0.0473308839420791,0.041452180980764024,1,1,FALSE,FALSE,TRUE,TRUE,posicion,FALSE,TRUE,muestra_insuficiente
7121,4,9,9,2,364,365,TRUE,0.21052631578947367,FALSE,1,TRUE,1,1,0.03767660910518053,0.6945054945054945,1,1,FALSE,TRUE,TRUE,TRUE,posicion,FALSE,TRUE,muestra_insuficiente
6101,1,1,7,1,464,473,TRUE,0.010562258137946734,FALSE,1,TRUE,NA,1,NA,0.017995656220912194,NA,1,NA,FALSE,NA,TRUE,posicion,FALSE,FALSE,muestra_insuficiente
4120,4,13,13,5,1363,1344,TRUE,0.17465402357765247,FALSE,1,TRUE,4,1,0.23445521962350258,0.05108055009823183,1,1,FALSE,FALSE,TRUE,TRUE,posicion,FALSE,TRUE,muestra_insuficiente
5380,1,8,4,1,284,285,TRUE,0.022434631487479265,FALSE,1,TRUE,1,NA,0.06412282682321066,NA,1,NA,FALSE,NA,TRUE,NA,posicion,FALSE,FALSE,muestra_insuficiente
6180,1,1,10,4,427,408,TRUE,0.03484576464827811,FALSE,1,TRUE,4,NA,0.0515825078521382,NA,1,NA,FALSE,NA,TRUE,NA,posicion,FALSE,FALSE,muestra_insuficiente
6121,1,1,7,1,2726,2063,TRUE,0.17257533552798177,FALSE,1,TRUE,NA,1,NA,0.30715492957746476,NA,1,NA,TRUE,NA,TRUE,posicion,FALSE,FALSE,muestra_insuficiente
2121,2,2,5,2,581,608,TRUE,0.22243491577335375,FALSE,1,TRUE,1,1,0.07338017174082748,0.36589030803906836,1,1,FALSE,FALSE,TRUE,TRUE,posicion,FALSE,FALSE,muestra_insuficiente
1250,4,3,3,2,175,178,TRUE,1,TRUE,1,TRUE,1,1,1,1,1,1,TRUE,TRUE,TRUE,TRUE,posicion,FALSE,TRUE,muestra_insuficiente
5380,1,9,9,4,538,564,TRUE,1,TRUE,1,TRUE,1,3,1,1,1,1,TRUE,TRUE,TRUE,TRUE,posicion,FALSE,TRUE,muestra_insuficiente
7121,1,9,2,1,44,44,TRUE,0.0045281465472882575,FALSE,1,TRUE,NA,1,NA,0.008222762100541955,NA,1,NA,FALSE,NA,TRUE,posicion,FALSE,FALSE,muestra_insuficiente
8150,1,4,3,6,1407,1388,TRUE,0.14706804640953278,FALSE,1,TRUE,2,4,0.11625307399955287,0.17412642324303101,1,1,FALSE,FALSE,TRUE,TRUE,posicion,FALSE,FALSE,muestra_insuficiente
1250,3,3,2,2,174,153,TRUE,0.05378670788253478,FALSE,1,TRUE,NA,2,NA,0.12244897959183673,NA,1,NA,FALSE,NA,TRUE,posicion,FALSE,FALSE,muestra_insuficiente
2121,1,2,9,4,317,378,TRUE,0.13449299957573185,FALSE,1,TRUE,2,2,0.1306122448979592,0.13725490196078433,1,1,FALSE,FALSE,TRUE,TRUE,posicion,FALSE,FALSE,muestra_insuficiente
7121,1,8,4,1,64,64,TRUE,0.005906783571758191,FALSE,0.018795888399412628,FALSE,NA,1,NA,0.010684474123539232,NA,0.04137039431157078,NA,FALSE,NA,FALSE,posicion,FALSE,FALSE,muestra_insuficiente
6101,1,1,10,1,102,101,TRUE,0.00232187571135898,FALSE,1,TRUE,1,NA,0.005621073514824204,NA,1,NA,FALSE,NA,TRUE,NA,posicion,FALSE,FALSE,muestra_insuficiente
1230,3,2,2,1,448,476,TRUE,0.28264984227129336,FALSE,1,TRUE,1,NA,0.7873462214411248,NA,1,NA,TRUE,NA,TRUE,NA,posicion,FALSE,TRUE,muestra_insuficiente
1250,1,3,10,2,434,438,TRUE,0.01589860063008279,FALSE,1,TRUE,NA,2,NA,0.043115438108484005,NA,1,NA,FALSE,NA,TRUE,posicion,FALSE,FALSE,muestra_insuficiente
8150,3,6,2,1,674,684,TRUE,0.16938929379241016,FALSE,1,TRUE,NA,1,NA,0.23459798120431605,NA,1,NA,FALSE,NA,TRUE,posicion,FALSE,FALSE,muestra_insuficiente
6180,1,1,4,3,244,249,TRUE,0.01991186551330178,FALSE,1,TRUE,1,2,0.01038898284609809,0.039738430583501,1,1,FALSE,FALSE,TRUE,TRUE,posicion,FALSE,FALSE,muestra_insuficiente
7201,2,3,2,1,150,169,TRUE,0.03913383772501957,FALSE,1,TRUE,1,NA,0.08610792192881746,NA,1,NA,FALSE,NA,TRUE,NA,posicion,FALSE,FALSE,muestra_insuficiente
4109,4,13,13,2,212,202,TRUE,0.16588419405320814,FALSE,1,TRUE,2,NA,0.5096153846153846,NA,1,NA,TRUE,NA,TRUE,NA,posicion,FALSE,TRUE,muestra_insuficiente
8150,1,4,11,2,406,338,TRUE,0.042437545730113935,FALSE,1,TRUE,1,1,0.0223563603845294,0.06007067137809187,1,1,FALSE,FALSE,TRUE,TRUE,posicion,FALSE,FALSE,muestra_insuficiente
5100,2,2,2,2,169,172,TRUE,0.05485232067510549,FALSE,1,TRUE,1,1,0.05301455301455302,0.05568664464369986,1,1,FALSE,FALSE,TRUE,TRUE,posicion,FALSE,TRUE,muestra_insuficiente
6180,2,2,2,1,98,102,TRUE,1,TRUE,1,TRUE,NA,1,NA,1,NA,1,NA,TRUE,NA,TRUE,posicion,FALSE,TRUE,muestra_insuficiente
4151,1,13,13,3,2781,2976,TRUE,1,TRUE,1,TRUE,3,NA,1,NA,1,NA,TRUE,NA,TRUE,NA,posicion,FALSE,TRUE,muestra_insuficiente
5141,1,2,9,1,348,335,TRUE,0.005754919794939639,FALSE,1,TRUE,NA,1,NA,0.011103666124246195,NA,1,NA,FALSE,NA,TRUE,posicion,FALSE,FALSE,muestra_insuficiente
8310,1,2,2,1,87,88,TRUE,0.5117647058823529,TRUE,1,TRUE,1,NA,1,NA,1,NA,TRUE,NA,TRUE,NA,posicion,FALSE,TRUE,muestra_insuficiente
5141,3,2,6,1,521,516,TRUE,1,TRUE,1,TRUE,1,NA,1,NA,1,NA,TRUE,NA,TRUE,NA,posicion,FALSE,FALSE,muestra_insuficiente
6180,1,2,11,1,51,51,TRUE,0.025310173697270472,FALSE,1,TRUE,NA,1,NA,0.12878787878787878,NA,1,NA,FALSE,NA,TRUE,posicion,FALSE,FALSE,muestra_insuficiente
6110,1,1,8,1,144,146,TRUE,0.004059768818720045,FALSE,1,TRUE,NA,1,NA,0.006855184233076264,NA,1,NA,FALSE,NA,TRUE,posicion,FALSE,FALSE,muestra_insuficiente
5100,1,2,11,1,130,131,TRUE,0.11403508771929824,FALSE,1,TRUE,NA,1,NA,0.49242424242424243,NA,1,NA,FALSE,NA,TRUE,posicion,FALSE,FALSE,muestra_insuficiente
6101,1,1,8,1,169,137,TRUE,0.0038470293648987025,FALSE,1,TRUE,1,NA,0.009313347294169515,NA,1,NA,FALSE,NA,TRUE,NA,posicion,FALSE,FALSE,muestra_insuficiente
4134,1,13,11,1,163,153,TRUE,1,TRUE,1,TRUE,NA,1,NA,1,NA,1,NA,TRUE,NA,TRUE,posicion,FALSE,FALSE,muestra_insuficiente
4134,3,12,12,1,133,132,TRUE,0.40797546012269936,FALSE,1,TRUE,1,NA,0.40797546012269936,NA,1,NA,FALSE,NA,TRUE,NA,posicion,FALSE,TRUE,muestra_insuficiente
2121,3,2,3,1,53,47,TRUE,0.3136094674556213,FALSE,1,TRUE,1,NA,1,NA,1,NA,TRUE,NA,TRUE,NA,posicion,FALSE,FALSE,muestra_insuficiente
7201,1,3,3,430,118834,121647,TRUE,0.46408835463701725,TRUE,1,TRUE,212,218,0.4492333162521187,0.47867104183757175,1,1,TRUE,TRUE,TRUE,TRUE,tamano,FALSE,TRUE,sin_mayoria_reciproca_estable
5141,6,2,7,116,30502,31083,TRUE,0.5294750729065407,TRUE,1,TRUE,60,56,0.5985862963094519,0.4634187744016296,1,1,TRUE,TRUE,TRUE,TRUE,tamano,FALSE,FALSE,sin_mayoria_reciproca_estable
5141,6,2,8,47,8850,8656,TRUE,0.15362449659769475,FALSE,1,TRUE,23,24,0.15948566760203176,0.14802240706161943,1,1,FALSE,FALSE,TRUE,TRUE,tamano,FALSE,FALSE,sin_mayoria_reciproca_estable
7201,1,3,6,81,26667,26082,TRUE,0.10414396682014691,FALSE,1,TRUE,42,39,0.10690212464030904,0.1014363768631882,1,1,FALSE,FALSE,TRUE,TRUE,tamano,FALSE,FALSE,sin_mayoria_reciproca_estable
1204,6,2,1,10,2535,2532,TRUE,0.07254049104332398,FALSE,1,TRUE,4,6,0.06377675426713628,0.08234794736522952,1,1,FALSE,FALSE,TRUE,TRUE,tamano,FALSE,FALSE,muestra_insuficiente
1230,3,2,3,2,220,223,TRUE,0.2857142857142857,FALSE,1,TRUE,NA,2,NA,0.6179775280898876,NA,1,NA,TRUE,NA,TRUE,tamano,FALSE,FALSE,muestra_insuficiente
1230,3,2,2,3,298,307,TRUE,0.38701298701298703,TRUE,1,TRUE,2,1,0.47342995169082125,0.28651685393258425,1,1,FALSE,FALSE,TRUE,TRUE,tamano,FALSE,TRUE,muestra_insuficiente
6101,6,1,1,75,16905,17411,TRUE,0.4229104645635804,TRUE,1,TRUE,31,44,0.38663915398503995,0.44590230942162273,1,1,FALSE,TRUE,TRUE,TRUE,tamano,FALSE,TRUE,sin_mayoria_reciproca_estable
1204,6,2,2,44,11311,11306,TRUE,0.3236708063869971,FALSE,1,TRUE,19,25,0.27558927120021676,0.3774786247043842,1,1,FALSE,FALSE,TRUE,TRUE,tamano,FALSE,TRUE,sin_mayoria_reciproca_estable
7201,1,3,11,334,110558,110260,TRUE,0.4317676785428358,FALSE,1,TRUE,157,177,0.4438645591075722,0.41989258129924,1,1,FALSE,FALSE,TRUE,TRUE,tamano,FALSE,FALSE,sin_mayoria_reciproca_estable
6101,6,1,2,76,16447,18103,TRUE,0.41145273059315035,FALSE,1,TRUE,35,41,0.40527469693061646,0.41536889433885144,1,1,TRUE,FALSE,TRUE,TRUE,tamano,FALSE,FALSE,sin_mayoria_reciproca_estable
1230,6,2,2,34,7321,7411,TRUE,0.6606208265656018,TRUE,1,TRUE,16,18,0.7568559706326927,0.5915361959386142,1,1,TRUE,TRUE,TRUE,TRUE,tamano,TRUE,TRUE,candidato_estadistico_no_aprobado_semanticamente
5100,5,1,1,1,197,199,TRUE,0.11824729891956783,FALSE,1,TRUE,1,NA,0.2203579418344519,NA,1,NA,FALSE,NA,TRUE,NA,tamano,FALSE,TRUE,muestra_insuficiente
1204,6,2,8,55,18268,18766,TRUE,0.522749384765066,TRUE,1,TRUE,30,25,0.6142508805201843,0.4203504942089625,1,1,TRUE,TRUE,TRUE,TRUE,tamano,FALSE,FALSE,sin_mayoria_reciproca_estable
8150,1,6,6,5,884,908,TRUE,0.2820676451818762,FALSE,1,TRUE,2,3,0.33273056057866185,0.25443786982248523,1,1,FALSE,FALSE,TRUE,TRUE,tamano,FALSE,TRUE,muestra_insuficiente
5141,6,2,10,10,3598,3608,TRUE,0.06245660324954867,FALSE,1,TRUE,3,7,0.02042411110716442,0.10263113223561365,1,1,FALSE,FALSE,TRUE,TRUE,tamano,FALSE,FALSE,muestra_insuficiente
5380,6,8,7,7,2354,2389,TRUE,0.21021611001964635,FALSE,1,TRUE,4,3,0.15917814405057576,0.2436105776333284,1,1,FALSE,FALSE,TRUE,TRUE,tamano,FALSE,FALSE,muestra_insuficiente
5141,6,2,1,26,7400,7387,TRUE,0.12845438133592557,FALSE,1,TRUE,12,14,0.10027350548786985,0.15538957732133762,1,1,FALSE,FALSE,TRUE,TRUE,tamano,FALSE,FALSE,sin_mayoria_reciproca_estable
5100,6,1,1,3,572,588,TRUE,0.0853476574156968,FALSE,1,TRUE,1,2,0.05421146953405018,0.14745308310991956,1,1,FALSE,FALSE,TRUE,TRUE,tamano,FALSE,TRUE,muestra_insuficiente
1204,6,2,7,5,732,730,TRUE,0.020946603330853318,FALSE,1,TRUE,3,2,0.027851530750474127,0.013219331756715785,1,1,FALSE,FALSE,TRUE,TRUE,tamano,FALSE,FALSE,muestra_insuficiente
5170,6,1,10,3,395,382,TRUE,0.0640713706407137,FALSE,1,TRUE,3,NA,0.09686120647376165,NA,1,NA,FALSE,NA,TRUE,NA,tamano,FALSE,FALSE,muestra_insuficiente
6121,6,1,3,7,1087,1085,TRUE,0.0702650290885585,FALSE,1,TRUE,4,3,0.07582449941107185,0.06591380502419912,1,1,FALSE,FALSE,TRUE,TRUE,tamano,FALSE,FALSE,muestra_insuficiente
8150,6,4,13,3,372,535,TRUE,0.1254637436762226,FALSE,1,TRUE,1,2,0.04653061224489796,0.1810344827586207,1,1,FALSE,FALSE,TRUE,TRUE,tamano,FALSE,FALSE,muestra_insuficiente
7121,6,8,10,15,3513,3515,TRUE,0.6547996272134203,TRUE,1,TRUE,11,4,0.922074074074074,0.2015075376884422,1,1,TRUE,FALSE,TRUE,TRUE,tamano,FALSE,FALSE,muestra_insuficiente
6110,6,1,7,4,562,561,TRUE,0.018349822052437393,FALSE,1,TRUE,1,3,0.0057584482497348086,0.0278845602157324,1,1,FALSE,FALSE,TRUE,TRUE,tamano,FALSE,FALSE,muestra_insuficiente
4109,5,13,13,3,541,536,TRUE,0.19853211009174312,FALSE,1,TRUE,2,1,1,0.07575116377486246,1,1,TRUE,FALSE,TRUE,TRUE,tamano,FALSE,TRUE,muestra_insuficiente
4109,6,13,13,4,698,683,TRUE,0.5778145695364238,TRUE,1,TRUE,4,NA,0.6362807657247037,NA,1,NA,TRUE,NA,TRUE,NA,tamano,FALSE,TRUE,muestra_insuficiente
4109,6,13,10,4,510,517,TRUE,0.42218543046357615,FALSE,1,TRUE,3,1,0.3637192342752963,1,1,1,FALSE,TRUE,TRUE,TRUE,tamano,FALSE,FALSE,muestra_insuficiente
1250,6,3,3,73,13415,13426,TRUE,0.589644411234671,TRUE,1,TRUE,41,32,0.5201856443511984,0.7452292794075762,1,1,TRUE,TRUE,TRUE,TRUE,tamano,TRUE,TRUE,candidato_estadistico_no_aprobado_semanticamente
5380,5,8,10,1,467,487,TRUE,0.3196440793976728,FALSE,1,TRUE,NA,1,NA,0.3196440793976728,NA,1,NA,FALSE,NA,TRUE,tamano,FALSE,FALSE,muestra_insuficiente
1204,6,2,10,5,1461,1464,TRUE,0.04180735992674412,FALSE,1,TRUE,1,4,0.006177187753996207,0.08168091686374386,1,1,FALSE,FALSE,TRUE,TRUE,tamano,FALSE,FALSE,muestra_insuficiente
6110,6,1,2,23,8409,8299,TRUE,0.2745616612792634,FALSE,1,TRUE,12,11,0.3536141839672678,0.21469963853347868,1,1,TRUE,FALSE,TRUE,TRUE,tamano,FALSE,FALSE,sin_mayoria_reciproca_estable
1204,2,2,5,6,1618,1751,TRUE,0.24124049500521844,FALSE,1,TRUE,3,3,0.11585866885784717,0.3910340314136126,1,1,FALSE,FALSE,TRUE,TRUE,tamano,FALSE,FALSE,muestra_insuficiente
6180,6,1,2,9,1334,1394,TRUE,0.1309897879025923,FALSE,1,TRUE,5,4,0.08430818878580072,0.2573716781943939,1,1,FALSE,FALSE,TRUE,TRUE,tamano,FALSE,FALSE,muestra_insuficiente
5141,6,2,3,5,2083,1234,TRUE,0.03615817247604499,FALSE,1,TRUE,3,2,0.019251944730579333,0.05231709387200815,1,1,FALSE,FALSE,TRUE,TRUE,tamano,FALSE,FALSE,muestra_insuficiente
7201,4,3,11,2,590,596,TRUE,1,TRUE,1,TRUE,NA,2,NA,1,NA,1,NA,TRUE,NA,TRUE,tamano,FALSE,FALSE,muestra_insuficiente
1204,1,2,6,13,3723,3774,TRUE,0.3868051948051948,FALSE,1,TRUE,5,8,0.21204728842184276,0.603584729981378,1,1,FALSE,TRUE,TRUE,TRUE,tamano,FALSE,FALSE,sin_mayoria_reciproca_estable
5380,6,8,8,20,5489,5565,TRUE,0.4901768172888016,TRUE,1,TRUE,11,9,0.6066832242041093,0.4139459299748855,1,1,TRUE,TRUE,TRUE,TRUE,tamano,FALSE,TRUE,sin_mayoria_reciproca_estable
1204,6,2,3,4,639,664,TRUE,0.018285354547015395,FALSE,1,TRUE,2,2,0.012354375507992415,0.02492268510096416,1,1,FALSE,FALSE,TRUE,TRUE,tamano,FALSE,FALSE,muestra_insuficiente
5380,6,8,10,6,2662,2677,TRUE,0.23772102161100198,FALSE,1,TRUE,2,4,0.141792729735832,0.30048751661988476,1,1,FALSE,FALSE,TRUE,TRUE,tamano,FALSE,FALSE,muestra_insuficiente
1204,2,2,11,5,2120,2207,TRUE,0.3160876695989265,FALSE,1,TRUE,4,1,0.5453300465625855,0.04221204188481675,1,1,TRUE,FALSE,TRUE,TRUE,tamano,FALSE,FALSE,muestra_insuficiente
1250,6,3,1,27,5368,5138,TRUE,0.23594567271768274,FALSE,1,TRUE,20,7,0.3001462267149851,0.09213899174024494,1,1,FALSE,FALSE,TRUE,TRUE,tamano,FALSE,FALSE,sin_mayoria_reciproca_estable
4109,2,13,9,1,171,166,TRUE,0.04224308300395257,FALSE,1,TRUE,NA,1,NA,0.07586512866015972,NA,1,NA,FALSE,NA,TRUE,tamano,FALSE,FALSE,muestra_insuficiente
6110,5,1,2,3,254,256,TRUE,0.05244683047697708,FALSE,1,TRUE,3,NA,0.20063191153238547,NA,1,NA,FALSE,NA,TRUE,NA,tamano,FALSE,FALSE,muestra_insuficiente
8311,6,2,10,18,3279,3240,TRUE,0.47868613138686134,TRUE,1,TRUE,8,10,0.5845493562231759,0.4241150442477876,1,1,TRUE,FALSE,TRUE,TRUE,tamano,FALSE,FALSE,sin_mayoria_reciproca_estable
6121,6,1,1,13,2511,2431,TRUE,0.1623141564318035,FALSE,1,TRUE,11,2,0.23851590106007067,0.10267342705692556,1,1,FALSE,FALSE,TRUE,TRUE,tamano,FALSE,TRUE,muestra_insuficiente
6180,6,1,1,10,4147,4378,TRUE,0.4072073841319717,TRUE,1,TRUE,6,4,0.4220787952131236,0.3669457590098289,1,1,TRUE,TRUE,TRUE,TRUE,tamano,FALSE,TRUE,muestra_insuficiente
6110,5,1,1,4,1542,1550,TRUE,0.318397687383853,FALSE,1,TRUE,3,1,0.17140600315955767,0.37042214145932345,1,1,FALSE,FALSE,TRUE,TRUE,tamano,FALSE,TRUE,muestra_insuficiente
2126,6,1,3,2,1081,880,TRUE,0.8133935289691497,TRUE,1,TRUE,2,NA,1,NA,1,NA,TRUE,NA,TRUE,NA,tamano,FALSE,FALSE,muestra_insuficiente
6110,6,1,1,45,12242,13137,TRUE,0.39971267182551345,TRUE,1,TRUE,23,22,0.29489316563115625,0.4790865798382007,1,1,FALSE,TRUE,TRUE,TRUE,tamano,FALSE,TRUE,sin_mayoria_reciproca_estable
5100,2,2,5,5,2912,2884,TRUE,0.7659126775381379,TRUE,1,TRUE,1,4,0.5704445835942392,0.9074829931972789,1,1,TRUE,TRUE,TRUE,TRUE,tamano,FALSE,FALSE,muestra_insuficiente
5100,3,2,7,1,48,38,TRUE,0.12598425196850394,FALSE,1,TRUE,NA,1,NA,0.2696629213483146,NA,1,NA,FALSE,NA,TRUE,tamano,FALSE,FALSE,muestra_insuficiente
2126,3,1,1,1,43,48,TRUE,1,TRUE,1,TRUE,1,NA,1,NA,1,NA,TRUE,NA,TRUE,NA,tamano,FALSE,TRUE,muestra_insuficiente
2121,3,2,1,3,468,490,TRUE,0.2248918789043729,FALSE,1,TRUE,1,2,0.24111675126903553,0.17425742574257425,1,1,FALSE,FALSE,TRUE,TRUE,tamano,FALSE,FALSE,muestra_insuficiente
1204,5,2,8,3,295,296,TRUE,0.8702064896755162,TRUE,1,TRUE,1,2,1,0.8456140350877193,1,1,TRUE,TRUE,TRUE,TRUE,tamano,FALSE,FALSE,muestra_insuficiente
8150,6,4,10,2,164,165,TRUE,0.055311973018549745,FALSE,1,TRUE,1,1,0.03836734693877551,0.06724137931034482,1,1,FALSE,FALSE,TRUE,TRUE,tamano,FALSE,FALSE,muestra_insuficiente
1250,5,3,3,6,599,580,TRUE,0.29362745098039217,FALSE,1,TRUE,3,3,0.6820603907637656,0.14556533513879485,1,1,TRUE,FALSE,TRUE,TRUE,tamano,FALSE,TRUE,muestra_insuficiente
7201,2,3,11,58,16747,16742,TRUE,0.5160385788679013,TRUE,1,TRUE,32,26,0.6297084154819965,0.34979892252826467,1,1,TRUE,TRUE,TRUE,TRUE,tamano,FALSE,FALSE,sin_mayoria_reciproca_estable
5100,2,2,4,2,123,127,TRUE,0.03235139400315623,FALSE,1,TRUE,2,NA,0.07701941139636818,NA,1,NA,FALSE,NA,TRUE,NA,tamano,FALSE,FALSE,muestra_insuficiente
5170,6,1,1,8,1564,1605,TRUE,0.25369018653690184,FALSE,1,TRUE,3,5,0.09342815105443845,0.5668423574508864,1,1,FALSE,TRUE,TRUE,TRUE,tamano,FALSE,TRUE,muestra_insuficiente
5100,3,2,4,2,203,208,TRUE,0.5328083989501312,TRUE,1,TRUE,2,NA,1,NA,1,NA,TRUE,NA,TRUE,NA,tamano,FALSE,FALSE,muestra_insuficiente
6110,6,1,3,30,9041,8455,TRUE,0.2951970483560257,FALSE,1,TRUE,17,13,0.3283830883467192,0.27006712949681566,1,1,FALSE,FALSE,TRUE,TRUE,tamano,FALSE,FALSE,sin_mayoria_reciproca_estable
1230,6,2,8,4,399,410,TRUE,0.03600433134813211,FALSE,1,TRUE,1,3,0.03368602893543511,0.037668578514958924,1,1,FALSE,FALSE,TRUE,TRUE,tamano,FALSE,FALSE,muestra_insuficiente
1230,2,2,2,5,1210,1235,TRUE,0.8949704142011834,TRUE,1,TRUE,4,1,1,0.48363636363636364,1,1,TRUE,FALSE,TRUE,TRUE,tamano,FALSE,TRUE,muestra_insuficiente
4109,2,13,11,20,3219,3247,TRUE,0.795207509881423,TRUE,1,TRUE,6,14,0.6878483835005574,0.8806566104702751,1,1,TRUE,TRUE,TRUE,TRUE,tamano,TRUE,FALSE,candidato_estadistico_no_aprobado_semanticamente
6180,6,1,8,4,1521,1678,TRUE,0.14935192458758836,FALSE,1,TRUE,2,2,0.1446819954282641,0.16199490353112486,1,1,FALSE,FALSE,TRUE,TRUE,tamano,FALSE,FALSE,muestra_insuficiente
6121,5,1,2,1,47,54,TRUE,0.1441717791411043,FALSE,1,TRUE,1,NA,0.3643410852713178,NA,1,NA,FALSE,NA,TRUE,NA,tamano,FALSE,FALSE,muestra_insuficiente
8150,6,4,1,3,430,441,TRUE,0.14502529510961215,FALSE,1,TRUE,3,NA,0.3510204081632653,NA,1,NA,TRUE,NA,TRUE,NA,tamano,FALSE,FALSE,muestra_insuficiente
5170,6,1,8,4,1134,1134,TRUE,0.18394160583941604,FALSE,1,TRUE,4,NA,0.27807748896517903,NA,1,NA,FALSE,NA,TRUE,NA,tamano,FALSE,FALSE,muestra_insuficiente
6180,6,1,13,2,210,333,TRUE,0.020620581304006284,FALSE,1,TRUE,1,1,0.02353099368024741,0.012741172187841281,1,1,FALSE,FALSE,TRUE,TRUE,tamano,FALSE,FALSE,muestra_insuficiente
1250,6,3,2,16,2495,2589,TRUE,0.10966550920838644,FALSE,1,TRUE,10,6,0.10000635768326022,0.13130162346909713,1,1,FALSE,FALSE,TRUE,TRUE,tamano,FALSE,FALSE,sin_mayoria_reciproca_estable
8311,6,2,8,7,684,675,TRUE,0.09985401459854015,FALSE,1,TRUE,5,2,0.2206008583690987,0.03761061946902655,1,1,FALSE,FALSE,TRUE,TRUE,tamano,FALSE,FALSE,muestra_insuficiente
5100,4,2,2,1,38,39,TRUE,1,TRUE,1,TRUE,1,NA,1,NA,1,NA,TRUE,NA,TRUE,NA,tamano,FALSE,TRUE,muestra_insuficiente
8311,6,2,7,1,35,35,TRUE,0.0051094890510948905,FALSE,1,TRUE,NA,1,NA,0.007743362831858407,NA,1,NA,FALSE,NA,TRUE,tamano,FALSE,FALSE,muestra_insuficiente
8311,6,2,3,2,142,141,TRUE,0.02072992700729927,FALSE,1,TRUE,1,1,0.04377682403433476,0.008849557522123894,1,1,FALSE,FALSE,TRUE,TRUE,tamano,FALSE,FALSE,muestra_insuficiente
1250,5,3,1,2,76,77,TRUE,0.03725490196078431,FALSE,1,TRUE,NA,2,NA,0.05145565335138795,NA,1,NA,FALSE,NA,TRUE,tamano,FALSE,FALSE,muestra_insuficiente
7121,5,8,3,2,1827,1837,TRUE,0.3340036563071298,FALSE,1,TRUE,NA,2,NA,0.45675,NA,1,NA,TRUE,NA,TRUE,tamano,FALSE,FALSE,muestra_insuficiente
4109,3,13,11,1,82,83,TRUE,0.21243523316062177,FALSE,1,TRUE,NA,1,NA,1,NA,1,NA,TRUE,NA,TRUE,tamano,FALSE,FALSE,muestra_insuficiente
7201,2,3,5,9,3683,3620,TRUE,0.11348719686931871,FALSE,1,TRUE,4,5,0.08259831897893535,0.15866150694286366,1,1,FALSE,FALSE,TRUE,TRUE,tamano,FALSE,FALSE,muestra_insuficiente
6101,6,1,3,28,6350,6383,TRUE,0.1588572286293248,FALSE,1,TRUE,15,13,0.19061129739489296,0.13872879623952586,1,1,FALSE,FALSE,TRUE,TRUE,tamano,FALSE,FALSE,sin_mayoria_reciproca_estable
4120,2,13,11,38,8200,8150,TRUE,0.830379746835443,TRUE,1,TRUE,27,11,0.7705829596412556,0.9079069767441861,1,1,TRUE,TRUE,TRUE,TRUE,tamano,TRUE,FALSE,candidato_estadistico_no_aprobado_semanticamente
4119,2,13,11,7,1726,1643,TRUE,1,TRUE,1,TRUE,2,5,1,1,1,1,TRUE,TRUE,TRUE,TRUE,tamano,FALSE,FALSE,muestra_insuficiente
1230,6,2,7,5,731,692,TRUE,0.06596282259519942,FALSE,1,TRUE,1,4,0.01295616497516735,0.1040148814137343,1,1,FALSE,FALSE,TRUE,TRUE,tamano,FALSE,FALSE,muestra_insuficiente
6101,5,1,2,4,388,484,TRUE,0.09805408137477888,FALSE,1,TRUE,4,NA,0.1470811220621683,NA,1,NA,FALSE,NA,TRUE,NA,tamano,FALSE,FALSE,muestra_insuficiente
1250,3,3,3,1,98,101,TRUE,0.0831918505942275,FALSE,1,TRUE,1,NA,0.31921824104234525,NA,1,NA,FALSE,NA,TRUE,NA,tamano,FALSE,TRUE,muestra_insuficiente
5141,5,2,8,3,285,315,TRUE,0.12005054759898905,FALSE,1,TRUE,3,NA,0.3409090909090909,NA,1,NA,FALSE,NA,TRUE,NA,tamano,FALSE,FALSE,muestra_insuficiente
1204,2,2,2,1,144,142,TRUE,0.021470105859549723,FALSE,1,TRUE,1,NA,0.03944124897288414,NA,1,NA,FALSE,NA,TRUE,NA,tamano,FALSE,TRUE,muestra_insuficiente
1230,6,2,4,1,101,99,TRUE,0.009113878361306624,FALSE,1,TRUE,NA,1,NA,0.0156564873662998,NA,1,NA,FALSE,NA,TRUE,tamano,FALSE,FALSE,muestra_insuficiente
5141,6,2,2,24,4988,5199,TRUE,0.08658519650048604,FALSE,1,TRUE,12,12,0.09533619862892054,0.07822101510779154,1,1,FALSE,FALSE,TRUE,TRUE,tamano,FALSE,TRUE,sin_mayoria_reciproca_estable
1230,6,2,10,1,213,268,TRUE,0.0192203573362209,FALSE,1,TRUE,NA,1,NA,0.033018136722988686,NA,1,NA,FALSE,NA,TRUE,tamano,FALSE,FALSE,muestra_insuficiente
7121,2,9,11,7,1345,1347,TRUE,0.1607697824527851,FALSE,1,TRUE,4,3,0.13895321908290875,0.18404150197628458,1,1,FALSE,FALSE,TRUE,TRUE,tamano,FALSE,FALSE,muestra_insuficiente
6180,5,1,7,5,1123,1123,TRUE,0.542512077294686,TRUE,1,TRUE,2,3,0.3269916765755054,0.6899918633034988,1,1,FALSE,TRUE,TRUE,TRUE,tamano,FALSE,FALSE,muestra_insuficiente
2121,3,2,3,1,108,106,TRUE,0.05189812590100913,FALSE,1,TRUE,NA,1,NA,0.21386138613861386,NA,1,NA,FALSE,NA,TRUE,tamano,FALSE,FALSE,muestra_insuficiente
7201,2,3,4,22,8855,8973,TRUE,0.27285613040396883,FALSE,1,TRUE,11,11,0.2206080730517796,0.3492677744897185,1,1,FALSE,FALSE,TRUE,TRUE,tamano,FALSE,FALSE,sin_mayoria_reciproca_estable
7201,2,3,6,10,2274,2332,TRUE,0.07007056358426031,FALSE,1,TRUE,3,7,0.036577773165923005,0.11905303892556339,1,1,FALSE,FALSE,TRUE,TRUE,tamano,FALSE,FALSE,muestra_insuficiente
6121,6,1,4,4,2369,2372,TRUE,0.15313510019392373,FALSE,1,TRUE,2,2,0.31831566548881035,0.023853422447568565,1,1,TRUE,FALSE,TRUE,TRUE,tamano,FALSE,FALSE,muestra_insuficiente
5100,5,1,4,1,103,102,TRUE,0.06182472989195678,FALSE,1,TRUE,1,NA,0.11521252796420582,NA,1,NA,FALSE,NA,TRUE,NA,tamano,FALSE,FALSE,muestra_insuficiente
7121,2,9,4,13,4526,4593,TRUE,0.5409992828113794,TRUE,1,TRUE,9,4,0.6783232978230662,0.39451581027667987,1,1,TRUE,TRUE,TRUE,TRUE,tamano,FALSE,FALSE,muestra_insuficiente
1204,2,2,9,6,2825,2575,TRUE,0.42120172953630536,TRUE,1,TRUE,3,3,0.2993700356066831,0.5667539267015707,1,1,FALSE,TRUE,TRUE,TRUE,tamano,FALSE,FALSE,muestra_insuficiente
4120,2,13,13,7,1675,1674,TRUE,0.16962025316455695,FALSE,1,TRUE,5,2,0.22941704035874438,0.09209302325581395,1,1,FALSE,FALSE,TRUE,TRUE,tamano,FALSE,TRUE,muestra_insuficiente
5141,5,2,7,1,200,195,TRUE,0.08424599831508003,FALSE,1,TRUE,1,NA,0.23923444976076555,NA,1,NA,FALSE,NA,TRUE,NA,tamano,FALSE,FALSE,muestra_insuficiente
5100,6,1,2,2,683,680,TRUE,0.10190987764846314,FALSE,1,TRUE,NA,2,NA,0.305183199285076,NA,1,NA,TRUE,NA,TRUE,tamano,FALSE,FALSE,muestra_insuficiente
2121,2,2,1,4,940,830,TRUE,0.4519230769230769,TRUE,1,TRUE,1,3,0.5965665236051502,0.43367623172712505,1,1,TRUE,TRUE,TRUE,TRUE,tamano,FALSE,FALSE,muestra_insuficiente
1250,6,3,7,6,1004,993,TRUE,0.04412992835479759,FALSE,1,TRUE,5,1,0.05880857015703478,0.011250356023924808,1,1,FALSE,FALSE,TRUE,TRUE,tamano,FALSE,FALSE,muestra_insuficiente
1204,1,2,2,13,5902,5724,TRUE,0.6131948051948052,TRUE,1,TRUE,8,5,0.7879527115781573,0.396415270018622,1,1,TRUE,FALSE,TRUE,TRUE,tamano,FALSE,TRUE,sin_mayoria_reciproca_estable
5100,5,1,7,4,1097,1078,TRUE,0.6584633853541416,TRUE,1,TRUE,3,1,0.5335570469798657,0.8031088082901554,1,1,TRUE,TRUE,TRUE,TRUE,tamano,FALSE,FALSE,muestra_insuficiente
7121,3,9,11,2,880,877,TRUE,0.5405405405405406,TRUE,1,TRUE,1,1,0.7895734597156399,0.08202443280977312,1,1,TRUE,FALSE,TRUE,TRUE,tamano,FALSE,FALSE,muestra_insuficiente
6101,5,1,4,1,40,41,TRUE,0.010108668182966895,FALSE,1,TRUE,NA,1,NA,0.030326004548900682,NA,1,NA,FALSE,NA,TRUE,tamano,FALSE,FALSE,muestra_insuficiente
1204,5,2,4,1,44,44,TRUE,0.12979351032448377,FALSE,1,TRUE,NA,1,NA,0.1543859649122807,NA,1,NA,FALSE,NA,TRUE,tamano,FALSE,FALSE,muestra_insuficiente
7121,3,9,9,7,704,703,TRUE,0.43243243243243246,FALSE,1,TRUE,4,3,0.2104265402843602,0.8411867364746946,1,1,FALSE,TRUE,TRUE,TRUE,tamano,FALSE,TRUE,muestra_insuficiente
8150,6,4,4,7,1266,1542,TRUE,0.4269814502529511,TRUE,1,TRUE,1,6,0.3485714285714286,0.482183908045977,1,1,FALSE,TRUE,TRUE,TRUE,tamano,FALSE,TRUE,muestra_insuficiente
7121,2,9,9,12,2308,2321,TRUE,0.27587855606024386,FALSE,1,TRUE,6,6,0.182723483094025,0.37524703557312256,1,1,FALSE,FALSE,TRUE,TRUE,tamano,FALSE,TRUE,sin_mayoria_reciproca_estable
7121,2,9,3,2,187,189,TRUE,0.02235237867559168,FALSE,1,TRUE,NA,2,NA,0.04619565217391304,NA,1,NA,FALSE,NA,TRUE,tamano,FALSE,FALSE,muestra_insuficiente
4109,2,13,13,4,658,654,TRUE,0.1625494071146245,FALSE,1,TRUE,3,1,0.31215161649944256,0.043478260869565216,1,1,FALSE,FALSE,TRUE,TRUE,tamano,FALSE,TRUE,muestra_insuficiente
6121,6,1,2,12,2633,2632,TRUE,0.17020038784744668,FALSE,1,TRUE,4,8,0.13766195524146055,0.19566720442498273,1,1,FALSE,FALSE,TRUE,TRUE,tamano,FALSE,FALSE,muestra_insuficiente
8311,6,2,2,5,2323,2307,TRUE,0.33912408759124085,FALSE,1,TRUE,1,4,0.05793991416309013,0.484070796460177,1,1,FALSE,TRUE,TRUE,TRUE,tamano,FALSE,TRUE,muestra_insuficiente
4134,1,12,11,2,193,197,TRUE,0.5920245398773006,TRUE,1,TRUE,2,NA,0.5920245398773006,NA,1,NA,TRUE,NA,TRUE,NA,tamano,FALSE,FALSE,muestra_insuficiente
1250,6,3,4,2,328,348,TRUE,0.014416948705551404,FALSE,1,TRUE,2,NA,0.020853201093521522,NA,1,NA,FALSE,NA,TRUE,NA,tamano,FALSE,FALSE,muestra_insuficiente
5141,6,2,4,2,187,213,TRUE,0.0032460769337592003,FALSE,1,TRUE,2,NA,0.006642276133982169,NA,1,NA,FALSE,NA,TRUE,NA,tamano,FALSE,FALSE,muestra_insuficiente
5100,6,1,10,2,933,935,TRUE,0.13921217547000894,FALSE,1,TRUE,2,NA,0.20900537634408603,NA,1,NA,FALSE,NA,TRUE,NA,tamano,FALSE,FALSE,muestra_insuficiente
8311,6,2,1,2,387,394,TRUE,0.056496350364963505,FALSE,1,TRUE,1,1,0.09313304721030043,0.03761061946902655,1,1,FALSE,FALSE,TRUE,TRUE,tamano,FALSE,FALSE,muestra_insuficiente
4109,1,12,12,1,631,649,TRUE,1,TRUE,1,TRUE,1,NA,1,NA,1,NA,TRUE,NA,TRUE,NA,tamano,FALSE,TRUE,muestra_insuficiente
6180,5,1,3,2,381,389,TRUE,0.18405797101449275,FALSE,1,TRUE,NA,2,NA,0.31000813669650124,NA,1,NA,FALSE,NA,TRUE,tamano,FALSE,FALSE,muestra_insuficiente
5100,6,1,4,4,2080,2122,TRUE,0.3103551178752611,TRUE,1,TRUE,3,1,0.419578853046595,0.09249329758713137,1,1,TRUE,FALSE,TRUE,TRUE,tamano,FALSE,FALSE,muestra_insuficiente
2121,1,2,6,1,116,117,TRUE,0.6863905325443787,TRUE,1,TRUE,NA,1,NA,1,NA,1,NA,TRUE,NA,TRUE,tamano,FALSE,FALSE,muestra_insuficiente
5170,6,1,2,7,1031,1083,TRUE,0.1672343876723439,FALSE,1,TRUE,4,3,0.17189798921039726,0.1581217057977959,1,1,FALSE,FALSE,TRUE,TRUE,tamano,FALSE,FALSE,muestra_insuficiente
1230,5,2,1,2,173,175,TRUE,0.09090909090909091,FALSE,1,TRUE,2,NA,0.1595940959409594,NA,1,NA,FALSE,NA,TRUE,NA,tamano,FALSE,FALSE,muestra_insuficiente
5100,6,1,8,2,253,226,TRUE,0.03774992539540436,FALSE,1,TRUE,2,NA,0.05667562724014337,NA,1,NA,FALSE,NA,TRUE,NA,tamano,FALSE,FALSE,muestra_insuficiente
5380,6,8,2,2,409,410,TRUE,0.036524379353455975,FALSE,1,TRUE,1,1,0.028223075186272296,0.04195597577190131,1,1,FALSE,FALSE,TRUE,TRUE,tamano,FALSE,FALSE,muestra_insuficiente
2121,3,2,2,3,1230,1228,TRUE,0.5910619894281596,TRUE,1,TRUE,2,1,0.7043147208121827,0.2376237623762376,1,1,TRUE,FALSE,TRUE,TRUE,tamano,FALSE,TRUE,muestra_insuficiente
4109,5,13,10,6,2184,2202,TRUE,0.8014678899082569,TRUE,1,TRUE,NA,6,NA,0.9242488362251375,NA,1,NA,TRUE,NA,TRUE,tamano,FALSE,FALSE,muestra_insuficiente
4170,2,12,12,1,296,299,TRUE,1,TRUE,1,TRUE,NA,1,NA,1,NA,1,NA,TRUE,NA,TRUE,tamano,FALSE,TRUE,muestra_insuficiente
4120,3,13,11,3,511,527,TRUE,0.797191887675507,TRUE,1,TRUE,2,1,0.7636363636363637,1,1,1,TRUE,TRUE,TRUE,TRUE,tamano,FALSE,FALSE,muestra_insuficiente
1250,5,3,2,3,1072,1238,TRUE,0.5254901960784314,TRUE,1,TRUE,1,2,0.31793960923623443,0.6046039268788084,1,1,FALSE,TRUE,TRUE,TRUE,tamano,FALSE,FALSE,muestra_insuficiente
8150,2,4,2,1,1087,1084,TRUE,0.3289951573849879,TRUE,1,TRUE,1,NA,0.5917256396298313,NA,1,NA,TRUE,NA,TRUE,NA,tamano,FALSE,FALSE,muestra_insuficiente
6121,6,1,8,3,1686,1696,TRUE,0.10898513251454428,FALSE,1,TRUE,2,1,0.22968197879858657,0.014519474533302604,1,1,FALSE,FALSE,TRUE,TRUE,tamano,FALSE,FALSE,muestra_insuficiente
8150,1,6,12,2,1576,1755,TRUE,0.5028717294192725,TRUE,1,TRUE,1,1,0.6672694394213382,0.41321499013806706,1,1,TRUE,TRUE,TRUE,TRUE,tamano,FALSE,FALSE,muestra_insuficiente
1204,4,2,2,1,1057,1053,TRUE,1,TRUE,1,TRUE,NA,1,NA,1,NA,1,NA,TRUE,NA,TRUE,tamano,FALSE,TRUE,muestra_insuficiente
1230,6,2,1,5,1552,1553,TRUE,0.1400469229380978,FALSE,1,TRUE,2,3,0.07341826819261499,0.18787784839559757,1,1,FALSE,FALSE,TRUE,TRUE,tamano,FALSE,FALSE,muestra_insuficiente
6180,6,1,7,9,2343,2352,TRUE,0.23006677140612725,FALSE,1,TRUE,5,4,0.2620680381874412,0.1434291954859847,1,1,FALSE,FALSE,TRUE,TRUE,tamano,FALSE,FALSE,muestra_insuficiente
1230,5,2,2,1,911,909,TRUE,0.47871781397792956,TRUE,1,TRUE,1,NA,0.8404059040590406,NA,1,NA,TRUE,NA,TRUE,NA,tamano,FALSE,TRUE,muestra_insuficiente
1230,1,2,6,3,1137,1107,TRUE,1,TRUE,1,TRUE,1,2,1,1,1,1,TRUE,TRUE,TRUE,TRUE,tamano,FALSE,FALSE,muestra_insuficiente
6121,6,1,10,2,2458,2439,TRUE,0.15888817065287653,FALSE,1,TRUE,NA,2,NA,0.2832449873242683,NA,1,NA,FALSE,NA,TRUE,tamano,FALSE,FALSE,muestra_insuficiente
1230,5,2,3,1,819,821,TRUE,0.4303730951129795,FALSE,1,TRUE,NA,1,NA,1,NA,1,NA,TRUE,NA,TRUE,tamano,FALSE,FALSE,muestra_insuficiente
7121,6,8,8,7,1735,1891,TRUE,0.3233923578751165,FALSE,1,TRUE,2,5,0.04325925925925926,0.7984924623115578,1,1,FALSE,TRUE,TRUE,TRUE,tamano,FALSE,TRUE,muestra_insuficiente
7121,5,8,10,5,1504,1519,TRUE,0.2749542961608775,FALSE,1,TRUE,2,3,0.5265306122448979,0.1825,1,1,TRUE,FALSE,TRUE,TRUE,tamano,FALSE,FALSE,muestra_insuficiente
6180,2,2,7,1,1431,1075,TRUE,0.9359058207979072,TRUE,1,TRUE,1,NA,1,NA,1,NA,TRUE,NA,TRUE,NA,tamano,FALSE,FALSE,muestra_insuficiente
7121,5,8,8,7,2075,2086,TRUE,0.3793418647166362,TRUE,1,TRUE,3,4,0.47346938775510206,0.34475,1,1,FALSE,FALSE,TRUE,TRUE,tamano,FALSE,TRUE,muestra_insuficiente
1204,3,2,2,1,66,67,TRUE,0.29464285714285715,FALSE,1,TRUE,NA,1,NA,1,NA,1,NA,TRUE,NA,TRUE,tamano,FALSE,TRUE,muestra_insuficiente
8150,6,4,7,5,576,587,TRUE,0.1942664418212479,FALSE,1,TRUE,2,3,0.21551020408163266,0.1793103448275862,1,1,FALSE,FALSE,TRUE,TRUE,tamano,FALSE,FALSE,muestra_insuficiente
6110,5,1,3,7,3047,3357,TRUE,0.6291554821391699,TRUE,1,TRUE,3,4,0.6279620853080569,0.6295778585406765,1,1,TRUE,TRUE,TRUE,TRUE,tamano,FALSE,FALSE,muestra_insuficiente
5100,6,1,3,2,745,792,TRUE,0.11116084750820651,FALSE,1,TRUE,1,1,0.025537634408602152,0.2819481680071492,1,1,FALSE,FALSE,TRUE,TRUE,tamano,FALSE,FALSE,muestra_insuficiente
1250,4,3,3,2,286,293,TRUE,1,TRUE,1,TRUE,1,1,1,1,1,1,TRUE,TRUE,TRUE,TRUE,tamano,FALSE,TRUE,muestra_insuficiente
5100,5,1,10,1,117,147,TRUE,0.0702280912364946,FALSE,1,TRUE,1,NA,0.13087248322147652,NA,1,NA,FALSE,NA,TRUE,NA,tamano,FALSE,FALSE,muestra_insuficiente
1250,2,3,1,1,233,235,TRUE,0.18346456692913385,FALSE,1,TRUE,NA,1,NA,0.34467455621301774,NA,1,NA,FALSE,NA,TRUE,tamano,FALSE,FALSE,muestra_insuficiente
1230,6,2,3,3,765,694,TRUE,0.06903086085544126,FALSE,1,TRUE,2,1,0.12308356726408982,0.03022787164780654,1,1,FALSE,FALSE,TRUE,TRUE,tamano,FALSE,FALSE,muestra_insuficiente
5170,6,1,3,2,2041,2069,TRUE,0.3310624493106245,TRUE,1,TRUE,1,1,0.35973516429622365,0.27503593675131766,1,1,TRUE,FALSE,TRUE,TRUE,tamano,FALSE,FALSE,muestra_insuficiente
8150,2,6,11,1,845,852,TRUE,1,TRUE,0.46004319654427644,FALSE,NA,1,NA,1,NA,0.5,NA,TRUE,NA,FALSE,tamano,FALSE,FALSE,muestra_insuficiente
8150,2,4,11,3,989,1000,TRUE,0.29933414043583534,FALSE,0.5399568034557235,TRUE,2,1,0.0783886771910724,0.5760054533060668,1,0.5,FALSE,TRUE,TRUE,FALSE,tamano,FALSE,FALSE,muestra_insuficiente
1250,1,3,1,2,3061,3044,TRUE,0.9616713792020107,TRUE,1,TRUE,1,1,1,0.9108838568298028,1,1,TRUE,TRUE,TRUE,TRUE,tamano,FALSE,FALSE,muestra_insuficiente
5380,5,8,8,2,994,1054,TRUE,0.6803559206023272,TRUE,1,TRUE,NA,2,NA,0.6803559206023272,NA,1,NA,TRUE,NA,TRUE,tamano,FALSE,TRUE,muestra_insuficiente
2121,4,2,2,5,532,512,TRUE,0.8024132730015083,TRUE,1,TRUE,3,2,0.7101769911504425,1,1,1,TRUE,TRUE,TRUE,TRUE,tamano,FALSE,TRUE,muestra_insuficiente
8310,6,2,10,1,83,83,TRUE,0.48823529411764705,FALSE,1,TRUE,NA,1,NA,1,NA,1,NA,TRUE,NA,TRUE,tamano,FALSE,FALSE,muestra_insuficiente
6110,6,1,4,2,229,232,TRUE,0.007477062722434453,FALSE,1,TRUE,2,NA,0.017351113805121988,NA,1,NA,FALSE,NA,TRUE,NA,tamano,FALSE,FALSE,muestra_insuficiente
7201,2,3,3,4,744,882,TRUE,0.022925461436538994,FALSE,1,TRUE,2,2,0.022724914392445783,0.0232187571135898,1,1,FALSE,FALSE,TRUE,TRUE,tamano,FALSE,TRUE,muestra_insuficiente
5170,5,1,2,1,576,595,TRUE,1,TRUE,1,TRUE,1,NA,1,NA,1,NA,TRUE,NA,TRUE,NA,tamano,FALSE,FALSE,muestra_insuficiente
2126,5,1,1,3,433,433,TRUE,1,TRUE,1,TRUE,2,1,1,1,1,1,TRUE,TRUE,TRUE,TRUE,tamano,FALSE,TRUE,muestra_insuficiente
2121,2,2,3,1,559,561,TRUE,0.26875,FALSE,1,TRUE,NA,1,NA,0.30265295073091497,NA,1,NA,FALSE,NA,TRUE,tamano,FALSE,FALSE,muestra_insuficiente
6101,5,1,7,1,464,473,TRUE,0.11726055092241597,FALSE,1,TRUE,NA,1,NA,0.35178165276724793,NA,1,NA,FALSE,NA,TRUE,tamano,FALSE,FALSE,muestra_insuficiente
6180,5,1,1,2,469,475,TRUE,0.22657004830917873,FALSE,1,TRUE,2,NA,0.5576694411414982,NA,1,NA,TRUE,NA,TRUE,NA,tamano,FALSE,TRUE,muestra_insuficiente
6101,5,1,3,4,1874,1726,TRUE,0.47359110437199897,TRUE,1,TRUE,4,NA,0.7103866565579985,NA,1,NA,TRUE,NA,TRUE,NA,tamano,FALSE,FALSE,muestra_insuficiente
5380,6,8,4,1,284,285,TRUE,0.025361671727094123,FALSE,1,TRUE,1,NA,0.06412282682321066,NA,1,NA,FALSE,NA,TRUE,NA,tamano,FALSE,FALSE,muestra_insuficiente
6180,6,1,10,3,330,332,TRUE,0.03240377062058131,FALSE,1,TRUE,3,NA,0.04437273093989512,NA,1,NA,FALSE,NA,TRUE,NA,tamano,FALSE,FALSE,muestra_insuficiente
6121,6,1,7,1,2726,2063,TRUE,0.1762120232708468,TRUE,1,TRUE,NA,1,NA,0.3141276791887532,NA,1,NA,TRUE,NA,TRUE,tamano,FALSE,FALSE,muestra_insuficiente
5141,5,2,1,3,1889,2238,TRUE,0.7957034540859309,TRUE,1,TRUE,1,2,0.41985645933014354,1,1,1,TRUE,TRUE,TRUE,TRUE,tamano,FALSE,FALSE,muestra_insuficiente
8150,5,4,10,4,1786,1770,TRUE,0.7410788381742739,TRUE,1,TRUE,1,3,1,0.34659685863874345,1,1,TRUE,FALSE,TRUE,TRUE,tamano,FALSE,FALSE,muestra_insuficiente
2121,2,2,5,2,581,608,TRUE,0.2793269230769231,FALSE,1,TRUE,1,1,0.4034334763948498,0.2636708175419599,1,1,FALSE,FALSE,TRUE,TRUE,tamano,FALSE,FALSE,muestra_insuficiente
1250,2,3,3,7,985,991,TRUE,0.7755905511811023,TRUE,1,TRUE,4,3,1,0.5784023668639053,1,1,TRUE,TRUE,TRUE,TRUE,tamano,FALSE,TRUE,muestra_insuficiente
4170,4,12,12,1,130,105,TRUE,1,TRUE,1,TRUE,1,NA,1,NA,1,NA,TRUE,NA,TRUE,NA,tamano,FALSE,TRUE,muestra_insuficiente
4120,6,13,13,1,402,401,TRUE,1,TRUE,1,TRUE,1,NA,1,NA,1,NA,TRUE,NA,TRUE,NA,tamano,FALSE,TRUE,muestra_insuficiente
7121,6,8,3,1,117,116,TRUE,0.021808014911463187,FALSE,1,TRUE,1,NA,0.034666666666666665,NA,1,NA,FALSE,NA,TRUE,NA,tamano,FALSE,FALSE,muestra_insuficiente
5100,6,1,7,9,1436,1516,TRUE,0.21426439868695912,FALSE,1,TRUE,6,3,0.2349910394265233,0.17292225201072386,1,1,FALSE,FALSE,TRUE,TRUE,tamano,FALSE,FALSE,muestra_insuficiente
8150,2,4,13,2,329,330,TRUE,0.09957627118644068,FALSE,1,TRUE,NA,2,NA,0.22426721199727334,NA,1,NA,FALSE,NA,TRUE,tamano,FALSE,FALSE,muestra_insuficiente
7121,3,9,2,1,44,44,TRUE,0.02702702702702703,FALSE,1,TRUE,NA,1,NA,0.07678883071553229,NA,1,NA,FALSE,NA,TRUE,tamano,FALSE,FALSE,muestra_insuficiente
8150,5,4,3,3,624,601,TRUE,0.25892116182572616,FALSE,1,TRUE,NA,3,NA,0.6534031413612565,NA,1,NA,TRUE,NA,TRUE,tamano,FALSE,FALSE,muestra_insuficiente
2126,6,1,1,3,248,253,TRUE,0.18660647103085026,FALSE,1,TRUE,NA,3,NA,1,NA,1,NA,TRUE,NA,TRUE,tamano,FALSE,TRUE,muestra_insuficiente
7121,4,9,9,1,50,51,TRUE,0.29069767441860467,FALSE,1,TRUE,1,NA,1,NA,1,NA,TRUE,NA,TRUE,NA,tamano,FALSE,TRUE,muestra_insuficiente
1250,2,3,2,1,52,51,TRUE,0.04094488188976378,FALSE,1,TRUE,NA,1,NA,0.07692307692307693,NA,1,NA,FALSE,NA,TRUE,tamano,FALSE,FALSE,muestra_insuficiente
2121,3,2,9,3,275,335,TRUE,0.13214800576645844,FALSE,1,TRUE,1,2,0.05456852791878172,0.37425742574257426,1,1,FALSE,TRUE,TRUE,TRUE,tamano,FALSE,FALSE,muestra_insuficiente
5100,5,1,3,1,152,151,TRUE,0.09123649459783914,FALSE,1,TRUE,NA,1,NA,0.19689119170984457,NA,1,NA,FALSE,NA,TRUE,tamano,FALSE,FALSE,muestra_insuficiente
1250,3,3,1,1,209,218,TRUE,0.1774193548387097,FALSE,1,TRUE,1,NA,0.6807817589576547,NA,1,NA,TRUE,NA,TRUE,NA,tamano,FALSE,FALSE,muestra_insuficiente
5100,2,2,2,3,681,655,TRUE,0.1791162546028406,FALSE,1,TRUE,2,1,0.3525360050093926,0.053514739229024944,1,1,FALSE,FALSE,TRUE,TRUE,tamano,FALSE,TRUE,muestra_insuficiente
4120,3,13,13,1,130,129,TRUE,0.20280811232449297,FALSE,1,TRUE,1,NA,0.23636363636363636,NA,1,NA,FALSE,NA,TRUE,NA,tamano,FALSE,TRUE,muestra_insuficiente
7121,5,8,4,1,64,64,TRUE,0.01170018281535649,FALSE,1,TRUE,NA,1,NA,0.016,NA,1,NA,FALSE,NA,TRUE,tamano,FALSE,FALSE,muestra_insuficiente
6101,6,1,10,1,102,101,TRUE,0.0025517224126285244,FALSE,1,TRUE,1,NA,0.006577250451379933,NA,1,NA,FALSE,NA,TRUE,NA,tamano,FALSE,FALSE,muestra_insuficiente
8150,2,4,3,3,783,787,TRUE,0.23698547215496368,FALSE,1,TRUE,2,1,0.28307022318998365,0.17927743694614862,1,1,FALSE,FALSE,TRUE,TRUE,tamano,FALSE,FALSE,muestra_insuficiente
6101,5,1,1,7,1191,1157,TRUE,0.3009855951478393,FALSE,1,TRUE,3,4,0.1425322213798332,0.6178923426838514,1,1,FALSE,TRUE,TRUE,TRUE,tamano,FALSE,TRUE,muestra_insuficiente
1250,6,3,10,1,141,141,TRUE,0.006197529778910817,FALSE,1,TRUE,NA,1,NA,0.020079749359156934,NA,1,NA,FALSE,NA,TRUE,tamano,FALSE,FALSE,muestra_insuficiente
8150,1,6,2,1,674,684,TRUE,0.21506062539885132,FALSE,1,TRUE,NA,1,NA,0.3323471400394477,NA,1,NA,FALSE,NA,TRUE,tamano,FALSE,FALSE,muestra_insuficiente
8150,6,4,2,1,157,215,TRUE,0.052951096121416526,FALSE,1,TRUE,NA,1,NA,0.09022988505747126,NA,1,NA,FALSE,NA,TRUE,tamano,FALSE,FALSE,muestra_insuficiente
6180,6,1,4,3,244,249,TRUE,0.023959151610369208,FALSE,1,TRUE,1,2,0.011563802608578729,0.05751729159082636,1,1,FALSE,FALSE,TRUE,TRUE,tamano,FALSE,FALSE,muestra_insuficiente
1230,3,2,7,3,252,259,TRUE,0.32727272727272727,FALSE,1,TRUE,2,1,0.5265700483091788,0.09550561797752809,1,1,TRUE,FALSE,TRUE,TRUE,tamano,FALSE,FALSE,muestra_insuficiente
7201,2,3,2,1,150,169,TRUE,0.004622068838011894,FALSE,1,TRUE,1,NA,0.007782504928919788,NA,1,NA,FALSE,NA,TRUE,NA,tamano,FALSE,FALSE,muestra_insuficiente
1250,1,3,2,1,122,102,TRUE,0.03832862079798932,FALSE,1,TRUE,NA,1,NA,0.08911614317019723,NA,1,NA,FALSE,NA,TRUE,tamano,FALSE,FALSE,muestra_insuficiente
4109,2,12,12,1,106,101,TRUE,1,TRUE,1,TRUE,1,NA,1,NA,1,NA,TRUE,NA,TRUE,NA,tamano,FALSE,TRUE,muestra_insuficiente
6121,5,1,1,2,279,264,TRUE,0.8558282208588958,TRUE,1,TRUE,1,1,0.6356589147286822,1,1,1,TRUE,TRUE,TRUE,TRUE,tamano,FALSE,TRUE,muestra_insuficiente
5141,3,2,2,1,140,142,TRUE,1,TRUE,1,TRUE,1,NA,1,NA,1,NA,TRUE,NA,TRUE,NA,tamano,FALSE,TRUE,muestra_insuficiente
7121,4,9,11,1,122,124,TRUE,0.7093023255813954,TRUE,1,TRUE,NA,1,NA,1,NA,1,NA,TRUE,NA,TRUE,tamano,FALSE,FALSE,muestra_insuficiente
4109,3,13,13,1,304,293,TRUE,0.7875647668393783,TRUE,1,TRUE,1,NA,1,NA,1,NA,TRUE,NA,TRUE,NA,tamano,FALSE,TRUE,muestra_insuficiente
8150,2,4,7,2,116,127,TRUE,0.035108958837772396,FALSE,1,TRUE,1,1,0.046815459989112684,0.02044989775051125,1,1,FALSE,FALSE,TRUE,TRUE,tamano,FALSE,FALSE,muestra_insuficiente
5100,2,2,7,1,86,89,TRUE,0.022619673855865333,FALSE,1,TRUE,NA,1,NA,0.039002267573696146,NA,1,NA,FALSE,NA,TRUE,tamano,FALSE,FALSE,muestra_insuficiente
6180,2,2,2,1,98,102,TRUE,0.06409417920209287,FALSE,1,TRUE,NA,1,NA,1,NA,1,NA,TRUE,NA,TRUE,tamano,FALSE,TRUE,muestra_insuficiente
1204,3,2,9,1,158,158,TRUE,0.7053571428571429,TRUE,1,TRUE,1,NA,1,NA,1,NA,TRUE,NA,TRUE,NA,tamano,FALSE,FALSE,muestra_insuficiente
4151,6,13,13,3,2781,2976,TRUE,1,TRUE,1,TRUE,3,NA,1,NA,1,NA,TRUE,NA,TRUE,NA,tamano,FALSE,TRUE,muestra_insuficiente
1250,5,3,10,1,293,297,TRUE,0.14362745098039215,FALSE,1,TRUE,NA,1,NA,0.1983750846310088,NA,1,NA,FALSE,NA,TRUE,tamano,FALSE,FALSE,muestra_insuficiente
8310,6,2,2,1,87,88,TRUE,0.5117647058823529,TRUE,1,TRUE,1,NA,1,NA,1,NA,TRUE,NA,TRUE,NA,tamano,FALSE,TRUE,muestra_insuficiente
5141,1,2,6,1,521,516,TRUE,1,TRUE,1,TRUE,1,NA,1,NA,1,NA,TRUE,NA,TRUE,NA,tamano,FALSE,FALSE,muestra_insuficiente
6180,3,2,11,1,51,51,TRUE,1,TRUE,1,TRUE,NA,1,NA,1,NA,1,NA,TRUE,NA,TRUE,tamano,FALSE,FALSE,muestra_insuficiente
6180,6,1,3,1,55,56,TRUE,0.005400628436763551,FALSE,1,TRUE,1,NA,0.007395455156649186,NA,1,NA,FALSE,NA,TRUE,NA,tamano,FALSE,FALSE,muestra_insuficiente
2121,4,2,1,1,89,91,TRUE,0.13423831070889894,FALSE,1,TRUE,1,NA,0.19690265486725664,NA,1,NA,FALSE,NA,TRUE,NA,tamano,FALSE,FALSE,muestra_insuficiente
6180,5,1,10,1,97,76,TRUE,0.04685990338164251,FALSE,1,TRUE,1,NA,0.11533888228299644,NA,1,NA,FALSE,NA,TRUE,NA,tamano,FALSE,FALSE,muestra_insuficiente
1250,3,3,2,1,871,891,TRUE,0.7393887945670629,TRUE,1,TRUE,NA,1,NA,1,NA,1,NA,TRUE,NA,TRUE,tamano,FALSE,FALSE,muestra_insuficiente
6110,6,1,8,1,144,146,TRUE,0.0047017337643255955,FALSE,1,TRUE,NA,1,NA,0.008262091915772563,NA,1,NA,FALSE,NA,TRUE,tamano,FALSE,FALSE,muestra_insuficiente
5100,3,2,11,1,130,131,TRUE,0.34120734908136485,FALSE,1,TRUE,NA,1,NA,0.7303370786516854,NA,1,NA,TRUE,NA,TRUE,tamano,FALSE,FALSE,muestra_insuficiente
6101,6,1,8,1,169,137,TRUE,0.004227853801315888,FALSE,1,TRUE,1,NA,0.010897601238070672,NA,1,NA,FALSE,NA,TRUE,NA,tamano,FALSE,FALSE,muestra_insuficiente
8150,3,4,11,1,306,234,TRUE,1,TRUE,1,TRUE,NA,1,NA,1,NA,1,NA,TRUE,NA,TRUE,tamano,FALSE,FALSE,muestra_insuficiente
1230,2,2,3,1,142,143,TRUE,0.10502958579881656,FALSE,1,TRUE,NA,1,NA,0.5163636363636364,NA,1,NA,TRUE,NA,TRUE,tamano,FALSE,FALSE,muestra_insuficiente
4134,2,13,11,1,163,153,TRUE,1,TRUE,1,TRUE,NA,1,NA,1,NA,1,NA,TRUE,NA,TRUE,tamano,FALSE,FALSE,muestra_insuficiente
4134,1,12,12,1,133,132,TRUE,0.40797546012269936,FALSE,1,TRUE,1,NA,0.40797546012269936,NA,1,NA,FALSE,NA,TRUE,NA,tamano,FALSE,TRUE,muestra_insuficiente
2121,4,2,9,1,42,43,TRUE,0.06334841628959276,FALSE,1,TRUE,1,NA,0.09292035398230089,NA,1,NA,FALSE,NA,TRUE,NA,tamano,FALSE,FALSE,muestra_insuficiente
2121,1,2,3,1,53,47,TRUE,0.3136094674556213,FALSE,1,TRUE,1,NA,1,NA,1,NA,TRUE,NA,TRUE,NA,tamano,FALSE,FALSE,muestra_insuficiente
7201,46|3,3,3,431,119100,121978,TRUE,0.48918534826218035,TRUE,1,TRUE,213,218,0.46542016533229186,0.5134121862610109,1,1,TRUE,TRUE,TRUE,TRUE,sector_posicion,FALSE,TRUE,sin_mayoria_reciproca_estable
5141,33|1,2,7,113,29871,30439,TRUE,0.5365341092790171,TRUE,1,TRUE,59,54,0.5993274515475846,0.4745520736669284,1,1,TRUE,TRUE,TRUE,TRUE,sector_posicion,FALSE,FALSE,sin_mayoria_reciproca_estable
5141,33|1,2,8,48,8964,8771,TRUE,0.16100872938894278,FALSE,1,TRUE,24,24,0.16647382123228233,0.15561424798343923,1,1,FALSE,FALSE,TRUE,TRUE,sector_posicion,FALSE,FALSE,sin_mayoria_reciproca_estable
7201,46|3,3,6,87,28620,28078,TRUE,0.11755234817181866,FALSE,1,TRUE,43,44,0.1146830046214932,0.12047743069955708,1,1,FALSE,FALSE,TRUE,TRUE,sector_posicion,FALSE,FALSE,sin_mayoria_reciproca_estable
1204,33|1,2,1,5,1227,1227,TRUE,0.07920216886134779,FALSE,1,TRUE,2,3,0.04720194647201947,0.1422273337166954,1,1,FALSE,FALSE,TRUE,TRUE,sector_posicion,FALSE,FALSE,muestra_insuficiente
1230,54|1,2,3,1,102,103,TRUE,0.08101667990468626,FALSE,1,TRUE,NA,1,NA,0.09156193895870736,NA,1,NA,FALSE,NA,TRUE,sector_posicion,FALSE,FALSE,muestra_insuficiente
1230,54|1,2,2,3,1157,977,TRUE,0.9189833200953137,TRUE,1,TRUE,1,2,1,0.9084380610412927,1,1,TRUE,TRUE,TRUE,TRUE,sector_posicion,FALSE,TRUE,muestra_insuficiente
6101,61|1,1,1,32,9097,9144,TRUE,0.7134342404517293,TRUE,0.9858760107816712,TRUE,13,19,0.43425995492111197,0.9135586374040663,0.9862837548221175,0.9857389801210026,FALSE,TRUE,TRUE,TRUE,sector_posicion,FALSE,TRUE,sin_mayoria_reciproca_estable
1204,33|1,2,2,23,4533,4550,TRUE,0.2926026336173509,FALSE,1,TRUE,12,11,0.2620924574209246,0.35269311865056546,1,1,FALSE,TRUE,TRUE,TRUE,sector_posicion,FALSE,TRUE,sin_mayoria_reciproca_estable
6101,93|1,1,2,72,15935,17547,TRUE,0.5303711100016641,TRUE,1,TRUE,32,40,0.46776252792850304,0.575172728830012,1,1,TRUE,TRUE,TRUE,TRUE,sector_posicion,FALSE,FALSE,sin_mayoria_reciproca_estable
1230,61|1,2,2,4,1118,1147,TRUE,0.5771812080536913,TRUE,1,TRUE,2,2,1,0.4678362573099415,1,1,TRUE,FALSE,TRUE,TRUE,sector_posicion,FALSE,TRUE,muestra_insuficiente
7201,46|3,3,11,285,95746,95848,TRUE,0.393262303566001,FALSE,1,TRUE,139,146,0.4198968300462149,0.366110383039432,1,1,FALSE,FALSE,TRUE,TRUE,sector_posicion,FALSE,FALSE,sin_mayoria_reciproca_estable
1204,33|1,2,8,25,8390,8492,TRUE,0.5415698424993545,TRUE,1,TRUE,17,8,0.6389294403892944,0.34981790300939236,1,1,TRUE,FALSE,TRUE,TRUE,sector_posicion,FALSE,FALSE,sin_mayoria_reciproca_estable
8150,81|3,6,6,2,220,249,TRUE,0.12249443207126949,FALSE,1,TRUE,1,1,0.1276595744680851,0.11789473684210526,1,1,FALSE,FALSE,TRUE,TRUE,sector_posicion,FALSE,TRUE,muestra_insuficiente
6101,61|1,1,2,7,610,731,TRUE,0.04783938514626304,FALSE,0.41581342434584756,FALSE,6,1,0.0978587528174305,0.011983304160495489,0.3849502487562189,0.7466666666666667,FALSE,FALSE,FALSE,TRUE,sector_posicion,FALSE,FALSE,muestra_insuficiente
5141,33|1,2,10,8,3108,3139,TRUE,0.055824981140209076,FALSE,1,TRUE,1,7,0.003073474110500434,0.10789492469126989,1,1,FALSE,FALSE,TRUE,TRUE,sector_posicion,FALSE,FALSE,muestra_insuficiente
2121,46|1,2,2,2,284,290,TRUE,0.6893203883495146,TRUE,0.47854785478547857,FALSE,1,1,0.5205992509363296,1,1,0.3174946004319654,TRUE,TRUE,TRUE,FALSE,sector_posicion,FALSE,TRUE,muestra_insuficiente
6180,56|1,2,2,2,367,373,TRUE,1,TRUE,1,TRUE,1,1,1,1,1,1,TRUE,TRUE,TRUE,TRUE,sector_posicion,FALSE,TRUE,muestra_insuficiente
1204,32|1,2,8,12,4698,4805,TRUE,0.7874622862889709,TRUE,1,TRUE,6,6,0.6791699920191541,0.8658959537572254,1,1,TRUE,TRUE,TRUE,TRUE,sector_posicion,TRUE,FALSE,candidato_estadistico_no_aprobado_semanticamente
5380,93|1,8,7,4,1685,1680,TRUE,1,TRUE,1,TRUE,2,2,1,1,1,1,TRUE,TRUE,TRUE,TRUE,sector_posicion,FALSE,FALSE,muestra_insuficiente
5141,33|1,2,1,26,7086,7458,TRUE,0.12727664619032222,FALSE,1,TRUE,13,13,0.11476713913798091,0.13962452708972803,1,1,FALSE,FALSE,TRUE,TRUE,sector_posicion,FALSE,FALSE,sin_mayoria_reciproca_estable
5100,31|1,1,1,3,572,588,TRUE,0.16507936507936508,FALSE,1,TRUE,1,2,0.13289401427786932,0.20072992700729927,1,1,FALSE,FALSE,TRUE,TRUE,sector_posicion,FALSE,TRUE,muestra_insuficiente
1204,32|1,2,2,4,1075,990,TRUE,0.1801877304726785,FALSE,1,TRUE,2,2,0.320830007980846,0.07832369942196532,1,1,FALSE,FALSE,TRUE,TRUE,sector_posicion,FALSE,TRUE,muestra_insuficiente
1204,33|1,2,7,4,636,610,TRUE,0.041053446940356314,FALSE,1,TRUE,2,2,0.04068126520681265,0.04178646731838221,1,1,FALSE,FALSE,TRUE,TRUE,sector_posicion,FALSE,FALSE,muestra_insuficiente
5170,33|1,1,10,2,321,322,TRUE,0.6743697478991597,TRUE,1,TRUE,2,NA,0.6743697478991597,NA,1,NA,TRUE,NA,TRUE,NA,sector_posicion,FALSE,FALSE,muestra_insuficiente
6121,48|1,1,3,2,497,490,TRUE,0.15468409586056645,FALSE,0.7941653160453809,TRUE,NA,2,NA,0.17444717444717445,NA,0.8521739130434782,NA,FALSE,NA,TRUE,sector_posicion,FALSE,FALSE,muestra_insuficiente
8150,71|1,4,13,3,471,629,TRUE,0.18892900120336945,FALSE,1,TRUE,1,2,0.1,0.21528861154446177,1,1,FALSE,FALSE,TRUE,TRUE,sector_posicion,FALSE,FALSE,muestra_insuficiente
7121,46|1,8,10,6,2851,2830,TRUE,0.9280598958333334,TRUE,1,TRUE,4,2,0.9845384265575261,0.7857961053837342,1,1,TRUE,TRUE,TRUE,TRUE,sector_posicion,FALSE,FALSE,muestra_insuficiente
5141,32|1,2,7,1,211,207,TRUE,0.12642300778909527,FALSE,1,TRUE,1,NA,0.6098265895953757,NA,1,NA,TRUE,NA,TRUE,NA,sector_posicion,FALSE,FALSE,muestra_insuficiente
6110,93|1,1,7,3,504,504,TRUE,0.039603960396039604,FALSE,1,TRUE,1,2,0.012142514778718645,0.0661821555589918,1,1,FALSE,FALSE,TRUE,TRUE,sector_posicion,FALSE,FALSE,muestra_insuficiente
1204,22|1,2,8,2,437,432,TRUE,0.21400587659157688,FALSE,1,TRUE,1,1,0.5656108597285068,0.171334431630972,1,1,TRUE,FALSE,TRUE,TRUE,sector_posicion,FALSE,FALSE,muestra_insuficiente
4109,11|1,13,13,8,1718,1688,TRUE,0.2584624642695953,FALSE,1,TRUE,7,1,0.5313217448343719,0.027237354085603113,1,1,TRUE,FALSE,TRUE,TRUE,sector_posicion,FALSE,TRUE,muestra_insuficiente
4109,11|1,13,10,10,2694,2719,TRUE,0.4052956220851512,TRUE,1,TRUE,3,7,0.1308625778943916,0.6378543635352973,1,1,FALSE,TRUE,TRUE,TRUE,sector_posicion,FALSE,FALSE,muestra_insuficiente
1250,33|1,3,3,1,628,506,TRUE,1,TRUE,1,TRUE,NA,1,NA,1,NA,1,NA,TRUE,NA,TRUE,sector_posicion,FALSE,TRUE,muestra_insuficiente
5380,98|1,8,10,1,467,487,TRUE,1,TRUE,1,TRUE,NA,1,NA,1,NA,1,NA,TRUE,NA,TRUE,sector_posicion,FALSE,FALSE,muestra_insuficiente
1204,11|1,2,10,1,152,146,TRUE,1,TRUE,1,TRUE,NA,1,NA,1,NA,1,NA,TRUE,NA,TRUE,sector_posicion,FALSE,FALSE,muestra_insuficiente
6110,46|1,1,2,8,2734,2947,TRUE,0.26717482654158115,FALSE,0.9577510562235944,TRUE,3,5,0.45392646391284613,0.21594022415940226,1,0.9383009017560513,FALSE,FALSE,TRUE,TRUE,sector_posicion,FALSE,FALSE,muestra_insuficiente
1204,31|1,2,1,1,536,560,TRUE,0.13463953780457172,FALSE,1,TRUE,1,NA,0.2914627514953779,NA,1,NA,FALSE,NA,TRUE,NA,sector_posicion,FALSE,FALSE,muestra_insuficiente
1204,31|1,2,2,6,1071,1120,TRUE,0.2690278824415976,FALSE,1,TRUE,NA,6,NA,0.5,NA,1,NA,TRUE,NA,TRUE,sector_posicion,FALSE,TRUE,muestra_insuficiente
1204,23|2,2,5,3,1195,1321,TRUE,1,TRUE,1,TRUE,NA,3,NA,1,NA,1,NA,TRUE,NA,TRUE,sector_posicion,FALSE,FALSE,muestra_insuficiente
6180,62|1,1,2,1,262,265,TRUE,0.39398496240601505,TRUE,1,TRUE,NA,1,NA,0.5941043083900227,NA,1,NA,TRUE,NA,TRUE,sector_posicion,FALSE,FALSE,muestra_insuficiente
5141,33|1,2,3,5,2083,1234,TRUE,0.03741423285555196,FALSE,1,TRUE,3,2,0.019597917269308648,0.055000356913412804,1,1,FALSE,FALSE,TRUE,TRUE,sector_posicion,FALSE,FALSE,muestra_insuficiente
7201,46|1,3,11,21,9829,9722,TRUE,0.6834237240995689,TRUE,1,TRUE,11,10,0.7341075182700971,0.5681766446619622,1,1,TRUE,TRUE,TRUE,TRUE,sector_posicion,TRUE,FALSE,candidato_estadistico_no_aprobado_semanticamente
1204,23|3,2,6,3,873,773,TRUE,1,TRUE,1,TRUE,1,2,1,1,1,1,TRUE,TRUE,TRUE,TRUE,sector_posicion,FALSE,FALSE,muestra_insuficiente
5141,46|1,2,7,1,287,287,TRUE,1,TRUE,1,TRUE,NA,1,NA,1,NA,1,NA,TRUE,NA,TRUE,sector_posicion,FALSE,FALSE,muestra_insuficiente
1250,93|1,3,3,54,7827,8069,TRUE,0.5460824670341171,TRUE,1,TRUE,33,21,0.47516420361247946,0.6966659402920026,1,1,TRUE,TRUE,TRUE,TRUE,sector_posicion,FALSE,TRUE,sin_mayoria_reciproca_estable
5380,32|1,8,8,16,5822,5991,TRUE,0.6712012912151256,TRUE,1,TRUE,8,8,0.6968722595732242,0.6544831524842947,1,1,TRUE,TRUE,TRUE,TRUE,sector_posicion,TRUE,TRUE,candidato_estadistico_no_aprobado_semanticamente
1204,33|1,2,3,2,411,435,TRUE,0.026529821843532145,FALSE,1,TRUE,NA,2,NA,0.07878090856814261,NA,1,NA,FALSE,NA,TRUE,sector_posicion,FALSE,FALSE,muestra_insuficiente
5380,32|1,8,10,4,2041,2044,TRUE,0.23530089923910538,FALSE,1,TRUE,2,2,0.18357205495469162,0.26898914905768134,1,1,FALSE,FALSE,TRUE,TRUE,sector_posicion,FALSE,FALSE,muestra_insuficiente
1204,81|1,2,11,5,2120,2207,TRUE,0.3683113273106324,FALSE,1,TRUE,4,1,0.7336035372144436,0.04240631163708087,1,1,TRUE,FALSE,TRUE,TRUE,sector_posicion,FALSE,FALSE,muestra_insuficiente
1250,93|1,3,1,21,3041,3219,TRUE,0.21216772483081,FALSE,1,TRUE,17,4,0.28048029556650245,0.06711701895837874,1,1,FALSE,FALSE,TRUE,TRUE,sector_posicion,FALSE,FALSE,muestra_insuficiente
4109,97|1,13,9,1,171,166,TRUE,1,TRUE,1,TRUE,NA,1,NA,1,NA,1,NA,TRUE,NA,TRUE,sector_posicion,FALSE,FALSE,muestra_insuficiente
6110,52|1,1,2,5,2056,1499,TRUE,0.43791267305644305,TRUE,0.9746423927178154,TRUE,4,1,0.32476763258611263,0.5101186322400558,1,0.9583333333333334,FALSE,TRUE,TRUE,TRUE,sector_posicion,FALSE,FALSE,muestra_insuficiente
8311,93|1,2,10,18,3279,3240,TRUE,0.486715155113552,TRUE,1,TRUE,8,10,0.5845493562231759,0.43498978897208984,1,1,TRUE,FALSE,TRUE,TRUE,sector_posicion,FALSE,FALSE,sin_mayoria_reciproca_estable
6121,93|1,1,1,7,1056,1163,TRUE,0.28517418309478804,FALSE,1,TRUE,6,1,0.44144144144144143,0.05124747134187458,1,1,TRUE,FALSE,TRUE,TRUE,sector_posicion,FALSE,TRUE,muestra_insuficiente
1204,21|1,2,8,2,384,382,TRUE,0.45714285714285713,FALSE,1,TRUE,NA,2,NA,0.45714285714285713,NA,1,NA,FALSE,NA,TRUE,sector_posicion,FALSE,FALSE,muestra_insuficiente
6180,62|1,1,1,2,150,153,TRUE,0.22556390977443608,FALSE,1,TRUE,1,1,0.20089285714285715,0.23809523809523808,1,1,FALSE,FALSE,TRUE,TRUE,sector_posicion,FALSE,TRUE,muestra_insuficiente
6110,46|1,1,1,4,2420,2400,TRUE,0.23648978794097528,FALSE,1,TRUE,1,3,0.016795279164775308,0.2967621419676214,1,1,FALSE,FALSE,TRUE,TRUE,sector_posicion,FALSE,TRUE,muestra_insuficiente
2126,93|1,1,3,2,1081,880,TRUE,0.6611620795107034,TRUE,1,TRUE,2,NA,0.9617437722419929,NA,1,NA,TRUE,NA,TRUE,NA,sector_posicion,FALSE,FALSE,muestra_insuficiente
1204,62|1,2,2,4,1421,1396,TRUE,0.4346895074946467,FALSE,1,TRUE,2,2,0.46159554730983304,0.3083623693379791,1,1,FALSE,FALSE,TRUE,TRUE,sector_posicion,FALSE,TRUE,muestra_insuficiente
6110,93|1,1,1,26,5914,6661,TRUE,0.4647179003614647,TRUE,1,TRUE,14,12,0.3986259785908292,0.528684088449049,1,1,TRUE,TRUE,TRUE,TRUE,sector_posicion,FALSE,TRUE,sin_mayoria_reciproca_estable
1204,81|3,2,6,10,2850,3001,TRUE,0.3256398537477148,FALSE,1,TRUE,4,6,0.1421859039836568,0.5584651283380866,1,1,FALSE,TRUE,TRUE,TRUE,sector_posicion,FALSE,FALSE,muestra_insuficiente
5100,31|2,2,5,4,2001,1975,TRUE,0.9221198156682028,TRUE,1,TRUE,NA,4,NA,0.9443133553563001,NA,1,NA,TRUE,NA,TRUE,sector_posicion,FALSE,FALSE,muestra_insuficiente
5100,72|1,2,7,1,48,38,TRUE,0.1605351170568562,FALSE,0.024869109947643978,FALSE,NA,1,NA,0.2696629213483146,NA,0.03885480572597137,NA,FALSE,NA,FALSE,sector_posicion,FALSE,FALSE,muestra_insuficiente
1230,62|1,2,2,21,4532,4578,TRUE,0.7587476979742173,TRUE,1,TRUE,11,10,0.918146253385495,0.5588679245283019,1,1,TRUE,TRUE,TRUE,TRUE,sector_posicion,TRUE,TRUE,candidato_estadistico_no_aprobado_semanticamente
2126,93|1,1,1,5,554,561,TRUE,0.3388379204892966,FALSE,1,TRUE,1,4,0.03825622775800712,1,1,1,FALSE,TRUE,TRUE,TRUE,sector_posicion,FALSE,TRUE,muestra_insuficiente
2121,81|1,2,1,1,45,46,TRUE,1,TRUE,0.08863198458574181,FALSE,NA,1,NA,1,NA,0.08863198458574181,NA,TRUE,NA,FALSE,sector_posicion,FALSE,FALSE,muestra_insuficiente
1204,46|1,2,8,1,54,55,TRUE,0.09015025041736227,FALSE,1,TRUE,1,NA,0.10909090909090909,NA,1,NA,FALSE,NA,TRUE,NA,sector_posicion,FALSE,FALSE,muestra_insuficiente
8150,93|1,4,10,1,47,47,TRUE,0.0817391304347826,FALSE,1,TRUE,1,NA,0.09853249475890985,NA,1,NA,FALSE,NA,TRUE,NA,sector_posicion,FALSE,FALSE,muestra_insuficiente
1250,61|1,3,3,10,1945,1905,TRUE,0.46732340221047575,TRUE,1,TRUE,6,4,0.6641643619122877,0.1618638871857756,1,1,TRUE,FALSE,TRUE,TRUE,sector_posicion,FALSE,TRUE,muestra_insuficiente
5100,72|1,2,4,2,121,122,TRUE,0.40468227424749165,FALSE,0.5446428571428571,TRUE,2,NA,1,NA,0.5446428571428571,NA,TRUE,NA,TRUE,NA,sector_posicion,FALSE,FALSE,muestra_insuficiente
5170,21|1,1,1,1,45,46,TRUE,0.13313609467455623,FALSE,1,TRUE,1,NA,0.13313609467455623,NA,1,NA,FALSE,NA,TRUE,NA,sector_posicion,FALSE,TRUE,muestra_insuficiente
6101,93|1,1,1,49,8155,8580,TRUE,0.2714261940422699,FALSE,1,TRUE,21,28,0.3239706351739547,0.23382630046251357,1,1,FALSE,FALSE,TRUE,TRUE,sector_posicion,FALSE,TRUE,sin_mayoria_reciproca_estable
1230,54|2,2,2,1,151,159,TRUE,1,TRUE,1,TRUE,1,NA,1,NA,1,NA,TRUE,NA,TRUE,NA,sector_posicion,FALSE,TRUE,muestra_insuficiente
6110,43|1,1,3,1,238,217,TRUE,0.15063291139240506,FALSE,1,TRUE,1,NA,0.4061433447098976,NA,1,NA,FALSE,NA,TRUE,NA,sector_posicion,FALSE,FALSE,muestra_insuficiente
1230,22|1,2,8,1,156,173,TRUE,0.2553191489361702,FALSE,1,TRUE,1,NA,0.2553191489361702,NA,1,NA,FALSE,NA,TRUE,NA,sector_posicion,FALSE,FALSE,muestra_insuficiente
5170,22|1,1,1,6,807,850,TRUE,0.3618834080717489,TRUE,1,TRUE,2,4,0.3929824561403509,0.34254545454545454,1,1,FALSE,FALSE,TRUE,TRUE,sector_posicion,FALSE,TRUE,muestra_insuficiente
4109,11|1,13,11,7,2235,2240,TRUE,0.3362419136452535,FALSE,1,TRUE,4,3,0.33781567727123646,0.3349082823790995,1,1,FALSE,FALSE,TRUE,TRUE,sector_posicion,FALSE,FALSE,muestra_insuficiente
1204,46|1,2,2,2,187,188,TRUE,0.3121869782971619,TRUE,1,TRUE,1,1,0.25656565656565655,0.5769230769230769,1,1,FALSE,TRUE,TRUE,TRUE,sector_posicion,FALSE,TRUE,muestra_insuficiente
6180,72|1,1,8,1,99,113,TRUE,0.47596153846153844,FALSE,1,TRUE,NA,1,NA,1,NA,1,NA,TRUE,NA,TRUE,sector_posicion,FALSE,FALSE,muestra_insuficiente
6121,93|1,1,2,8,2176,2160,TRUE,0.5876316500135026,TRUE,1,TRUE,4,4,0.3801801801801802,0.8981793661496965,1,1,FALSE,TRUE,TRUE,TRUE,sector_posicion,FALSE,FALSE,muestra_insuficiente
1204,62|1,2,8,5,1848,2138,TRUE,0.5653104925053534,TRUE,1,TRUE,3,2,0.538404452690167,0.6916376306620209,1,1,TRUE,TRUE,TRUE,TRUE,sector_posicion,FALSE,FALSE,muestra_insuficiente
6110,62|1,1,1,1,39,42,TRUE,1,TRUE,1,TRUE,1,NA,1,NA,1,NA,TRUE,NA,TRUE,NA,sector_posicion,FALSE,TRUE,muestra_insuficiente
6110,61|1,1,1,5,329,310,TRUE,0.8245614035087719,TRUE,1,TRUE,3,2,0.7643097643097643,1,1,1,TRUE,TRUE,TRUE,TRUE,sector_posicion,FALSE,TRUE,muestra_insuficiente
8150,93|1,4,1,3,430,441,TRUE,0.7478260869565218,TRUE,1,TRUE,3,NA,0.9014675052410901,NA,1,NA,TRUE,NA,TRUE,NA,sector_posicion,FALSE,FALSE,muestra_insuficiente
5170,93|1,1,8,2,829,827,TRUE,0.5900355871886122,TRUE,1,TRUE,2,NA,0.5900355871886122,NA,1,NA,TRUE,NA,TRUE,NA,sector_posicion,FALSE,FALSE,muestra_insuficiente
7201,11|4,3,11,2,741,799,TRUE,1,TRUE,1,TRUE,2,NA,1,NA,1,NA,TRUE,NA,TRUE,NA,sector_posicion,FALSE,FALSE,muestra_insuficiente
6180,61|1,1,13,1,35,36,TRUE,0.01529051987767584,FALSE,1,TRUE,NA,1,NA,0.1320754716981132,NA,1,NA,FALSE,NA,TRUE,sector_posicion,FALSE,FALSE,muestra_insuficiente
1250,93|1,3,2,13,2320,2414,TRUE,0.16186422940068373,FALSE,1,TRUE,8,5,0.14942528735632185,0.18827631292220529,1,1,FALSE,FALSE,TRUE,TRUE,sector_posicion,FALSE,FALSE,sin_mayoria_reciproca_estable
8311,93|1,2,8,7,684,675,TRUE,0.1015288704170996,FALSE,1,TRUE,5,2,0.2206008583690987,0.038574994327206714,1,1,FALSE,FALSE,TRUE,TRUE,sector_posicion,FALSE,FALSE,muestra_insuficiente
2125,61|1,2,2,22,4536,4603,TRUE,1,TRUE,0.33578932010504814,FALSE,17,5,1,1,0.3850139115417826,0.1796042617960426,TRUE,TRUE,FALSE,FALSE,sector_posicion,FALSE,TRUE,sin_mayoria_reciproca_estable
1204,93|1,2,8,1,48,49,TRUE,0.24242424242424243,FALSE,1,TRUE,NA,1,NA,0.6,NA,1,NA,TRUE,NA,TRUE,sector_posicion,FALSE,FALSE,muestra_insuficiente
6121,43|1,1,1,1,37,38,TRUE,1,TRUE,1,TRUE,1,NA,1,NA,1,NA,TRUE,NA,TRUE,NA,sector_posicion,FALSE,TRUE,muestra_insuficiente
1204,43|1,2,8,4,431,437,TRUE,1,TRUE,1,TRUE,NA,4,NA,1,NA,1,NA,TRUE,NA,TRUE,sector_posicion,FALSE,FALSE,muestra_insuficiente
5100,61|1,2,2,1,38,39,TRUE,1,TRUE,1,TRUE,1,NA,1,NA,1,NA,TRUE,NA,TRUE,NA,sector_posicion,FALSE,TRUE,muestra_insuficiente
8311,93|1,2,7,1,35,35,TRUE,0.005195190737717085,FALSE,1,TRUE,NA,1,NA,0.007941910596777853,NA,1,NA,FALSE,NA,TRUE,sector_posicion,FALSE,FALSE,muestra_insuficiente
8311,93|1,2,3,2,142,141,TRUE,0.0210776309930236,FALSE,1,TRUE,1,1,0.04377682403433476,0.009076469253460404,1,1,FALSE,FALSE,TRUE,TRUE,sector_posicion,FALSE,FALSE,muestra_insuficiente
1250,81|1,3,1,1,35,36,TRUE,1,TRUE,1,TRUE,NA,1,NA,1,NA,1,NA,TRUE,NA,TRUE,sector_posicion,FALSE,FALSE,muestra_insuficiente
6110,93|1,1,3,16,3763,3983,TRUE,0.2956938550997957,FALSE,1,TRUE,7,9,0.24444799488736219,0.3452914798206278,1,1,FALSE,FALSE,TRUE,TRUE,sector_posicion,FALSE,FALSE,sin_mayoria_reciproca_estable
7121,46|1,8,3,1,75,73,TRUE,0.0244140625,FALSE,1,TRUE,NA,1,NA,0.0859106529209622,NA,1,NA,FALSE,NA,TRUE,sector_posicion,FALSE,FALSE,muestra_insuficiente
7201,46|2,3,5,8,3615,3553,TRUE,1,TRUE,1,TRUE,3,5,1,1,1,1,TRUE,TRUE,TRUE,TRUE,sector_posicion,FALSE,FALSE,muestra_insuficiente
6101,61|1,1,3,8,2438,2297,TRUE,0.19120069014194965,FALSE,0.9531120331950207,TRUE,7,1,0.4487227648384673,0.006597549481621112,1,0.3067484662576687,TRUE,FALSE,TRUE,FALSE,sector_posicion,FALSE,FALSE,muestra_insuficiente
7121,31|1,8,10,5,579,605,TRUE,0.21468298109010012,FALSE,1,TRUE,4,1,0.7799607072691552,0.08318098720292505,1,1,TRUE,FALSE,TRUE,TRUE,sector_posicion,FALSE,FALSE,muestra_insuficiente
4120,11|4,13,11,35,6441,6379,TRUE,0.8253459764223475,TRUE,1,TRUE,27,8,0.7655447803764974,0.9489194499017681,1,1,TRUE,TRUE,TRUE,TRUE,sector_posicion,TRUE,FALSE,candidato_estadistico_no_aprobado_semanticamente
4109,11|4,13,11,14,1066,1090,TRUE,0.8341158059467919,TRUE,1,TRUE,2,12,0.49038461538461536,1,1,1,FALSE,TRUE,TRUE,TRUE,sector_posicion,FALSE,FALSE,muestra_insuficiente
4119,11|4,13,11,3,281,289,TRUE,1,TRUE,1,TRUE,NA,3,NA,1,NA,1,NA,TRUE,NA,TRUE,sector_posicion,FALSE,FALSE,muestra_insuficiente
1230,93|1,2,7,4,687,645,TRUE,0.27524038461538464,FALSE,1,TRUE,1,3,0.060544904137235116,0.41661129568106314,1,1,FALSE,TRUE,TRUE,TRUE,sector_posicion,FALSE,FALSE,muestra_insuficiente
1230,93|1,2,2,6,1310,1430,TRUE,0.5248397435897436,TRUE,1,TRUE,4,2,0.8234106962663976,0.3282392026578073,1,1,TRUE,FALSE,TRUE,TRUE,sector_posicion,FALSE,TRUE,muestra_insuficiente
6110,23|1,1,2,1,159,159,TRUE,0.48773006134969327,FALSE,1,TRUE,NA,1,NA,1,NA,1,NA,TRUE,NA,TRUE,sector_posicion,FALSE,FALSE,muestra_insuficiente
6110,23|1,1,3,1,167,167,TRUE,0.5122699386503068,TRUE,1,TRUE,1,NA,1,NA,1,NA,TRUE,NA,TRUE,NA,sector_posicion,FALSE,FALSE,muestra_insuficiente
4119,11|1,13,11,4,1445,1354,TRUE,1,TRUE,1,TRUE,2,2,1,1,1,1,TRUE,TRUE,TRUE,TRUE,sector_posicion,FALSE,FALSE,muestra_insuficiente
4120,11|1,13,11,6,2270,2298,TRUE,0.8370206489675516,TRUE,1,TRUE,2,4,0.7967667436489607,0.8559046587215602,1,1,TRUE,TRUE,TRUE,TRUE,sector_posicion,FALSE,FALSE,muestra_insuficiente
5141,56|1,2,8,1,110,136,TRUE,0.13142174432497014,FALSE,1,TRUE,1,NA,1,NA,1,NA,TRUE,NA,TRUE,NA,sector_posicion,FALSE,FALSE,muestra_insuficiente
1204,81|2,2,2,1,144,142,TRUE,0.25396825396825395,FALSE,1,TRUE,1,NA,0.25396825396825395,NA,1,NA,FALSE,NA,TRUE,NA,sector_posicion,FALSE,TRUE,muestra_insuficiente
1230,33|1,2,4,1,101,99,TRUE,0.1931166347992352,FALSE,1,TRUE,NA,1,NA,0.6196319018404908,NA,1,NA,TRUE,NA,TRUE,sector_posicion,FALSE,FALSE,muestra_insuficiente
5141,33|1,2,2,17,4027,4232,TRUE,0.07233178862664799,FALSE,1,TRUE,10,7,0.08999855365924211,0.05489328288957099,1,1,FALSE,FALSE,TRUE,TRUE,sector_posicion,FALSE,TRUE,sin_mayoria_reciproca_estable
1230,32|1,2,10,1,213,268,TRUE,0.32370820668693007,TRUE,1,TRUE,NA,1,NA,0.32370820668693007,NA,1,NA,TRUE,NA,TRUE,sector_posicion,FALSE,FALSE,muestra_insuficiente
1204,32|1,2,1,1,193,153,TRUE,0.03234998323835065,FALSE,1,TRUE,NA,1,NA,0.05578034682080925,NA,1,NA,FALSE,NA,TRUE,sector_posicion,FALSE,FALSE,muestra_insuficiente
6180,81|1,1,7,3,292,298,TRUE,1,TRUE,0.21704297159504735,FALSE,1,2,1,1,0.08432708688245315,1,TRUE,TRUE,FALSE,TRUE,sector_posicion,FALSE,FALSE,muestra_insuficiente
2121,52|1,2,3,1,108,106,TRUE,0.13333333333333333,FALSE,0.09114359415305245,FALSE,NA,1,NA,0.17197452229299362,NA,0.4669603524229075,NA,FALSE,NA,FALSE,sector_posicion,FALSE,FALSE,muestra_insuficiente
6121,93|1,1,3,4,471,475,TRUE,0.12719416689170943,FALSE,1,TRUE,3,1,0.1783783783783784,0.05057316250842886,1,1,FALSE,FALSE,TRUE,TRUE,sector_posicion,FALSE,FALSE,muestra_insuficiente
7201,46|4,3,4,12,4149,4131,TRUE,0.5933924485125858,TRUE,1,TRUE,6,6,0.4107050952135872,0.8219575016097875,1,1,FALSE,TRUE,TRUE,TRUE,sector_posicion,FALSE,FALSE,sin_mayoria_reciproca_estable
6121,32|1,1,4,1,108,106,TRUE,0.036572976633931595,FALSE,1,TRUE,NA,1,NA,0.038108680310515175,NA,1,NA,FALSE,NA,TRUE,sector_posicion,FALSE,FALSE,muestra_insuficiente
6121,48|1,1,1,3,380,363,TRUE,0.11826953003423592,FALSE,1,TRUE,2,1,0.5027472527472527,0.06914706914706915,1,1,TRUE,FALSE,TRUE,TRUE,sector_posicion,FALSE,TRUE,muestra_insuficiente
5380,33|1,8,8,3,402,354,TRUE,0.39296187683284456,FALSE,1,TRUE,1,2,1,0.31683168316831684,1,1,TRUE,FALSE,TRUE,TRUE,sector_posicion,FALSE,TRUE,muestra_insuficiente
5100,72|1,1,4,1,103,102,TRUE,0.043150397989107664,FALSE,0.45535714285714285,FALSE,1,NA,0.06978319783197832,NA,0.45535714285714285,NA,FALSE,NA,FALSE,NA,sector_posicion,FALSE,FALSE,muestra_insuficiente
1204,81|1,2,8,1,99,98,TRUE,0.01719944405837387,FALSE,1,TRUE,NA,1,NA,0.03254437869822485,NA,1,NA,FALSE,NA,TRUE,sector_posicion,FALSE,FALSE,muestra_insuficiente
8150,72|3,6,6,1,117,116,TRUE,1,TRUE,1,TRUE,NA,1,NA,1,NA,1,NA,TRUE,NA,TRUE,sector_posicion,FALSE,TRUE,muestra_insuficiente
7121,31|4,9,4,1,102,126,TRUE,0.21888412017167383,FALSE,1,TRUE,NA,1,NA,0.24401913875598086,NA,1,NA,FALSE,NA,TRUE,sector_posicion,FALSE,FALSE,muestra_insuficiente
1204,23|1,2,9,2,411,405,TRUE,0.6391912908242613,TRUE,1,TRUE,1,1,0.6826568265682657,0.40594059405940597,1,1,TRUE,FALSE,TRUE,TRUE,sector_posicion,FALSE,FALSE,muestra_insuficiente
4120,11|1,13,13,3,442,459,TRUE,0.16297935103244837,FALSE,1,TRUE,2,1,0.20323325635103925,0.14409534127843987,1,1,FALSE,FALSE,TRUE,TRUE,sector_posicion,FALSE,TRUE,muestra_insuficiente
5100,31|1,1,2,2,683,680,TRUE,0.1971139971139971,FALSE,0.58469475494411,TRUE,NA,2,NA,0.41545012165450124,NA,1,NA,TRUE,NA,TRUE,sector_posicion,FALSE,FALSE,muestra_insuficiente
2121,54|2,2,1,5,983,883,TRUE,1,TRUE,1,TRUE,1,4,1,1,1,1,TRUE,TRUE,TRUE,TRUE,sector_posicion,FALSE,FALSE,muestra_insuficiente
1250,93|1,3,7,6,1004,993,TRUE,0.07004814065443382,FALSE,1,TRUE,5,1,0.09493021346469623,0.017215079538025712,1,1,FALSE,FALSE,TRUE,TRUE,sector_posicion,FALSE,FALSE,muestra_insuficiente
1204,81|3,2,2,13,5902,5724,TRUE,0.6743601462522852,TRUE,1,TRUE,8,5,0.8578140960163432,0.4415348716619134,1,1,TRUE,FALSE,TRUE,TRUE,sector_posicion,FALSE,TRUE,sin_mayoria_reciproca_estable
5100,72|1,1,7,7,1435,1490,TRUE,0.6011730205278593,TRUE,0.975130890052356,TRUE,4,3,0.35501355013550134,1,1,0.9611451942740287,FALSE,TRUE,TRUE,TRUE,sector_posicion,FALSE,FALSE,muestra_insuficiente
1204,93|1,2,1,1,32,33,TRUE,0.16161616161616163,FALSE,1,TRUE,NA,1,NA,0.4,NA,1,NA,FALSE,NA,TRUE,sector_posicion,FALSE,FALSE,muestra_insuficiente
7121,31|1,9,11,6,1269,1278,TRUE,0.32322975038206825,FALSE,1,TRUE,2,4,0.16371008616320323,0.48438300051203276,1,1,FALSE,TRUE,TRUE,TRUE,sector_posicion,FALSE,FALSE,muestra_insuficiente
5141,23|1,2,8,1,61,64,TRUE,0.18654434250764526,FALSE,1,TRUE,1,NA,0.18654434250764526,NA,1,NA,FALSE,NA,TRUE,NA,sector_posicion,FALSE,FALSE,muestra_insuficiente
1250,61|1,3,1,4,324,327,TRUE,0.07784718885151369,FALSE,1,TRUE,2,2,0.08929276965626234,0.060085836909871244,1,1,FALSE,FALSE,TRUE,TRUE,sector_posicion,FALSE,FALSE,muestra_insuficiente
5141,81|1,2,2,2,175,177,TRUE,0.5335365853658537,TRUE,1,TRUE,1,1,1,0.18617021276595744,1,1,TRUE,FALSE,TRUE,TRUE,sector_posicion,FALSE,TRUE,muestra_insuficiente
6101,61|1,1,4,1,40,41,TRUE,0.0031370088620500352,FALSE,1,TRUE,NA,1,NA,0.005385754678874377,NA,1,NA,FALSE,NA,TRUE,sector_posicion,FALSE,FALSE,muestra_insuficiente
1204,46|1,2,4,1,44,44,TRUE,0.07345575959933222,FALSE,1,TRUE,NA,1,NA,0.4230769230769231,NA,1,NA,FALSE,NA,TRUE,sector_posicion,FALSE,FALSE,muestra_insuficiente
7121,31|1,9,9,7,1148,1156,TRUE,0.2924095771777891,FALSE,1,TRUE,3,4,0.14749113025848962,0.4388120839733743,1,1,FALSE,FALSE,TRUE,TRUE,sector_posicion,FALSE,TRUE,muestra_insuficiente
1230,32|1,2,8,2,181,179,TRUE,0.2750759878419453,FALSE,1,TRUE,NA,2,NA,0.2750759878419453,NA,1,NA,FALSE,NA,TRUE,sector_posicion,FALSE,FALSE,muestra_insuficiente
8150,93|1,4,4,1,32,33,TRUE,0.05565217391304348,FALSE,1,TRUE,NA,1,NA,0.32653061224489793,NA,1,NA,FALSE,NA,TRUE,sector_posicion,FALSE,TRUE,muestra_insuficiente
1230,31|1,2,7,1,44,47,TRUE,0.1423948220064725,FALSE,1,TRUE,NA,1,NA,0.18487394957983194,NA,1,NA,FALSE,NA,TRUE,sector_posicion,FALSE,FALSE,muestra_insuficiente
7121,46|1,9,9,2,89,91,TRUE,0.04084442404772832,FALSE,1,TRUE,1,1,0.026881720430107527,0.07091172214182344,1,1,FALSE,FALSE,TRUE,TRUE,sector_posicion,FALSE,TRUE,muestra_insuficiente
1204,81|1,2,9,4,2414,2170,TRUE,0.4193884642112578,TRUE,1,TRUE,2,2,0.2663964627855564,0.5558842866535174,1,1,FALSE,TRUE,TRUE,TRUE,sector_posicion,FALSE,FALSE,muestra_insuficiente
6121,48|1,1,2,5,504,526,TRUE,0.1568627450980392,FALSE,0.33060967944688874,FALSE,1,4,0.3791208791208791,0.12846612846612845,0.13452027695351138,0.6724137931034483,FALSE,FALSE,FALSE,TRUE,sector_posicion,FALSE,FALSE,muestra_insuficiente
7121,43|1,9,9,2,442,456,TRUE,0.45473251028806583,FALSE,1,TRUE,NA,2,NA,0.5351089588377724,NA,1,NA,TRUE,NA,TRUE,sector_posicion,FALSE,TRUE,muestra_insuficiente
8311,93|1,2,2,4,2210,2215,TRUE,0.3280391865815645,FALSE,1,TRUE,1,3,0.05793991416309013,0.47084184252325845,1,1,FALSE,TRUE,TRUE,TRUE,sector_posicion,FALSE,TRUE,muestra_insuficiente
4134,11|3,12,11,2,193,197,TRUE,0.5920245398773006,TRUE,1,TRUE,2,NA,0.5920245398773006,NA,1,NA,TRUE,NA,TRUE,NA,sector_posicion,FALSE,FALSE,muestra_insuficiente
7201,43|3,3,6,3,239,254,TRUE,0.3079896907216495,FALSE,1,TRUE,2,1,0.5592105263157895,0.1461864406779661,1,1,TRUE,FALSE,TRUE,TRUE,sector_posicion,FALSE,FALSE,muestra_insuficiente
1250,61|1,3,4,2,328,348,TRUE,0.07880826525708794,FALSE,1,TRUE,2,NA,0.12959304622678783,NA,1,NA,FALSE,NA,TRUE,NA,sector_posicion,FALSE,FALSE,muestra_insuficiente
7121,43|1,8,10,8,1543,1555,TRUE,0.45922619047619045,FALSE,1,TRUE,5,3,1,0.1075638506876228,1,1,TRUE,FALSE,TRUE,TRUE,sector_posicion,FALSE,FALSE,muestra_insuficiente
5141,33|1,2,4,2,187,213,TRUE,0.0033588389553471996,FALSE,1,TRUE,2,NA,0.006761643043100955,NA,1,NA,FALSE,NA,TRUE,NA,sector_posicion,FALSE,FALSE,muestra_insuficiente
6121,31|1,1,1,2,390,396,TRUE,0.14433752775721687,FALSE,1,TRUE,2,NA,0.2045097011012061,NA,1,NA,FALSE,NA,TRUE,NA,sector_posicion,FALSE,TRUE,muestra_insuficiente
5100,46|1,1,10,1,84,84,TRUE,0.06330067822155237,FALSE,1,TRUE,1,NA,0.075,NA,1,NA,FALSE,NA,TRUE,NA,sector_posicion,FALSE,FALSE,muestra_insuficiente
6180,93|1,1,1,4,1892,1932,TRUE,0.5944077913917688,TRUE,1,TRUE,2,2,0.5541932319764591,0.666083916083916,1,1,TRUE,TRUE,TRUE,TRUE,sector_posicion,FALSE,TRUE,muestra_insuficiente
8311,93|1,2,1,2,387,394,TRUE,0.0574439661570432,FALSE,1,TRUE,1,1,0.09313304721030043,0.038574994327206714,1,1,FALSE,FALSE,TRUE,TRUE,sector_posicion,FALSE,FALSE,muestra_insuficiente
6180,33|1,1,8,1,631,649,TRUE,1,TRUE,1,TRUE,1,NA,1,NA,1,NA,TRUE,NA,TRUE,NA,sector_posicion,FALSE,FALSE,muestra_insuficiente
4109,11|3,12,12,2,737,750,TRUE,1,TRUE,1,TRUE,2,NA,1,NA,1,NA,TRUE,NA,TRUE,NA,sector_posicion,FALSE,TRUE,muestra_insuficiente
6180,52|1,1,3,2,381,389,TRUE,0.2754880694143167,FALSE,1,TRUE,NA,2,NA,1,NA,1,NA,TRUE,NA,TRUE,sector_posicion,FALSE,FALSE,muestra_insuficiente
5100,46|1,1,4,2,881,898,TRUE,0.6639035418236624,TRUE,1,TRUE,1,1,0.6017857142857143,1,1,1,TRUE,TRUE,TRUE,TRUE,sector_posicion,FALSE,FALSE,muestra_insuficiente
2121,46|3,2,6,1,116,117,TRUE,1,TRUE,1,TRUE,NA,1,NA,1,NA,1,NA,TRUE,NA,TRUE,sector_posicion,FALSE,FALSE,muestra_insuficiente
5170,51|1,1,2,1,113,113,TRUE,0.07151898734177216,FALSE,1,TRUE,1,NA,0.07151898734177216,NA,1,NA,FALSE,NA,TRUE,NA,sector_posicion,FALSE,FALSE,muestra_insuficiente
1230,62|1,2,1,4,986,986,TRUE,0.1650761761258999,FALSE,1,TRUE,3,1,0.08185374661450497,0.26943396226415095,1,1,FALSE,FALSE,TRUE,TRUE,sector_posicion,FALSE,FALSE,muestra_insuficiente
5100,46|1,1,8,2,253,226,TRUE,0.19065561416729465,FALSE,1,TRUE,2,NA,0.22589285714285715,NA,1,NA,FALSE,NA,TRUE,NA,sector_posicion,FALSE,FALSE,muestra_insuficiente
5380,32|1,8,2,2,409,410,TRUE,0.04715240949965414,FALSE,1,TRUE,1,1,0.03653902367728734,0.05406434418427565,1,1,FALSE,FALSE,TRUE,TRUE,sector_posicion,FALSE,FALSE,muestra_insuficiente
7201,72|3,3,11,3,1019,1054,TRUE,1,TRUE,1,TRUE,2,1,1,1,1,1,TRUE,TRUE,TRUE,TRUE,sector_posicion,FALSE,FALSE,muestra_insuficiente
2121,61|1,2,2,1,151,150,TRUE,1,TRUE,0.5357142857142857,TRUE,1,NA,1,NA,0.5357142857142857,NA,TRUE,NA,TRUE,NA,sector_posicion,FALSE,TRUE,muestra_insuficiente
1204,33|1,2,10,2,295,325,TRUE,0.019042086238058354,FALSE,1,TRUE,1,1,0.011094890510948904,0.03469426873682193,1,1,FALSE,FALSE,TRUE,TRUE,sector_posicion,FALSE,FALSE,muestra_insuficiente
7121,43|1,8,3,1,1752,1764,TRUE,0.5214285714285715,TRUE,0.9529983792544571,TRUE,NA,1,NA,0.8605108055009824,NA,0.9529983792544571,NA,TRUE,NA,TRUE,sector_posicion,FALSE,FALSE,muestra_insuficiente
4170,11|2,12,12,2,426,404,TRUE,1,TRUE,1,TRUE,1,1,1,1,1,1,TRUE,TRUE,TRUE,TRUE,sector_posicion,FALSE,TRUE,muestra_insuficiente
6101,33|1,1,2,1,290,309,TRUE,1,TRUE,1,TRUE,1,NA,1,NA,1,NA,TRUE,NA,TRUE,NA,sector_posicion,FALSE,FALSE,muestra_insuficiente
1204,71|1,2,2,1,841,837,TRUE,1,TRUE,1,TRUE,NA,1,NA,1,NA,1,NA,TRUE,NA,TRUE,sector_posicion,FALSE,TRUE,muestra_insuficiente
5170,54|1,1,1,1,712,709,TRUE,1,TRUE,1,TRUE,NA,1,NA,1,NA,1,NA,TRUE,NA,TRUE,sector_posicion,FALSE,TRUE,muestra_insuficiente
1250,46|1,3,2,1,846,1054,TRUE,1,TRUE,1,TRUE,NA,1,NA,1,NA,1,NA,TRUE,NA,TRUE,sector_posicion,FALSE,FALSE,muestra_insuficiente
8150,81|1,4,2,1,1087,1084,TRUE,0.49954044117647056,TRUE,1,TRUE,1,NA,0.6764156813939017,NA,1,NA,TRUE,NA,TRUE,NA,sector_posicion,FALSE,FALSE,muestra_insuficiente
6101,93|1,1,3,24,5786,5812,TRUE,0.1925777999667166,FALSE,1,TRUE,12,12,0.19478135971911906,0.19100097070747446,1,1,FALSE,FALSE,TRUE,TRUE,sector_posicion,FALSE,FALSE,sin_mayoria_reciproca_estable
6121,31|1,1,8,1,1517,1518,TRUE,0.5614359733530718,TRUE,1,TRUE,1,NA,0.795490298898794,NA,1,NA,TRUE,NA,TRUE,NA,sector_posicion,FALSE,FALSE,muestra_insuficiente
8150,81|3,6,12,2,1576,1755,TRUE,0.8775055679287305,TRUE,1,TRUE,1,1,0.8723404255319149,0.8821052631578947,1,1,TRUE,TRUE,TRUE,TRUE,sector_posicion,FALSE,FALSE,muestra_insuficiente
6110,72|1,1,2,3,1090,1299,TRUE,0.7746979388770433,TRUE,1,TRUE,3,NA,0.7746979388770433,NA,1,NA,TRUE,NA,TRUE,NA,sector_posicion,FALSE,FALSE,muestra_insuficiente
1204,81|1,2,2,2,1123,1120,TRUE,0.19510076441973592,FALSE,1,TRUE,NA,2,NA,0.3691650230111769,NA,1,NA,FALSE,NA,TRUE,sector_posicion,FALSE,TRUE,muestra_insuficiente
6180,56|1,1,7,3,1629,1623,TRUE,0.6156462585034014,TRUE,1,TRUE,1,2,0.4675392670157068,1,1,1,TRUE,TRUE,TRUE,TRUE,sector_posicion,FALSE,FALSE,muestra_insuficiente
6101,51|1,1,1,1,844,844,TRUE,1,TRUE,1,TRUE,NA,1,NA,1,NA,1,NA,TRUE,NA,TRUE,sector_posicion,FALSE,TRUE,muestra_insuficiente
6180,61|1,1,7,1,808,810,TRUE,0.3529925731760594,FALSE,1,TRUE,1,NA,0.39920948616600793,NA,1,NA,FALSE,NA,TRUE,NA,sector_posicion,FALSE,FALSE,muestra_insuficiente
5100,72|2,2,5,1,911,909,TRUE,1,TRUE,1,TRUE,1,NA,1,NA,1,NA,TRUE,NA,TRUE,NA,sector_posicion,FALSE,FALSE,muestra_insuficiente
7121,46|1,9,11,3,1078,1076,TRUE,0.49472234970169804,TRUE,1,TRUE,3,NA,0.7244623655913979,NA,1,NA,TRUE,NA,TRUE,NA,sector_posicion,FALSE,FALSE,muestra_insuficiente
1230,56|3,2,6,3,1137,1107,TRUE,1,TRUE,1,TRUE,1,2,1,1,1,1,TRUE,TRUE,TRUE,TRUE,sector_posicion,FALSE,FALSE,muestra_insuficiente
5100,62|1,1,4,1,744,741,TRUE,0.8857142857142857,TRUE,1,TRUE,1,NA,1,NA,1,NA,TRUE,NA,TRUE,NA,sector_posicion,FALSE,FALSE,muestra_insuficiente
6121,31|1,1,10,1,795,793,TRUE,0.2942264988897113,FALSE,1,TRUE,NA,1,NA,1,NA,1,NA,TRUE,NA,TRUE,sector_posicion,FALSE,FALSE,muestra_insuficiente
2121,61|2,2,2,1,959,960,TRUE,1,TRUE,1,TRUE,1,NA,1,NA,1,NA,TRUE,NA,TRUE,NA,sector_posicion,FALSE,TRUE,muestra_insuficiente
6110,52|1,1,3,5,1765,1783,TRUE,0.3759318423855165,FALSE,0.7268650631879331,TRUE,4,1,0.6752323674138874,0.18492672714584787,0.9201183431952663,0.4895549500454133,TRUE,FALSE,TRUE,FALSE,sector_posicion,FALSE,FALSE,muestra_insuficiente
1230,61|1,2,3,1,819,821,TRUE,0.4228187919463087,FALSE,1,TRUE,NA,1,NA,0.5321637426900585,NA,1,NA,TRUE,NA,TRUE,sector_posicion,FALSE,FALSE,muestra_insuficiente
7121,31|1,8,8,5,2054,2178,TRUE,0.7615869484612533,TRUE,1,TRUE,1,4,0.2200392927308448,0.8875685557586838,1,1,FALSE,TRUE,TRUE,TRUE,sector_posicion,FALSE,TRUE,muestra_insuficiente
6110,43|1,1,1,2,1342,1443,TRUE,0.8493670886075949,TRUE,1,TRUE,1,1,0.5938566552901023,1,1,1,TRUE,TRUE,TRUE,TRUE,sector_posicion,FALSE,TRUE,muestra_insuficiente
6110,52|1,1,1,2,874,873,TRUE,0.18615548455804046,FALSE,1,TRUE,NA,2,NA,0.30495464061409633,NA,1,NA,FALSE,NA,TRUE,sector_posicion,FALSE,TRUE,muestra_insuficiente
6110,54|1,1,1,2,1448,1454,TRUE,1,TRUE,0.777956126270733,TRUE,1,1,1,1,1,0.7620412844036697,TRUE,TRUE,TRUE,TRUE,sector_posicion,FALSE,TRUE,muestra_insuficiente
6180,81|1,2,7,1,1431,1075,TRUE,0.9655870445344129,TRUE,0.7829570284049526,TRUE,1,NA,1,NA,0.9156729131175468,NA,TRUE,NA,TRUE,NA,sector_posicion,FALSE,FALSE,muestra_insuficiente
5100,72|1,1,10,1,849,851,TRUE,0.3556765814830331,FALSE,1,TRUE,1,NA,0.5752032520325203,NA,1,NA,TRUE,NA,TRUE,NA,sector_posicion,FALSE,FALSE,muestra_insuficiente
6180,61|1,1,1,1,969,965,TRUE,0.4233289646133683,TRUE,1,TRUE,1,NA,0.47875494071146246,NA,1,NA,TRUE,NA,TRUE,NA,sector_posicion,FALSE,TRUE,muestra_insuficiente
6180,52|1,1,1,2,856,1048,TRUE,0.618944323933478,TRUE,1,TRUE,2,NA,0.8542914171656687,NA,1,NA,TRUE,NA,TRUE,NA,sector_posicion,FALSE,TRUE,muestra_insuficiente
4109,93|1,13,13,1,92,93,TRUE,1,TRUE,1,TRUE,1,NA,1,NA,1,NA,TRUE,NA,TRUE,NA,sector_posicion,FALSE,TRUE,muestra_insuficiente
6180,93|1,1,7,4,375,376,TRUE,0.117813383600377,FALSE,0.706766917293233,TRUE,2,2,0.06817067189798921,0.2062937062937063,1,0.6020408163265306,FALSE,FALSE,TRUE,TRUE,sector_posicion,FALSE,FALSE,muestra_insuficiente
8150,71|1,4,7,2,147,151,TRUE,0.05896510228640193,FALSE,1,TRUE,1,1,0.15087719298245614,0.031721268850754034,1,1,FALSE,FALSE,TRUE,TRUE,sector_posicion,FALSE,FALSE,muestra_insuficiente
1230,31|1,2,2,3,265,269,TRUE,0.8576051779935275,TRUE,1,TRUE,1,2,1,0.8151260504201681,1,1,TRUE,TRUE,TRUE,TRUE,sector_posicion,FALSE,TRUE,muestra_insuficiente
1204,48|1,2,8,1,561,565,TRUE,0.4754237288135593,TRUE,1,TRUE,NA,1,NA,0.5892857142857143,NA,1,NA,TRUE,NA,TRUE,sector_posicion,FALSE,FALSE,muestra_insuficiente
5100,31|1,1,3,2,745,792,TRUE,0.215007215007215,FALSE,1,TRUE,1,1,0.06260296540362438,0.3838199513381995,1,1,FALSE,FALSE,TRUE,TRUE,sector_posicion,FALSE,FALSE,muestra_insuficiente
7201,46|1,3,4,8,4553,4669,TRUE,0.3165762759004311,FALSE,1,TRUE,5,3,0.2658924817299029,0.4318233553380378,1,1,FALSE,FALSE,TRUE,TRUE,sector_posicion,FALSE,FALSE,muestra_insuficiente
5100,31|1,1,10,1,117,147,TRUE,0.033766233766233764,FALSE,1,TRUE,1,NA,0.0642504118616145,NA,1,NA,FALSE,NA,TRUE,NA,sector_posicion,FALSE,FALSE,muestra_insuficiente
7121,31|1,9,3,1,150,151,TRUE,0.038206826286296486,FALSE,1,TRUE,NA,1,NA,0.07680491551459294,NA,1,NA,FALSE,NA,TRUE,sector_posicion,FALSE,FALSE,muestra_insuficiente
8150,43|1,4,10,1,117,118,TRUE,1,TRUE,1,TRUE,NA,1,NA,1,NA,1,NA,TRUE,NA,TRUE,sector_posicion,FALSE,FALSE,muestra_insuficiente
5100,31|1,2,4,2,205,213,TRUE,0.25529265255292655,FALSE,0.30603448275862066,FALSE,2,NA,0.2859135285913529,NA,0.30603448275862066,NA,FALSE,NA,FALSE,NA,sector_posicion,FALSE,FALSE,muestra_insuficiente
1250,54|1,3,1,1,233,235,TRUE,0.3524962178517398,FALSE,1,TRUE,NA,1,NA,0.6976047904191617,NA,1,NA,TRUE,NA,TRUE,sector_posicion,FALSE,FALSE,muestra_insuficiente
6180,31|1,1,1,2,384,385,TRUE,1,TRUE,1,TRUE,1,1,1,1,1,1,TRUE,TRUE,TRUE,TRUE,sector_posicion,FALSE,TRUE,muestra_insuficiente
1230,93|1,2,3,1,115,116,TRUE,0.04607371794871795,FALSE,1,TRUE,1,NA,0.11604439959636731,NA,1,NA,FALSE,NA,TRUE,NA,sector_posicion,FALSE,FALSE,muestra_insuficiente
5141,56|1,2,1,1,727,693,TRUE,0.8685782556750299,TRUE,1,TRUE,NA,1,NA,1,NA,1,NA,TRUE,NA,TRUE,sector_posicion,FALSE,FALSE,muestra_insuficiente
5170,51|1,1,3,1,1467,1470,TRUE,0.9284810126582278,TRUE,1,TRUE,1,NA,0.9284810126582278,NA,1,NA,TRUE,NA,TRUE,NA,sector_posicion,FALSE,FALSE,muestra_insuficiente
8150,71|3,6,11,1,845,852,TRUE,0.40900290416263313,TRUE,1,TRUE,NA,1,NA,0.4678848283499446,NA,1,NA,TRUE,NA,TRUE,sector_posicion,FALSE,FALSE,muestra_insuficiente
8150,71|4,4,11,2,889,896,TRUE,1,TRUE,1,TRUE,1,1,1,1,1,1,TRUE,TRUE,TRUE,TRUE,sector_posicion,FALSE,FALSE,muestra_insuficiente
1250,54|3,3,1,2,3061,3044,TRUE,0.9832958560873756,TRUE,1,TRUE,1,1,1,0.9599692070823711,1,1,TRUE,TRUE,TRUE,TRUE,sector_posicion,FALSE,FALSE,muestra_insuficiente
7201,46|4,3,11,12,2471,2441,TRUE,0.3534038901601831,FALSE,1,TRUE,8,4,0.5329387545033454,0.128783000643915,1,1,TRUE,FALSE,TRUE,TRUE,sector_posicion,FALSE,FALSE,muestra_insuficiente
1204,31|1,2,10,1,954,932,TRUE,0.23963828183873398,FALSE,1,TRUE,NA,1,NA,0.44537815126050423,NA,1,NA,FALSE,NA,TRUE,sector_posicion,FALSE,FALSE,muestra_insuficiente
5380,22|1,8,8,3,259,274,TRUE,0.8068535825545171,TRUE,1,TRUE,2,1,0.7529880478087649,1,1,1,TRUE,TRUE,TRUE,TRUE,sector_posicion,FALSE,TRUE,muestra_insuficiente
8310,93|1,2,10,1,83,83,TRUE,0.48823529411764705,FALSE,1,TRUE,NA,1,NA,1,NA,1,NA,TRUE,NA,TRUE,sector_posicion,FALSE,FALSE,muestra_insuficiente
6110,46|1,1,4,1,77,78,TRUE,0.007524675070849213,FALSE,0.3561643835616438,FALSE,1,NA,0.03495233772128915,NA,1,NA,FALSE,NA,TRUE,NA,sector_posicion,FALSE,FALSE,muestra_insuficiente
1204,23|1,2,8,1,72,74,TRUE,0.1119751166407465,FALSE,1,TRUE,1,NA,0.13284132841328414,NA,1,NA,FALSE,NA,TRUE,NA,sector_posicion,FALSE,FALSE,muestra_insuficiente
7201,46|4,3,3,2,372,441,TRUE,0.053203661327231123,FALSE,1,TRUE,1,1,0.056356150283067424,0.04925949774629749,1,1,FALSE,FALSE,TRUE,TRUE,sector_posicion,FALSE,TRUE,muestra_insuficiente
5170,93|1,1,2,1,576,595,TRUE,0.4099644128113879,FALSE,1,TRUE,1,NA,0.4099644128113879,NA,1,NA,FALSE,NA,TRUE,NA,sector_posicion,FALSE,FALSE,muestra_insuficiente
7121,31|4,9,9,2,364,365,TRUE,0.7811158798283262,TRUE,1,TRUE,1,1,1,0.7559808612440191,1,1,TRUE,TRUE,TRUE,TRUE,sector_posicion,FALSE,TRUE,muestra_insuficiente
1250,61|1,3,2,6,1272,1250,TRUE,0.30562229697260934,FALSE,1,TRUE,3,3,0.11694982220466218,0.598405885959534,1,1,FALSE,TRUE,TRUE,TRUE,sector_posicion,FALSE,FALSE,muestra_insuficiente
2126,62|1,1,1,2,170,173,TRUE,1,TRUE,1,TRUE,2,NA,1,NA,1,NA,TRUE,NA,TRUE,NA,sector_posicion,FALSE,TRUE,muestra_insuficiente
6110,56|1,1,3,2,427,433,TRUE,0.7878228782287823,TRUE,1,TRUE,NA,2,NA,1,NA,1,NA,TRUE,NA,TRUE,sector_posicion,FALSE,FALSE,muestra_insuficiente
6110,93|1,1,2,8,2545,2571,TRUE,0.19998428414269998,FALSE,1,TRUE,4,4,0.34478351174308997,0.05984227617133137,1,1,FALSE,FALSE,TRUE,TRUE,sector_posicion,FALSE,FALSE,muestra_insuficiente
6110,31|1,1,2,1,79,80,TRUE,0.0718835304822566,FALSE,1,TRUE,1,NA,0.08987485779294653,NA,1,NA,FALSE,NA,TRUE,NA,sector_posicion,FALSE,FALSE,muestra_insuficiente
6110,46|1,1,3,10,4858,4751,TRUE,0.47473859083357767,TRUE,0.8746318114874816,TRUE,5,5,0.4943259192010894,0.4693648816936488,0.6191275167785235,1,TRUE,TRUE,TRUE,TRUE,sector_posicion,FALSE,FALSE,sin_mayoria_reciproca_estable
2121,33|1,2,3,1,559,561,TRUE,1,TRUE,1,TRUE,NA,1,NA,1,NA,1,NA,TRUE,NA,TRUE,sector_posicion,FALSE,FALSE,muestra_insuficiente
6121,33|1,1,1,1,815,623,TRUE,0.6774729842061513,TRUE,1,TRUE,NA,1,NA,1,NA,1,NA,TRUE,NA,TRUE,sector_posicion,FALSE,TRUE,muestra_insuficiente
6110,31|1,1,3,1,800,407,TRUE,0.7279344858962693,TRUE,1,TRUE,1,NA,0.9101251422070534,NA,1,NA,TRUE,NA,TRUE,NA,sector_posicion,FALSE,FALSE,muestra_insuficiente
5141,22|1,2,10,1,355,360,TRUE,1,TRUE,1,TRUE,1,NA,1,NA,1,NA,TRUE,NA,TRUE,NA,sector_posicion,FALSE,FALSE,muestra_insuficiente
6101,61|1,1,7,1,464,473,TRUE,0.03638930279978041,FALSE,1,TRUE,NA,1,NA,0.06247475427494278,NA,1,NA,FALSE,NA,TRUE,sector_posicion,FALSE,FALSE,muestra_insuficiente
6180,56|1,1,8,1,445,564,TRUE,0.16817838246409675,FALSE,1,TRUE,1,NA,0.23298429319371727,NA,1,NA,FALSE,NA,TRUE,NA,sector_posicion,FALSE,FALSE,muestra_insuficiente
1250,48|1,3,3,1,335,340,TRUE,0.15002239140170176,FALSE,1,TRUE,NA,1,NA,1,NA,1,NA,TRUE,NA,TRUE,sector_posicion,FALSE,TRUE,muestra_insuficiente
6110,33|1,1,1,1,416,422,TRUE,1,TRUE,1,TRUE,NA,1,NA,1,NA,1,NA,TRUE,NA,TRUE,sector_posicion,FALSE,TRUE,muestra_insuficiente
7121,49|1,8,8,1,385,390,TRUE,1,TRUE,1,TRUE,1,NA,1,NA,1,NA,TRUE,NA,TRUE,NA,sector_posicion,FALSE,TRUE,muestra_insuficiente
6180,56|1,1,1,1,365,370,TRUE,0.1379440665154951,FALSE,1,TRUE,1,NA,0.19109947643979058,NA,1,NA,FALSE,NA,TRUE,NA,sector_posicion,FALSE,TRUE,muestra_insuficiente
7121,43|4,9,4,1,1123,1126,TRUE,1,TRUE,1,TRUE,1,NA,1,NA,1,NA,TRUE,NA,TRUE,NA,sector_posicion,FALSE,FALSE,muestra_insuficiente
4120,11|4,13,13,5,1363,1344,TRUE,0.17465402357765247,FALSE,1,TRUE,4,1,0.23445521962350258,0.05108055009823183,1,1,FALSE,FALSE,TRUE,TRUE,sector_posicion,FALSE,TRUE,muestra_insuficiente
5380,32|1,8,4,1,284,285,TRUE,0.03274152640073784,FALSE,1,TRUE,1,NA,0.08301666179479684,NA,1,NA,FALSE,NA,TRUE,NA,sector_posicion,FALSE,FALSE,muestra_insuficiente
1204,22|1,2,7,1,96,120,TRUE,0.04701273261508325,FALSE,1,TRUE,1,NA,0.4343891402714932,NA,1,NA,FALSE,NA,TRUE,NA,sector_posicion,FALSE,FALSE,muestra_insuficiente
6180,93|1,1,2,4,468,473,TRUE,0.1470311027332705,FALSE,1,TRUE,3,1,0.17459538989700835,0.0979020979020979,1,1,FALSE,FALSE,TRUE,TRUE,sector_posicion,FALSE,FALSE,muestra_insuficiente
6180,61|1,1,10,1,122,122,TRUE,0.05329838357361293,FALSE,1,TRUE,1,NA,0.06027667984189723,NA,1,NA,FALSE,NA,TRUE,NA,sector_posicion,FALSE,FALSE,muestra_insuficiente
1204,48|1,2,3,2,228,229,TRUE,0.19322033898305085,FALSE,1,TRUE,2,NA,1,NA,1,NA,TRUE,NA,TRUE,NA,sector_posicion,FALSE,FALSE,muestra_insuficiente
1250,48|1,3,1,1,1898,1513,TRUE,0.8499776085982983,TRUE,1,TRUE,1,NA,1,NA,1,NA,TRUE,NA,TRUE,NA,sector_posicion,FALSE,FALSE,muestra_insuficiente
6121,46|1,1,4,1,1774,1771,TRUE,1,TRUE,1,TRUE,1,NA,1,NA,1,NA,TRUE,NA,TRUE,NA,sector_posicion,FALSE,FALSE,muestra_insuficiente
6121,32|1,1,7,1,2726,2063,TRUE,0.9231290213342364,TRUE,1,TRUE,NA,1,NA,0.9618913196894848,NA,1,NA,TRUE,NA,TRUE,sector_posicion,FALSE,FALSE,muestra_insuficiente
6121,48|1,1,10,1,1663,1646,TRUE,0.5175848117024587,TRUE,1,TRUE,NA,1,NA,0.5837135837135837,NA,1,NA,TRUE,NA,TRUE,sector_posicion,FALSE,FALSE,muestra_insuficiente
5141,32|1,2,1,1,1323,1319,TRUE,0.792690233672858,TRUE,1,TRUE,NA,1,NA,1,NA,1,NA,TRUE,NA,TRUE,sector_posicion,FALSE,FALSE,muestra_insuficiente
8150,72|1,4,10,1,1455,1440,TRUE,0.5960671855796804,TRUE,1,TRUE,1,NA,0.8464223385689355,NA,1,NA,TRUE,NA,TRUE,NA,sector_posicion,FALSE,FALSE,muestra_insuficiente
1204,31|1,2,8,1,1303,1298,TRUE,0.3273046973122331,TRUE,1,TRUE,1,NA,0.7085372485046221,NA,1,NA,TRUE,NA,TRUE,NA,sector_posicion,FALSE,FALSE,muestra_insuficiente
2121,43|2,2,5,1,487,489,TRUE,1,TRUE,1,TRUE,NA,1,NA,1,NA,1,NA,TRUE,NA,TRUE,sector_posicion,FALSE,FALSE,muestra_insuficiente
7201,43|3,3,11,3,431,352,TRUE,0.5554123711340206,TRUE,1,TRUE,1,2,0.4407894736842105,0.6292372881355932,1,1,FALSE,TRUE,TRUE,TRUE,sector_posicion,FALSE,FALSE,muestra_insuficiente
1250,54|4,3,3,1,81,83,TRUE,1,TRUE,1,TRUE,NA,1,NA,1,NA,1,NA,TRUE,NA,TRUE,sector_posicion,FALSE,TRUE,muestra_insuficiente
1230,32|1,2,2,2,150,212,TRUE,0.22796352583586627,FALSE,1,TRUE,NA,2,NA,0.22796352583586627,NA,1,NA,FALSE,NA,TRUE,sector_posicion,FALSE,TRUE,muestra_insuficiente
6121,56|1,1,1,1,112,112,TRUE,1,TRUE,1,TRUE,1,NA,1,NA,1,NA,TRUE,NA,TRUE,NA,sector_posicion,FALSE,TRUE,muestra_insuficiente
6180,56|1,1,10,2,207,187,TRUE,0.0782312925170068,FALSE,1,TRUE,2,NA,0.10837696335078534,NA,1,NA,FALSE,NA,TRUE,NA,sector_posicion,FALSE,FALSE,muestra_insuficiente
6121,22|1,1,4,1,99,99,TRUE,1,TRUE,1,TRUE,NA,1,NA,1,NA,1,NA,TRUE,NA,TRUE,sector_posicion,FALSE,FALSE,muestra_insuficiente
1250,54|1,3,3,4,428,430,TRUE,0.6475037821482602,TRUE,1,TRUE,3,1,1,0.3023952095808383,1,1,TRUE,FALSE,TRUE,TRUE,sector_posicion,FALSE,TRUE,muestra_insuficiente
8150,71|1,4,10,3,331,330,TRUE,0.1327717609306057,FALSE,1,TRUE,NA,3,NA,0.17212688507540302,NA,1,NA,FALSE,NA,TRUE,sector_posicion,FALSE,FALSE,muestra_insuficiente
7121,46|1,9,4,5,1012,1009,TRUE,0.46443322625057365,FALSE,1,TRUE,3,2,0.24865591397849462,0.9290882778581766,1,1,FALSE,TRUE,TRUE,TRUE,sector_posicion,FALSE,FALSE,muestra_insuficiente
1204,22|1,2,2,1,1509,1512,TRUE,0.7389813907933399,TRUE,1,TRUE,NA,1,NA,0.828665568369028,NA,1,NA,TRUE,NA,TRUE,sector_posicion,FALSE,TRUE,muestra_insuficiente
4120,93|1,13,13,1,402,401,TRUE,1,TRUE,1,TRUE,1,NA,1,NA,1,NA,TRUE,NA,TRUE,NA,sector_posicion,FALSE,TRUE,muestra_insuficiente
1230,62|1,2,3,3,455,479,TRUE,0.0761761258998828,FALSE,1,TRUE,NA,3,NA,0.17169811320754716,NA,1,NA,FALSE,NA,TRUE,sector_posicion,FALSE,FALSE,muestra_insuficiente
6180,48|1,1,2,1,103,101,TRUE,1,TRUE,1,TRUE,NA,1,NA,1,NA,1,NA,TRUE,NA,TRUE,sector_posicion,FALSE,FALSE,muestra_insuficiente
7121,93|1,8,3,1,117,116,TRUE,1,TRUE,1,TRUE,1,NA,1,NA,1,NA,TRUE,NA,TRUE,NA,sector_posicion,FALSE,FALSE,muestra_insuficiente
7121,43|1,9,11,3,448,451,TRUE,0.4609053497942387,TRUE,1,TRUE,1,2,1,0.36561743341404357,1,1,TRUE,FALSE,TRUE,TRUE,sector_posicion,FALSE,FALSE,muestra_insuficiente
5380,33|1,9,9,1,176,172,TRUE,1,TRUE,1,TRUE,NA,1,NA,1,NA,1,NA,TRUE,NA,TRUE,sector_posicion,FALSE,TRUE,muestra_insuficiente
7121,43|1,9,3,1,82,87,TRUE,0.08436213991769548,FALSE,0.04700162074554295,FALSE,NA,1,NA,0.09927360774818401,NA,0.04700162074554295,NA,FALSE,NA,FALSE,sector_posicion,FALSE,FALSE,muestra_insuficiente
5380,32|1,9,9,3,362,392,TRUE,1,TRUE,1,TRUE,1,2,1,1,1,1,TRUE,TRUE,TRUE,TRUE,sector_posicion,FALSE,TRUE,muestra_insuficiente
5100,31|1,1,7,4,893,922,TRUE,0.25772005772005774,TRUE,0.9119683481701286,TRUE,4,NA,0.4903898956617243,NA,1,NA,TRUE,NA,TRUE,NA,sector_posicion,FALSE,FALSE,muestra_insuficiente
8150,11|1,4,13,1,164,172,TRUE,1,TRUE,1,TRUE,NA,1,NA,1,NA,1,NA,TRUE,NA,TRUE,sector_posicion,FALSE,FALSE,muestra_insuficiente
6110,31|1,1,7,1,58,57,TRUE,0.052775250227479524,FALSE,1,TRUE,NA,1,NA,0.2636363636363636,NA,1,NA,FALSE,NA,TRUE,sector_posicion,FALSE,FALSE,muestra_insuficiente
8150,71|1,4,3,3,624,601,TRUE,0.2503008423586041,FALSE,1,TRUE,NA,3,NA,0.3244929797191888,NA,1,NA,TRUE,NA,TRUE,sector_posicion,FALSE,FALSE,muestra_insuficiente
1250,54|3,3,2,1,52,51,TRUE,0.016704143912624477,FALSE,1,TRUE,NA,1,NA,0.04003079291762895,NA,1,NA,FALSE,NA,TRUE,sector_posicion,FALSE,FALSE,muestra_insuficiente
7121,51|1,8,10,1,44,44,TRUE,0.11989100817438691,FALSE,1,TRUE,NA,1,NA,0.23783783783783785,NA,1,NA,FALSE,NA,TRUE,sector_posicion,FALSE,FALSE,muestra_insuficiente
2121,52|1,2,9,2,189,246,TRUE,0.23333333333333334,FALSE,1,TRUE,NA,2,NA,0.30095541401273884,NA,1,NA,FALSE,NA,TRUE,sector_posicion,FALSE,FALSE,muestra_insuficiente
5170,22|1,1,2,5,763,812,TRUE,0.342152466367713,FALSE,1,TRUE,2,3,0.5064327485380117,0.24,1,1,TRUE,FALSE,TRUE,TRUE,sector_posicion,FALSE,FALSE,muestra_insuficiente
5100,93|1,1,3,1,152,151,TRUE,1,TRUE,1,TRUE,NA,1,NA,1,NA,1,NA,TRUE,NA,TRUE,sector_posicion,FALSE,FALSE,muestra_insuficiente
7121,31|1,9,4,4,1359,1405,TRUE,0.34615384615384615,TRUE,0.95643294758339,TRUE,4,NA,0.68879878357830715,NA,1,NA,TRUE,NA,TRUE,NA,sector_posicion,FALSE,FALSE,muestra_insuficiente
6110,55|1,1,1,1,351,451,TRUE,1,TRUE,1,TRUE,1,NA,1,NA,1,NA,TRUE,NA,TRUE,NA,sector_posicion,FALSE,TRUE,muestra_insuficiente
8150,71|1,4,4,4,920,1079,TRUE,0.36903329322101885,TRUE,1,TRUE,1,3,0.7491228070175439,0.25637025481019243,1,1,TRUE,FALSE,TRUE,TRUE,sector_posicion,FALSE,TRUE,muestra_insuficiente
5380,33|1,8,10,2,621,633,TRUE,0.6070381231671554,TRUE,1,TRUE,NA,2,NA,0.6831683168316832,NA,1,NA,TRUE,NA,TRUE,sector_posicion,FALSE,FALSE,muestra_insuficiente
1204,21|1,2,2,1,456,467,TRUE,0.5428571428571428,TRUE,1,TRUE,NA,1,NA,0.5428571428571428,NA,1,NA,TRUE,NA,TRUE,sector_posicion,FALSE,TRUE,muestra_insuficiente
1204,48|1,2,1,1,391,400,TRUE,0.3313559322033898,FALSE,1,TRUE,NA,1,NA,0.4107142857142857,NA,1,NA,FALSE,NA,TRUE,sector_posicion,FALSE,FALSE,muestra_insuficiente
1230,33|1,2,2,1,360,366,TRUE,0.6883365200764818,TRUE,1,TRUE,1,NA,1,NA,1,NA,TRUE,NA,TRUE,NA,sector_posicion,FALSE,TRUE,muestra_insuficiente
6180,22|1,1,8,1,346,352,TRUE,1,TRUE,1,TRUE,NA,1,NA,1,NA,1,NA,TRUE,NA,TRUE,sector_posicion,FALSE,FALSE,muestra_insuficiente
6121,33|1,1,4,1,388,396,TRUE,0.32252701579384874,FALSE,1,TRUE,1,NA,1,NA,1,NA,TRUE,NA,TRUE,NA,sector_posicion,FALSE,FALSE,muestra_insuficiente
5141,31|1,2,2,1,433,458,TRUE,1,TRUE,1,TRUE,NA,1,NA,1,NA,1,NA,TRUE,NA,TRUE,sector_posicion,FALSE,TRUE,muestra_insuficiente
5170,22|1,1,3,1,574,599,TRUE,0.25739910313901343,FALSE,1,TRUE,NA,1,NA,0.41745454545454547,NA,1,NA,TRUE,NA,TRUE,sector_posicion,FALSE,FALSE,muestra_insuficiente
5100,31|1,2,2,1,512,483,TRUE,0.6376089663760897,TRUE,0.41530524505588995,FALSE,1,NA,0.7140864714086471,NA,1,NA,TRUE,NA,TRUE,NA,sector_posicion,FALSE,TRUE,muestra_insuficiente
5100,31|1,1,4,1,455,483,TRUE,0.13131313131313133,FALSE,0.6939655172413793,TRUE,1,NA,0.2498627127951675,NA,0.6939655172413793,NA,FALSE,NA,TRUE,NA,sector_posicion,FALSE,FALSE,muestra_insuficiente
4109,61|1,13,13,1,179,183,TRUE,1,TRUE,1,TRUE,NA,1,NA,1,NA,1,NA,TRUE,NA,TRUE,sector_posicion,FALSE,TRUE,muestra_insuficiente
5141,48|1,2,2,2,302,283,TRUE,1,TRUE,1,TRUE,1,1,1,1,1,1,TRUE,TRUE,TRUE,TRUE,sector_posicion,FALSE,TRUE,muestra_insuficiente
8150,93|1,4,13,1,66,64,TRUE,0.11478260869565217,FALSE,1,TRUE,NA,1,NA,0.673469387755102,NA,1,NA,TRUE,NA,TRUE,sector_posicion,FALSE,FALSE,muestra_insuficiente
7121,31|1,8,4,1,64,64,TRUE,0.023730070448646643,FALSE,0.043567052416609936,FALSE,NA,1,NA,0.029250457038391225,NA,1,NA,FALSE,NA,TRUE,sector_posicion,FALSE,FALSE,muestra_insuficiente
6101,61|1,1,10,1,102,101,TRUE,0.00799937259822759,FALSE,1,TRUE,1,NA,0.01915852742299023,NA,1,NA,FALSE,NA,TRUE,NA,sector_posicion,FALSE,FALSE,muestra_insuficiente
2121,52|1,2,2,5,513,487,TRUE,0.6333333333333333,TRUE,1,TRUE,2,3,1,0.5270700636942676,1,1,TRUE,TRUE,TRUE,TRUE,sector_posicion,FALSE,TRUE,muestra_insuficiente
1230,62|3,2,2,1,448,476,TRUE,1,TRUE,1,TRUE,1,NA,1,NA,1,NA,TRUE,NA,TRUE,NA,sector_posicion,FALSE,TRUE,muestra_insuficiente
2121,51|1,2,1,1,380,391,TRUE,1,TRUE,0.7548262548262549,TRUE,1,NA,1,NA,0.7548262548262549,NA,TRUE,NA,TRUE,NA,sector_posicion,FALSE,FALSE,muestra_insuficiente
8150,81|1,4,3,3,783,787,TRUE,0.35983455882352944,FALSE,1,TRUE,2,1,0.3235843186060983,0.46221441124780316,1,1,FALSE,FALSE,TRUE,TRUE,sector_posicion,FALSE,FALSE,muestra_insuficiente
5380,56|1,8,7,1,489,528,TRUE,1,TRUE,1,TRUE,1,NA,1,NA,1,NA,TRUE,NA,TRUE,NA,sector_posicion,FALSE,FALSE,muestra_insuficiente
6180,61|1,1,2,2,355,357,TRUE,0.15508955875928354,FALSE,1,TRUE,1,1,0.06175889328063241,0.8679245283018868,1,1,FALSE,TRUE,TRUE,TRUE,sector_posicion,FALSE,FALSE,muestra_insuficiente
7121,81|1,9,9,1,208,206,TRUE,1,TRUE,1,TRUE,NA,1,NA,1,NA,1,NA,TRUE,NA,TRUE,sector_posicion,FALSE,TRUE,muestra_insuficiente
1250,93|1,3,10,1,141,141,TRUE,0.009837438079955348,FALSE,1,TRUE,NA,1,NA,0.030725648289387668,NA,1,NA,FALSE,NA,TRUE,sector_posicion,FALSE,FALSE,muestra_insuficiente
7121,51|1,8,8,2,323,359,TRUE,0.8801089918256131,TRUE,1,TRUE,1,1,1,0.7621621621621621,1,1,TRUE,TRUE,TRUE,TRUE,sector_posicion,FALSE,TRUE,muestra_insuficiente
8150,71|3,6,2,1,674,684,TRUE,0.32623426911907066,FALSE,1,TRUE,NA,1,NA,0.37320044296788485,NA,1,NA,FALSE,NA,TRUE,sector_posicion,FALSE,FALSE,muestra_insuficiente
1230,32|1,2,1,1,114,114,TRUE,0.17325227963525835,FALSE,1,TRUE,NA,1,NA,0.17325227963525835,NA,1,NA,FALSE,NA,TRUE,sector_posicion,FALSE,FALSE,muestra_insuficiente
5380,32|1,8,7,1,118,118,TRUE,0.013603873645376989,FALSE,1,TRUE,NA,1,NA,0.022463354273748334,NA,1,NA,FALSE,NA,TRUE,sector_posicion,FALSE,FALSE,muestra_insuficiente
6180,62|1,1,7,2,253,256,TRUE,0.3804511278195489,FALSE,1,TRUE,1,1,0.7991071428571429,0.16780045351473924,1,1,TRUE,FALSE,TRUE,TRUE,sector_posicion,FALSE,FALSE,muestra_insuficiente
5100,46|1,1,7,1,109,89,TRUE,0.08214016578749057,FALSE,1,TRUE,1,NA,0.09732142857142857,NA,1,NA,FALSE,NA,TRUE,NA,sector_posicion,FALSE,FALSE,muestra_insuficiente
8150,72|1,4,7,4,515,525,TRUE,0.21097910692339206,FALSE,1,TRUE,2,2,0.15357766143106458,0.3476454293628809,1,1,FALSE,FALSE,TRUE,TRUE,sector_posicion,FALSE,FALSE,muestra_insuficiente
6121,48|1,1,8,2,169,178,TRUE,0.05259881730469966,FALSE,1,TRUE,1,1,0.11813186813186813,0.044226044226044224,1,1,FALSE,FALSE,TRUE,TRUE,sector_posicion,FALSE,FALSE,muestra_insuficiente
1204,72|1,2,8,2,238,237,TRUE,1,TRUE,1,TRUE,1,1,1,1,1,1,TRUE,TRUE,TRUE,TRUE,sector_posicion,FALSE,FALSE,muestra_insuficiente
8150,72|1,4,4,2,314,430,TRUE,0.12863580499795166,FALSE,1,TRUE,NA,2,NA,0.43490304709141275,NA,1,NA,TRUE,NA,TRUE,sector_posicion,FALSE,TRUE,muestra_insuficiente
8150,72|1,4,2,1,157,215,TRUE,0.06431790249897583,FALSE,1,TRUE,NA,1,NA,0.21745152354570638,NA,1,NA,FALSE,NA,TRUE,sector_posicion,FALSE,FALSE,muestra_insuficiente
6180,93|1,1,10,1,98,99,TRUE,0.03078856424756519,FALSE,1,TRUE,1,NA,0.048062775870524765,NA,1,NA,FALSE,NA,TRUE,NA,sector_posicion,FALSE,FALSE,muestra_insuficiente
6180,93|1,1,4,2,120,123,TRUE,0.03770028275212064,FALSE,1,TRUE,1,1,0.042177538008827856,0.02972027972027972,1,1,FALSE,FALSE,TRUE,TRUE,sector_posicion,FALSE,FALSE,muestra_insuficiente
1204,46|1,2,1,1,156,159,TRUE,0.2604340567612688,FALSE,1,TRUE,1,NA,0.3151515151515151,NA,1,NA,FALSE,NA,TRUE,NA,sector_posicion,FALSE,FALSE,muestra_insuficiente
6180,72|1,1,7,1,109,112,TRUE,0.5240384615384616,TRUE,1,TRUE,1,NA,1,NA,1,NA,TRUE,NA,TRUE,NA,sector_posicion,FALSE,FALSE,muestra_insuficiente
6110,72|1,1,1,2,317,253,TRUE,0.22530206112295664,FALSE,1,TRUE,2,NA,0.22530206112295664,NA,1,NA,FALSE,NA,TRUE,NA,sector_posicion,FALSE,TRUE,muestra_insuficiente
1230,56|1,2,7,3,252,259,TRUE,1,TRUE,1,TRUE,2,1,1,1,1,1,TRUE,TRUE,TRUE,TRUE,sector_posicion,FALSE,FALSE,muestra_insuficiente
1230,93|1,2,1,1,384,391,TRUE,0.15384615384615385,FALSE,1,TRUE,NA,1,NA,0.25514950166112954,NA,1,NA,FALSE,NA,TRUE,sector_posicion,FALSE,FALSE,muestra_insuficiente
6110,51|1,1,1,1,57,59,TRUE,1,TRUE,1,TRUE,1,NA,1,NA,1,NA,TRUE,NA,TRUE,NA,sector_posicion,FALSE,TRUE,muestra_insuficiente
4109,11|4,13,13,2,212,202,TRUE,0.16588419405320814,FALSE,1,TRUE,2,NA,0.5096153846153846,NA,1,NA,TRUE,NA,TRUE,NA,sector_posicion,FALSE,TRUE,muestra_insuficiente
6180,52|1,1,2,1,146,198,TRUE,0.10556760665220535,FALSE,1,TRUE,1,NA,0.14570858283433133,NA,1,NA,FALSE,NA,TRUE,NA,sector_posicion,FALSE,FALSE,muestra_insuficiente
5141,81|1,2,1,1,153,155,TRUE,0.46646341463414637,FALSE,1,TRUE,NA,1,NA,0.8138297872340425,NA,1,NA,TRUE,NA,TRUE,sector_posicion,FALSE,FALSE,muestra_insuficiente
5170,33|1,1,2,1,155,158,TRUE,0.32563025210084034,FALSE,1,TRUE,1,NA,0.32563025210084034,NA,1,NA,FALSE,NA,TRUE,NA,sector_posicion,FALSE,FALSE,muestra_insuficiente
7201,43|3,3,3,1,106,110,TRUE,0.13659793814432988,FALSE,1,TRUE,NA,1,NA,0.2245762711864407,NA,1,NA,FALSE,NA,TRUE,sector_posicion,FALSE,TRUE,muestra_insuficiente
2121,46|1,2,9,2,128,132,TRUE,0.3106796116504854,FALSE,1,TRUE,2,NA,0.4794007490636704,NA,1,NA,FALSE,NA,TRUE,NA,sector_posicion,FALSE,FALSE,muestra_insuficiente
8150,53|1,4,11,1,100,104,TRUE,1,TRUE,1,TRUE,1,NA,1,NA,1,NA,TRUE,NA,TRUE,NA,sector_posicion,FALSE,FALSE,muestra_insuficiente
6110,56|1,1,1,1,115,159,TRUE,0.21217712177121772,FALSE,1,TRUE,1,NA,1,NA,1,NA,TRUE,NA,TRUE,NA,sector_posicion,FALSE,TRUE,muestra_insuficiente
5100,31|1,2,7,1,86,89,TRUE,0.10709838107098381,FALSE,0.08803165182987141,FALSE,NA,1,NA,1,NA,1,NA,TRUE,NA,TRUE,sector_posicion,FALSE,FALSE,muestra_insuficiente
5100,31|2,2,2,2,169,172,TRUE,0.07788018433179723,FALSE,1,TRUE,1,1,1,0.05568664464369986,1,1,TRUE,FALSE,TRUE,TRUE,sector_posicion,FALSE,TRUE,muestra_insuficiente
6180,56|2,2,2,1,98,102,TRUE,1,TRUE,1,TRUE,NA,1,NA,1,NA,1,NA,TRUE,NA,TRUE,sector_posicion,FALSE,TRUE,muestra_insuficiente
1204,46|1,2,9,1,158,158,TRUE,0.2637729549248748,FALSE,1,TRUE,1,NA,0.3191919191919192,NA,1,NA,TRUE,NA,TRUE,NA,sector_posicion,FALSE,FALSE,muestra_insuficiente
4151,11|1,13,13,3,2781,2976,TRUE,1,TRUE,1,TRUE,3,NA,1,NA,1,NA,TRUE,NA,TRUE,NA,sector_posicion,FALSE,TRUE,muestra_insuficiente
1250,61|1,3,10,1,293,297,TRUE,0.07039884670831331,FALSE,1,TRUE,NA,1,NA,0.17964438994481913,NA,1,NA,FALSE,NA,TRUE,sector_posicion,FALSE,FALSE,muestra_insuficiente
5141,33|1,2,9,1,348,335,TRUE,0.0062506735639616335,FALSE,1,TRUE,NA,1,NA,0.012420586765650653,NA,1,NA,FALSE,NA,TRUE,sector_posicion,FALSE,FALSE,muestra_insuficiente
1204,93|1,2,2,1,118,119,TRUE,0.5959595959595959,TRUE,1,TRUE,1,NA,1,NA,1,NA,TRUE,NA,TRUE,NA,sector_posicion,FALSE,TRUE,muestra_insuficiente
2121,52|2,2,5,1,94,119,TRUE,1,TRUE,1,TRUE,1,NA,1,NA,1,NA,TRUE,NA,TRUE,NA,sector_posicion,FALSE,FALSE,muestra_insuficiente
8310,93|1,2,2,1,87,88,TRUE,0.5117647058823529,TRUE,1,TRUE,1,NA,1,NA,1,NA,TRUE,NA,TRUE,NA,sector_posicion,FALSE,TRUE,muestra_insuficiente
1250,93|4,3,3,1,94,95,TRUE,1,TRUE,1,TRUE,1,NA,1,NA,1,NA,TRUE,NA,TRUE,NA,sector_posicion,FALSE,TRUE,muestra_insuficiente
7121,46|1,8,8,2,146,148,TRUE,0.047526041666666664,FALSE,1,TRUE,1,1,0.015461573442473852,0.12829324169530354,1,1,FALSE,FALSE,TRUE,TRUE,sector_posicion,FALSE,TRUE,muestra_insuficiente
6180,93|1,1,13,1,175,297,TRUE,0.05497957901350927,FALSE,1,TRUE,1,NA,0.08582638548307994,NA,1,NA,FALSE,NA,TRUE,NA,sector_posicion,FALSE,FALSE,muestra_insuficiente
6180,46|1,1,4,1,124,126,TRUE,1,TRUE,1,TRUE,NA,1,NA,1,NA,1,NA,TRUE,NA,TRUE,sector_posicion,FALSE,FALSE,muestra_insuficiente
5141,81|3,2,6,1,521,516,TRUE,1,TRUE,1,TRUE,1,NA,1,NA,1,NA,TRUE,NA,TRUE,NA,sector_posicion,FALSE,FALSE,muestra_insuficiente
5141,21|1,2,2,3,191,191,TRUE,0.7403100775193798,TRUE,1,TRUE,1,2,1,0.6666666666666666,1,1,TRUE,TRUE,TRUE,TRUE,sector_posicion,FALSE,TRUE,muestra_insuficiente
6180,81|1,2,11,1,51,51,TRUE,0.03441295546558704,FALSE,1,TRUE,NA,1,NA,1,NA,1,NA,TRUE,NA,TRUE,sector_posicion,FALSE,FALSE,muestra_insuficiente
5141,21|1,2,7,1,67,68,TRUE,0.25968992248062017,FALSE,1,TRUE,NA,1,NA,0.3333333333333333,NA,1,NA,FALSE,NA,TRUE,sector_posicion,FALSE,FALSE,muestra_insuficiente
6180,93|1,1,3,1,55,56,TRUE,0.017279296261388626,FALSE,1,TRUE,1,NA,0.026974006866110838,NA,1,NA,FALSE,NA,TRUE,NA,sector_posicion,FALSE,FALSE,muestra_insuficiente
1204,23|1,2,10,1,60,61,TRUE,0.09331259720062209,FALSE,1,TRUE,NA,1,NA,0.594059405940594,NA,1,NA,TRUE,NA,TRUE,sector_posicion,FALSE,FALSE,muestra_insuficiente
7121,43|1,8,8,1,65,66,TRUE,0.019345238095238096,FALSE,1,TRUE,NA,1,NA,0.03192534381139489,NA,1,NA,FALSE,NA,TRUE,sector_posicion,FALSE,TRUE,muestra_insuficiente
5380,22|1,8,7,1,62,63,TRUE,0.19314641744548286,FALSE,1,TRUE,1,NA,0.24701195219123506,NA,1,NA,FALSE,NA,TRUE,NA,sector_posicion,FALSE,FALSE,muestra_insuficiente
5170,21|1,1,10,1,74,60,TRUE,0.21893491124260356,FALSE,1,TRUE,1,NA,0.21893491124260356,NA,1,NA,FALSE,NA,TRUE,NA,sector_posicion,FALSE,FALSE,muestra_insuficiente
6110,61|1,1,3,1,70,71,TRUE,0.17543859649122806,FALSE,1,TRUE,1,NA,0.2356902356902357,NA,1,NA,FALSE,NA,TRUE,NA,sector_posicion,FALSE,FALSE,muestra_insuficiente
1250,97|1,3,3,1,57,58,TRUE,1,TRUE,1,TRUE,NA,1,NA,1,NA,1,NA,TRUE,NA,TRUE,sector_posicion,FALSE,TRUE,muestra_insuficiente
1204,81|2,2,5,3,423,430,TRUE,0.746031746031746,TRUE,1,TRUE,3,NA,0.746031746031746,NA,1,NA,TRUE,NA,TRUE,NA,sector_posicion,FALSE,FALSE,muestra_insuficiente
7201,43|1,3,11,1,339,336,TRUE,0.8014184397163121,TRUE,1,TRUE,1,NA,1,NA,1,NA,TRUE,NA,TRUE,NA,sector_posicion,FALSE,FALSE,muestra_insuficiente
1204,23|1,2,2,1,100,127,TRUE,0.15552099533437014,FALSE,1,TRUE,1,NA,0.18450184501845018,NA,1,NA,FALSE,NA,TRUE,NA,sector_posicion,FALSE,TRUE,muestra_insuficiente
6121,32|1,1,3,1,119,120,TRUE,0.040298002031832036,FALSE,1,TRUE,1,NA,1,NA,1,NA,TRUE,NA,TRUE,NA,sector_posicion,FALSE,FALSE,muestra_insuficiente
8311,48|1,2,2,1,113,92,TRUE,1,TRUE,1,TRUE,NA,1,NA,1,NA,1,NA,TRUE,NA,TRUE,sector_posicion,FALSE,TRUE,muestra_insuficiente
6180,93|1,2,7,1,166,156,TRUE,1,TRUE,0.2932330827067669,FALSE,NA,1,NA,1,NA,0.3979591836734694,NA,TRUE,NA,FALSE,sector_posicion,FALSE,FALSE,muestra_insuficiente
8150,51|1,4,4,1,1471,1484,TRUE,0.9800133244503664,TRUE,1,TRUE,NA,1,NA,0.9800133244503664,NA,1,NA,TRUE,NA,TRUE,sector_posicion,FALSE,TRUE,muestra_insuficiente
7201,43|2,3,5,1,68,67,TRUE,1,TRUE,1,TRUE,1,NA,1,NA,1,NA,TRUE,NA,TRUE,NA,sector_posicion,FALSE,FALSE,muestra_insuficiente
5141,32|1,2,10,1,135,109,TRUE,0.08088675853804674,FALSE,1,TRUE,1,NA,0.3901734104046243,NA,1,NA,FALSE,NA,TRUE,NA,sector_posicion,FALSE,FALSE,muestra_insuficiente
1204,31|1,2,7,1,117,119,TRUE,0.0293896006028636,FALSE,1,TRUE,NA,1,NA,0.0546218487394958,NA,1,NA,FALSE,NA,TRUE,sector_posicion,FALSE,FALSE,muestra_insuficiente
7201,43|4,3,4,1,69,85,TRUE,1,TRUE,1,TRUE,NA,1,NA,1,NA,1,NA,TRUE,NA,TRUE,sector_posicion,FALSE,FALSE,muestra_insuficiente
7201,43|1,3,4,1,84,88,TRUE,0.19858156028368795,FALSE,1,TRUE,NA,1,NA,1,NA,1,NA,TRUE,NA,TRUE,sector_posicion,FALSE,FALSE,muestra_insuficiente
2121,23|2,2,1,1,89,91,TRUE,1,TRUE,1,TRUE,1,NA,1,NA,1,NA,TRUE,NA,TRUE,NA,sector_posicion,FALSE,FALSE,muestra_insuficiente
5141,23|1,2,7,1,266,277,TRUE,0.8134556574923547,TRUE,1,TRUE,1,NA,0.8134556574923547,NA,1,NA,TRUE,NA,TRUE,NA,sector_posicion,FALSE,FALSE,muestra_insuficiente
5170,22|1,1,8,1,86,84,TRUE,0.03856502242152467,FALSE,1,TRUE,1,NA,0.10058479532163743,NA,1,NA,FALSE,NA,TRUE,NA,sector_posicion,FALSE,FALSE,muestra_insuficiente
5100,62|1,1,7,1,96,93,TRUE,0.11428571428571428,FALSE,1,TRUE,NA,1,NA,1,NA,1,NA,TRUE,NA,TRUE,sector_posicion,FALSE,FALSE,muestra_insuficiente
7201,71|3,3,11,1,117,91,TRUE,1,TRUE,1,TRUE,1,NA,1,NA,1,NA,TRUE,NA,TRUE,NA,sector_posicion,FALSE,FALSE,muestra_insuficiente
1230,22|1,2,3,1,455,362,TRUE,0.7446808510638298,TRUE,1,TRUE,1,NA,0.7446808510638298,NA,1,NA,TRUE,NA,TRUE,NA,sector_posicion,FALSE,FALSE,muestra_insuficiente
1230,33|1,2,8,1,62,58,TRUE,0.11854684512428298,FALSE,1,TRUE,NA,1,NA,0.3803680981595092,NA,1,NA,FALSE,NA,TRUE,sector_posicion,FALSE,FALSE,muestra_insuficiente
6110,46|1,1,8,1,144,146,TRUE,0.014072119613016711,FALSE,1,TRUE,NA,1,NA,0.01793275217932752,NA,1,NA,FALSE,NA,TRUE,sector_posicion,FALSE,FALSE,muestra_insuficiente
5100,72|1,2,11,1,130,131,TRUE,0.43478260869565216,TRUE,1,TRUE,NA,1,NA,0.7303370786516854,NA,1,NA,TRUE,NA,TRUE,sector_posicion,FALSE,FALSE,muestra_insuficiente
6110,32|1,1,4,1,152,154,TRUE,1,TRUE,1,TRUE,1,NA,1,NA,1,NA,TRUE,NA,TRUE,NA,sector_posicion,FALSE,FALSE,muestra_insuficiente
6101,93|1,1,8,1,169,137,TRUE,0.0056248959893493095,FALSE,1,TRUE,1,NA,0.013485477178423237,NA,1,NA,FALSE,NA,TRUE,NA,sector_posicion,FALSE,FALSE,muestra_insuficiente
8150,81|1,4,11,1,306,234,TRUE,0.140625,FALSE,1,TRUE,NA,1,NA,0.5377855887521968,NA,1,NA,TRUE,NA,TRUE,sector_posicion,FALSE,FALSE,muestra_insuficiente
6110,31|1,1,1,1,162,160,TRUE,0.14740673339399454,FALSE,1,TRUE,NA,1,NA,0.7363636363636363,NA,1,NA,TRUE,NA,TRUE,sector_posicion,FALSE,TRUE,muestra_insuficiente
8150,71|3,6,6,2,547,543,TRUE,0.2647628267182962,FALSE,1,TRUE,1,1,1,0.15891472868217055,1,1,TRUE,FALSE,TRUE,TRUE,sector_posicion,FALSE,TRUE,muestra_insuficiente
4134,11|1,13,11,1,163,153,TRUE,1,TRUE,1,TRUE,NA,1,NA,1,NA,1,NA,TRUE,NA,TRUE,sector_posicion,FALSE,FALSE,muestra_insuficiente
4134,11|3,12,12,1,133,132,TRUE,0.40797546012269936,FALSE,1,TRUE,1,NA,0.40797546012269936,NA,1,NA,FALSE,NA,TRUE,NA,sector_posicion,FALSE,TRUE,muestra_insuficiente
7201,31|1,3,11,1,41,41,TRUE,1,TRUE,1,TRUE,NA,1,NA,1,NA,1,NA,TRUE,NA,TRUE,sector_posicion,FALSE,FALSE,muestra_insuficiente
8150,51|1,4,7,1,30,38,TRUE,0.019986675549633577,FALSE,1,TRUE,NA,1,NA,0.019986675549633577,NA,1,NA,FALSE,NA,TRUE,sector_posicion,FALSE,FALSE,muestra_insuficiente
2121,56|3,2,3,1,53,47,TRUE,1,TRUE,1,TRUE,1,NA,1,NA,1,NA,TRUE,NA,TRUE,NA,sector_posicion,FALSE,FALSE,muestra_insuficiente
1230,21|1,2,2,1,249,248,TRUE,0.5081632653061224,TRUE,1,TRUE,1,NA,0.5081632653061224,NA,1,NA,TRUE,NA,TRUE,NA,sector_posicion,FALSE,TRUE,muestra_insuficiente
5170,21|1,1,8,1,219,223,TRUE,0.6479289940828402,TRUE,1,TRUE,1,NA,0.6479289940828402,NA,1,NA,TRUE,NA,TRUE,NA,sector_posicion,FALSE,FALSE,muestra_insuficiente
1230,21|1,2,1,1,241,237,TRUE,0.49183673469387756,FALSE,1,TRUE,1,NA,0.49183673469387756,NA,1,NA,FALSE,NA,TRUE,NA,sector_posicion,FALSE,FALSE,muestra_insuficiente
7201,2|3,3,11,200,61365,61247,TRUE,0.5928699096661997,TRUE,1,TRUE,95,105,0.5560775652304122,0.6321212484274846,1,1,TRUE,TRUE,TRUE,TRUE,lugar_posicion,TRUE,FALSE,candidato_estadistico_no_aprobado_semanticamente
7201,4|3,3,11,23,6613,6850,TRUE,1,TRUE,1,TRUE,6,17,1,1,1,1,TRUE,TRUE,TRUE,TRUE,lugar_posicion,TRUE,FALSE,candidato_estadistico_no_aprobado_semanticamente
8150,6|3,6,6,1,112,113,TRUE,1,TRUE,1,TRUE,NA,1,NA,1,NA,1,NA,TRUE,NA,TRUE,lugar_posicion,FALSE,TRUE,muestra_insuficiente
7201,5|3,3,11,9,1972,2127,TRUE,0.6353092783505154,TRUE,1,TRUE,8,1,0.8743793445878848,0.19357798165137616,1,1,TRUE,FALSE,TRUE,TRUE,lugar_posicion,FALSE,FALSE,muestra_insuficiente
7201,6|3,3,3,3,457,622,TRUE,0.6740412979351033,TRUE,1,TRUE,1,2,0.32,1,1,1,FALSE,TRUE,TRUE,TRUE,lugar_posicion,FALSE,TRUE,muestra_insuficiente
7201,2|3,3,3,155,31712,32683,TRUE,0.3063813342350611,FALSE,1,TRUE,77,78,0.3203309250177816,0.2914994308991793,1,1,FALSE,FALSE,TRUE,TRUE,lugar_posicion,FALSE,TRUE,sin_mayoria_reciproca_estable
7201,2|3,3,6,29,10428,9889,TRUE,0.10074875609873919,FALSE,1,TRUE,14,15,0.12359150975180623,0.07637932067333612,1,1,FALSE,FALSE,TRUE,TRUE,lugar_posicion,FALSE,FALSE,sin_mayoria_reciproca_estable
1204,8|2,2,5,1,222,225,TRUE,0.6065573770491803,TRUE,1,TRUE,NA,1,NA,1,NA,1,NA,TRUE,NA,TRUE,lugar_posicion,FALSE,FALSE,muestra_insuficiente
1204,8|3,2,6,9,2104,2159,TRUE,0.4241935483870968,FALSE,1,TRUE,3,6,0.3245922609529901,0.5941080196399345,1,1,FALSE,TRUE,TRUE,TRUE,lugar_posicion,FALSE,FALSE,muestra_insuficiente
1204,6|3,2,6,4,1619,1615,TRUE,0.7944062806673209,TRUE,1,TRUE,2,2,0.2987012987012987,0.9098608590441621,1,1,FALSE,TRUE,TRUE,TRUE,lugar_posicion,FALSE,FALSE,muestra_insuficiente
7201,5|4,3,11,1,33,34,TRUE,0.3235294117647059,FALSE,1,TRUE,1,NA,1,NA,1,NA,TRUE,NA,TRUE,NA,lugar_posicion,FALSE,FALSE,muestra_insuficiente
7201,2|2,3,5,3,447,438,TRUE,1,TRUE,1,TRUE,2,1,1,1,1,1,TRUE,TRUE,TRUE,TRUE,lugar_posicion,FALSE,FALSE,muestra_insuficiente
1204,8|2,2,2,1,144,142,TRUE,0.39344262295081966,FALSE,1,TRUE,1,NA,1,NA,1,NA,TRUE,NA,TRUE,NA,lugar_posicion,FALSE,TRUE,muestra_insuficiente
7201,4|1,3,11,1,42,43,TRUE,1,TRUE,1,TRUE,NA,1,NA,1,NA,1,NA,TRUE,NA,TRUE,lugar_posicion,FALSE,FALSE,muestra_insuficiente
4134,1|3,12,11,2,193,197,TRUE,0.5920245398773006,TRUE,1,TRUE,2,NA,0.5920245398773006,NA,1,NA,TRUE,NA,TRUE,NA,lugar_posicion,FALSE,FALSE,muestra_insuficiente
1204,2|1,2,11,1,104,104,TRUE,1,TRUE,1,TRUE,1,NA,1,NA,1,NA,TRUE,NA,TRUE,NA,lugar_posicion,FALSE,FALSE,muestra_insuficiente
7201,1|3,3,11,3,802,878,TRUE,0.9662650602409638,TRUE,1,TRUE,2,1,1,0.9350348027842227,1,1,TRUE,TRUE,TRUE,TRUE,lugar_posicion,FALSE,FALSE,muestra_insuficiente
8150,8|3,6,12,1,838,836,TRUE,0.7632058287795993,TRUE,1,TRUE,NA,1,NA,1,NA,1,NA,TRUE,NA,TRUE,lugar_posicion,FALSE,FALSE,muestra_insuficiente
1230,8|3,2,6,3,1137,1107,TRUE,1,TRUE,1,TRUE,1,2,1,1,1,1,TRUE,TRUE,TRUE,TRUE,lugar_posicion,FALSE,FALSE,muestra_insuficiente
7201,5|1,3,11,3,905,890,TRUE,0.5582973473164713,TRUE,1,TRUE,2,1,0.5292570677186061,1,1,1,TRUE,TRUE,TRUE,TRUE,lugar_posicion,FALSE,FALSE,muestra_insuficiente
7201,5|3,3,6,4,1132,1108,TRUE,0.3646907216494845,FALSE,1,TRUE,2,2,0.1256206554121152,0.8064220183486238,1,1,FALSE,TRUE,TRUE,TRUE,lugar_posicion,FALSE,FALSE,muestra_insuficiente
1204,6|3,2,2,3,419,502,TRUE,0.2055937193326791,FALSE,1,TRUE,2,1,0.7012987012987013,0.09013914095583787,1,1,TRUE,FALSE,TRUE,TRUE,lugar_posicion,FALSE,TRUE,muestra_insuficiente
7201,7|3,3,3,1,132,136,TRUE,0.38596491228070173,FALSE,1,TRUE,1,NA,0.38596491228070173,NA,1,NA,FALSE,NA,TRUE,NA,lugar_posicion,FALSE,TRUE,muestra_insuficiente
8150,3|3,6,11,1,845,852,TRUE,1,TRUE,1,TRUE,NA,1,NA,1,NA,1,NA,TRUE,NA,TRUE,lugar_posicion,FALSE,FALSE,muestra_insuficiente
8150,3|4,4,11,1,845,852,TRUE,1,TRUE,1,TRUE,NA,1,NA,1,NA,1,NA,TRUE,NA,TRUE,lugar_posicion,FALSE,FALSE,muestra_insuficiente
1250,8|3,3,1,1,1247,1252,TRUE,1,TRUE,1,TRUE,NA,1,NA,1,NA,1,NA,TRUE,NA,TRUE,lugar_posicion,FALSE,FALSE,muestra_insuficiente
8150,2|3,6,6,1,108,136,TRUE,1,TRUE,1,TRUE,1,NA,1,NA,1,NA,TRUE,NA,TRUE,NA,lugar_posicion,FALSE,TRUE,muestra_insuficiente
7201,2|4,3,3,1,219,252,TRUE,0.15082644628099173,FALSE,1,TRUE,1,NA,0.24858115777525538,NA,1,NA,FALSE,NA,TRUE,NA,lugar_posicion,FALSE,TRUE,muestra_insuficiente
7201,2|1,3,11,10,5579,5433,TRUE,1,TRUE,1,TRUE,7,3,1,1,1,1,TRUE,TRUE,TRUE,TRUE,lugar_posicion,FALSE,FALSE,muestra_insuficiente
7201,2|4,3,11,8,938,934,TRUE,0.6460055096418733,TRUE,1,TRUE,4,4,0.5119182746878547,0.8528896672504378,1,1,TRUE,TRUE,TRUE,TRUE,lugar_posicion,FALSE,FALSE,muestra_insuficiente
1204,8|3,2,2,6,2856,2639,TRUE,0.5758064516129032,TRUE,1,TRUE,3,3,0.6754077390470099,0.40589198036006546,1,1,TRUE,FALSE,TRUE,TRUE,lugar_posicion,FALSE,TRUE,muestra_insuficiente
1204,7|3,2,2,1,47,47,TRUE,1,TRUE,1,TRUE,1,NA,1,NA,1,NA,TRUE,NA,TRUE,NA,lugar_posicion,FALSE,TRUE,muestra_insuficiente
7201,2|4,3,4,2,295,298,TRUE,0.20316804407713498,FALSE,1,TRUE,1,1,0.2395005675368899,0.14711033274956217,1,1,FALSE,FALSE,TRUE,TRUE,lugar_posicion,FALSE,FALSE,muestra_insuficiente
7201,5|1,3,4,1,716,693,TRUE,0.4417026526835287,FALSE,1,TRUE,1,NA,0.4707429322813938,NA,1,NA,FALSE,NA,TRUE,NA,lugar_posicion,FALSE,FALSE,muestra_insuficiente
1204,7|1,2,11,1,174,172,TRUE,1,TRUE,1,TRUE,1,NA,1,NA,1,NA,TRUE,NA,TRUE,NA,lugar_posicion,FALSE,FALSE,muestra_insuficiente
1250,7|3,3,2,1,122,102,TRUE,1,TRUE,1,TRUE,NA,1,NA,1,NA,1,NA,TRUE,NA,TRUE,lugar_posicion,FALSE,FALSE,muestra_insuficiente
7201,5|2,3,5,2,114,111,TRUE,1,TRUE,1,TRUE,NA,2,NA,1,NA,1,NA,TRUE,NA,TRUE,lugar_posicion,FALSE,FALSE,muestra_insuficiente
6180,8|2,2,2,1,98,102,TRUE,1,TRUE,1,TRUE,NA,1,NA,1,NA,1,NA,TRUE,NA,TRUE,lugar_posicion,FALSE,TRUE,muestra_insuficiente
1204,7|2,2,5,1,248,260,TRUE,1,TRUE,1,TRUE,1,NA,1,NA,1,NA,TRUE,NA,TRUE,NA,lugar_posicion,FALSE,FALSE,muestra_insuficiente
7201,7|2,3,5,1,68,67,TRUE,1,TRUE,1,TRUE,1,NA,1,NA,1,NA,TRUE,NA,TRUE,NA,lugar_posicion,FALSE,FALSE,muestra_insuficiente
7201,5|4,3,4,1,69,85,TRUE,0.6764705882352942,TRUE,1,TRUE,NA,1,NA,1,NA,1,NA,TRUE,NA,TRUE,lugar_posicion,FALSE,FALSE,muestra_insuficiente
8150,1|3,6,6,1,287,285,TRUE,1,TRUE,1,TRUE,NA,1,NA,1,NA,1,NA,TRUE,NA,TRUE,lugar_posicion,FALSE,TRUE,muestra_insuficiente
8150,8|3,6,6,1,260,258,TRUE,0.23679417122040072,FALSE,1,TRUE,1,NA,1,NA,1,NA,TRUE,NA,TRUE,NA,lugar_posicion,FALSE,TRUE,muestra_insuficiente
4134,1|1,13,11,1,163,153,TRUE,1,TRUE,1,TRUE,NA,1,NA,1,NA,1,NA,TRUE,NA,TRUE,lugar_posicion,FALSE,FALSE,muestra_insuficiente
4134,1|3,12,12,1,133,132,TRUE,0.40797546012269936,FALSE,1,TRUE,1,NA,0.40797546012269936,NA,1,NA,FALSE,NA,TRUE,NA,lugar_posicion,FALSE,TRUE,muestra_insuficiente
7201,7|1,3,11,1,41,41,TRUE,1,TRUE,1,TRUE,NA,1,NA,1,NA,1,NA,TRUE,NA,TRUE,lugar_posicion,FALSE,FALSE,muestra_insuficiente
7201,1|3,3,3,1,28,29,TRUE,0.033734939759036145,FALSE,1,TRUE,NA,1,NA,0.06496519721577726,NA,1,NA,FALSE,NA,TRUE,lugar_posicion,FALSE,TRUE,muestra_insuficiente
7201,6|3,3,6,1,221,234,TRUE,0.32595870206489674,FALSE,1,TRUE,1,NA,0.68,NA,1,NA,TRUE,NA,TRUE,NA,lugar_posicion,FALSE,FALSE,muestra_insuficiente
7201,7|3,3,6,1,210,210,TRUE,0.6140350877192983,TRUE,1,TRUE,1,NA,0.6140350877192983,NA,1,NA,TRUE,NA,TRUE,NA,lugar_posicion,FALSE,FALSE,muestra_insuficiente
