cmo,classification,old_value,new_value,n,w_pre,w_post,historical_target_official,forward,unique_forward,reverse,unique_reverse,train_n,validation_n,train_forward,validation_forward,train_reverse,validation_reverse,train_unique_forward,validation_unique_forward,train_unique_reverse,validation_unique_reverse,accepted,reason,rule_id,family,scope,conceptual_basis
1100,alta_damian,1,1,49,12594,13194,TRUE,0.9126748315095297,TRUE,1,TRUE,22,27,0.9337115970107943,0.8895481515289821,1,1,TRUE,TRUE,TRUE,TRUE,TRUE,concordancia_estable_panel,CONSENSO_PANEL_0001,egp,consenso_clasificaciones_panel_ENOE,Misma categoria en ambas mediciones; destino historico oficial; empleo continuo
1101,alta_damian,1,1,40,6231,6176,TRUE,0.6275556450800684,TRUE,1,TRUE,17,23,0.5625846391952022,0.698109243697479,1,1,TRUE,TRUE,TRUE,TRUE,TRUE,concordancia_estable_panel,CONSENSO_PANEL_0002,egp,consenso_clasificaciones_panel_ENOE,Misma categoria en ambas mediciones; destino historico oficial; empleo continuo
1103,alta_damian,1,1,12,2549,2552,TRUE,1,TRUE,1,TRUE,6,6,1,1,1,1,TRUE,TRUE,TRUE,TRUE,TRUE,concordancia_estable_panel,CONSENSO_PANEL_0003,egp,consenso_clasificaciones_panel_ENOE,Misma categoria en ambas mediciones; destino historico oficial; empleo continuo
1104,alta_damian,1,1,74,19562,19704,TRUE,0.7390253116735928,TRUE,1,TRUE,42,32,0.8131393861892583,0.6725891961599083,1,1,TRUE,TRUE,TRUE,TRUE,TRUE,concordancia_estable_panel,CONSENSO_PANEL_0004,egp,consenso_clasificaciones_panel_ENOE,Misma categoria en ambas mediciones; destino historico oficial; empleo continuo
1105,alta_damian,1,1,171,44004,44980,TRUE,0.8411032742703136,TRUE,1,TRUE,91,80,0.7913621843959218,0.8796836817811566,1,1,TRUE,TRUE,TRUE,TRUE,TRUE,concordancia_estable_panel,CONSENSO_PANEL_0005,egp,consenso_clasificaciones_panel_ENOE,Misma categoria en ambas mediciones; destino historico oficial; empleo continuo
1120,alta_damian,1,1,43,10381,10088,TRUE,0.9347199711867459,TRUE,1,TRUE,18,25,1,0.88631017719931,1,1,TRUE,TRUE,TRUE,TRUE,TRUE,concordancia_estable_panel,CONSENSO_PANEL_0006,egp,consenso_clasificaciones_panel_ENOE,Misma categoria en ambas mediciones; destino historico oficial; empleo continuo
1121,alta_damian,1,1,28,7418,7203,TRUE,0.9393440547043181,TRUE,1,TRUE,15,13,1,0.8401735068401736,1,1,TRUE,TRUE,TRUE,TRUE,TRUE,concordancia_estable_panel,CONSENSO_PANEL_0007,egp,consenso_clasificaciones_panel_ENOE,Misma categoria en ambas mediciones; destino historico oficial; empleo continuo
1130,alta_damian,1,1,366,84867,87176,TRUE,0.9941312904132696,TRUE,1,TRUE,172,194,0.9935184135977337,0.9947869941565841,1,1,TRUE,TRUE,TRUE,TRUE,TRUE,concordancia_estable_panel,CONSENSO_PANEL_0008,egp,consenso_clasificaciones_panel_ENOE,Misma categoria en ambas mediciones; destino historico oficial; empleo continuo
1131,alta_damian,1,1,254,56833,57769,TRUE,0.9976302485605955,TRUE,1,TRUE,126,128,0.9978954127131341,0.9973733324116956,1,1,TRUE,TRUE,TRUE,TRUE,TRUE,concordancia_estable_panel,CONSENSO_PANEL_0009,egp,consenso_clasificaciones_panel_ENOE,Misma categoria en ambas mediciones; destino historico oficial; empleo continuo
1132,alta_damian,1,1,123,33731,33542,TRUE,0.9972209903917221,TRUE,1,TRUE,61,62,1,0.9941975308641975,1,1,TRUE,TRUE,TRUE,TRUE,TRUE,concordancia_estable_panel,CONSENSO_PANEL_0010,egp,consenso_clasificaciones_panel_ENOE,Misma categoria en ambas mediciones; destino historico oficial; empleo continuo
1134,alta_damian,1,1,16,5260,5340,TRUE,0.9872372372372372,TRUE,1,TRUE,11,5,0.9425190194420964,1,1,1,TRUE,TRUE,TRUE,TRUE,TRUE,concordancia_estable_panel,CONSENSO_PANEL_0011,egp,consenso_clasificaciones_panel_ENOE,Misma categoria en ambas mediciones; destino historico oficial; empleo continuo
1150,alta_damian,1,1,27,3837,3881,TRUE,0.8931564245810056,TRUE,1,TRUE,14,13,0.8890027322404371,0.902046783625731,1,1,TRUE,TRUE,TRUE,TRUE,TRUE,concordancia_estable_panel,CONSENSO_PANEL_0012,egp,consenso_clasificaciones_panel_ENOE,Misma categoria en ambas mediciones; destino historico oficial; empleo continuo
1151,alta_damian,1,1,35,9220,9329,TRUE,0.933765444601985,TRUE,1,TRUE,18,17,0.9401955146635997,0.9265621644835731,1,1,TRUE,TRUE,TRUE,TRUE,TRUE,concordancia_estable_panel,CONSENSO_PANEL_0013,egp,consenso_clasificaciones_panel_ENOE,Misma categoria en ambas mediciones; destino historico oficial; empleo continuo
1160,alta_damian,1,1,323,82784,84710,TRUE,0.8748362007016951,TRUE,1,TRUE,164,159,0.8711762256894193,0.8790141896938013,1,1,TRUE,TRUE,TRUE,TRUE,TRUE,concordancia_estable_panel,CONSENSO_PANEL_0014,egp,consenso_clasificaciones_panel_ENOE,Misma categoria en ambas mediciones; destino historico oficial; empleo continuo
1161,alta_damian,1,1,31,7257,7310,TRUE,0.9544916480336709,TRUE,1,TRUE,17,14,0.9520975056689343,0.9565644171779141,1,1,TRUE,TRUE,TRUE,TRUE,TRUE,concordancia_estable_panel,CONSENSO_PANEL_0015,egp,consenso_clasificaciones_panel_ENOE,Misma categoria en ambas mediciones; destino historico oficial; empleo continuo
1164,alta_damian,1,1,67,21000,19475,TRUE,0.9288747346072187,TRUE,1,TRUE,33,34,0.9361381389612169,0.9156476166708261,1,1,TRUE,TRUE,TRUE,TRUE,TRUE,concordancia_estable_panel,CONSENSO_PANEL_0016,egp,consenso_clasificaciones_panel_ENOE,Misma categoria en ambas mediciones; destino historico oficial; empleo continuo
1171,alta_damian,1,1,25,13372,13432,TRUE,0.8002393776181927,TRUE,1,TRUE,15,10,0.8184127540294324,0.7610502455610124,1,1,TRUE,TRUE,TRUE,TRUE,TRUE,concordancia_estable_panel,CONSENSO_PANEL_0017,egp,consenso_clasificaciones_panel_ENOE,Misma categoria en ambas mediciones; destino historico oficial; empleo continuo
1172,alta_damian,1,1,359,82325,82314,TRUE,0.8651764508060618,TRUE,1,TRUE,195,164,0.8537888398520557,0.8814402735601092,1,1,TRUE,TRUE,TRUE,TRUE,TRUE,concordancia_estable_panel,CONSENSO_PANEL_0018,egp,consenso_clasificaciones_panel_ENOE,Misma categoria en ambas mediciones; destino historico oficial; empleo continuo
1200,alta_damian,1,1,29,8535,8595,TRUE,0.8389030862984077,TRUE,1,TRUE,16,13,0.8497571131158917,0.8247165532879819,1,1,TRUE,TRUE,TRUE,TRUE,TRUE,concordancia_estable_panel,CONSENSO_PANEL_0019,egp,consenso_clasificaciones_panel_ENOE,Misma categoria en ambas mediciones; destino historico oficial; empleo continuo
1203,alta_damian,1,1,26,4317,4545,TRUE,0.6866550023858756,TRUE,1,TRUE,13,13,0.687624254473161,0.684931506849315,1,1,TRUE,TRUE,TRUE,TRUE,TRUE,concordancia_estable_panel,CONSENSO_PANEL_0020,egp,consenso_clasificaciones_panel_ENOE,Misma categoria en ambas mediciones; destino historico oficial; empleo continuo
1205,alta_damian,1,1,276,71988,71382,TRUE,0.7477252897918485,TRUE,1,TRUE,134,142,0.7872588021975048,0.7231015592077539,1,1,TRUE,TRUE,TRUE,TRUE,TRUE,concordancia_estable_panel,CONSENSO_PANEL_0021,egp,consenso_clasificaciones_panel_ENOE,Misma categoria en ambas mediciones; destino historico oficial; empleo continuo
1206,alta_damian,0,0,68,17080,17357,TRUE,0.9020332717190388,TRUE,1,TRUE,39,29,0.981875,0.819925013390466,1,1,TRUE,TRUE,TRUE,TRUE,TRUE,concordancia_estable_panel,CONSENSO_PANEL_0022,egp,consenso_clasificaciones_panel_ENOE,Misma categoria en ambas mediciones; destino historico oficial; empleo continuo
1220,alta_damian,1,1,400,123646,124108,TRUE,0.938411214243972,TRUE,1,TRUE,210,190,0.9358317079966565,0.941498141078008,1,1,TRUE,TRUE,TRUE,TRUE,TRUE,concordancia_estable_panel,CONSENSO_PANEL_0023,egp,consenso_clasificaciones_panel_ENOE,Misma categoria en ambas mediciones; destino historico oficial; empleo continuo
1221,alta_damian,1,1,24,5553,5645,TRUE,0.818905766111193,TRUE,1,TRUE,15,9,0.8662264612374664,0.7470282317979198,1,1,TRUE,TRUE,TRUE,TRUE,TRUE,concordancia_estable_panel,CONSENSO_PANEL_0024,egp,consenso_clasificaciones_panel_ENOE,Misma categoria en ambas mediciones; destino historico oficial; empleo continuo
1230,alta_damian,1,1,50,11465,11590,TRUE,0.7057990642698843,TRUE,1,TRUE,27,23,0.8464583048996861,0.5902209263205114,1,1,TRUE,TRUE,TRUE,TRUE,TRUE,concordancia_estable_panel,CONSENSO_PANEL_0025,egp,consenso_clasificaciones_panel_ENOE,Misma categoria en ambas mediciones; destino historico oficial; empleo continuo
1250,alta_damian,0,0,99,17149,17170,TRUE,0.5584538231079849,TRUE,1,TRUE,57,42,0.5561128526645768,0.5623271092669433,1,1,TRUE,TRUE,TRUE,TRUE,TRUE,concordancia_estable_panel,CONSENSO_PANEL_0026,egp,consenso_clasificaciones_panel_ENOE,Misma categoria en ambas mediciones; destino historico oficial; empleo continuo
1251,alta_damian,1,1,191,56535,56891,TRUE,0.5850183157764026,TRUE,1,TRUE,98,93,0.5408525208619523,0.6300219366969602,1,1,TRUE,TRUE,TRUE,TRUE,TRUE,concordancia_estable_panel,CONSENSO_PANEL_0027,egp,consenso_clasificaciones_panel_ENOE,Misma categoria en ambas mediciones; destino historico oficial; empleo continuo
1252,alta_damian,0,0,42,7706,7519,TRUE,0.7368521705871104,TRUE,1,TRUE,16,26,0.6103896103896104,0.822914992768761,1,1,TRUE,TRUE,TRUE,TRUE,TRUE,concordancia_estable_panel,CONSENSO_PANEL_0028,egp,consenso_clasificaciones_panel_ENOE,Misma categoria en ambas mediciones; destino historico oficial; empleo continuo
1300,alta_damian,1,1,337,81624,80800,TRUE,0.9920633956026593,TRUE,1,TRUE,172,165,0.9951440329218108,0.9896131101752242,1,1,TRUE,TRUE,TRUE,TRUE,TRUE,concordancia_estable_panel,CONSENSO_PANEL_0029,egp,consenso_clasificaciones_panel_ENOE,Misma categoria en ambas mediciones; destino historico oficial; empleo continuo
1310,alta_damian,1,1,205,56119,56633,TRUE,0.9289533363129231,TRUE,1,TRUE,114,91,0.9255344775669979,0.933127458549318,1,1,TRUE,TRUE,TRUE,TRUE,TRUE,concordancia_estable_panel,CONSENSO_PANEL_0030,egp,consenso_clasificaciones_panel_ENOE,Misma categoria en ambas mediciones; destino historico oficial; empleo continuo
1320,alta_damian,1,1,449,125353,124182,TRUE,0.9828447322821681,TRUE,1,TRUE,199,250,0.9744231835299065,0.9887010155793056,1,1,TRUE,TRUE,TRUE,TRUE,TRUE,concordancia_estable_panel,CONSENSO_PANEL_0031,egp,consenso_clasificaciones_panel_ENOE,Misma categoria en ambas mediciones; destino historico oficial; empleo continuo
1330,alta_damian,1,1,730,198218,198565,TRUE,0.9966713596138375,TRUE,1,TRUE,342,388,0.9975169834035601,0.9959281233466858,1,1,TRUE,TRUE,TRUE,TRUE,TRUE,concordancia_estable_panel,CONSENSO_PANEL_0032,egp,consenso_clasificaciones_panel_ENOE,Misma categoria en ambas mediciones; destino historico oficial; empleo continuo
1340,alta_damian,1,1,263,69777,71371,TRUE,0.9560457628279784,TRUE,1,TRUE,139,124,0.9398206706580093,0.9714766894781864,1,1,TRUE,TRUE,TRUE,TRUE,TRUE,concordancia_estable_panel,CONSENSO_PANEL_0033,egp,consenso_clasificaciones_panel_ENOE,Misma categoria en ambas mediciones; destino historico oficial; empleo continuo
1360,alta_damian,1,1,25,9877,9547,TRUE,1,TRUE,1,TRUE,18,7,1,1,1,1,TRUE,TRUE,TRUE,TRUE,TRUE,concordancia_estable_panel,CONSENSO_PANEL_0034,egp,consenso_clasificaciones_panel_ENOE,Misma categoria en ambas mediciones; destino historico oficial; empleo continuo
1364,alta_damian,1,1,33,7560,7532,TRUE,0.9020403293163107,TRUE,1,TRUE,14,19,0.8401336196611787,0.9639618138424821,1,1,TRUE,TRUE,TRUE,TRUE,TRUE,concordancia_estable_panel,CONSENSO_PANEL_0035,egp,consenso_clasificaciones_panel_ENOE,Misma categoria en ambas mediciones; destino historico oficial; empleo continuo
1390,alta_damian,1,1,32,4289,4395,TRUE,0.960152227445713,TRUE,1,TRUE,19,13,0.9839921594250245,0.9082503556187767,1,1,TRUE,TRUE,TRUE,TRUE,TRUE,concordancia_estable_panel,CONSENSO_PANEL_0036,egp,consenso_clasificaciones_panel_ENOE,Misma categoria en ambas mediciones; destino historico oficial; empleo continuo
1401,alta_damian,1,1,29,8751,9659,TRUE,0.9098565190268247,TRUE,1,TRUE,12,17,0.8632445141065831,0.962560921577315,1,1,TRUE,TRUE,TRUE,TRUE,TRUE,concordancia_estable_panel,CONSENSO_PANEL_0037,egp,consenso_clasificaciones_panel_ENOE,Misma categoria en ambas mediciones; destino historico oficial; empleo continuo
1412,alta_damian,1,1,74,17343,18402,TRUE,0.9274827530884004,TRUE,1,TRUE,33,41,1,0.8738839285714286,1,1,TRUE,TRUE,TRUE,TRUE,TRUE,concordancia_estable_panel,CONSENSO_PANEL_0038,egp,consenso_clasificaciones_panel_ENOE,Misma categoria en ambas mediciones; destino historico oficial; empleo continuo
1420,alta_damian,1,1,17,3308,3104,TRUE,0.957452966714906,TRUE,1,TRUE,11,6,0.8799019607843137,1,1,1,TRUE,TRUE,TRUE,TRUE,TRUE,concordancia_estable_panel,CONSENSO_PANEL_0039,egp,consenso_clasificaciones_panel_ENOE,Misma categoria en ambas mediciones; destino historico oficial; empleo continuo
1423,alta_damian,0,0,77,23239,23377,TRUE,0.8383477633477634,TRUE,0.9852488725924052,TRUE,44,33,0.7886965044103235,0.8995569875151027,0.9721492798599507,1,TRUE,TRUE,TRUE,TRUE,TRUE,concordancia_estable_panel,CONSENSO_PANEL_0040,egp,consenso_clasificaciones_panel_ENOE,Misma categoria en ambas mediciones; destino historico oficial; empleo continuo
2101,alta_damian,1,1,23,6374,6261,TRUE,0.8538513060951105,TRUE,1,TRUE,9,14,0.832823259372609,0.865182436611008,1,1,TRUE,TRUE,TRUE,TRUE,TRUE,concordancia_estable_panel,CONSENSO_PANEL_0041,egp,consenso_clasificaciones_panel_ENOE,Misma categoria en ambas mediciones; destino historico oficial; empleo continuo
2110,alta_damian,1,1,19,3080,2937,TRUE,0.8997955010224948,TRUE,1,TRUE,8,11,0.8998555609051516,0.899702823179792,1,1,TRUE,TRUE,TRUE,TRUE,TRUE,concordancia_estable_panel,CONSENSO_PANEL_0042,egp,consenso_clasificaciones_panel_ENOE,Misma categoria en ambas mediciones; destino historico oficial; empleo continuo
2111,alta_damian,1,1,32,9315,9169,TRUE,0.8202712222613596,TRUE,1,TRUE,20,12,0.8608292621821371,0.7242810554402609,1,1,TRUE,TRUE,TRUE,TRUE,TRUE,concordancia_estable_panel,CONSENSO_PANEL_0043,egp,consenso_clasificaciones_panel_ENOE,Misma categoria en ambas mediciones; destino historico oficial; empleo continuo
2120,alta_damian,1,1,13,2029,1990,TRUE,0.7741320106829455,TRUE,1,TRUE,5,8,0.7118863049095607,0.863932898415657,1,1,TRUE,TRUE,TRUE,TRUE,TRUE,concordancia_estable_panel,CONSENSO_PANEL_0044,egp,consenso_clasificaciones_panel_ENOE,Misma categoria en ambas mediciones; destino historico oficial; empleo continuo
2121,alta_damian,1,1,140,41504,42702,TRUE,0.8110368546527533,TRUE,1,TRUE,72,68,0.8490454924669971,0.78588823586713,1,1,TRUE,TRUE,TRUE,TRUE,TRUE,concordancia_estable_panel,CONSENSO_PANEL_0045,egp,consenso_clasificaciones_panel_ENOE,Misma categoria en ambas mediciones; destino historico oficial; empleo continuo
2123,alta_damian,1,1,18,7195,6821,TRUE,0.9400313561536452,TRUE,1,TRUE,9,9,0.9459616502033701,0.9351851851851852,1,1,TRUE,TRUE,TRUE,TRUE,TRUE,concordancia_estable_panel,CONSENSO_PANEL_0046,egp,consenso_clasificaciones_panel_ENOE,Misma categoria en ambas mediciones; destino historico oficial; empleo continuo
2124,alta_damian,1,1,77,24068,24470,TRUE,0.8040624060401563,TRUE,1,TRUE,40,37,0.7604166666666666,0.8531185695025899,1,1,TRUE,TRUE,TRUE,TRUE,TRUE,concordancia_estable_panel,CONSENSO_PANEL_0047,egp,consenso_clasificaciones_panel_ENOE,Misma categoria en ambas mediciones; destino historico oficial; empleo continuo
2125,alta_damian,1,1,128,36350,34478,TRUE,0.9832296456586421,TRUE,1,TRUE,69,59,0.9789419619928095,0.9891339291455025,1,1,TRUE,TRUE,TRUE,TRUE,TRUE,concordancia_estable_panel,CONSENSO_PANEL_0048,egp,consenso_clasificaciones_panel_ENOE,Misma categoria en ambas mediciones; destino historico oficial; empleo continuo
2127,alta_damian,1,1,61,11924,11384,TRUE,0.7349605522682445,TRUE,1,TRUE,27,34,0.7495152690256908,0.7198946312092324,1,1,TRUE,TRUE,TRUE,TRUE,TRUE,concordancia_estable_panel,CONSENSO_PANEL_0049,egp,consenso_clasificaciones_panel_ENOE,Misma categoria en ambas mediciones; destino historico oficial; empleo continuo
4100,alta_damian,0,0,2770,1183509,1193144,TRUE,0.999705201130541,TRUE,1,TRUE,1385,1385,1,0.9994232663286687,1,1,TRUE,TRUE,TRUE,TRUE,TRUE,concordancia_estable_panel,CONSENSO_PANEL_0050,egp,consenso_clasificaciones_panel_ENOE,Misma categoria en ambas mediciones; destino historico oficial; empleo continuo
4101,alta_damian,0,0,70,22356,22461,TRUE,0.9906061680255228,TRUE,1,TRUE,37,33,0.9801739455718694,1,1,1,TRUE,TRUE,TRUE,TRUE,TRUE,concordancia_estable_panel,CONSENSO_PANEL_0051,egp,consenso_clasificaciones_panel_ENOE,Misma categoria en ambas mediciones; destino historico oficial; empleo continuo
4103,alta_damian,0,0,355,105047,105151,TRUE,0.9868942710584168,TRUE,1,TRUE,171,184,0.9908171843676575,0.9838637158415346,1,1,TRUE,TRUE,TRUE,TRUE,TRUE,concordancia_estable_panel,CONSENSO_PANEL_0052,egp,consenso_clasificaciones_panel_ENOE,Misma categoria en ambas mediciones; destino historico oficial; empleo continuo
4104,alta_damian,0,0,143,104293,104552,TRUE,1,TRUE,1,TRUE,102,41,1,1,1,1,TRUE,TRUE,TRUE,TRUE,TRUE,concordancia_estable_panel,CONSENSO_PANEL_0053,egp,consenso_clasificaciones_panel_ENOE,Misma categoria en ambas mediciones; destino historico oficial; empleo continuo
4106,alta_damian,0,0,316,96126,96208,TRUE,0.9969301611665388,TRUE,1,TRUE,179,137,1,0.9937470953567958,1,1,TRUE,TRUE,TRUE,TRUE,TRUE,concordancia_estable_panel,CONSENSO_PANEL_0054,egp,consenso_clasificaciones_panel_ENOE,Misma categoria en ambas mediciones; destino historico oficial; empleo continuo
4107,alta_damian,0,0,43,23870,23538,TRUE,1,TRUE,1,TRUE,15,28,1,1,1,1,TRUE,TRUE,TRUE,TRUE,TRUE,concordancia_estable_panel,CONSENSO_PANEL_0055,egp,consenso_clasificaciones_panel_ENOE,Misma categoria en ambas mediciones; destino historico oficial; empleo continuo
4108,alta_damian,0,0,152,58324,59197,TRUE,1,TRUE,1,TRUE,56,96,1,1,1,1,TRUE,TRUE,TRUE,TRUE,TRUE,concordancia_estable_panel,CONSENSO_PANEL_0056,egp,consenso_clasificaciones_panel_ENOE,Misma categoria en ambas mediciones; destino historico oficial; empleo continuo
4109,alta_damian,0,0,46,9104,9131,TRUE,1,TRUE,1,TRUE,21,25,1,1,1,1,TRUE,TRUE,TRUE,TRUE,TRUE,concordancia_estable_panel,CONSENSO_PANEL_0057,egp,consenso_clasificaciones_panel_ENOE,Misma categoria en ambas mediciones; destino historico oficial; empleo continuo
4110,alta_damian,0,0,299,84192,84548,TRUE,0.9857393747804707,TRUE,1,TRUE,187,112,0.9850838803792852,0.9869152764147857,1,1,TRUE,TRUE,TRUE,TRUE,TRUE,concordancia_estable_panel,CONSENSO_PANEL_0058,egp,consenso_clasificaciones_panel_ENOE,Misma categoria en ambas mediciones; destino historico oficial; empleo continuo
4111,alta_damian,0,0,30,10958,10819,TRUE,1,TRUE,1,TRUE,20,10,1,1,1,1,TRUE,TRUE,TRUE,TRUE,TRUE,concordancia_estable_panel,CONSENSO_PANEL_0059,egp,consenso_clasificaciones_panel_ENOE,Misma categoria en ambas mediciones; destino historico oficial; empleo continuo
4112,alta_damian,0,0,54,13794,13822,TRUE,0.9947357034686666,TRUE,1,TRUE,19,35,1,0.9883979656706929,1,1,TRUE,TRUE,TRUE,TRUE,TRUE,concordancia_estable_panel,CONSENSO_PANEL_0060,egp,consenso_clasificaciones_panel_ENOE,Misma categoria en ambas mediciones; destino historico oficial; empleo continuo
4113,alta_damian,0,0,67,21901,21987,TRUE,1,TRUE,1,TRUE,36,31,1,1,1,1,TRUE,TRUE,TRUE,TRUE,TRUE,concordancia_estable_panel,CONSENSO_PANEL_0061,egp,consenso_clasificaciones_panel_ENOE,Misma categoria en ambas mediciones; destino historico oficial; empleo continuo
4120,alta_damian,0,0,201,48811,48618,TRUE,1,TRUE,1,TRUE,129,72,1,1,1,1,TRUE,TRUE,TRUE,TRUE,TRUE,concordancia_estable_panel,CONSENSO_PANEL_0062,egp,consenso_clasificaciones_panel_ENOE,Misma categoria en ambas mediciones; destino historico oficial; empleo continuo
4132,alta_damian,0,0,36,8233,8274,TRUE,1,TRUE,1,TRUE,26,10,1,1,1,1,TRUE,TRUE,TRUE,TRUE,TRUE,concordancia_estable_panel,CONSENSO_PANEL_0063,egp,consenso_clasificaciones_panel_ENOE,Misma categoria en ambas mediciones; destino historico oficial; empleo continuo
4135,alta_damian,0,0,18,5040,5124,TRUE,1,TRUE,1,TRUE,11,7,1,1,1,1,TRUE,TRUE,TRUE,TRUE,TRUE,concordancia_estable_panel,CONSENSO_PANEL_0064,egp,consenso_clasificaciones_panel_ENOE,Misma categoria en ambas mediciones; destino historico oficial; empleo continuo
4150,alta_damian,0,0,138,32548,32907,TRUE,0.9948040833791797,TRUE,1,TRUE,72,66,1,0.9862403885066775,1,1,TRUE,TRUE,TRUE,TRUE,TRUE,concordancia_estable_panel,CONSENSO_PANEL_0065,egp,consenso_clasificaciones_panel_ENOE,Misma categoria en ambas mediciones; destino historico oficial; empleo continuo
4170,alta_damian,0,0,24,5501,5575,TRUE,0.9315834038950043,TRUE,1,TRUE,13,11,0.8985969387755102,0.9689418562657999,1,1,TRUE,TRUE,TRUE,TRUE,TRUE,concordancia_estable_panel,CONSENSO_PANEL_0066,egp,consenso_clasificaciones_panel_ENOE,Misma categoria en ambas mediciones; destino historico oficial; empleo continuo
5101,alta_damian,0,0,29,10850,10749,TRUE,0.8307174029553633,TRUE,1,TRUE,16,13,0.8333512410013968,0.8241875332978157,1,1,TRUE,TRUE,TRUE,TRUE,TRUE,concordancia_estable_panel,CONSENSO_PANEL_0067,egp,consenso_clasificaciones_panel_ENOE,Misma categoria en ambas mediciones; destino historico oficial; empleo continuo
5121,alta_damian,0,0,47,9589,9628,TRUE,0.9823788546255506,TRUE,1,TRUE,29,18,1,0.9584641390968365,1,1,TRUE,TRUE,TRUE,TRUE,TRUE,concordancia_estable_panel,CONSENSO_PANEL_0068,egp,consenso_clasificaciones_panel_ENOE,Misma categoria en ambas mediciones; destino historico oficial; empleo continuo
5131,alta_damian,0,0,18,5521,5552,TRUE,0.7699065681216009,TRUE,1,TRUE,8,10,1,0.6319428953825563,1,1,TRUE,TRUE,TRUE,TRUE,TRUE,concordancia_estable_panel,CONSENSO_PANEL_0069,egp,consenso_clasificaciones_panel_ENOE,Misma categoria en ambas mediciones; destino historico oficial; empleo continuo
5151,alta_damian,0,0,12,3957,3883,TRUE,1,TRUE,1,TRUE,5,7,1,1,1,1,TRUE,TRUE,TRUE,TRUE,TRUE,concordancia_estable_panel,CONSENSO_PANEL_0070,egp,consenso_clasificaciones_panel_ENOE,Misma categoria en ambas mediciones; destino historico oficial; empleo continuo
5161,alta_damian,0,0,45,10042,9513,TRUE,0.5986645999761536,TRUE,1,TRUE,19,26,0.6439084944139032,0.5757521329142344,1,1,TRUE,TRUE,TRUE,TRUE,TRUE,concordancia_estable_panel,CONSENSO_PANEL_0071,egp,consenso_clasificaciones_panel_ENOE,Misma categoria en ambas mediciones; destino historico oficial; empleo continuo
5200,alta_damian,0,0,158,58491,57882,TRUE,1,TRUE,1,TRUE,81,77,1,1,1,1,TRUE,TRUE,TRUE,TRUE,TRUE,concordancia_estable_panel,CONSENSO_PANEL_0072,egp,consenso_clasificaciones_panel_ENOE,Misma categoria en ambas mediciones; destino historico oficial; empleo continuo
5200,alta_damian,1,1,12,4082,3898,TRUE,1,TRUE,1,TRUE,7,5,1,1,1,1,TRUE,TRUE,TRUE,TRUE,TRUE,concordancia_estable_panel,CONSENSO_PANEL_0073,egp,consenso_clasificaciones_panel_ENOE,Misma categoria en ambas mediciones; destino historico oficial; empleo continuo
5201,alta_damian,0,0,21,6659,6671,TRUE,1,TRUE,1,TRUE,6,15,1,1,1,1,TRUE,TRUE,TRUE,TRUE,TRUE,concordancia_estable_panel,CONSENSO_PANEL_0074,egp,consenso_clasificaciones_panel_ENOE,Misma categoria en ambas mediciones; destino historico oficial; empleo continuo
5202,alta_damian,0,0,499,152088,152731,TRUE,0.9970825985196646,TRUE,1,TRUE,266,233,1,0.9944400019991004,1,1,TRUE,TRUE,TRUE,TRUE,TRUE,concordancia_estable_panel,CONSENSO_PANEL_0075,egp,consenso_clasificaciones_panel_ENOE,Misma categoria en ambas mediciones; destino historico oficial; empleo continuo
5202,alta_damian,1,1,29,11856,12658,TRUE,1,TRUE,0.9663333078860982,TRUE,10,19,1,1,1,0.9468802698145026,TRUE,TRUE,TRUE,TRUE,TRUE,concordancia_estable_panel,CONSENSO_PANEL_0076,egp,consenso_clasificaciones_panel_ENOE,Misma categoria en ambas mediciones; destino historico oficial; empleo continuo
5203,alta_damian,0,0,17,6823,6740,TRUE,1,TRUE,1,TRUE,10,7,1,1,1,1,TRUE,TRUE,TRUE,TRUE,TRUE,concordancia_estable_panel,CONSENSO_PANEL_0077,egp,consenso_clasificaciones_panel_ENOE,Misma categoria en ambas mediciones; destino historico oficial; empleo continuo
5204,alta_damian,0,0,69,17326,17817,TRUE,1,TRUE,1,TRUE,33,36,1,1,1,1,TRUE,TRUE,TRUE,TRUE,TRUE,concordancia_estable_panel,CONSENSO_PANEL_0078,egp,consenso_clasificaciones_panel_ENOE,Misma categoria en ambas mediciones; destino historico oficial; empleo continuo
5206,alta_damian,0,0,13,2365,2394,TRUE,1,TRUE,1,TRUE,8,5,1,1,1,1,TRUE,TRUE,TRUE,TRUE,TRUE,concordancia_estable_panel,CONSENSO_PANEL_0079,egp,consenso_clasificaciones_panel_ENOE,Misma categoria en ambas mediciones; destino historico oficial; empleo continuo
5208,alta_damian,0,0,380,107822,109583,TRUE,0.9939710166304068,TRUE,1,TRUE,189,191,0.9939943060202406,0.9939524480159059,1,1,TRUE,TRUE,TRUE,TRUE,TRUE,concordancia_estable_panel,CONSENSO_PANEL_0080,egp,consenso_clasificaciones_panel_ENOE,Misma categoria en ambas mediciones; destino historico oficial; empleo continuo
5208,alta_damian,1,1,27,9828,9851,TRUE,1,TRUE,0.9369412212288377,TRUE,15,12,1,1,0.9605565311360259,0.8807457409193186,TRUE,TRUE,TRUE,TRUE,TRUE,concordancia_estable_panel,CONSENSO_PANEL_0081,egp,consenso_clasificaciones_panel_ENOE,Misma categoria en ambas mediciones; destino historico oficial; empleo continuo
5210,alta_damian,0,0,13,2484,2443,TRUE,0.9394856278366112,TRUE,1,TRUE,6,7,1,0.8862019914651493,1,1,TRUE,TRUE,TRUE,TRUE,TRUE,concordancia_estable_panel,CONSENSO_PANEL_0082,egp,consenso_clasificaciones_panel_ENOE,Misma categoria en ambas mediciones; destino historico oficial; empleo continuo
5221,alta_damian,0,0,116,34299,34586,TRUE,1,TRUE,1,TRUE,61,55,1,1,1,1,TRUE,TRUE,TRUE,TRUE,TRUE,concordancia_estable_panel,CONSENSO_PANEL_0083,egp,consenso_clasificaciones_panel_ENOE,Misma categoria en ambas mediciones; destino historico oficial; empleo continuo
5222,alta_damian,0,0,274,68297,69336,TRUE,1,TRUE,1,TRUE,129,145,1,1,1,1,TRUE,TRUE,TRUE,TRUE,TRUE,concordancia_estable_panel,CONSENSO_PANEL_0084,egp,consenso_clasificaciones_panel_ENOE,Misma categoria en ambas mediciones; destino historico oficial; empleo continuo
5223,alta_damian,0,0,16,3070,3180,TRUE,1,TRUE,1,TRUE,6,10,1,1,1,1,TRUE,TRUE,TRUE,TRUE,TRUE,concordancia_estable_panel,CONSENSO_PANEL_0085,egp,consenso_clasificaciones_panel_ENOE,Misma categoria en ambas mediciones; destino historico oficial; empleo continuo
5224,alta_damian,0,0,35,9949,9736,TRUE,1,TRUE,1,TRUE,20,15,1,1,1,1,TRUE,TRUE,TRUE,TRUE,TRUE,concordancia_estable_panel,CONSENSO_PANEL_0086,egp,consenso_clasificaciones_panel_ENOE,Misma categoria en ambas mediciones; destino historico oficial; empleo continuo
5225,alta_damian,0,0,19,4229,3950,TRUE,1,TRUE,1,TRUE,10,9,1,1,1,1,TRUE,TRUE,TRUE,TRUE,TRUE,concordancia_estable_panel,CONSENSO_PANEL_0087,egp,consenso_clasificaciones_panel_ENOE,Misma categoria en ambas mediciones; destino historico oficial; empleo continuo
5227,alta_damian,0,0,70,21619,21534,TRUE,1,TRUE,1,TRUE,33,37,1,1,1,1,TRUE,TRUE,TRUE,TRUE,TRUE,concordancia_estable_panel,CONSENSO_PANEL_0088,egp,consenso_clasificaciones_panel_ENOE,Misma categoria en ambas mediciones; destino historico oficial; empleo continuo
5230,alta_damian,0,0,174,52056,52120,TRUE,0.9992705493914846,TRUE,1,TRUE,97,77,0.9987146094780638,1,1,1,TRUE,TRUE,TRUE,TRUE,TRUE,concordancia_estable_panel,CONSENSO_PANEL_0089,egp,consenso_clasificaciones_panel_ENOE,Misma categoria en ambas mediciones; destino historico oficial; empleo continuo
5230,alta_damian,1,1,21,8047,8045,TRUE,1,TRUE,0.9952987752072251,TRUE,5,16,1,1,0.953714981729598,1,TRUE,TRUE,TRUE,TRUE,TRUE,concordancia_estable_panel,CONSENSO_PANEL_0090,egp,consenso_clasificaciones_panel_ENOE,Misma categoria en ambas mediciones; destino historico oficial; empleo continuo
5231,alta_damian,0,0,41,15719,15454,TRUE,1,TRUE,1,TRUE,24,17,1,1,1,1,TRUE,TRUE,TRUE,TRUE,TRUE,concordancia_estable_panel,CONSENSO_PANEL_0091,egp,consenso_clasificaciones_panel_ENOE,Misma categoria en ambas mediciones; destino historico oficial; empleo continuo
5233,alta_damian,0,0,27,4323,4349,TRUE,0.9899244332493703,TRUE,1,TRUE,11,16,1,0.9848118743527787,1,1,TRUE,TRUE,TRUE,TRUE,TRUE,concordancia_estable_panel,CONSENSO_PANEL_0092,egp,consenso_clasificaciones_panel_ENOE,Misma categoria en ambas mediciones; destino historico oficial; empleo continuo
5240,alta_damian,0,0,25,8994,9000,TRUE,0.9706453701705159,TRUE,1,TRUE,15,10,0.9802023121387283,0.9424552429667519,1,1,TRUE,TRUE,TRUE,TRUE,TRUE,concordancia_estable_panel,CONSENSO_PANEL_0093,egp,consenso_clasificaciones_panel_ENOE,Misma categoria en ambas mediciones; destino historico oficial; empleo continuo
5241,alta_damian,0,0,84,23559,24673,TRUE,0.9815841006624724,TRUE,1,TRUE,38,46,0.9843355229914098,0.9788900799868063,1,1,TRUE,TRUE,TRUE,TRUE,TRUE,concordancia_estable_panel,CONSENSO_PANEL_0094,egp,consenso_clasificaciones_panel_ENOE,Misma categoria en ambas mediciones; destino historico oficial; empleo continuo
5242,alta_damian,0,0,124,31186,31497,TRUE,1,TRUE,1,TRUE,57,67,1,1,1,1,TRUE,TRUE,TRUE,TRUE,TRUE,concordancia_estable_panel,CONSENSO_PANEL_0095,egp,consenso_clasificaciones_panel_ENOE,Misma categoria en ambas mediciones; destino historico oficial; empleo continuo
5242,alta_damian,1,1,24,6636,6816,TRUE,1,TRUE,1,TRUE,10,14,1,1,1,1,TRUE,TRUE,TRUE,TRUE,TRUE,concordancia_estable_panel,CONSENSO_PANEL_0096,egp,consenso_clasificaciones_panel_ENOE,Misma categoria en ambas mediciones; destino historico oficial; empleo continuo
5244,alta_damian,0,0,26,5608,5986,TRUE,0.9819646296620557,TRUE,1,TRUE,15,11,0.9696075538506934,1,1,1,TRUE,TRUE,TRUE,TRUE,TRUE,concordancia_estable_panel,CONSENSO_PANEL_0097,egp,consenso_clasificaciones_panel_ENOE,Misma categoria en ambas mediciones; destino historico oficial; empleo continuo
5245,alta_damian,0,0,321,86228,87595,TRUE,0.937444282577026,TRUE,1,TRUE,163,158,0.9518976636008035,0.9221473806699935,1,1,TRUE,TRUE,TRUE,TRUE,TRUE,concordancia_estable_panel,CONSENSO_PANEL_0098,egp,consenso_clasificaciones_panel_ENOE,Misma categoria en ambas mediciones; destino historico oficial; empleo continuo
5245,alta_damian,1,1,58,18571,18531,TRUE,1,TRUE,0.75618215947115,TRUE,22,36,1,1,0.6928965863453815,0.786673116459064,TRUE,TRUE,TRUE,TRUE,TRUE,concordancia_estable_panel,CONSENSO_PANEL_0099,egp,consenso_clasificaciones_panel_ENOE,Misma categoria en ambas mediciones; destino historico oficial; empleo continuo
5246,alta_damian,0,0,163,46864,46819,TRUE,0.8085436759200152,TRUE,1,TRUE,81,82,0.8137620998441069,0.8038053854763315,1,1,TRUE,TRUE,TRUE,TRUE,TRUE,concordancia_estable_panel,CONSENSO_PANEL_0100,egp,consenso_clasificaciones_panel_ENOE,Misma categoria en ambas mediciones; destino historico oficial; empleo continuo
5248,alta_damian,0,0,112,33870,34114,TRUE,1,TRUE,1,TRUE,57,55,1,1,1,1,TRUE,TRUE,TRUE,TRUE,TRUE,concordancia_estable_panel,CONSENSO_PANEL_0101,egp,consenso_clasificaciones_panel_ENOE,Misma categoria en ambas mediciones; destino historico oficial; empleo continuo
5248,alta_damian,1,1,14,2715,2731,TRUE,1,TRUE,1,TRUE,7,7,1,1,1,1,TRUE,TRUE,TRUE,TRUE,TRUE,concordancia_estable_panel,CONSENSO_PANEL_0102,egp,consenso_clasificaciones_panel_ENOE,Misma categoria en ambas mediciones; destino historico oficial; empleo continuo
5251,alta_damian,0,0,45,14609,15341,TRUE,1,TRUE,1,TRUE,26,19,1,1,1,1,TRUE,TRUE,TRUE,TRUE,TRUE,concordancia_estable_panel,CONSENSO_PANEL_0103,egp,consenso_clasificaciones_panel_ENOE,Misma categoria en ambas mediciones; destino historico oficial; empleo continuo
5251,alta_damian,1,1,15,4556,4624,TRUE,1,TRUE,1,TRUE,10,5,1,1,1,1,TRUE,TRUE,TRUE,TRUE,TRUE,concordancia_estable_panel,CONSENSO_PANEL_0104,egp,consenso_clasificaciones_panel_ENOE,Misma categoria en ambas mediciones; destino historico oficial; empleo continuo
5260,alta_damian,0,0,455,136001,134987,TRUE,0.9931937516887821,TRUE,1,TRUE,237,218,0.9875875662573582,1,1,1,TRUE,TRUE,TRUE,TRUE,TRUE,concordancia_estable_panel,CONSENSO_PANEL_0105,egp,consenso_clasificaciones_panel_ENOE,Misma categoria en ambas mediciones; destino historico oficial; empleo continuo
5260,alta_damian,1,1,127,27704,27937,TRUE,1,TRUE,0.9678168087022795,TRUE,60,67,1,1,0.9257097161135546,1,TRUE,TRUE,TRUE,TRUE,TRUE,concordancia_estable_panel,CONSENSO_PANEL_0106,egp,consenso_clasificaciones_panel_ENOE,Misma categoria en ambas mediciones; destino historico oficial; empleo continuo
5261,alta_damian,0,0,131,30278,30330,TRUE,0.9969050441195838,TRUE,1,TRUE,61,70,1,0.9937132156233279,1,1,TRUE,TRUE,TRUE,TRUE,TRUE,concordancia_estable_panel,CONSENSO_PANEL_0107,egp,consenso_clasificaciones_panel_ENOE,Misma categoria en ambas mediciones; destino historico oficial; empleo continuo
5262,alta_damian,0,0,23,5025,4831,TRUE,1,TRUE,1,TRUE,9,14,1,1,1,1,TRUE,TRUE,TRUE,TRUE,TRUE,concordancia_estable_panel,CONSENSO_PANEL_0108,egp,consenso_clasificaciones_panel_ENOE,Misma categoria en ambas mediciones; destino historico oficial; empleo continuo
5264,alta_damian,0,0,13,1800,1786,TRUE,1,TRUE,1,TRUE,8,5,1,1,1,1,TRUE,TRUE,TRUE,TRUE,TRUE,concordancia_estable_panel,CONSENSO_PANEL_0109,egp,consenso_clasificaciones_panel_ENOE,Misma categoria en ambas mediciones; destino historico oficial; empleo continuo
5266,alta_damian,0,0,25,11577,11200,TRUE,1,TRUE,1,TRUE,11,14,1,1,1,1,TRUE,TRUE,TRUE,TRUE,TRUE,concordancia_estable_panel,CONSENSO_PANEL_0110,egp,consenso_clasificaciones_panel_ENOE,Misma categoria en ambas mediciones; destino historico oficial; empleo continuo
5267,alta_damian,0,0,153,36932,37301,TRUE,0.9206072238701797,TRUE,1,TRUE,77,76,0.8948277471758006,0.9501470981545868,1,1,TRUE,TRUE,TRUE,TRUE,TRUE,concordancia_estable_panel,CONSENSO_PANEL_0111,egp,consenso_clasificaciones_panel_ENOE,Misma categoria en ambas mediciones; destino historico oficial; empleo continuo
5270,alta_damian,0,0,209,51693,50886,TRUE,0.8349431451091872,TRUE,1,TRUE,84,125,0.7990461049284578,0.8595178493687419,1,1,TRUE,TRUE,TRUE,TRUE,TRUE,concordancia_estable_panel,CONSENSO_PANEL_0112,egp,consenso_clasificaciones_panel_ENOE,Misma categoria en ambas mediciones; destino historico oficial; empleo continuo
5271,alta_damian,1,1,47,14382,14150,TRUE,0.7859016393442623,TRUE,1,TRUE,22,25,0.8001545765706084,0.7719355187709618,1,1,TRUE,TRUE,TRUE,TRUE,TRUE,concordancia_estable_panel,CONSENSO_PANEL_0113,egp,consenso_clasificaciones_panel_ENOE,Misma categoria en ambas mediciones; destino historico oficial; empleo continuo
5272,alta_damian,1,1,29,9370,9666,TRUE,0.6204065417466729,TRUE,1,TRUE,12,17,0.6774378585086042,0.5901954826293933,1,1,TRUE,TRUE,TRUE,TRUE,TRUE,concordancia_estable_panel,CONSENSO_PANEL_0114,egp,consenso_clasificaciones_panel_ENOE,Misma categoria en ambas mediciones; destino historico oficial; empleo continuo
5280,alta_damian,0,0,70,25646,25811,TRUE,0.982643013142266,TRUE,1,TRUE,38,32,1,0.9533566721581549,1,1,TRUE,TRUE,TRUE,TRUE,TRUE,concordancia_estable_panel,CONSENSO_PANEL_0115,egp,consenso_clasificaciones_panel_ENOE,Misma categoria en ambas mediciones; destino historico oficial; empleo continuo
5281,alta_damian,0,0,38,6438,6142,TRUE,1,TRUE,1,TRUE,7,31,1,1,1,1,TRUE,TRUE,TRUE,TRUE,TRUE,concordancia_estable_panel,CONSENSO_PANEL_0116,egp,consenso_clasificaciones_panel_ENOE,Misma categoria en ambas mediciones; destino historico oficial; empleo continuo
5290,alta_damian,0,0,40,12397,12495,TRUE,0.8171511436292928,TRUE,0.9856432909994478,TRUE,18,22,0.9875756610385473,0.772689494680851,0.944647201946472,1,TRUE,TRUE,TRUE,TRUE,TRUE,concordancia_estable_panel,CONSENSO_PANEL_0117,egp,consenso_clasificaciones_panel_ENOE,Misma categoria en ambas mediciones; destino historico oficial; empleo continuo
5300,alta_damian,0,0,18,9187,9253,TRUE,1,TRUE,1,TRUE,8,10,1,1,1,1,TRUE,TRUE,TRUE,TRUE,TRUE,concordancia_estable_panel,CONSENSO_PANEL_0118,egp,consenso_clasificaciones_panel_ENOE,Misma categoria en ambas mediciones; destino historico oficial; empleo continuo
5302,alta_damian,0,0,55,15733,16057,TRUE,1,TRUE,1,TRUE,35,20,1,1,1,1,TRUE,TRUE,TRUE,TRUE,TRUE,concordancia_estable_panel,CONSENSO_PANEL_0119,egp,consenso_clasificaciones_panel_ENOE,Misma categoria en ambas mediciones; destino historico oficial; empleo continuo
5304,alta_damian,0,0,24,6551,6795,TRUE,1,TRUE,1,TRUE,14,10,1,1,1,1,TRUE,TRUE,TRUE,TRUE,TRUE,concordancia_estable_panel,CONSENSO_PANEL_0120,egp,consenso_clasificaciones_panel_ENOE,Misma categoria en ambas mediciones; destino historico oficial; empleo continuo
5306,alta_damian,0,0,30,9823,9827,TRUE,0.9971576489696478,TRUE,1,TRUE,12,18,0.9925886712546321,1,1,1,TRUE,TRUE,TRUE,TRUE,TRUE,concordancia_estable_panel,CONSENSO_PANEL_0121,egp,consenso_clasificaciones_panel_ENOE,Misma categoria en ambas mediciones; destino historico oficial; empleo continuo
5310,alta_damian,0,0,22,4740,4815,TRUE,0.9636104899369791,TRUE,1,TRUE,9,13,0.9629874421678783,0.9638872577803875,1,1,TRUE,TRUE,TRUE,TRUE,TRUE,concordancia_estable_panel,CONSENSO_PANEL_0122,egp,consenso_clasificaciones_panel_ENOE,Misma categoria en ambas mediciones; destino historico oficial; empleo continuo
5320,alta_damian,0,0,23,4889,4897,TRUE,0.8887475004544628,TRUE,1,TRUE,14,9,1,0.7485620377978636,1,1,TRUE,TRUE,TRUE,TRUE,TRUE,concordancia_estable_panel,CONSENSO_PANEL_0123,egp,consenso_clasificaciones_panel_ENOE,Misma categoria en ambas mediciones; destino historico oficial; empleo continuo
5321,alta_damian,0,0,34,16835,16914,TRUE,0.9874479441609478,TRUE,1,TRUE,20,14,0.9775351669116104,1,1,1,TRUE,TRUE,TRUE,TRUE,TRUE,concordancia_estable_panel,CONSENSO_PANEL_0124,egp,consenso_clasificaciones_panel_ENOE,Misma categoria en ambas mediciones; destino historico oficial; empleo continuo
5322,alta_damian,0,0,287,73227,73767,TRUE,1,TRUE,1,TRUE,144,143,1,1,1,1,TRUE,TRUE,TRUE,TRUE,TRUE,concordancia_estable_panel,CONSENSO_PANEL_0125,egp,consenso_clasificaciones_panel_ENOE,Misma categoria en ambas mediciones; destino historico oficial; empleo continuo
5323,alta_damian,0,0,168,24226,24426,TRUE,1,TRUE,1,TRUE,73,95,1,1,1,1,TRUE,TRUE,TRUE,TRUE,TRUE,concordancia_estable_panel,CONSENSO_PANEL_0126,egp,consenso_clasificaciones_panel_ENOE,Misma categoria en ambas mediciones; destino historico oficial; empleo continuo
5324,alta_damian,0,0,20,5089,5170,TRUE,1,TRUE,1,TRUE,12,8,1,1,1,1,TRUE,TRUE,TRUE,TRUE,TRUE,concordancia_estable_panel,CONSENSO_PANEL_0127,egp,consenso_clasificaciones_panel_ENOE,Misma categoria en ambas mediciones; destino historico oficial; empleo continuo
5330,alta_damian,0,0,22,4402,4214,TRUE,1,TRUE,1,TRUE,10,12,1,1,1,1,TRUE,TRUE,TRUE,TRUE,TRUE,concordancia_estable_panel,CONSENSO_PANEL_0128,egp,consenso_clasificaciones_panel_ENOE,Misma categoria en ambas mediciones; destino historico oficial; empleo continuo
5331,alta_damian,0,0,15,6680,6888,TRUE,1,TRUE,1,TRUE,6,9,1,1,1,1,TRUE,TRUE,TRUE,TRUE,TRUE,concordancia_estable_panel,CONSENSO_PANEL_0129,egp,consenso_clasificaciones_panel_ENOE,Misma categoria en ambas mediciones; destino historico oficial; empleo continuo
5332,alta_damian,0,0,17,5536,5453,TRUE,1,TRUE,1,TRUE,11,6,1,1,1,1,TRUE,TRUE,TRUE,TRUE,TRUE,concordancia_estable_panel,CONSENSO_PANEL_0130,egp,consenso_clasificaciones_panel_ENOE,Misma categoria en ambas mediciones; destino historico oficial; empleo continuo
5333,alta_damian,0,0,18,6690,6975,TRUE,1,TRUE,1,TRUE,11,7,1,1,1,1,TRUE,TRUE,TRUE,TRUE,TRUE,concordancia_estable_panel,CONSENSO_PANEL_0131,egp,consenso_clasificaciones_panel_ENOE,Misma categoria en ambas mediciones; destino historico oficial; empleo continuo
5334,alta_damian,0,0,16,4808,4900,TRUE,1,TRUE,1,TRUE,8,8,1,1,1,1,TRUE,TRUE,TRUE,TRUE,TRUE,concordancia_estable_panel,CONSENSO_PANEL_0132,egp,consenso_clasificaciones_panel_ENOE,Misma categoria en ambas mediciones; destino historico oficial; empleo continuo
5340,alta_damian,0,0,25,6089,6119,TRUE,0.9817800709448565,TRUE,1,TRUE,9,16,0.8974591651542649,1,1,1,TRUE,TRUE,TRUE,TRUE,TRUE,concordancia_estable_panel,CONSENSO_PANEL_0133,egp,consenso_clasificaciones_panel_ENOE,Misma categoria en ambas mediciones; destino historico oficial; empleo continuo
5342,alta_damian,0,0,43,12285,12383,TRUE,0.9806034482758621,TRUE,1,TRUE,24,19,1,0.9649401240802193,1,1,TRUE,TRUE,TRUE,TRUE,TRUE,concordancia_estable_panel,CONSENSO_PANEL_0134,egp,consenso_clasificaciones_panel_ENOE,Misma categoria en ambas mediciones; destino historico oficial; empleo continuo
5343,alta_damian,0,0,220,50831,50900,TRUE,0.954895551547941,TRUE,1,TRUE,106,114,0.946750076289289,0.9627998223275096,1,1,TRUE,TRUE,TRUE,TRUE,TRUE,concordancia_estable_panel,CONSENSO_PANEL_0135,egp,consenso_clasificaciones_panel_ENOE,Misma categoria en ambas mediciones; destino historico oficial; empleo continuo
5344,alta_damian,0,0,270,57872,58034,TRUE,0.9827302212637334,TRUE,1,TRUE,140,130,0.9895450012037005,0.9760834563263115,1,1,TRUE,TRUE,TRUE,TRUE,TRUE,concordancia_estable_panel,CONSENSO_PANEL_0136,egp,consenso_clasificaciones_panel_ENOE,Misma categoria en ambas mediciones; destino historico oficial; empleo continuo
5345,alta_damian,0,0,374,115451,119395,TRUE,0.9718015841617494,TRUE,1,TRUE,191,183,0.9768981356390165,0.9652952110840696,1,1,TRUE,TRUE,TRUE,TRUE,TRUE,concordancia_estable_panel,CONSENSO_PANEL_0137,egp,consenso_clasificaciones_panel_ENOE,Misma categoria en ambas mediciones; destino historico oficial; empleo continuo
5350,alta_damian,0,0,15,3517,3589,TRUE,1,TRUE,1,TRUE,10,5,1,1,1,1,TRUE,TRUE,TRUE,TRUE,TRUE,concordancia_estable_panel,CONSENSO_PANEL_0138,egp,consenso_clasificaciones_panel_ENOE,Misma categoria en ambas mediciones; destino historico oficial; empleo continuo
5353,alta_damian,0,0,14,5773,5765,TRUE,0.7911470467315335,TRUE,1,TRUE,6,8,1,0.6884709730171709,1,1,TRUE,TRUE,TRUE,TRUE,TRUE,concordancia_estable_panel,CONSENSO_PANEL_0139,egp,consenso_clasificaciones_panel_ENOE,Misma categoria en ambas mediciones; destino historico oficial; empleo continuo
5371,alta_damian,0,0,17,6130,6133,TRUE,1,TRUE,1,TRUE,5,12,1,1,1,1,TRUE,TRUE,TRUE,TRUE,TRUE,concordancia_estable_panel,CONSENSO_PANEL_0140,egp,consenso_clasificaciones_panel_ENOE,Misma categoria en ambas mediciones; destino historico oficial; empleo continuo
5380,alta_damian,0,0,41,12788,13021,TRUE,0.9690081079033114,TRUE,1,TRUE,19,22,0.972932005197055,0.9668959086140576,1,1,TRUE,TRUE,TRUE,TRUE,TRUE,concordancia_estable_panel,CONSENSO_PANEL_0141,egp,consenso_clasificaciones_panel_ENOE,Misma categoria en ambas mediciones; destino historico oficial; empleo continuo
5381,alta_damian,0,0,11,3437,3493,TRUE,0.9311839609861826,TRUE,1,TRUE,5,6,1,0.916775884665793,1,1,TRUE,TRUE,TRUE,TRUE,TRUE,concordancia_estable_panel,CONSENSO_PANEL_0142,egp,consenso_clasificaciones_panel_ENOE,Misma categoria en ambas mediciones; destino historico oficial; empleo continuo
5382,alta_damian,0,0,22,14274,15045,TRUE,0.9893948845913911,TRUE,1,TRUE,16,6,0.985188770571152,1,1,1,TRUE,TRUE,TRUE,TRUE,TRUE,concordancia_estable_panel,CONSENSO_PANEL_0143,egp,consenso_clasificaciones_panel_ENOE,Misma categoria en ambas mediciones; destino historico oficial; empleo continuo
5383,alta_damian,0,0,144,46212,45729,TRUE,0.9974099974099974,TRUE,1,TRUE,80,64,1,0.9936295588469501,1,1,TRUE,TRUE,TRUE,TRUE,TRUE,concordancia_estable_panel,CONSENSO_PANEL_0144,egp,consenso_clasificaciones_panel_ENOE,Misma categoria en ambas mediciones; destino historico oficial; empleo continuo
5390,alta_damian,0,0,12,3522,3596,TRUE,1,TRUE,1,TRUE,6,6,1,1,1,1,TRUE,TRUE,TRUE,TRUE,TRUE,concordancia_estable_panel,CONSENSO_PANEL_0145,egp,consenso_clasificaciones_panel_ENOE,Misma categoria en ambas mediciones; destino historico oficial; empleo continuo
5400,alta_damian,0,0,322,94301,94759,TRUE,0.9910668306165988,TRUE,1,TRUE,173,149,0.9842673949180717,0.9987673412671731,1,1,TRUE,TRUE,TRUE,TRUE,TRUE,concordancia_estable_panel,CONSENSO_PANEL_0146,egp,consenso_clasificaciones_panel_ENOE,Misma categoria en ambas mediciones; destino historico oficial; empleo continuo
5401,alta_damian,0,0,104,36051,36350,TRUE,0.9740880843015401,TRUE,1,TRUE,48,56,1,0.9529047782743211,1,1,TRUE,TRUE,TRUE,TRUE,TRUE,concordancia_estable_panel,CONSENSO_PANEL_0147,egp,consenso_clasificaciones_panel_ENOE,Misma categoria en ambas mediciones; destino historico oficial; empleo continuo
5410,alta_damian,0,0,18,2548,2559,TRUE,0.8949771689497716,TRUE,1,TRUE,7,11,1,0.8455578512396694,1,1,TRUE,TRUE,TRUE,TRUE,TRUE,concordancia_estable_panel,CONSENSO_PANEL_0148,egp,consenso_clasificaciones_panel_ENOE,Misma categoria en ambas mediciones; destino historico oficial; empleo continuo
5420,alta_damian,0,0,99,22658,23274,TRUE,1,TRUE,1,TRUE,51,48,1,1,1,1,TRUE,TRUE,TRUE,TRUE,TRUE,concordancia_estable_panel,CONSENSO_PANEL_0149,egp,consenso_clasificaciones_panel_ENOE,Misma categoria en ambas mediciones; destino historico oficial; empleo continuo
5421,alta_damian,0,0,30,7618,7724,TRUE,0.878358122910181,TRUE,1,TRUE,18,12,0.8176318063958513,1,1,1,TRUE,TRUE,TRUE,TRUE,TRUE,concordancia_estable_panel,CONSENSO_PANEL_0150,egp,consenso_clasificaciones_panel_ENOE,Misma categoria en ambas mediciones; destino historico oficial; empleo continuo
5430,alta_damian,0,0,71,18488,18765,TRUE,0.9937647817673618,TRUE,1,TRUE,24,47,1,0.9899861878453039,1,1,TRUE,TRUE,TRUE,TRUE,TRUE,concordancia_estable_panel,CONSENSO_PANEL_0151,egp,consenso_clasificaciones_panel_ENOE,Misma categoria en ambas mediciones; destino historico oficial; empleo continuo
5440,alta_damian,0,0,337,99968,98190,TRUE,0.9895470383275261,TRUE,1,TRUE,178,159,0.9903073940736639,0.9885312615612283,1,1,TRUE,TRUE,TRUE,TRUE,TRUE,concordancia_estable_panel,CONSENSO_PANEL_0152,egp,consenso_clasificaciones_panel_ENOE,Misma categoria en ambas mediciones; destino historico oficial; empleo continuo
5441,alta_damian,0,0,54,14648,14717,TRUE,0.8236617183985605,TRUE,1,TRUE,25,29,0.8554310440474869,0.7910158476798541,1,1,TRUE,TRUE,TRUE,TRUE,TRUE,concordancia_estable_panel,CONSENSO_PANEL_0153,egp,consenso_clasificaciones_panel_ENOE,Misma categoria en ambas mediciones; destino historico oficial; empleo continuo
5450,alta_damian,0,0,37,9207,9133,TRUE,0.988936627282492,TRUE,1,TRUE,20,17,0.9749330737405695,1,1,1,TRUE,TRUE,TRUE,TRUE,TRUE,concordancia_estable_panel,CONSENSO_PANEL_0154,egp,consenso_clasificaciones_panel_ENOE,Misma categoria en ambas mediciones; destino historico oficial; empleo continuo
5460,alta_damian,0,0,823,260597,261358,TRUE,0.9952566271640206,TRUE,1,TRUE,403,420,0.9919271501052811,0.998475243360173,1,1,TRUE,TRUE,TRUE,TRUE,TRUE,concordancia_estable_panel,CONSENSO_PANEL_0155,egp,consenso_clasificaciones_panel_ENOE,Misma categoria en ambas mediciones; destino historico oficial; empleo continuo
5470,alta_damian,0,0,45,12537,12571,TRUE,0.9851485148514851,TRUE,1,TRUE,23,22,1,0.9714372071935923,1,1,TRUE,TRUE,TRUE,TRUE,TRUE,concordancia_estable_panel,CONSENSO_PANEL_0156,egp,consenso_clasificaciones_panel_ENOE,Misma categoria en ambas mediciones; destino historico oficial; empleo continuo
5480,alta_damian,0,0,27,6861,7067,TRUE,0.9030007896814951,TRUE,1,TRUE,12,15,1,0.8633413684405711,1,1,TRUE,TRUE,TRUE,TRUE,TRUE,concordancia_estable_panel,CONSENSO_PANEL_0157,egp,consenso_clasificaciones_panel_ENOE,Misma categoria en ambas mediciones; destino historico oficial; empleo continuo
5481,alta_damian,0,0,57,21546,21711,TRUE,0.9778524099119542,TRUE,1,TRUE,25,32,0.9877049180327869,0.9719027514922114,1,1,TRUE,TRUE,TRUE,TRUE,TRUE,concordancia_estable_panel,CONSENSO_PANEL_0158,egp,consenso_clasificaciones_panel_ENOE,Misma categoria en ambas mediciones; destino historico oficial; empleo continuo
5500,alta_damian,0,0,34,10949,11012,TRUE,1,TRUE,0.9619147449336128,TRUE,23,11,1,1,1,0.930672602957545,TRUE,TRUE,TRUE,TRUE,TRUE,concordancia_estable_panel,CONSENSO_PANEL_0159,egp,consenso_clasificaciones_panel_ENOE,Misma categoria en ambas mediciones; destino historico oficial; empleo continuo
5501,alta_damian,0,0,69,16816,16853,TRUE,0.9769927957239135,TRUE,1,TRUE,34,35,0.9744081172491544,0.9797410692879406,1,1,TRUE,TRUE,TRUE,TRUE,TRUE,concordancia_estable_panel,CONSENSO_PANEL_0160,egp,consenso_clasificaciones_panel_ENOE,Misma categoria en ambas mediciones; destino historico oficial; empleo continuo
5502,alta_damian,0,0,125,30546,30792,TRUE,0.9170219153407385,TRUE,1,TRUE,60,65,0.8693009118541033,0.9494980071641189,1,1,TRUE,TRUE,TRUE,TRUE,TRUE,concordancia_estable_panel,CONSENSO_PANEL_0161,egp,consenso_clasificaciones_panel_ENOE,Misma categoria en ambas mediciones; destino historico oficial; empleo continuo
5520,alta_damian,0,0,1230,374370,372837,TRUE,0.9763890011814628,TRUE,0.9983612220142509,TRUE,587,643,0.9731325961157782,0.9794057356458128,0.9966178315436947,1,TRUE,TRUE,TRUE,TRUE,TRUE,concordancia_estable_panel,CONSENSO_PANEL_0162,egp,consenso_clasificaciones_panel_ENOE,Misma categoria en ambas mediciones; destino historico oficial; empleo continuo
5521,alta_damian,0,0,465,144842,144017,TRUE,0.9898514969896192,TRUE,1,TRUE,243,222,1,0.9779231398201145,1,1,TRUE,TRUE,TRUE,TRUE,TRUE,concordancia_estable_panel,CONSENSO_PANEL_0163,egp,consenso_clasificaciones_panel_ENOE,Misma categoria en ambas mediciones; destino historico oficial; empleo continuo
5521,alta_damian,1,1,10,5399,5600,TRUE,1,TRUE,0.8115942028985508,TRUE,5,5,1,1,1,0.696969696969697,TRUE,TRUE,TRUE,TRUE,TRUE,concordancia_estable_panel,CONSENSO_PANEL_0164,egp,consenso_clasificaciones_panel_ENOE,Misma categoria en ambas mediciones; destino historico oficial; empleo continuo
5550,alta_damian,0,0,43,15139,15279,TRUE,1,TRUE,1,TRUE,24,19,1,1,1,1,TRUE,TRUE,TRUE,TRUE,TRUE,concordancia_estable_panel,CONSENSO_PANEL_0165,egp,consenso_clasificaciones_panel_ENOE,Misma categoria en ambas mediciones; destino historico oficial; empleo continuo
6100,alta_damian,1,1,84,19129,19127,TRUE,0.83836613051672,TRUE,1,TRUE,38,46,0.856029106029106,0.8254906418125332,1,1,TRUE,TRUE,TRUE,TRUE,TRUE,concordancia_estable_panel,CONSENSO_PANEL_0166,egp,consenso_clasificaciones_panel_ENOE,Misma categoria en ambas mediciones; destino historico oficial; empleo continuo
6101,alta_damian,1,1,169,37084,39271,TRUE,0.8027708626474727,TRUE,1,TRUE,77,92,0.7416691988250785,0.8483874626639949,1,1,TRUE,TRUE,TRUE,TRUE,TRUE,concordancia_estable_panel,CONSENSO_PANEL_0167,egp,consenso_clasificaciones_panel_ENOE,Misma categoria en ambas mediciones; destino historico oficial; empleo continuo
6102,alta_damian,1,1,82,15040,15380,TRUE,0.742972879513906,TRUE,1,TRUE,42,40,0.7063701470033924,0.7833039144429447,1,1,TRUE,TRUE,TRUE,TRUE,TRUE,concordancia_estable_panel,CONSENSO_PANEL_0168,egp,consenso_clasificaciones_panel_ENOE,Misma categoria en ambas mediciones; destino historico oficial; empleo continuo
6110,alta_damian,1,1,81,23500,24390,TRUE,0.6201018550281024,TRUE,1,TRUE,42,39,0.5995796111403048,0.6338817095223394,1,1,TRUE,TRUE,TRUE,TRUE,TRUE,concordancia_estable_panel,CONSENSO_PANEL_0169,egp,consenso_clasificaciones_panel_ENOE,Misma categoria en ambas mediciones; destino historico oficial; empleo continuo
6111,alta_damian,1,1,238,59192,61022,TRUE,0.5904733403162252,TRUE,1,TRUE,143,95,0.5921022258862325,0.5879782800858694,1,1,TRUE,TRUE,TRUE,TRUE,TRUE,concordancia_estable_panel,CONSENSO_PANEL_0170,egp,consenso_clasificaciones_panel_ENOE,Misma categoria en ambas mediciones; destino historico oficial; empleo continuo
6130,alta_damian,1,1,50,15403,17855,TRUE,0.8869630312104112,TRUE,1,TRUE,23,27,0.9038629419467481,0.8680809558644234,1,1,TRUE,TRUE,TRUE,TRUE,TRUE,concordancia_estable_panel,CONSENSO_PANEL_0171,egp,consenso_clasificaciones_panel_ENOE,Misma categoria en ambas mediciones; destino historico oficial; empleo continuo
6150,alta_damian,1,1,27,8154,8563,TRUE,0.6077364537527018,TRUE,1,TRUE,13,14,0.5078771169751871,0.668545389135388,1,1,TRUE,TRUE,TRUE,TRUE,TRUE,concordancia_estable_panel,CONSENSO_PANEL_0172,egp,consenso_clasificaciones_panel_ENOE,Misma categoria en ambas mediciones; destino historico oficial; empleo continuo
6170,alta_damian,1,1,40,4445,4592,TRUE,0.8624369421808304,TRUE,1,TRUE,22,18,0.8317430025445293,0.9104477611940298,1,1,TRUE,TRUE,TRUE,TRUE,TRUE,concordancia_estable_panel,CONSENSO_PANEL_0173,egp,consenso_clasificaciones_panel_ENOE,Misma categoria en ambas mediciones; destino historico oficial; empleo continuo
6190,alta_damian,1,1,19,6096,6375,TRUE,0.8052840158520476,TRUE,1,TRUE,9,10,0.9118096485483519,0.6420207427233189,1,1,TRUE,TRUE,TRUE,TRUE,TRUE,concordancia_estable_panel,CONSENSO_PANEL_0174,egp,consenso_clasificaciones_panel_ENOE,Misma categoria en ambas mediciones; destino historico oficial; empleo continuo
6200,alta_damian,0,0,987,229302,228086,TRUE,0.9040201539935422,TRUE,1,TRUE,471,516,0.9301847548788612,0.8793551104813694,1,1,TRUE,TRUE,TRUE,TRUE,TRUE,concordancia_estable_panel,CONSENSO_PANEL_0175,egp,consenso_clasificaciones_panel_ENOE,Misma categoria en ambas mediciones; destino historico oficial; empleo continuo
6202,alta_damian,0,0,149,40880,41324,TRUE,0.7964619011436476,TRUE,1,TRUE,73,76,0.7508765522279036,0.8485822858813212,1,1,TRUE,TRUE,TRUE,TRUE,TRUE,concordancia_estable_panel,CONSENSO_PANEL_0176,egp,consenso_clasificaciones_panel_ENOE,Misma categoria en ambas mediciones; destino historico oficial; empleo continuo
6210,alta_damian,0,0,441,116518,115712,TRUE,0.9440159445182617,TRUE,1,TRUE,228,213,0.9333445419252285,0.956053239543464,1,1,TRUE,TRUE,TRUE,TRUE,TRUE,concordancia_estable_panel,CONSENSO_PANEL_0177,egp,consenso_clasificaciones_panel_ENOE,Misma categoria en ambas mediciones; destino historico oficial; empleo continuo
6211,alta_damian,0,0,24,8316,8348,TRUE,0.9650690495532088,TRUE,1,TRUE,9,15,0.9178947368421052,0.9883821744407838,1,1,TRUE,TRUE,TRUE,TRUE,TRUE,concordancia_estable_panel,CONSENSO_PANEL_0178,egp,consenso_clasificaciones_panel_ENOE,Misma categoria en ambas mediciones; destino historico oficial; empleo continuo
6220,alta_damian,0,0,57,13574,13722,TRUE,0.7757014686553517,TRUE,1,TRUE,25,32,0.5568248733953598,0.9820159857904085,1,1,TRUE,TRUE,TRUE,TRUE,TRUE,concordancia_estable_panel,CONSENSO_PANEL_0179,egp,consenso_clasificaciones_panel_ENOE,Misma categoria en ambas mediciones; destino historico oficial; empleo continuo
6221,alta_damian,0,0,290,85940,84725,TRUE,0.859494544399884,TRUE,1,TRUE,136,154,0.8540245882625841,0.8636403593593418,1,1,TRUE,TRUE,TRUE,TRUE,TRUE,concordancia_estable_panel,CONSENSO_PANEL_0180,egp,consenso_clasificaciones_panel_ENOE,Misma categoria en ambas mediciones; destino historico oficial; empleo continuo
6230,alta_damian,0,0,244,62965,63773,TRUE,0.8757423608116942,TRUE,1,TRUE,122,122,0.9008125188083057,0.8541984535415966,1,1,TRUE,TRUE,TRUE,TRUE,TRUE,concordancia_estable_panel,CONSENSO_PANEL_0181,egp,consenso_clasificaciones_panel_ENOE,Misma categoria en ambas mediciones; destino historico oficial; empleo continuo
6231,alta_damian,0,0,10,1144,1221,TRUE,0.6341463414634146,TRUE,1,TRUE,5,5,0.5029940119760479,0.7980049875311721,1,1,TRUE,TRUE,TRUE,TRUE,TRUE,concordancia_estable_panel,CONSENSO_PANEL_0182,egp,consenso_clasificaciones_panel_ENOE,Misma categoria en ambas mediciones; destino historico oficial; empleo continuo
6232,alta_damian,0,0,32,8234,8271,TRUE,0.8651886098560471,TRUE,1,TRUE,17,15,0.9069204152249135,0.8006422263848006,1,1,TRUE,TRUE,TRUE,TRUE,TRUE,concordancia_estable_panel,CONSENSO_PANEL_0183,egp,consenso_clasificaciones_panel_ENOE,Misma categoria en ambas mediciones; destino historico oficial; empleo continuo
6240,alta_damian,0,0,33,10364,10959,TRUE,0.8490210534938969,TRUE,1,TRUE,17,16,1,0.7806996668253213,1,1,TRUE,TRUE,TRUE,TRUE,TRUE,concordancia_estable_panel,CONSENSO_PANEL_0184,egp,consenso_clasificaciones_panel_ENOE,Misma categoria en ambas mediciones; destino historico oficial; empleo continuo
6250,alta_damian,0,0,23,8028,8069,TRUE,0.9392769392769392,TRUE,1,TRUE,6,17,0.8238188976377953,0.9548532731376975,1,1,TRUE,TRUE,TRUE,TRUE,TRUE,concordancia_estable_panel,CONSENSO_PANEL_0185,egp,consenso_clasificaciones_panel_ENOE,Misma categoria en ambas mediciones; destino historico oficial; empleo continuo
6251,alta_damian,0,0,88,18597,18287,TRUE,0.9040836169178416,TRUE,1,TRUE,42,46,0.8165907456245505,0.963771671573438,1,1,TRUE,TRUE,TRUE,TRUE,TRUE,concordancia_estable_panel,CONSENSO_PANEL_0186,egp,consenso_clasificaciones_panel_ENOE,Misma categoria en ambas mediciones; destino historico oficial; empleo continuo
6270,alta_damian,0,0,1047,223428,226988,TRUE,0.7664005982252194,TRUE,1,TRUE,537,510,0.7685735333604137,0.764243037420872,1,1,TRUE,TRUE,TRUE,TRUE,TRUE,concordancia_estable_panel,CONSENSO_PANEL_0187,egp,consenso_clasificaciones_panel_ENOE,Misma categoria en ambas mediciones; destino historico oficial; empleo continuo
7100,alta_damian,0,0,1378,448502,447864,TRUE,0.9934039160095686,TRUE,1,TRUE,693,685,0.991364584033896,0.9953949528332859,1,1,TRUE,TRUE,TRUE,TRUE,TRUE,concordancia_estable_panel,CONSENSO_PANEL_0188,egp,consenso_clasificaciones_panel_ENOE,Misma categoria en ambas mediciones; destino historico oficial; empleo continuo
7100,alta_damian,1,1,182,52202,49821,TRUE,1,TRUE,0.9470772740233818,TRUE,82,100,1,1,0.9362349318412257,0.958192177394518,TRUE,TRUE,TRUE,TRUE,TRUE,concordancia_estable_panel,CONSENSO_PANEL_0189,egp,consenso_clasificaciones_panel_ENOE,Misma categoria en ambas mediciones; destino historico oficial; empleo continuo
7111,alta_damian,0,0,2239,611449,613652,TRUE,0.9630998809216288,TRUE,1,TRUE,1121,1118,0.9662052171151021,0.960278379028379,1,1,TRUE,TRUE,TRUE,TRUE,TRUE,concordancia_estable_panel,CONSENSO_PANEL_0190,egp,consenso_clasificaciones_panel_ENOE,Misma categoria en ambas mediciones; destino historico oficial; empleo continuo
7120,alta_damian,0,0,22,6464,6636,TRUE,0.9849154350144751,TRUE,1,TRUE,11,11,1,0.9698630136986301,1,1,TRUE,TRUE,TRUE,TRUE,TRUE,concordancia_estable_panel,CONSENSO_PANEL_0191,egp,consenso_clasificaciones_panel_ENOE,Misma categoria en ambas mediciones; destino historico oficial; empleo continuo
7121,alta_damian,0,0,91,22237,22538,TRUE,0.9980252232844127,TRUE,1,TRUE,46,45,1,0.9962699220074601,1,1,TRUE,TRUE,TRUE,TRUE,TRUE,concordancia_estable_panel,CONSENSO_PANEL_0192,egp,consenso_clasificaciones_panel_ENOE,Misma categoria en ambas mediciones; destino historico oficial; empleo continuo
7130,alta_damian,0,0,216,53175,53934,TRUE,0.9409838966554592,TRUE,1,TRUE,103,113,0.9853470971317722,0.8946530641777006,1,1,TRUE,TRUE,TRUE,TRUE,TRUE,concordancia_estable_panel,CONSENSO_PANEL_0193,egp,consenso_clasificaciones_panel_ENOE,Misma categoria en ambas mediciones; destino historico oficial; empleo continuo
7131,alta_damian,0,0,57,17256,17545,TRUE,0.9924656352447231,TRUE,1,TRUE,34,23,0.9942190226876091,0.9905097943788782,1,1,TRUE,TRUE,TRUE,TRUE,TRUE,concordancia_estable_panel,CONSENSO_PANEL_0194,egp,consenso_clasificaciones_panel_ENOE,Misma categoria en ambas mediciones; destino historico oficial; empleo continuo
7133,alta_damian,0,0,36,9807,10532,TRUE,0.7738499171466898,TRUE,1,TRUE,19,17,0.6768335273573923,0.9779573842762674,1,1,TRUE,TRUE,TRUE,TRUE,TRUE,concordancia_estable_panel,CONSENSO_PANEL_0195,egp,consenso_clasificaciones_panel_ENOE,Misma categoria en ambas mediciones; destino historico oficial; empleo continuo
7200,alta_damian,0,0,15,4956,5131,TRUE,1,TRUE,1,TRUE,9,6,1,1,1,1,TRUE,TRUE,TRUE,TRUE,TRUE,concordancia_estable_panel,CONSENSO_PANEL_0196,egp,consenso_clasificaciones_panel_ENOE,Misma categoria en ambas mediciones; destino historico oficial; empleo continuo
7201,alta_damian,0,0,941,285269,287514,TRUE,0.9867417036201755,TRUE,1,TRUE,459,482,0.9880782102259118,0.9853758838463313,1,1,TRUE,TRUE,TRUE,TRUE,TRUE,concordancia_estable_panel,CONSENSO_PANEL_0197,egp,consenso_clasificaciones_panel_ENOE,Misma categoria en ambas mediciones; destino historico oficial; empleo continuo
7210,alta_damian,0,0,674,213651,215950,TRUE,1,TRUE,1,TRUE,332,342,1,1,1,1,TRUE,TRUE,TRUE,TRUE,TRUE,concordancia_estable_panel,CONSENSO_PANEL_0198,egp,consenso_clasificaciones_panel_ENOE,Misma categoria en ambas mediciones; destino historico oficial; empleo continuo
7210,alta_damian,1,1,37,10573,10846,TRUE,1,TRUE,1,TRUE,20,17,1,1,1,1,TRUE,TRUE,TRUE,TRUE,TRUE,concordancia_estable_panel,CONSENSO_PANEL_0199,egp,consenso_clasificaciones_panel_ENOE,Misma categoria en ambas mediciones; destino historico oficial; empleo continuo
7211,alta_damian,0,0,37,13492,13375,TRUE,1,TRUE,1,TRUE,15,22,1,1,1,1,TRUE,TRUE,TRUE,TRUE,TRUE,concordancia_estable_panel,CONSENSO_PANEL_0200,egp,consenso_clasificaciones_panel_ENOE,Misma categoria en ambas mediciones; destino historico oficial; empleo continuo
7212,alta_damian,0,0,33,7252,7375,TRUE,1,TRUE,1,TRUE,11,22,1,1,1,1,TRUE,TRUE,TRUE,TRUE,TRUE,concordancia_estable_panel,CONSENSO_PANEL_0201,egp,consenso_clasificaciones_panel_ENOE,Misma categoria en ambas mediciones; destino historico oficial; empleo continuo
8100,alta_damian,0,0,635,165970,166671,TRUE,0.9989346783270237,TRUE,1,TRUE,330,305,1,0.9979406631762653,1,1,TRUE,TRUE,TRUE,TRUE,TRUE,concordancia_estable_panel,CONSENSO_PANEL_0202,egp,consenso_clasificaciones_panel_ENOE,Misma categoria en ambas mediciones; destino historico oficial; empleo continuo
8100,alta_damian,1,1,116,28679,28035,TRUE,1,TRUE,0.9936204146730463,TRUE,58,58,1,1,1,0.9844680300284753,TRUE,TRUE,TRUE,TRUE,TRUE,concordancia_estable_panel,CONSENSO_PANEL_0203,egp,consenso_clasificaciones_panel_ENOE,Misma categoria en ambas mediciones; destino historico oficial; empleo continuo
8101,alta_damian,0,0,358,88203,89797,TRUE,0.9996486615137022,TRUE,1,TRUE,192,166,1,0.9992053523365204,1,1,TRUE,TRUE,TRUE,TRUE,TRUE,concordancia_estable_panel,CONSENSO_PANEL_0204,egp,consenso_clasificaciones_panel_ENOE,Misma categoria en ambas mediciones; destino historico oficial; empleo continuo
8110,alta_damian,0,0,81,13247,13483,TRUE,0.933413190529876,TRUE,1,TRUE,47,34,0.9005949429846306,0.9766492488569563,1,1,TRUE,TRUE,TRUE,TRUE,TRUE,concordancia_estable_panel,CONSENSO_PANEL_0205,egp,consenso_clasificaciones_panel_ENOE,Misma categoria en ambas mediciones; destino historico oficial; empleo continuo
8111,alta_damian,0,0,32,12219,12369,TRUE,1,TRUE,1,TRUE,15,17,1,1,1,1,TRUE,TRUE,TRUE,TRUE,TRUE,concordancia_estable_panel,CONSENSO_PANEL_0206,egp,consenso_clasificaciones_panel_ENOE,Misma categoria en ambas mediciones; destino historico oficial; empleo continuo
8120,alta_damian,0,0,24,10864,12215,TRUE,1,TRUE,1,TRUE,13,11,1,1,1,1,TRUE,TRUE,TRUE,TRUE,TRUE,concordancia_estable_panel,CONSENSO_PANEL_0207,egp,consenso_clasificaciones_panel_ENOE,Misma categoria en ambas mediciones; destino historico oficial; empleo continuo
8122,alta_damian,0,0,77,18602,18210,TRUE,0.9935373604657374,TRUE,1,TRUE,37,40,0.985240302512808,1,1,1,TRUE,TRUE,TRUE,TRUE,TRUE,concordancia_estable_panel,CONSENSO_PANEL_0208,egp,consenso_clasificaciones_panel_ENOE,Misma categoria en ambas mediciones; destino historico oficial; empleo continuo
8123,alta_damian,0,0,92,21679,22207,TRUE,1,TRUE,1,TRUE,42,50,1,1,1,1,TRUE,TRUE,TRUE,TRUE,TRUE,concordancia_estable_panel,CONSENSO_PANEL_0209,egp,consenso_clasificaciones_panel_ENOE,Misma categoria en ambas mediciones; destino historico oficial; empleo continuo
8124,alta_damian,0,0,1031,261274,263714,TRUE,0.9799857469712314,TRUE,1,TRUE,518,513,0.9850957535387177,0.9749665427509294,1,1,TRUE,TRUE,TRUE,TRUE,TRUE,concordancia_estable_panel,CONSENSO_PANEL_0210,egp,consenso_clasificaciones_panel_ENOE,Misma categoria en ambas mediciones; destino historico oficial; empleo continuo
8125,alta_damian,0,0,193,55860,55418,TRUE,1,TRUE,1,TRUE,90,103,1,1,1,1,TRUE,TRUE,TRUE,TRUE,TRUE,concordancia_estable_panel,CONSENSO_PANEL_0211,egp,consenso_clasificaciones_panel_ENOE,Misma categoria en ambas mediciones; destino historico oficial; empleo continuo
8126,alta_damian,0,0,143,38979,40240,TRUE,0.9969308677971304,TRUE,1,TRUE,68,75,0.9963032413608358,0.997504159733777,1,1,TRUE,TRUE,TRUE,TRUE,TRUE,concordancia_estable_panel,CONSENSO_PANEL_0212,egp,consenso_clasificaciones_panel_ENOE,Misma categoria en ambas mediciones; destino historico oficial; empleo continuo
8130,alta_damian,0,0,380,103966,102788,TRUE,1,TRUE,1,TRUE,187,193,1,1,1,1,TRUE,TRUE,TRUE,TRUE,TRUE,concordancia_estable_panel,CONSENSO_PANEL_0213,egp,consenso_clasificaciones_panel_ENOE,Misma categoria en ambas mediciones; destino historico oficial; empleo continuo
8131,alta_damian,0,0,42,12356,12141,TRUE,1,TRUE,1,TRUE,21,21,1,1,1,1,TRUE,TRUE,TRUE,TRUE,TRUE,concordancia_estable_panel,CONSENSO_PANEL_0214,egp,consenso_clasificaciones_panel_ENOE,Misma categoria en ambas mediciones; destino historico oficial; empleo continuo
8132,alta_damian,0,0,17,3337,3440,TRUE,1,TRUE,1,TRUE,8,9,1,1,1,1,TRUE,TRUE,TRUE,TRUE,TRUE,concordancia_estable_panel,CONSENSO_PANEL_0215,egp,consenso_clasificaciones_panel_ENOE,Misma categoria en ambas mediciones; destino historico oficial; empleo continuo
8140,alta_damian,0,0,34,6517,6859,TRUE,0.7435253850541929,TRUE,1,TRUE,21,13,0.8062191103789127,0.665643387055513,1,1,TRUE,TRUE,TRUE,TRUE,TRUE,concordancia_estable_panel,CONSENSO_PANEL_0216,egp,consenso_clasificaciones_panel_ENOE,Misma categoria en ambas mediciones; destino historico oficial; empleo continuo
8150,alta_damian,0,0,44,12087,12677,TRUE,0.8373397990994111,TRUE,1,TRUE,14,30,0.7302151876222657,0.9056967771221062,1,1,TRUE,TRUE,TRUE,TRUE,TRUE,concordancia_estable_panel,CONSENSO_PANEL_0217,egp,consenso_clasificaciones_panel_ENOE,Misma categoria en ambas mediciones; destino historico oficial; empleo continuo
8190,alta_damian,0,0,35,8565,8311,TRUE,0.9844827586206897,TRUE,1,TRUE,16,19,1,0.973075388911049,1,1,TRUE,TRUE,TRUE,TRUE,TRUE,concordancia_estable_panel,CONSENSO_PANEL_0218,egp,consenso_clasificaciones_panel_ENOE,Misma categoria en ambas mediciones; destino historico oficial; empleo continuo
8200,alta_damian,0,0,2309,664576,661361,TRUE,1,TRUE,1,TRUE,1171,1138,1,1,1,1,TRUE,TRUE,TRUE,TRUE,TRUE,concordancia_estable_panel,CONSENSO_PANEL_0219,egp,consenso_clasificaciones_panel_ENOE,Misma categoria en ambas mediciones; destino historico oficial; empleo continuo
8201,alta_damian,0,0,154,46568,46241,TRUE,0.9984776689037071,TRUE,1,TRUE,77,77,1,0.9974349710982658,1,1,TRUE,TRUE,TRUE,TRUE,TRUE,concordancia_estable_panel,CONSENSO_PANEL_0220,egp,consenso_clasificaciones_panel_ENOE,Misma categoria en ambas mediciones; destino historico oficial; empleo continuo
8202,alta_damian,0,0,29,10249,9579,TRUE,1,TRUE,1,TRUE,13,16,1,1,1,1,TRUE,TRUE,TRUE,TRUE,TRUE,concordancia_estable_panel,CONSENSO_PANEL_0221,egp,consenso_clasificaciones_panel_ENOE,Misma categoria en ambas mediciones; destino historico oficial; empleo continuo
8203,alta_damian,0,0,56,13463,13231,TRUE,1,TRUE,1,TRUE,28,28,1,1,1,1,TRUE,TRUE,TRUE,TRUE,TRUE,concordancia_estable_panel,CONSENSO_PANEL_0222,egp,consenso_clasificaciones_panel_ENOE,Misma categoria en ambas mediciones; destino historico oficial; empleo continuo
8204,alta_damian,0,0,19,3846,3792,TRUE,1,TRUE,1,TRUE,12,7,1,1,1,1,TRUE,TRUE,TRUE,TRUE,TRUE,concordancia_estable_panel,CONSENSO_PANEL_0223,egp,consenso_clasificaciones_panel_ENOE,Misma categoria en ambas mediciones; destino historico oficial; empleo continuo
8300,alta_damian,0,0,24,3883,3844,TRUE,0.9616146607231303,TRUE,1,TRUE,13,11,1,0.9053145998778253,1,1,TRUE,TRUE,TRUE,TRUE,TRUE,concordancia_estable_panel,CONSENSO_PANEL_0224,egp,consenso_clasificaciones_panel_ENOE,Misma categoria en ambas mediciones; destino historico oficial; empleo continuo
8303,alta_damian,0,0,512,155140,154951,TRUE,0.9745648254590455,TRUE,1,TRUE,248,264,0.9911450423085268,0.9602551348820879,1,1,TRUE,TRUE,TRUE,TRUE,TRUE,concordancia_estable_panel,CONSENSO_PANEL_0225,egp,consenso_clasificaciones_panel_ENOE,Misma categoria en ambas mediciones; destino historico oficial; empleo continuo
1100,baja_damian,0,0,59,13799,14438,TRUE,1,TRUE,1,TRUE,27,32,1,1,1,1,TRUE,TRUE,TRUE,TRUE,TRUE,concordancia_estable_panel,CONSENSO_PANEL_0226,egp,consenso_clasificaciones_panel_ENOE,Misma categoria en ambas mediciones; destino historico oficial; empleo continuo
1101,baja_damian,0,0,51,9929,9710,TRUE,1,TRUE,1,TRUE,23,28,1,1,1,1,TRUE,TRUE,TRUE,TRUE,TRUE,concordancia_estable_panel,CONSENSO_PANEL_0227,egp,consenso_clasificaciones_panel_ENOE,Misma categoria en ambas mediciones; destino historico oficial; empleo continuo
1103,baja_damian,0,0,12,2549,2552,TRUE,1,TRUE,1,TRUE,6,6,1,1,1,1,TRUE,TRUE,TRUE,TRUE,TRUE,concordancia_estable_panel,CONSENSO_PANEL_0228,egp,consenso_clasificaciones_panel_ENOE,Misma categoria en ambas mediciones; destino historico oficial; empleo continuo
1104,baja_damian,0,0,99,26470,26694,TRUE,1,TRUE,1,TRUE,53,46,1,1,1,1,TRUE,TRUE,TRUE,TRUE,TRUE,concordancia_estable_panel,CONSENSO_PANEL_0229,egp,consenso_clasificaciones_panel_ENOE,Misma categoria en ambas mediciones; destino historico oficial; empleo continuo
1105,baja_damian,0,0,201,52317,53195,TRUE,1,TRUE,1,TRUE,106,95,1,1,1,1,TRUE,TRUE,TRUE,TRUE,TRUE,concordancia_estable_panel,CONSENSO_PANEL_0230,egp,consenso_clasificaciones_panel_ENOE,Misma categoria en ambas mediciones; destino historico oficial; empleo continuo
1120,baja_damian,0,0,44,11106,10829,TRUE,1,TRUE,1,TRUE,18,26,1,1,1,1,TRUE,TRUE,TRUE,TRUE,TRUE,concordancia_estable_panel,CONSENSO_PANEL_0231,egp,consenso_clasificaciones_panel_ENOE,Misma categoria en ambas mediciones; destino historico oficial; empleo continuo
1121,baja_damian,0,0,29,7897,7674,TRUE,1,TRUE,1,TRUE,15,14,1,1,1,1,TRUE,TRUE,TRUE,TRUE,TRUE,concordancia_estable_panel,CONSENSO_PANEL_0232,egp,consenso_clasificaciones_panel_ENOE,Misma categoria en ambas mediciones; destino historico oficial; empleo continuo
1130,baja_damian,0,0,372,85368,87709,TRUE,1,TRUE,1,TRUE,175,197,1,1,1,1,TRUE,TRUE,TRUE,TRUE,TRUE,concordancia_estable_panel,CONSENSO_PANEL_0233,egp,consenso_clasificaciones_panel_ENOE,Misma categoria en ambas mediciones; destino historico oficial; empleo continuo
1131,baja_damian,0,0,257,56968,57932,TRUE,1,TRUE,1,TRUE,127,130,1,1,1,1,TRUE,TRUE,TRUE,TRUE,TRUE,concordancia_estable_panel,CONSENSO_PANEL_0234,egp,consenso_clasificaciones_panel_ENOE,Misma categoria en ambas mediciones; destino historico oficial; empleo continuo
1132,baja_damian,0,0,124,33825,33640,TRUE,1,TRUE,1,TRUE,61,63,1,1,1,1,TRUE,TRUE,TRUE,TRUE,TRUE,concordancia_estable_panel,CONSENSO_PANEL_0235,egp,consenso_clasificaciones_panel_ENOE,Misma categoria en ambas mediciones; destino historico oficial; empleo continuo
1134,baja_damian,0,0,17,5328,5395,TRUE,1,TRUE,1,TRUE,12,5,1,1,1,1,TRUE,TRUE,TRUE,TRUE,TRUE,concordancia_estable_panel,CONSENSO_PANEL_0236,egp,consenso_clasificaciones_panel_ENOE,Misma categoria en ambas mediciones; destino historico oficial; empleo continuo
1150,baja_damian,0,0,31,4296,4351,TRUE,1,TRUE,1,TRUE,17,14,1,1,1,1,TRUE,TRUE,TRUE,TRUE,TRUE,concordancia_estable_panel,CONSENSO_PANEL_0237,egp,consenso_clasificaciones_panel_ENOE,Misma categoria en ambas mediciones; destino historico oficial; empleo continuo
1151,baja_damian,0,0,35,9220,9329,TRUE,0.933765444601985,TRUE,1,TRUE,18,17,0.9401955146635997,0.9265621644835731,1,1,TRUE,TRUE,TRUE,TRUE,TRUE,concordancia_estable_panel,CONSENSO_PANEL_0238,egp,consenso_clasificaciones_panel_ENOE,Misma categoria en ambas mediciones; destino historico oficial; empleo continuo
1160,baja_damian,0,0,389,94628,96956,TRUE,1,TRUE,1,TRUE,195,194,1,1,1,1,TRUE,TRUE,TRUE,TRUE,TRUE,concordancia_estable_panel,CONSENSO_PANEL_0239,egp,consenso_clasificaciones_panel_ENOE,Misma categoria en ambas mediciones; destino historico oficial; empleo continuo
1161,baja_damian,0,0,35,7603,7672,TRUE,1,TRUE,1,TRUE,19,16,1,1,1,1,TRUE,TRUE,TRUE,TRUE,TRUE,concordancia_estable_panel,CONSENSO_PANEL_0240,egp,consenso_clasificaciones_panel_ENOE,Misma categoria en ambas mediciones; destino historico oficial; empleo continuo
1164,baja_damian,0,0,73,22608,20933,TRUE,1,TRUE,1,TRUE,35,38,1,1,1,1,TRUE,TRUE,TRUE,TRUE,TRUE,concordancia_estable_panel,CONSENSO_PANEL_0241,egp,consenso_clasificaciones_panel_ENOE,Misma categoria en ambas mediciones; destino historico oficial; empleo continuo
1167,baja_damian,0,0,15,3083,3114,TRUE,1,TRUE,1,TRUE,9,6,1,1,1,1,TRUE,TRUE,TRUE,TRUE,TRUE,concordancia_estable_panel,CONSENSO_PANEL_0242,egp,consenso_clasificaciones_panel_ENOE,Misma categoria en ambas mediciones; destino historico oficial; empleo continuo
1171,baja_damian,0,0,34,16710,16803,TRUE,1,TRUE,1,TRUE,20,14,1,1,1,1,TRUE,TRUE,TRUE,TRUE,TRUE,concordancia_estable_panel,CONSENSO_PANEL_0243,egp,consenso_clasificaciones_panel_ENOE,Misma categoria en ambas mediciones; destino historico oficial; empleo continuo
1172,baja_damian,0,0,402,95154,94750,TRUE,1,TRUE,1,TRUE,216,186,1,1,1,1,TRUE,TRUE,TRUE,TRUE,TRUE,concordancia_estable_panel,CONSENSO_PANEL_0244,egp,consenso_clasificaciones_panel_ENOE,Misma categoria en ambas mediciones; destino historico oficial; empleo continuo
1200,baja_damian,0,0,37,10174,10254,TRUE,1,TRUE,1,TRUE,21,16,1,1,1,1,TRUE,TRUE,TRUE,TRUE,TRUE,concordancia_estable_panel,CONSENSO_PANEL_0245,egp,consenso_clasificaciones_panel_ENOE,Misma categoria en ambas mediciones; destino historico oficial; empleo continuo
1201,baja_damian,0,0,11,2648,2695,TRUE,1,TRUE,1,TRUE,6,5,1,1,1,1,TRUE,TRUE,TRUE,TRUE,TRUE,concordancia_estable_panel,CONSENSO_PANEL_0246,egp,consenso_clasificaciones_panel_ENOE,Misma categoria en ambas mediciones; destino historico oficial; empleo continuo
1203,baja_damian,0,0,37,6287,6477,TRUE,1,TRUE,1,TRUE,19,18,1,1,1,1,TRUE,TRUE,TRUE,TRUE,TRUE,concordancia_estable_panel,CONSENSO_PANEL_0247,egp,consenso_clasificaciones_panel_ENOE,Misma categoria en ambas mediciones; destino historico oficial; empleo continuo
1204,baja_damian,0,0,170,50895,51165,TRUE,0.9600113175516364,TRUE,1,TRUE,81,89,0.9279849531594748,0.994914853358562,1,1,TRUE,TRUE,TRUE,TRUE,TRUE,concordancia_estable_panel,CONSENSO_PANEL_0248,egp,consenso_clasificaciones_panel_ENOE,Misma categoria en ambas mediciones; destino historico oficial; empleo continuo
1205,baja_damian,0,0,365,96276,95628,TRUE,1,TRUE,1,TRUE,176,189,1,1,1,1,TRUE,TRUE,TRUE,TRUE,TRUE,concordancia_estable_panel,CONSENSO_PANEL_0249,egp,consenso_clasificaciones_panel_ENOE,Misma categoria en ambas mediciones; destino historico oficial; empleo continuo
1206,baja_damian,0,0,76,19303,20060,TRUE,1,TRUE,1,TRUE,42,34,1,1,1,1,TRUE,TRUE,TRUE,TRUE,TRUE,concordancia_estable_panel,CONSENSO_PANEL_0250,egp,consenso_clasificaciones_panel_ENOE,Misma categoria en ambas mediciones; destino historico oficial; empleo continuo
1220,baja_damian,0,0,443,130990,131652,TRUE,0.9941484961407396,TRUE,1,TRUE,235,208,0.9897603789356366,0.9993998099398143,1,1,TRUE,TRUE,TRUE,TRUE,TRUE,concordancia_estable_panel,CONSENSO_PANEL_0251,egp,consenso_clasificaciones_panel_ENOE,Misma categoria en ambas mediciones; destino historico oficial; empleo continuo
1221,baja_damian,0,0,33,6781,6919,TRUE,1,TRUE,1,TRUE,19,14,1,1,1,1,TRUE,TRUE,TRUE,TRUE,TRUE,concordancia_estable_panel,CONSENSO_PANEL_0252,egp,consenso_clasificaciones_panel_ENOE,Misma categoria en ambas mediciones; destino historico oficial; empleo continuo
1230,baja_damian,0,0,74,16244,16306,TRUE,1,TRUE,1,TRUE,34,40,1,1,1,1,TRUE,TRUE,TRUE,TRUE,TRUE,concordancia_estable_panel,CONSENSO_PANEL_0253,egp,consenso_clasificaciones_panel_ENOE,Misma categoria en ambas mediciones; destino historico oficial; empleo continuo
1240,baja_damian,0,0,16,3827,3989,TRUE,0.8743431574137537,TRUE,1,TRUE,8,8,0.8892361111111111,0.845691382765531,1,1,TRUE,TRUE,TRUE,TRUE,TRUE,concordancia_estable_panel,CONSENSO_PANEL_0254,egp,consenso_clasificaciones_panel_ENOE,Misma categoria en ambas mediciones; destino historico oficial; empleo continuo
1250,baja_damian,0,0,154,30708,30753,TRUE,1,TRUE,1,TRUE,90,64,1,1,1,1,TRUE,TRUE,TRUE,TRUE,TRUE,concordancia_estable_panel,CONSENSO_PANEL_0255,egp,consenso_clasificaciones_panel_ENOE,Misma categoria en ambas mediciones; destino historico oficial; empleo continuo
1251,baja_damian,0,0,348,95804,96472,TRUE,0.9913698545085784,TRUE,1,TRUE,176,172,0.9953867918725524,0.9872767157630836,1,1,TRUE,TRUE,TRUE,TRUE,TRUE,concordancia_estable_panel,CONSENSO_PANEL_0256,egp,consenso_clasificaciones_panel_ENOE,Misma categoria en ambas mediciones; destino historico oficial; empleo continuo
1252,baja_damian,0,0,60,10458,10227,TRUE,1,TRUE,1,TRUE,26,34,1,1,1,1,TRUE,TRUE,TRUE,TRUE,TRUE,concordancia_estable_panel,CONSENSO_PANEL_0257,egp,consenso_clasificaciones_panel_ENOE,Misma categoria en ambas mediciones; destino historico oficial; empleo continuo
1260,baja_damian,0,0,16,7591,7357,TRUE,1,TRUE,1,TRUE,8,8,1,1,1,1,TRUE,TRUE,TRUE,TRUE,TRUE,concordancia_estable_panel,CONSENSO_PANEL_0258,egp,consenso_clasificaciones_panel_ENOE,Misma categoria en ambas mediciones; destino historico oficial; empleo continuo
1300,baja_damian,0,0,340,82277,81471,TRUE,1,TRUE,1,TRUE,173,167,1,1,1,1,TRUE,TRUE,TRUE,TRUE,TRUE,concordancia_estable_panel,CONSENSO_PANEL_0259,egp,consenso_clasificaciones_panel_ENOE,Misma categoria en ambas mediciones; destino historico oficial; empleo continuo
1310,baja_damian,0,0,211,60411,60529,TRUE,1,TRUE,1,TRUE,118,93,1,1,1,1,TRUE,TRUE,TRUE,TRUE,TRUE,concordancia_estable_panel,CONSENSO_PANEL_0260,egp,consenso_clasificaciones_panel_ENOE,Misma categoria en ambas mediciones; destino historico oficial; empleo continuo
1320,baja_damian,0,0,461,127541,126333,TRUE,1,TRUE,1,TRUE,206,255,1,1,1,1,TRUE,TRUE,TRUE,TRUE,TRUE,concordancia_estable_panel,CONSENSO_PANEL_0261,egp,consenso_clasificaciones_panel_ENOE,Misma categoria en ambas mediciones; destino historico oficial; empleo continuo
1330,baja_damian,0,0,733,198880,199241,TRUE,1,TRUE,1,TRUE,343,390,1,1,1,1,TRUE,TRUE,TRUE,TRUE,TRUE,concordancia_estable_panel,CONSENSO_PANEL_0262,egp,consenso_clasificaciones_panel_ENOE,Misma categoria en ambas mediciones; destino historico oficial; empleo continuo
1340,baja_damian,0,0,276,72897,74562,TRUE,0.9987942727957799,TRUE,1,TRUE,149,127,0.9975264918346123,1,1,1,TRUE,TRUE,TRUE,TRUE,TRUE,concordancia_estable_panel,CONSENSO_PANEL_0263,egp,consenso_clasificaciones_panel_ENOE,Misma categoria en ambas mediciones; destino historico oficial; empleo continuo
1360,baja_damian,0,0,25,9877,9547,TRUE,1,TRUE,1,TRUE,18,7,1,1,1,1,TRUE,TRUE,TRUE,TRUE,TRUE,concordancia_estable_panel,CONSENSO_PANEL_0264,egp,consenso_clasificaciones_panel_ENOE,Misma categoria en ambas mediciones; destino historico oficial; empleo continuo
1363,baja_damian,0,0,83,19049,19188,TRUE,1,TRUE,1,TRUE,32,51,1,1,1,1,TRUE,TRUE,TRUE,TRUE,TRUE,concordancia_estable_panel,CONSENSO_PANEL_0265,egp,consenso_clasificaciones_panel_ENOE,Misma categoria en ambas mediciones; destino historico oficial; empleo continuo
1364,baja_damian,0,0,34,7711,7682,TRUE,0.9200572724018613,TRUE,1,TRUE,14,20,0.8401336196611787,1,1,1,TRUE,TRUE,TRUE,TRUE,TRUE,concordancia_estable_panel,CONSENSO_PANEL_0266,egp,consenso_clasificaciones_panel_ENOE,Misma categoria en ambas mediciones; destino historico oficial; empleo continuo
1390,baja_damian,0,0,35,4467,4586,TRUE,1,TRUE,1,TRUE,20,15,1,1,1,1,TRUE,TRUE,TRUE,TRUE,TRUE,concordancia_estable_panel,CONSENSO_PANEL_0267,egp,consenso_clasificaciones_panel_ENOE,Misma categoria en ambas mediciones; destino historico oficial; empleo continuo
1401,baja_damian,0,0,36,9618,10533,TRUE,1,TRUE,1,TRUE,17,19,1,1,1,1,TRUE,TRUE,TRUE,TRUE,TRUE,concordancia_estable_panel,CONSENSO_PANEL_0268,egp,consenso_clasificaciones_panel_ENOE,Misma categoria en ambas mediciones; destino historico oficial; empleo continuo
1412,baja_damian,0,0,75,18699,19659,TRUE,1,TRUE,1,TRUE,33,42,1,1,1,1,TRUE,TRUE,TRUE,TRUE,TRUE,concordancia_estable_panel,CONSENSO_PANEL_0269,egp,consenso_clasificaciones_panel_ENOE,Misma categoria en ambas mediciones; destino historico oficial; empleo continuo
1420,baja_damian,0,0,18,3455,3248,TRUE,1,TRUE,1,TRUE,12,6,1,1,1,1,TRUE,TRUE,TRUE,TRUE,TRUE,concordancia_estable_panel,CONSENSO_PANEL_0270,egp,consenso_clasificaciones_panel_ENOE,Misma categoria en ambas mediciones; destino historico oficial; empleo continuo
1423,baja_damian,0,0,88,28113,27647,TRUE,0.9958907506464982,TRUE,1,TRUE,52,36,0.9968382445933982,0.9946838501812324,1,1,TRUE,TRUE,TRUE,TRUE,TRUE,concordancia_estable_panel,CONSENSO_PANEL_0271,egp,consenso_clasificaciones_panel_ENOE,Misma categoria en ambas mediciones; destino historico oficial; empleo continuo
1431,baja_damian,0,0,27,8251,9649,TRUE,1,TRUE,1,TRUE,10,17,1,1,1,1,TRUE,TRUE,TRUE,TRUE,TRUE,concordancia_estable_panel,CONSENSO_PANEL_0272,egp,consenso_clasificaciones_panel_ENOE,Misma categoria en ambas mediciones; destino historico oficial; empleo continuo
1432,baja_damian,0,0,14,2979,2896,TRUE,1,TRUE,1,TRUE,8,6,1,1,1,1,TRUE,TRUE,TRUE,TRUE,TRUE,concordancia_estable_panel,CONSENSO_PANEL_0273,egp,consenso_clasificaciones_panel_ENOE,Misma categoria en ambas mediciones; destino historico oficial; empleo continuo
2101,baja_damian,0,0,26,7465,7393,TRUE,1,TRUE,1,TRUE,11,15,1,1,1,1,TRUE,TRUE,TRUE,TRUE,TRUE,concordancia_estable_panel,CONSENSO_PANEL_0274,egp,consenso_clasificaciones_panel_ENOE,Misma categoria en ambas mediciones; destino historico oficial; empleo continuo
2110,baja_damian,0,0,22,3423,3279,TRUE,1,TRUE,1,TRUE,10,12,1,1,1,1,TRUE,TRUE,TRUE,TRUE,TRUE,concordancia_estable_panel,CONSENSO_PANEL_0275,egp,consenso_clasificaciones_panel_ENOE,Misma categoria en ambas mediciones; destino historico oficial; empleo continuo
2111,baja_damian,0,0,41,11356,11134,TRUE,1,TRUE,1,TRUE,23,18,1,1,1,1,TRUE,TRUE,TRUE,TRUE,TRUE,concordancia_estable_panel,CONSENSO_PANEL_0276,egp,consenso_clasificaciones_panel_ENOE,Misma categoria en ambas mediciones; destino historico oficial; empleo continuo
2120,baja_damian,0,0,15,2621,2619,TRUE,1,TRUE,1,TRUE,6,9,1,1,1,1,TRUE,TRUE,TRUE,TRUE,TRUE,concordancia_estable_panel,CONSENSO_PANEL_0277,egp,consenso_clasificaciones_panel_ENOE,Misma categoria en ambas mediciones; destino historico oficial; empleo continuo
2121,baja_damian,0,0,187,51174,51777,TRUE,1,TRUE,1,TRUE,92,95,1,1,1,1,TRUE,TRUE,TRUE,TRUE,TRUE,concordancia_estable_panel,CONSENSO_PANEL_0278,egp,consenso_clasificaciones_panel_ENOE,Misma categoria en ambas mediciones; destino historico oficial; empleo continuo
2122,baja_damian,0,0,113,39363,37659,TRUE,1,TRUE,1,TRUE,59,54,1,1,1,1,TRUE,TRUE,TRUE,TRUE,TRUE,concordancia_estable_panel,CONSENSO_PANEL_0279,egp,consenso_clasificaciones_panel_ENOE,Misma categoria en ambas mediciones; destino historico oficial; empleo continuo
2123,baja_damian,0,0,21,7654,7274,TRUE,1,TRUE,1,TRUE,10,11,1,1,1,1,TRUE,TRUE,TRUE,TRUE,TRUE,concordancia_estable_panel,CONSENSO_PANEL_0280,egp,consenso_clasificaciones_panel_ENOE,Misma categoria en ambas mediciones; destino historico oficial; empleo continuo
2124,baja_damian,0,0,93,29701,29887,TRUE,0.9922493568970702,TRUE,1,TRUE,50,43,0.9916035353535354,0.9929752359327325,1,1,TRUE,TRUE,TRUE,TRUE,TRUE,concordancia_estable_panel,CONSENSO_PANEL_0281,egp,consenso_clasificaciones_panel_ENOE,Misma categoria en ambas mediciones; destino historico oficial; empleo continuo
2125,baja_damian,0,0,134,36970,35098,TRUE,1,TRUE,1,TRUE,73,61,1,1,1,1,TRUE,TRUE,TRUE,TRUE,TRUE,concordancia_estable_panel,CONSENSO_PANEL_0282,egp,consenso_clasificaciones_panel_ENOE,Misma categoria en ambas mediciones; destino historico oficial; empleo continuo
2127,baja_damian,0,0,80,16224,15722,TRUE,1,TRUE,1,TRUE,33,47,1,1,1,1,TRUE,TRUE,TRUE,TRUE,TRUE,concordancia_estable_panel,CONSENSO_PANEL_0283,egp,consenso_clasificaciones_panel_ENOE,Misma categoria en ambas mediciones; destino historico oficial; empleo continuo
4100,baja_damian,1,1,2761,1179836,1189295,TRUE,0.9966026330860627,TRUE,1,TRUE,1379,1382,0.9951324115384482,0.9980086989284982,1,1,TRUE,TRUE,TRUE,TRUE,TRUE,concordancia_estable_panel,CONSENSO_PANEL_0284,egp,consenso_clasificaciones_panel_ENOE,Misma categoria en ambas mediciones; destino historico oficial; empleo continuo
4101,baja_damian,1,1,67,21529,21620,TRUE,0.9539613612194258,TRUE,1,TRUE,34,33,0.9028336294772281,1,1,1,TRUE,TRUE,TRUE,TRUE,TRUE,concordancia_estable_panel,CONSENSO_PANEL_0285,egp,consenso_clasificaciones_panel_ENOE,Misma categoria en ambas mediciones; destino historico oficial; empleo continuo
4103,baja_damian,1,1,296,93829,93808,TRUE,0.8815035418349899,TRUE,1,TRUE,133,163,0.8303981375697872,0.9209838304108174,1,1,TRUE,TRUE,TRUE,TRUE,TRUE,concordancia_estable_panel,CONSENSO_PANEL_0286,egp,consenso_clasificaciones_panel_ENOE,Misma categoria en ambas mediciones; destino historico oficial; empleo continuo
4104,baja_damian,1,1,143,104293,104552,TRUE,1,TRUE,1,TRUE,102,41,1,1,1,1,TRUE,TRUE,TRUE,TRUE,TRUE,concordancia_estable_panel,CONSENSO_PANEL_0287,egp,consenso_clasificaciones_panel_ENOE,Misma categoria en ambas mediciones; destino historico oficial; empleo continuo
4106,baja_damian,1,1,285,88302,88409,TRUE,0.9157868536226172,TRUE,1,TRUE,157,128,0.89379431179203,0.9385905614939373,1,1,TRUE,TRUE,TRUE,TRUE,TRUE,concordancia_estable_panel,CONSENSO_PANEL_0288,egp,consenso_clasificaciones_panel_ENOE,Misma categoria en ambas mediciones; destino historico oficial; empleo continuo
4107,baja_damian,1,1,43,23870,23538,TRUE,1,TRUE,1,TRUE,15,28,1,1,1,1,TRUE,TRUE,TRUE,TRUE,TRUE,concordancia_estable_panel,CONSENSO_PANEL_0289,egp,consenso_clasificaciones_panel_ENOE,Misma categoria en ambas mediciones; destino historico oficial; empleo continuo
4108,baja_damian,1,1,147,57103,57950,TRUE,0.9790652218640696,TRUE,1,TRUE,54,93,0.9723810852280653,0.9812440321920611,1,1,TRUE,TRUE,TRUE,TRUE,TRUE,concordancia_estable_panel,CONSENSO_PANEL_0290,egp,consenso_clasificaciones_panel_ENOE,Misma categoria en ambas mediciones; destino historico oficial; empleo continuo
4110,baja_damian,1,1,286,81574,81985,TRUE,0.955087226320103,TRUE,1,TRUE,185,101,0.9768964259664479,0.9159633627739614,1,1,TRUE,TRUE,TRUE,TRUE,TRUE,concordancia_estable_panel,CONSENSO_PANEL_0291,egp,consenso_clasificaciones_panel_ENOE,Misma categoria en ambas mediciones; destino historico oficial; empleo continuo
4111,baja_damian,1,1,27,9463,9231,TRUE,0.8635699945245483,TRUE,1,TRUE,18,9,0.7760027782601147,0.9605693402577419,1,1,TRUE,TRUE,TRUE,TRUE,TRUE,concordancia_estable_panel,CONSENSO_PANEL_0292,egp,consenso_clasificaciones_panel_ENOE,Misma categoria en ambas mediciones; destino historico oficial; empleo continuo
4112,baja_damian,1,1,46,10281,10360,TRUE,0.7414004471046369,TRUE,1,TRUE,14,32,0.6097689768976897,0.899872854418309,1,1,TRUE,TRUE,TRUE,TRUE,TRUE,concordancia_estable_panel,CONSENSO_PANEL_0293,egp,consenso_clasificaciones_panel_ENOE,Misma categoria en ambas mediciones; destino historico oficial; empleo continuo
4113,baja_damian,1,1,67,21901,21987,TRUE,1,TRUE,1,TRUE,36,31,1,1,1,1,TRUE,TRUE,TRUE,TRUE,TRUE,concordancia_estable_panel,CONSENSO_PANEL_0294,egp,consenso_clasificaciones_panel_ENOE,Misma categoria en ambas mediciones; destino historico oficial; empleo continuo
4120,baja_damian,1,1,201,48811,48618,TRUE,1,TRUE,1,TRUE,129,72,1,1,1,1,TRUE,TRUE,TRUE,TRUE,TRUE,concordancia_estable_panel,CONSENSO_PANEL_0295,egp,consenso_clasificaciones_panel_ENOE,Misma categoria en ambas mediciones; destino historico oficial; empleo continuo
4132,baja_damian,1,1,30,6261,6266,TRUE,0.7604761326369489,TRUE,1,TRUE,21,9,0.8109084935107607,0.6174277726001864,1,1,TRUE,TRUE,TRUE,TRUE,TRUE,concordancia_estable_panel,CONSENSO_PANEL_0296,egp,consenso_clasificaciones_panel_ENOE,Misma categoria en ambas mediciones; destino historico oficial; empleo continuo
4135,baja_damian,1,1,18,5040,5124,TRUE,1,TRUE,1,TRUE,11,7,1,1,1,1,TRUE,TRUE,TRUE,TRUE,TRUE,concordancia_estable_panel,CONSENSO_PANEL_0297,egp,consenso_clasificaciones_panel_ENOE,Misma categoria en ambas mediciones; destino historico oficial; empleo continuo
4150,baja_damian,1,1,138,32548,32907,TRUE,0.9948040833791797,TRUE,1,TRUE,72,66,1,0.9862403885066775,1,1,TRUE,TRUE,TRUE,TRUE,TRUE,concordancia_estable_panel,CONSENSO_PANEL_0298,egp,consenso_clasificaciones_panel_ENOE,Misma categoria en ambas mediciones; destino historico oficial; empleo continuo
4170,baja_damian,0,0,15,3029,3043,TRUE,0.5528381091440043,TRUE,1,TRUE,7,8,0.5046573519627412,0.61140315406389,1,1,TRUE,TRUE,TRUE,TRUE,TRUE,concordancia_estable_panel,CONSENSO_PANEL_0299,egp,consenso_clasificaciones_panel_ENOE,Misma categoria en ambas mediciones; destino historico oficial; empleo continuo
5100,baja_damian,0,0,47,12459,12576,TRUE,0.9896735245055207,TRUE,1,TRUE,29,18,1,0.9758946782866679,1,1,TRUE,TRUE,TRUE,TRUE,TRUE,concordancia_estable_panel,CONSENSO_PANEL_0300,egp,consenso_clasificaciones_panel_ENOE,Misma categoria en ambas mediciones; destino historico oficial; empleo continuo
5101,baja_damian,0,0,42,13499,13261,TRUE,0.9898804722446286,TRUE,1,TRUE,24,18,1,0.9632392115077251,1,1,TRUE,TRUE,TRUE,TRUE,TRUE,concordancia_estable_panel,CONSENSO_PANEL_0301,egp,consenso_clasificaciones_panel_ENOE,Misma categoria en ambas mediciones; destino historico oficial; empleo continuo
5111,baja_damian,0,0,22,3799,3606,TRUE,1,TRUE,1,TRUE,13,9,1,1,1,1,TRUE,TRUE,TRUE,TRUE,TRUE,concordancia_estable_panel,CONSENSO_PANEL_0302,egp,consenso_clasificaciones_panel_ENOE,Misma categoria en ambas mediciones; destino historico oficial; empleo continuo
5120,baja_damian,0,0,16,2290,2321,TRUE,1,TRUE,1,TRUE,9,7,1,1,1,1,TRUE,TRUE,TRUE,TRUE,TRUE,concordancia_estable_panel,CONSENSO_PANEL_0303,egp,consenso_clasificaciones_panel_ENOE,Misma categoria en ambas mediciones; destino historico oficial; empleo continuo
5121,baja_damian,0,0,47,9636,9672,TRUE,0.9871939350476385,TRUE,1,TRUE,29,18,1,0.9698140545761893,1,1,TRUE,TRUE,TRUE,TRUE,TRUE,concordancia_estable_panel,CONSENSO_PANEL_0304,egp,consenso_clasificaciones_panel_ENOE,Misma categoria en ambas mediciones; destino historico oficial; empleo continuo
5130,baja_damian,0,0,12,7397,6902,TRUE,1,TRUE,1,TRUE,7,5,1,1,1,1,TRUE,TRUE,TRUE,TRUE,TRUE,concordancia_estable_panel,CONSENSO_PANEL_0305,egp,consenso_clasificaciones_panel_ENOE,Misma categoria en ambas mediciones; destino historico oficial; empleo continuo
5131,baja_damian,0,0,21,7171,7570,TRUE,1,TRUE,1,TRUE,8,13,1,1,1,1,TRUE,TRUE,TRUE,TRUE,TRUE,concordancia_estable_panel,CONSENSO_PANEL_0306,egp,consenso_clasificaciones_panel_ENOE,Misma categoria en ambas mediciones; destino historico oficial; empleo continuo
5140,baja_damian,0,0,62,17243,17218,TRUE,1,TRUE,1,TRUE,29,33,1,1,1,1,TRUE,TRUE,TRUE,TRUE,TRUE,concordancia_estable_panel,CONSENSO_PANEL_0307,egp,consenso_clasificaciones_panel_ENOE,Misma categoria en ambas mediciones; destino historico oficial; empleo continuo
5141,baja_damian,0,0,240,60991,61121,TRUE,1,TRUE,1,TRUE,122,118,1,1,1,1,TRUE,TRUE,TRUE,TRUE,TRUE,concordancia_estable_panel,CONSENSO_PANEL_0308,egp,consenso_clasificaciones_panel_ENOE,Misma categoria en ambas mediciones; destino historico oficial; empleo continuo
5151,baja_damian,0,0,12,3957,3883,TRUE,1,TRUE,1,TRUE,5,7,1,1,1,1,TRUE,TRUE,TRUE,TRUE,TRUE,concordancia_estable_panel,CONSENSO_PANEL_0309,egp,consenso_clasificaciones_panel_ENOE,Misma categoria en ambas mediciones; destino historico oficial; empleo continuo
5160,baja_damian,0,0,42,11817,11828,TRUE,1,TRUE,1,TRUE,28,14,1,1,1,1,TRUE,TRUE,TRUE,TRUE,TRUE,concordancia_estable_panel,CONSENSO_PANEL_0310,egp,consenso_clasificaciones_panel_ENOE,Misma categoria en ambas mediciones; destino historico oficial; empleo continuo
5161,baja_damian,0,0,74,17221,16388,TRUE,1,TRUE,1,TRUE,29,45,1,1,1,1,TRUE,TRUE,TRUE,TRUE,TRUE,concordancia_estable_panel,CONSENSO_PANEL_0311,egp,consenso_clasificaciones_panel_ENOE,Misma categoria en ambas mediciones; destino historico oficial; empleo continuo
5170,baja_damian,0,0,25,6741,6868,TRUE,1,TRUE,1,TRUE,16,9,1,1,1,1,TRUE,TRUE,TRUE,TRUE,TRUE,concordancia_estable_panel,CONSENSO_PANEL_0312,egp,consenso_clasificaciones_panel_ENOE,Misma categoria en ambas mediciones; destino historico oficial; empleo continuo
5171,baja_damian,0,0,28,7905,7710,TRUE,1,TRUE,1,TRUE,16,12,1,1,1,1,TRUE,TRUE,TRUE,TRUE,TRUE,concordancia_estable_panel,CONSENSO_PANEL_0313,egp,consenso_clasificaciones_panel_ENOE,Misma categoria en ambas mediciones; destino historico oficial; empleo continuo
5181,baja_damian,0,0,39,12284,13865,TRUE,0.9912846998063266,TRUE,1,TRUE,24,15,1,0.9795879795879796,1,1,TRUE,TRUE,TRUE,TRUE,TRUE,concordancia_estable_panel,CONSENSO_PANEL_0314,egp,consenso_clasificaciones_panel_ENOE,Misma categoria en ambas mediciones; destino historico oficial; empleo continuo
5200,baja_damian,0,0,155,57750,57036,TRUE,0.9229220270723795,TRUE,1,TRUE,79,76,0.9282773014440433,0.9159199026440978,1,1,TRUE,TRUE,TRUE,TRUE,TRUE,concordancia_estable_panel,CONSENSO_PANEL_0315,egp,consenso_clasificaciones_panel_ENOE,Misma categoria en ambas mediciones; destino historico oficial; empleo continuo
5201,baja_damian,0,0,20,6308,6315,TRUE,0.8459165884403915,TRUE,1,TRUE,8,12,1,0.7800114876507754,1,1,TRUE,TRUE,TRUE,TRUE,TRUE,concordancia_estable_panel,CONSENSO_PANEL_0316,egp,consenso_clasificaciones_panel_ENOE,Misma categoria en ambas mediciones; destino historico oficial; empleo continuo
5202,baja_damian,0,0,491,148986,150411,TRUE,0.9063015165248283,TRUE,1,TRUE,262,229,0.9473343601558354,0.8699155265815811,1,1,TRUE,TRUE,TRUE,TRUE,TRUE,concordancia_estable_panel,CONSENSO_PANEL_0317,egp,consenso_clasificaciones_panel_ENOE,Misma categoria en ambas mediciones; destino historico oficial; empleo continuo
5204,baja_damian,0,0,68,17301,17767,TRUE,0.9178736272481298,TRUE,1,TRUE,32,36,0.8911035933071226,0.9548786653185035,1,1,TRUE,TRUE,TRUE,TRUE,TRUE,concordancia_estable_panel,CONSENSO_PANEL_0318,egp,consenso_clasificaciones_panel_ENOE,Misma categoria en ambas mediciones; destino historico oficial; empleo continuo
5206,baja_damian,0,0,15,3560,3496,TRUE,1,TRUE,1,TRUE,9,6,1,1,1,1,TRUE,TRUE,TRUE,TRUE,TRUE,concordancia_estable_panel,CONSENSO_PANEL_0319,egp,consenso_clasificaciones_panel_ENOE,Misma categoria en ambas mediciones; destino historico oficial; empleo continuo
5208,baja_damian,0,0,357,101249,103134,TRUE,0.8558375033811199,TRUE,1,TRUE,178,179,0.8512140800695313,0.8598855367249553,1,1,TRUE,TRUE,TRUE,TRUE,TRUE,concordancia_estable_panel,CONSENSO_PANEL_0320,egp,consenso_clasificaciones_panel_ENOE,Misma categoria en ambas mediciones; destino historico oficial; empleo continuo
5210,baja_damian,0,0,14,2644,2619,TRUE,1,TRUE,1,TRUE,6,8,1,1,1,1,TRUE,TRUE,TRUE,TRUE,TRUE,concordancia_estable_panel,CONSENSO_PANEL_0321,egp,consenso_clasificaciones_panel_ENOE,Misma categoria en ambas mediciones; destino historico oficial; empleo continuo
5221,baja_damian,0,0,116,34299,34586,TRUE,1,TRUE,1,TRUE,61,55,1,1,1,1,TRUE,TRUE,TRUE,TRUE,TRUE,concordancia_estable_panel,CONSENSO_PANEL_0322,egp,consenso_clasificaciones_panel_ENOE,Misma categoria en ambas mediciones; destino historico oficial; empleo continuo
5222,baja_damian,0,0,277,69587,70642,TRUE,0.9875258990151279,TRUE,1,TRUE,127,150,0.9876260185057313,0.9874200986544468,1,1,TRUE,TRUE,TRUE,TRUE,TRUE,concordancia_estable_panel,CONSENSO_PANEL_0323,egp,consenso_clasificaciones_panel_ENOE,Misma categoria en ambas mediciones; destino historico oficial; empleo continuo
5223,baja_damian,0,0,14,2110,2242,TRUE,0.6872964169381107,TRUE,1,TRUE,6,8,1,0.595448798988622,1,1,TRUE,TRUE,TRUE,TRUE,TRUE,concordancia_estable_panel,CONSENSO_PANEL_0324,egp,consenso_clasificaciones_panel_ENOE,Misma categoria en ambas mediciones; destino historico oficial; empleo continuo
5224,baja_damian,0,0,35,9495,9309,TRUE,0.9387048937221948,TRUE,1,TRUE,20,15,1,0.895234876647516,1,1,TRUE,TRUE,TRUE,TRUE,TRUE,concordancia_estable_panel,CONSENSO_PANEL_0325,egp,consenso_clasificaciones_panel_ENOE,Misma categoria en ambas mediciones; destino historico oficial; empleo continuo
5225,baja_damian,0,0,19,3979,3705,TRUE,0.8725877192982456,TRUE,1,TRUE,10,9,0.8067885117493473,0.9664715274081959,1,1,TRUE,TRUE,TRUE,TRUE,TRUE,concordancia_estable_panel,CONSENSO_PANEL_0326,egp,consenso_clasificaciones_panel_ENOE,Misma categoria en ambas mediciones; destino historico oficial; empleo continuo
5227,baja_damian,0,0,73,22002,21993,TRUE,1,TRUE,1,TRUE,33,40,1,1,1,1,TRUE,TRUE,TRUE,TRUE,TRUE,concordancia_estable_panel,CONSENSO_PANEL_0327,egp,consenso_clasificaciones_panel_ENOE,Misma categoria en ambas mediciones; destino historico oficial; empleo continuo
5230,baja_damian,0,0,180,54925,55082,TRUE,0.9132704810362315,TRUE,1,TRUE,97,83,0.9504516384255292,0.8754319455161539,1,1,TRUE,TRUE,TRUE,TRUE,TRUE,concordancia_estable_panel,CONSENSO_PANEL_0328,egp,consenso_clasificaciones_panel_ENOE,Misma categoria en ambas mediciones; destino historico oficial; empleo continuo
5231,baja_damian,0,0,41,15719,15454,TRUE,1,TRUE,1,TRUE,24,17,1,1,1,1,TRUE,TRUE,TRUE,TRUE,TRUE,concordancia_estable_panel,CONSENSO_PANEL_0329,egp,consenso_clasificaciones_panel_ENOE,Misma categoria en ambas mediciones; destino historico oficial; empleo continuo
5232,baja_damian,0,0,11,3349,3306,TRUE,1,TRUE,1,TRUE,5,6,1,1,1,1,TRUE,TRUE,TRUE,TRUE,TRUE,concordancia_estable_panel,CONSENSO_PANEL_0330,egp,consenso_clasificaciones_panel_ENOE,Misma categoria en ambas mediciones; destino historico oficial; empleo continuo
5233,baja_damian,0,0,27,4259,4317,TRUE,0.8447044823482744,TRUE,1,TRUE,13,14,1,0.7398671096345515,1,1,TRUE,TRUE,TRUE,TRUE,TRUE,concordancia_estable_panel,CONSENSO_PANEL_0331,egp,consenso_clasificaciones_panel_ENOE,Misma categoria en ambas mediciones; destino historico oficial; empleo continuo
5240,baja_damian,0,0,29,9880,9857,TRUE,0.9813269765593962,TRUE,1,TRUE,14,15,0.9728323699421966,1,1,1,TRUE,TRUE,TRUE,TRUE,TRUE,concordancia_estable_panel,CONSENSO_PANEL_0332,egp,consenso_clasificaciones_panel_ENOE,Misma categoria en ambas mediciones; destino historico oficial; empleo continuo
5241,baja_damian,0,0,87,24807,25941,TRUE,0.955107226735456,TRUE,1,TRUE,39,48,0.9174482598248198,0.9922735618115055,1,1,TRUE,TRUE,TRUE,TRUE,TRUE,concordancia_estable_panel,CONSENSO_PANEL_0333,egp,consenso_clasificaciones_panel_ENOE,Misma categoria en ambas mediciones; destino historico oficial; empleo continuo
5242,baja_damian,0,0,132,35143,35622,TRUE,0.9291682089789012,TRUE,1,TRUE,61,71,0.9379713629904908,0.9209178447039541,1,1,TRUE,TRUE,TRUE,TRUE,TRUE,concordancia_estable_panel,CONSENSO_PANEL_0334,egp,consenso_clasificaciones_panel_ENOE,Misma categoria en ambas mediciones; destino historico oficial; empleo continuo
5243,baja_damian,0,0,13,3302,3441,TRUE,1,TRUE,1,TRUE,8,5,1,1,1,1,TRUE,TRUE,TRUE,TRUE,TRUE,concordancia_estable_panel,CONSENSO_PANEL_0335,egp,consenso_clasificaciones_panel_ENOE,Misma categoria en ambas mediciones; destino historico oficial; empleo continuo
5244,baja_damian,0,0,30,6999,7360,TRUE,1,TRUE,1,TRUE,18,12,1,1,1,1,TRUE,TRUE,TRUE,TRUE,TRUE,concordancia_estable_panel,CONSENSO_PANEL_0336,egp,consenso_clasificaciones_panel_ENOE,Misma categoria en ambas mediciones; destino historico oficial; empleo continuo
5245,baja_damian,0,0,381,100873,102166,TRUE,0.9124401870596004,TRUE,1,TRUE,187,194,0.9355994540077349,0.8913069803650203,1,1,TRUE,TRUE,TRUE,TRUE,TRUE,concordancia_estable_panel,CONSENSO_PANEL_0337,egp,consenso_clasificaciones_panel_ENOE,Misma categoria en ambas mediciones; destino historico oficial; empleo continuo
5246,baja_damian,0,0,199,57454,57634,TRUE,0.9704575781632687,TRUE,1,TRUE,96,103,0.9823627635149238,0.9592211970975474,1,1,TRUE,TRUE,TRUE,TRUE,TRUE,concordancia_estable_panel,CONSENSO_PANEL_0338,egp,consenso_clasificaciones_panel_ENOE,Misma categoria en ambas mediciones; destino historico oficial; empleo continuo
5248,baja_damian,0,0,121,33831,34065,TRUE,0.9247232472324723,TRUE,1,TRUE,61,60,0.9090571295866233,0.9471272002656924,1,1,TRUE,TRUE,TRUE,TRUE,TRUE,concordancia_estable_panel,CONSENSO_PANEL_0339,egp,consenso_clasificaciones_panel_ENOE,Misma categoria en ambas mediciones; destino historico oficial; empleo continuo
5251,baja_damian,0,0,53,17719,18565,TRUE,0.9245499608661623,TRUE,1,TRUE,30,23,0.8857447427076267,0.9698168663802849,1,1,TRUE,TRUE,TRUE,TRUE,TRUE,concordancia_estable_panel,CONSENSO_PANEL_0340,egp,consenso_clasificaciones_panel_ENOE,Misma categoria en ambas mediciones; destino historico oficial; empleo continuo
5260,baja_damian,0,0,498,131803,132445,TRUE,0.800567308685168,TRUE,1,TRUE,257,241,0.8299038506200939,0.7683931687064607,1,1,TRUE,TRUE,TRUE,TRUE,TRUE,concordancia_estable_panel,CONSENSO_PANEL_0341,egp,consenso_clasificaciones_panel_ENOE,Misma categoria en ambas mediciones; destino historico oficial; empleo continuo
5261,baja_damian,0,0,134,31890,32203,TRUE,0.9608315757758361,TRUE,1,TRUE,60,74,0.9530681614884609,0.9687595152548566,1,1,TRUE,TRUE,TRUE,TRUE,TRUE,concordancia_estable_panel,CONSENSO_PANEL_0342,egp,consenso_clasificaciones_panel_ENOE,Misma categoria en ambas mediciones; destino historico oficial; empleo continuo
5262,baja_damian,0,0,24,5147,4947,TRUE,1,TRUE,1,TRUE,9,15,1,1,1,1,TRUE,TRUE,TRUE,TRUE,TRUE,concordancia_estable_panel,CONSENSO_PANEL_0343,egp,consenso_clasificaciones_panel_ENOE,Misma categoria en ambas mediciones; destino historico oficial; empleo continuo
5264,baja_damian,0,0,13,1793,1778,TRUE,0.9270941054808687,TRUE,1,TRUE,7,6,0.8537344398340249,1,1,1,TRUE,TRUE,TRUE,TRUE,TRUE,concordancia_estable_panel,CONSENSO_PANEL_0344,egp,consenso_clasificaciones_panel_ENOE,Misma categoria en ambas mediciones; destino historico oficial; empleo continuo
5266,baja_damian,0,0,26,11295,10997,TRUE,0.9261992619926199,TRUE,1,TRUE,12,14,0.9796690307328605,0.8682051282051282,1,1,TRUE,TRUE,TRUE,TRUE,TRUE,concordancia_estable_panel,CONSENSO_PANEL_0345,egp,consenso_clasificaciones_panel_ENOE,Misma categoria en ambas mediciones; destino historico oficial; empleo continuo
5267,baja_damian,0,0,159,40604,40983,TRUE,0.9866355639792,TRUE,1,TRUE,80,79,0.98936466654282,0.9836408113342167,1,1,TRUE,TRUE,TRUE,TRUE,TRUE,concordancia_estable_panel,CONSENSO_PANEL_0346,egp,consenso_clasificaciones_panel_ENOE,Misma categoria en ambas mediciones; destino historico oficial; empleo continuo
5270,baja_damian,0,0,254,63432,62368,TRUE,0.9947153005378789,TRUE,1,TRUE,110,144,0.9986071374792953,0.9919365676656363,1,1,TRUE,TRUE,TRUE,TRUE,TRUE,concordancia_estable_panel,CONSENSO_PANEL_0347,egp,consenso_clasificaciones_panel_ENOE,Misma categoria en ambas mediciones; destino historico oficial; empleo continuo
5271,baja_damian,0,0,59,18264,18100,TRUE,0.9980327868852459,TRUE,1,TRUE,27,32,1,0.9961051606621227,1,1,TRUE,TRUE,TRUE,TRUE,TRUE,concordancia_estable_panel,CONSENSO_PANEL_0348,egp,consenso_clasificaciones_panel_ENOE,Misma categoria en ambas mediciones; destino historico oficial; empleo continuo
5272,baja_damian,0,0,50,14957,15301,TRUE,0.9903330464146196,TRUE,1,TRUE,20,30,1,0.9852121948749114,1,1,TRUE,TRUE,TRUE,TRUE,TRUE,concordancia_estable_panel,CONSENSO_PANEL_0349,egp,consenso_clasificaciones_panel_ENOE,Misma categoria en ambas mediciones; destino historico oficial; empleo continuo
5280,baja_damian,0,0,66,22736,22629,TRUE,0.8207053387719742,TRUE,1,TRUE,33,33,0.8274495890248951,0.8101371386212008,1,1,TRUE,TRUE,TRUE,TRUE,TRUE,concordancia_estable_panel,CONSENSO_PANEL_0350,egp,consenso_clasificaciones_panel_ENOE,Misma categoria en ambas mediciones; destino historico oficial; empleo continuo
5281,baja_damian,0,0,36,6192,5916,TRUE,0.961789375582479,TRUE,1,TRUE,7,29,1,0.9496417604912999,1,1,TRUE,TRUE,TRUE,TRUE,TRUE,concordancia_estable_panel,CONSENSO_PANEL_0351,egp,consenso_clasificaciones_panel_ENOE,Misma categoria en ambas mediciones; destino historico oficial; empleo continuo
5290,baja_damian,0,0,47,15828,15934,TRUE,0.9873370344956647,TRUE,1,TRUE,19,28,0.9388738331827763,1,1,1,TRUE,TRUE,TRUE,TRUE,TRUE,concordancia_estable_panel,CONSENSO_PANEL_0352,egp,consenso_clasificaciones_panel_ENOE,Misma categoria en ambas mediciones; destino historico oficial; empleo continuo
5300,baja_damian,0,0,18,9187,9253,TRUE,1,TRUE,1,TRUE,8,10,1,1,1,1,TRUE,TRUE,TRUE,TRUE,TRUE,concordancia_estable_panel,CONSENSO_PANEL_0353,egp,consenso_clasificaciones_panel_ENOE,Misma categoria en ambas mediciones; destino historico oficial; empleo continuo
5302,baja_damian,0,0,55,15733,16057,TRUE,1,TRUE,1,TRUE,35,20,1,1,1,1,TRUE,TRUE,TRUE,TRUE,TRUE,concordancia_estable_panel,CONSENSO_PANEL_0354,egp,consenso_clasificaciones_panel_ENOE,Misma categoria en ambas mediciones; destino historico oficial; empleo continuo
5304,baja_damian,0,0,23,6469,6708,TRUE,0.9874828270493055,TRUE,1,TRUE,14,9,1,0.973531310522918,1,1,TRUE,TRUE,TRUE,TRUE,TRUE,concordancia_estable_panel,CONSENSO_PANEL_0355,egp,consenso_clasificaciones_panel_ENOE,Misma categoria en ambas mediciones; destino historico oficial; empleo continuo
5306,baja_damian,0,0,30,8786,8758,TRUE,0.8918891483098162,TRUE,1,TRUE,12,18,0.7181048173636845,1,1,1,TRUE,TRUE,TRUE,TRUE,TRUE,concordancia_estable_panel,CONSENSO_PANEL_0356,egp,consenso_clasificaciones_panel_ENOE,Misma categoria en ambas mediciones; destino historico oficial; empleo continuo
5310,baja_damian,0,0,23,4863,4926,TRUE,0.9886155722707868,TRUE,1,TRUE,10,13,1,0.9835584263065179,1,1,TRUE,TRUE,TRUE,TRUE,TRUE,concordancia_estable_panel,CONSENSO_PANEL_0357,egp,consenso_clasificaciones_panel_ENOE,Misma categoria en ambas mediciones; destino historico oficial; empleo continuo
5320,baja_damian,0,0,24,5501,5479,TRUE,1,TRUE,1,TRUE,14,10,1,1,1,1,TRUE,TRUE,TRUE,TRUE,TRUE,concordancia_estable_panel,CONSENSO_PANEL_0358,egp,consenso_clasificaciones_panel_ENOE,Misma categoria en ambas mediciones; destino historico oficial; empleo continuo
5321,baja_damian,0,0,35,17049,17139,TRUE,1,TRUE,1,TRUE,21,14,1,1,1,1,TRUE,TRUE,TRUE,TRUE,TRUE,concordancia_estable_panel,CONSENSO_PANEL_0359,egp,consenso_clasificaciones_panel_ENOE,Misma categoria en ambas mediciones; destino historico oficial; empleo continuo
5322,baja_damian,0,0,286,73126,73665,TRUE,0.9977895426263509,TRUE,1,TRUE,144,142,0.9970604703247481,0.9984827512776832,1,1,TRUE,TRUE,TRUE,TRUE,TRUE,concordancia_estable_panel,CONSENSO_PANEL_0360,egp,consenso_clasificaciones_panel_ENOE,Misma categoria en ambas mediciones; destino historico oficial; empleo continuo
5323,baja_damian,0,0,168,24226,24426,TRUE,1,TRUE,1,TRUE,73,95,1,1,1,1,TRUE,TRUE,TRUE,TRUE,TRUE,concordancia_estable_panel,CONSENSO_PANEL_0361,egp,consenso_clasificaciones_panel_ENOE,Misma categoria en ambas mediciones; destino historico oficial; empleo continuo
5324,baja_damian,0,0,20,5089,5170,TRUE,1,TRUE,1,TRUE,12,8,1,1,1,1,TRUE,TRUE,TRUE,TRUE,TRUE,concordancia_estable_panel,CONSENSO_PANEL_0362,egp,consenso_clasificaciones_panel_ENOE,Misma categoria en ambas mediciones; destino historico oficial; empleo continuo
5330,baja_damian,0,0,21,4355,4166,TRUE,0.9893230349840981,TRUE,1,TRUE,10,11,1,0.9837707182320442,1,1,TRUE,TRUE,TRUE,TRUE,TRUE,concordancia_estable_panel,CONSENSO_PANEL_0363,egp,consenso_clasificaciones_panel_ENOE,Misma categoria en ambas mediciones; destino historico oficial; empleo continuo
5331,baja_damian,0,0,15,6680,6888,TRUE,1,TRUE,1,TRUE,6,9,1,1,1,1,TRUE,TRUE,TRUE,TRUE,TRUE,concordancia_estable_panel,CONSENSO_PANEL_0364,egp,consenso_clasificaciones_panel_ENOE,Misma categoria en ambas mediciones; destino historico oficial; empleo continuo
5332,baja_damian,0,0,17,5536,5453,TRUE,1,TRUE,1,TRUE,11,6,1,1,1,1,TRUE,TRUE,TRUE,TRUE,TRUE,concordancia_estable_panel,CONSENSO_PANEL_0365,egp,consenso_clasificaciones_panel_ENOE,Misma categoria en ambas mediciones; destino historico oficial; empleo continuo
5333,baja_damian,0,0,17,6492,6777,TRUE,0.9704035874439462,TRUE,1,TRUE,10,7,0.95703125,1,1,1,TRUE,TRUE,TRUE,TRUE,TRUE,concordancia_estable_panel,CONSENSO_PANEL_0366,egp,consenso_clasificaciones_panel_ENOE,Misma categoria en ambas mediciones; destino historico oficial; empleo continuo
5334,baja_damian,0,0,15,4460,4535,TRUE,0.9276206322795341,TRUE,1,TRUE,8,7,1,0.8755809796210225,1,1,TRUE,TRUE,TRUE,TRUE,TRUE,concordancia_estable_panel,CONSENSO_PANEL_0367,egp,consenso_clasificaciones_panel_ENOE,Misma categoria en ambas mediciones; destino historico oficial; empleo continuo
5340,baja_damian,0,0,27,6276,6306,TRUE,1,TRUE,1,TRUE,11,16,1,1,1,1,TRUE,TRUE,TRUE,TRUE,TRUE,concordancia_estable_panel,CONSENSO_PANEL_0368,egp,consenso_clasificaciones_panel_ENOE,Misma categoria en ambas mediciones; destino historico oficial; empleo continuo
5342,baja_damian,0,0,45,12528,12621,TRUE,1,TRUE,1,TRUE,24,21,1,1,1,1,TRUE,TRUE,TRUE,TRUE,TRUE,concordancia_estable_panel,CONSENSO_PANEL_0369,egp,consenso_clasificaciones_panel_ENOE,Misma categoria en ambas mediciones; destino historico oficial; empleo continuo
5343,baja_damian,0,0,229,53228,53241,TRUE,0.9979376804529604,TRUE,1,TRUE,111,118,1,0.995928338762215,1,1,TRUE,TRUE,TRUE,TRUE,TRUE,concordancia_estable_panel,CONSENSO_PANEL_0370,egp,consenso_clasificaciones_panel_ENOE,Misma categoria en ambas mediciones; destino historico oficial; empleo continuo
5344,baja_damian,0,0,278,58889,58993,TRUE,1,TRUE,1,TRUE,142,136,1,1,1,1,TRUE,TRUE,TRUE,TRUE,TRUE,concordancia_estable_panel,CONSENSO_PANEL_0371,egp,consenso_clasificaciones_panel_ENOE,Misma categoria en ambas mediciones; destino historico oficial; empleo continuo
5345,baja_damian,0,0,392,118801,122641,TRUE,1,TRUE,1,TRUE,199,193,1,1,1,1,TRUE,TRUE,TRUE,TRUE,TRUE,concordancia_estable_panel,CONSENSO_PANEL_0372,egp,consenso_clasificaciones_panel_ENOE,Misma categoria en ambas mediciones; destino historico oficial; empleo continuo
5350,baja_damian,0,0,15,3517,3589,TRUE,1,TRUE,1,TRUE,10,5,1,1,1,1,TRUE,TRUE,TRUE,TRUE,TRUE,concordancia_estable_panel,CONSENSO_PANEL_0373,egp,consenso_clasificaciones_panel_ENOE,Misma categoria en ambas mediciones; destino historico oficial; empleo continuo
5353,baja_damian,0,0,15,7297,7283,TRUE,1,TRUE,1,TRUE,6,9,1,1,1,1,TRUE,TRUE,TRUE,TRUE,TRUE,concordancia_estable_panel,CONSENSO_PANEL_0374,egp,consenso_clasificaciones_panel_ENOE,Misma categoria en ambas mediciones; destino historico oficial; empleo continuo
5370,baja_damian,0,0,22,2355,2440,TRUE,1,TRUE,1,TRUE,14,8,1,1,1,1,TRUE,TRUE,TRUE,TRUE,TRUE,concordancia_estable_panel,CONSENSO_PANEL_0375,egp,consenso_clasificaciones_panel_ENOE,Misma categoria en ambas mediciones; destino historico oficial; empleo continuo
5371,baja_damian,0,0,17,6130,6133,TRUE,1,TRUE,1,TRUE,5,12,1,1,1,1,TRUE,TRUE,TRUE,TRUE,TRUE,concordancia_estable_panel,CONSENSO_PANEL_0376,egp,consenso_clasificaciones_panel_ENOE,Misma categoria en ambas mediciones; destino historico oficial; empleo continuo
5380,baja_damian,0,0,43,13197,13431,TRUE,1,TRUE,1,TRUE,20,23,1,1,1,1,TRUE,TRUE,TRUE,TRUE,TRUE,concordancia_estable_panel,CONSENSO_PANEL_0377,egp,consenso_clasificaciones_panel_ENOE,Misma categoria en ambas mediciones; destino historico oficial; empleo continuo
5381,baja_damian,0,0,11,3644,3707,TRUE,0.9872663234895692,TRUE,1,TRUE,5,6,1,0.984600262123198,1,1,TRUE,TRUE,TRUE,TRUE,TRUE,concordancia_estable_panel,CONSENSO_PANEL_0378,egp,consenso_clasificaciones_panel_ENOE,Misma categoria en ambas mediciones; destino historico oficial; empleo continuo
5382,baja_damian,0,0,23,14427,15198,TRUE,1,TRUE,1,TRUE,17,6,1,1,1,1,TRUE,TRUE,TRUE,TRUE,TRUE,concordancia_estable_panel,CONSENSO_PANEL_0379,egp,consenso_clasificaciones_panel_ENOE,Misma categoria en ambas mediciones; destino historico oficial; empleo continuo
5383,baja_damian,0,0,145,46332,45849,TRUE,1,TRUE,1,TRUE,80,65,1,1,1,1,TRUE,TRUE,TRUE,TRUE,TRUE,concordancia_estable_panel,CONSENSO_PANEL_0380,egp,consenso_clasificaciones_panel_ENOE,Misma categoria en ambas mediciones; destino historico oficial; empleo continuo
5390,baja_damian,0,0,12,3522,3596,TRUE,1,TRUE,1,TRUE,6,6,1,1,1,1,TRUE,TRUE,TRUE,TRUE,TRUE,concordancia_estable_panel,CONSENSO_PANEL_0381,egp,consenso_clasificaciones_panel_ENOE,Misma categoria en ambas mediciones; destino historico oficial; empleo continuo
5400,baja_damian,1,1,161,50543,50676,TRUE,0.6557468505520454,TRUE,0.9914309191219627,TRUE,90,71,0.7450776952031657,0.5518480060617966,0.9963875628951103,0.9837891596220786,TRUE,TRUE,TRUE,TRUE,TRUE,concordancia_estable_panel,CONSENSO_PANEL_0382,egp,consenso_clasificaciones_panel_ENOE,Misma categoria en ambas mediciones; destino historico oficial; empleo continuo
5401,baja_damian,0,0,89,30685,30641,TRUE,0.9607677374913896,TRUE,0.9920354841842847,TRUE,43,46,0.9576429550267846,0.9639259632334425,0.9904894750190211,0.9936486933509758,TRUE,TRUE,TRUE,TRUE,TRUE,concordancia_estable_panel,CONSENSO_PANEL_0383,egp,consenso_clasificaciones_panel_ENOE,Misma categoria en ambas mediciones; destino historico oficial; empleo continuo
5410,baja_damian,0,0,19,2847,2864,TRUE,1,TRUE,1,TRUE,7,12,1,1,1,1,TRUE,TRUE,TRUE,TRUE,TRUE,concordancia_estable_panel,CONSENSO_PANEL_0384,egp,consenso_clasificaciones_panel_ENOE,Misma categoria en ambas mediciones; destino historico oficial; empleo continuo
5420,baja_damian,0,0,64,12988,13162,TRUE,1,TRUE,0.8017787524366472,TRUE,35,29,1,1,0.8297920690830587,0.7694024950755088,TRUE,TRUE,TRUE,TRUE,TRUE,concordancia_estable_panel,CONSENSO_PANEL_0385,egp,consenso_clasificaciones_panel_ENOE,Misma categoria en ambas mediciones; destino historico oficial; empleo continuo
5420,baja_damian,1,1,23,6492,6858,TRUE,0.6713547052740434,TRUE,1,TRUE,12,11,0.6928406466512702,0.6504992867332382,1,1,TRUE,TRUE,TRUE,TRUE,TRUE,concordancia_estable_panel,CONSENSO_PANEL_0386,egp,consenso_clasificaciones_panel_ENOE,Misma categoria en ambas mediciones; destino historico oficial; empleo continuo
5421,baja_damian,0,0,27,7711,7576,TRUE,0.9242478724679372,TRUE,0.9582595497090817,TRUE,18,9,1,0.764179104477612,0.9781760113555713,0.9088105726872246,TRUE,TRUE,TRUE,TRUE,TRUE,concordancia_estable_panel,CONSENSO_PANEL_0387,egp,consenso_clasificaciones_panel_ENOE,Misma categoria en ambas mediciones; destino historico oficial; empleo continuo
5430,baja_damian,1,1,29,9732,9959,TRUE,0.6893815966565134,TRUE,1,TRUE,13,16,0.921222160868765,0.5443344081068632,1,1,TRUE,TRUE,TRUE,TRUE,TRUE,concordancia_estable_panel,CONSENSO_PANEL_0388,egp,consenso_clasificaciones_panel_ENOE,Misma categoria en ambas mediciones; destino historico oficial; empleo continuo
5440,baja_damian,1,1,176,48124,48499,TRUE,0.6604089474406477,TRUE,0.9976549482648674,TRUE,90,86,0.594666974489207,0.7567585856877009,1,0.995020964360587,TRUE,TRUE,TRUE,TRUE,TRUE,concordancia_estable_panel,CONSENSO_PANEL_0389,egp,consenso_clasificaciones_panel_ENOE,Misma categoria en ambas mediciones; destino historico oficial; empleo continuo
5441,baja_damian,0,0,54,16951,17038,TRUE,1,TRUE,0.953228152623923,TRUE,24,30,1,1,0.9227913071966801,0.9852013307330504,TRUE,TRUE,TRUE,TRUE,TRUE,concordancia_estable_panel,CONSENSO_PANEL_0390,egp,consenso_clasificaciones_panel_ENOE,Misma categoria en ambas mediciones; destino historico oficial; empleo continuo
5460,baja_damian,1,1,676,215683,216543,TRUE,0.8821570993271846,TRUE,1,TRUE,335,341,0.9032661147784912,0.8612558200110703,1,1,TRUE,TRUE,TRUE,TRUE,TRUE,concordancia_estable_panel,CONSENSO_PANEL_0391,egp,consenso_clasificaciones_panel_ENOE,Misma categoria en ambas mediciones; destino historico oficial; empleo continuo
5470,baja_damian,0,0,25,6197,6219,TRUE,1,TRUE,0.8143249967264633,TRUE,11,14,1,1,0.5939226519337016,0.9237703311777385,TRUE,TRUE,TRUE,TRUE,TRUE,concordancia_estable_panel,CONSENSO_PANEL_0392,egp,consenso_clasificaciones_panel_ENOE,Misma categoria en ambas mediciones; destino historico oficial; empleo continuo
5470,baja_damian,1,1,14,5144,5127,TRUE,0.787869505284117,TRUE,1,TRUE,8,6,0.7842798531634636,0.7966280295047419,1,1,TRUE,TRUE,TRUE,TRUE,TRUE,concordancia_estable_panel,CONSENSO_PANEL_0393,egp,consenso_clasificaciones_panel_ENOE,Misma categoria en ambas mediciones; destino historico oficial; empleo continuo
5481,baja_damian,0,0,53,20102,20128,TRUE,1,TRUE,0.9514985345561123,TRUE,24,29,1,1,0.9026833189068876,0.9817096502640239,TRUE,TRUE,TRUE,TRUE,TRUE,concordancia_estable_panel,CONSENSO_PANEL_0394,egp,consenso_clasificaciones_panel_ENOE,Misma categoria en ambas mediciones; destino historico oficial; empleo continuo
5500,baja_damian,0,0,17,7006,7066,TRUE,0.6156414762741652,TRUE,1,TRUE,12,5,0.6013198757763976,0.6274887604367373,1,1,TRUE,TRUE,TRUE,TRUE,TRUE,concordancia_estable_panel,CONSENSO_PANEL_0395,egp,consenso_clasificaciones_panel_ENOE,Misma categoria en ambas mediciones; destino historico oficial; empleo continuo
5501,baja_damian,0,0,71,17203,17258,TRUE,0.9918703874538746,TRUE,1,TRUE,37,34,1,0.9830975785183409,1,1,TRUE,TRUE,TRUE,TRUE,TRUE,concordancia_estable_panel,CONSENSO_PANEL_0396,egp,consenso_clasificaciones_panel_ENOE,Misma categoria en ambas mediciones; destino historico oficial; empleo continuo
5502,baja_damian,0,0,128,33204,33367,TRUE,0.9968177724407085,TRUE,1,TRUE,61,67,1,0.9946521366227739,1,1,TRUE,TRUE,TRUE,TRUE,TRUE,concordancia_estable_panel,CONSENSO_PANEL_0397,egp,consenso_clasificaciones_panel_ENOE,Misma categoria en ambas mediciones; destino historico oficial; empleo continuo
5520,baja_damian,0,0,1272,387687,385629,TRUE,0.996235404160842,TRUE,1,TRUE,612,660,0.997780641849073,0.9948061198747533,1,1,TRUE,TRUE,TRUE,TRUE,TRUE,concordancia_estable_panel,CONSENSO_PANEL_0398,egp,consenso_clasificaciones_panel_ENOE,Misma categoria en ambas mediciones; destino historico oficial; empleo continuo
5521,baja_damian,0,0,470,149350,148418,TRUE,0.9843401921885504,TRUE,1,TRUE,245,225,0.9832862581358222,0.9855610561056105,1,1,TRUE,TRUE,TRUE,TRUE,TRUE,concordancia_estable_panel,CONSENSO_PANEL_0399,egp,consenso_clasificaciones_panel_ENOE,Misma categoria en ambas mediciones; destino historico oficial; empleo continuo
5550,baja_damian,0,0,43,15139,15279,TRUE,1,TRUE,1,TRUE,24,19,1,1,1,1,TRUE,TRUE,TRUE,TRUE,TRUE,concordancia_estable_panel,CONSENSO_PANEL_0400,egp,consenso_clasificaciones_panel_ENOE,Misma categoria en ambas mediciones; destino historico oficial; empleo continuo
6100,baja_damian,0,0,104,22817,22751,TRUE,1,TRUE,1,TRUE,46,58,1,1,1,1,TRUE,TRUE,TRUE,TRUE,TRUE,concordancia_estable_panel,CONSENSO_PANEL_0401,egp,consenso_clasificaciones_panel_ENOE,Misma categoria en ambas mediciones; destino historico oficial; empleo continuo
6101,baja_damian,0,0,206,46195,48245,TRUE,1,TRUE,1,TRUE,98,108,1,1,1,1,TRUE,TRUE,TRUE,TRUE,TRUE,concordancia_estable_panel,CONSENSO_PANEL_0402,egp,consenso_clasificaciones_panel_ENOE,Misma categoria en ambas mediciones; destino historico oficial; empleo continuo
6102,baja_damian,0,0,121,20243,20826,TRUE,1,TRUE,1,TRUE,62,59,1,1,1,1,TRUE,TRUE,TRUE,TRUE,TRUE,concordancia_estable_panel,CONSENSO_PANEL_0403,egp,consenso_clasificaciones_panel_ENOE,Misma categoria en ambas mediciones; destino historico oficial; empleo continuo
6110,baja_damian,0,0,132,37897,38633,TRUE,1,TRUE,1,TRUE,67,65,1,1,1,1,TRUE,TRUE,TRUE,TRUE,TRUE,concordancia_estable_panel,CONSENSO_PANEL_0404,egp,consenso_clasificaciones_panel_ENOE,Misma categoria en ambas mediciones; destino historico oficial; empleo continuo
6111,baja_damian,0,0,395,100245,100601,TRUE,1,TRUE,1,TRUE,232,163,1,1,1,1,TRUE,TRUE,TRUE,TRUE,TRUE,concordancia_estable_panel,CONSENSO_PANEL_0405,egp,consenso_clasificaciones_panel_ENOE,Misma categoria en ambas mediciones; destino historico oficial; empleo continuo
6120,baja_damian,0,0,15,2278,2297,TRUE,1,TRUE,1,TRUE,6,9,1,1,1,1,TRUE,TRUE,TRUE,TRUE,TRUE,concordancia_estable_panel,CONSENSO_PANEL_0406,egp,consenso_clasificaciones_panel_ENOE,Misma categoria en ambas mediciones; destino historico oficial; empleo continuo
6121,baja_damian,0,0,56,17552,16863,TRUE,1,TRUE,1,TRUE,32,24,1,1,1,1,TRUE,TRUE,TRUE,TRUE,TRUE,concordancia_estable_panel,CONSENSO_PANEL_0407,egp,consenso_clasificaciones_panel_ENOE,Misma categoria en ambas mediciones; destino historico oficial; empleo continuo
6130,baja_damian,0,0,64,17366,19784,TRUE,1,TRUE,1,TRUE,30,34,1,1,1,1,TRUE,TRUE,TRUE,TRUE,TRUE,concordancia_estable_panel,CONSENSO_PANEL_0408,egp,consenso_clasificaciones_panel_ENOE,Misma categoria en ambas mediciones; destino historico oficial; empleo continuo
6132,baja_damian,0,0,16,2826,2812,TRUE,1,TRUE,1,TRUE,8,8,1,1,1,1,TRUE,TRUE,TRUE,TRUE,TRUE,concordancia_estable_panel,CONSENSO_PANEL_0409,egp,consenso_clasificaciones_panel_ENOE,Misma categoria en ambas mediciones; destino historico oficial; empleo continuo
6133,baja_damian,0,0,23,4998,4988,TRUE,1,TRUE,1,TRUE,11,12,1,1,1,1,TRUE,TRUE,TRUE,TRUE,TRUE,concordancia_estable_panel,CONSENSO_PANEL_0410,egp,consenso_clasificaciones_panel_ENOE,Misma categoria en ambas mediciones; destino historico oficial; empleo continuo
6140,baja_damian,0,0,73,18398,18217,TRUE,1,TRUE,1,TRUE,33,40,1,1,1,1,TRUE,TRUE,TRUE,TRUE,TRUE,concordancia_estable_panel,CONSENSO_PANEL_0411,egp,consenso_clasificaciones_panel_ENOE,Misma categoria en ambas mediciones; destino historico oficial; empleo continuo
6150,baja_damian,0,0,38,13417,13765,TRUE,1,TRUE,1,TRUE,20,18,1,1,1,1,TRUE,TRUE,TRUE,TRUE,TRUE,concordancia_estable_panel,CONSENSO_PANEL_0412,egp,consenso_clasificaciones_panel_ENOE,Misma categoria en ambas mediciones; destino historico oficial; empleo continuo
6160,baja_damian,0,0,164,48796,49899,TRUE,0.9613838757979353,TRUE,1,TRUE,92,72,0.9407750852943749,0.9782748978274898,1,1,TRUE,TRUE,TRUE,TRUE,TRUE,concordancia_estable_panel,CONSENSO_PANEL_0413,egp,consenso_clasificaciones_panel_ENOE,Misma categoria en ambas mediciones; destino historico oficial; empleo continuo
6170,baja_damian,0,0,48,5154,5296,TRUE,1,TRUE,1,TRUE,27,21,1,1,1,1,TRUE,TRUE,TRUE,TRUE,TRUE,concordancia_estable_panel,CONSENSO_PANEL_0414,egp,consenso_clasificaciones_panel_ENOE,Misma categoria en ambas mediciones; destino historico oficial; empleo continuo
6180,baja_damian,0,0,54,14106,14208,TRUE,0.9818333681353101,TRUE,1,TRUE,30,24,0.9823178741032637,0.9807606263982103,1,1,TRUE,TRUE,TRUE,TRUE,TRUE,concordancia_estable_panel,CONSENSO_PANEL_0415,egp,consenso_clasificaciones_panel_ENOE,Misma categoria en ambas mediciones; destino historico oficial; empleo continuo
6190,baja_damian,0,0,30,7570,7837,TRUE,1,TRUE,1,TRUE,16,14,1,1,1,1,TRUE,TRUE,TRUE,TRUE,TRUE,concordancia_estable_panel,CONSENSO_PANEL_0416,egp,consenso_clasificaciones_panel_ENOE,Misma categoria en ambas mediciones; destino historico oficial; empleo continuo
6200,baja_damian,0,0,1067,253263,251835,TRUE,0.9984860849921348,TRUE,1,TRUE,500,567,1,0.9970589361620649,1,1,TRUE,TRUE,TRUE,TRUE,TRUE,concordancia_estable_panel,CONSENSO_PANEL_0417,egp,consenso_clasificaciones_panel_ENOE,Misma categoria en ambas mediciones; destino historico oficial; empleo continuo
6202,baja_damian,0,0,189,51327,52131,TRUE,1,TRUE,1,TRUE,91,98,1,1,1,1,TRUE,TRUE,TRUE,TRUE,TRUE,concordancia_estable_panel,CONSENSO_PANEL_0418,egp,consenso_clasificaciones_panel_ENOE,Misma categoria en ambas mediciones; destino historico oficial; empleo continuo
6210,baja_damian,0,0,448,120333,119586,TRUE,0.9749246524289464,TRUE,1,TRUE,228,220,0.9696603796655764,0.9808627288714182,1,1,TRUE,TRUE,TRUE,TRUE,TRUE,concordancia_estable_panel,CONSENSO_PANEL_0419,egp,consenso_clasificaciones_panel_ENOE,Misma categoria en ambas mediciones; destino historico oficial; empleo continuo
6211,baja_damian,0,0,26,8617,8823,TRUE,1,TRUE,1,TRUE,10,16,1,1,1,1,TRUE,TRUE,TRUE,TRUE,TRUE,concordancia_estable_panel,CONSENSO_PANEL_0420,egp,consenso_clasificaciones_panel_ENOE,Misma categoria en ambas mediciones; destino historico oficial; empleo continuo
6220,baja_damian,0,0,64,17461,18023,TRUE,0.997828447339848,TRUE,1,TRUE,30,34,0.9955246731833707,1,1,1,TRUE,TRUE,TRUE,TRUE,TRUE,concordancia_estable_panel,CONSENSO_PANEL_0421,egp,consenso_clasificaciones_panel_ENOE,Misma categoria en ambas mediciones; destino historico oficial; empleo continuo
6221,baja_damian,0,0,326,99859,99109,TRUE,0.9986998569842682,TRUE,1,TRUE,153,173,0.998979355138019,0.9984880184250778,1,1,TRUE,TRUE,TRUE,TRUE,TRUE,concordancia_estable_panel,CONSENSO_PANEL_0422,egp,consenso_clasificaciones_panel_ENOE,Misma categoria en ambas mediciones; destino historico oficial; empleo continuo
6230,baja_damian,0,0,272,70067,70909,TRUE,0.9745198125147777,TRUE,1,TRUE,132,140,0.9507372855853145,0.9949572008585689,1,1,TRUE,TRUE,TRUE,TRUE,TRUE,concordancia_estable_panel,CONSENSO_PANEL_0423,egp,consenso_clasificaciones_panel_ENOE,Misma categoria en ambas mediciones; destino historico oficial; empleo continuo
6231,baja_damian,0,0,14,2061,2058,TRUE,1,TRUE,1,TRUE,6,8,1,1,1,1,TRUE,TRUE,TRUE,TRUE,TRUE,concordancia_estable_panel,CONSENSO_PANEL_0424,egp,consenso_clasificaciones_panel_ENOE,Misma categoria en ambas mediciones; destino historico oficial; empleo continuo
6232,baja_damian,0,0,43,9517,9605,TRUE,1,TRUE,1,TRUE,22,21,1,1,1,1,TRUE,TRUE,TRUE,TRUE,TRUE,concordancia_estable_panel,CONSENSO_PANEL_0425,egp,consenso_clasificaciones_panel_ENOE,Misma categoria en ambas mediciones; destino historico oficial; empleo continuo
6240,baja_damian,0,0,34,11744,12300,TRUE,0.9620709429016139,TRUE,1,TRUE,16,18,0.8782540099921115,1,1,1,TRUE,TRUE,TRUE,TRUE,TRUE,concordancia_estable_panel,CONSENSO_PANEL_0426,egp,consenso_clasificaciones_panel_ENOE,Misma categoria en ambas mediciones; destino historico oficial; empleo continuo
6250,baja_damian,0,0,26,8547,8529,TRUE,1,TRUE,1,TRUE,7,19,1,1,1,1,TRUE,TRUE,TRUE,TRUE,TRUE,concordancia_estable_panel,CONSENSO_PANEL_0427,egp,consenso_clasificaciones_panel_ENOE,Misma categoria en ambas mediciones; destino historico oficial; empleo continuo
6251,baja_damian,0,0,84,18157,17803,TRUE,0.9898598920569155,TRUE,0.9411111698472273,TRUE,41,43,1,0.984009628610729,0.86847170537662,0.9919992808342323,TRUE,TRUE,TRUE,TRUE,TRUE,concordancia_estable_panel,CONSENSO_PANEL_0428,egp,consenso_clasificaciones_panel_ENOE,Misma categoria en ambas mediciones; destino historico oficial; empleo continuo
6260,baja_damian,0,0,43,13422,13712,TRUE,1,TRUE,1,TRUE,23,20,1,1,1,1,TRUE,TRUE,TRUE,TRUE,TRUE,concordancia_estable_panel,CONSENSO_PANEL_0429,egp,consenso_clasificaciones_panel_ENOE,Misma categoria en ambas mediciones; destino historico oficial; empleo continuo
6270,baja_damian,0,0,1378,288819,293380,TRUE,0.9905139153248624,TRUE,1,TRUE,700,678,0.989077995636704,0.9919402250447765,1,1,TRUE,TRUE,TRUE,TRUE,TRUE,concordancia_estable_panel,CONSENSO_PANEL_0430,egp,consenso_clasificaciones_panel_ENOE,Misma categoria en ambas mediciones; destino historico oficial; empleo continuo
7100,baja_damian,0,0,1418,444581,442964,TRUE,0.8826620764688832,TRUE,1,TRUE,703,715,0.8741901255606823,0.8909321322358148,1,1,TRUE,TRUE,TRUE,TRUE,TRUE,concordancia_estable_panel,CONSENSO_PANEL_0431,egp,consenso_clasificaciones_panel_ENOE,Misma categoria en ambas mediciones; destino historico oficial; empleo continuo
7110,baja_damian,0,0,117,24888,24815,TRUE,0.9450899977215766,TRUE,1,TRUE,58,59,1,0.9010470129336892,1,1,TRUE,TRUE,TRUE,TRUE,TRUE,concordancia_estable_panel,CONSENSO_PANEL_0432,egp,consenso_clasificaciones_panel_ENOE,Misma categoria en ambas mediciones; destino historico oficial; empleo continuo
7111,baja_damian,0,0,2178,597100,598965,TRUE,0.9336602421168178,TRUE,1,TRUE,1089,1089,0.9442115903186827,0.9241171268020023,1,1,TRUE,TRUE,TRUE,TRUE,TRUE,concordancia_estable_panel,CONSENSO_PANEL_0433,egp,consenso_clasificaciones_panel_ENOE,Misma categoria en ambas mediciones; destino historico oficial; empleo continuo
7120,baja_damian,0,0,23,6563,6734,TRUE,1,TRUE,1,TRUE,11,12,1,1,1,1,TRUE,TRUE,TRUE,TRUE,TRUE,concordancia_estable_panel,CONSENSO_PANEL_0434,egp,consenso_clasificaciones_panel_ENOE,Misma categoria en ambas mediciones; destino historico oficial; empleo continuo
7121,baja_damian,0,0,79,19726,19938,TRUE,0.8679926075860248,TRUE,1,TRUE,40,39,0.8490393412625801,0.8855544252288912,1,1,TRUE,TRUE,TRUE,TRUE,TRUE,concordancia_estable_panel,CONSENSO_PANEL_0435,egp,consenso_clasificaciones_panel_ENOE,Misma categoria en ambas mediciones; destino historico oficial; empleo continuo
7130,baja_damian,0,0,225,55069,56019,TRUE,0.9745000884799151,TRUE,1,TRUE,105,120,0.9967784397949286,0.9512336299833587,1,1,TRUE,TRUE,TRUE,TRUE,TRUE,concordancia_estable_panel,CONSENSO_PANEL_0436,egp,consenso_clasificaciones_panel_ENOE,Misma categoria en ambas mediciones; destino historico oficial; empleo continuo
7131,baja_damian,0,0,59,17387,17680,TRUE,1,TRUE,1,TRUE,35,24,1,1,1,1,TRUE,TRUE,TRUE,TRUE,TRUE,concordancia_estable_panel,CONSENSO_PANEL_0437,egp,consenso_clasificaciones_panel_ENOE,Misma categoria en ambas mediciones; destino historico oficial; empleo continuo
7133,baja_damian,0,0,40,12673,13913,TRUE,1,TRUE,1,TRUE,22,18,1,1,1,1,TRUE,TRUE,TRUE,TRUE,TRUE,concordancia_estable_panel,CONSENSO_PANEL_0438,egp,consenso_clasificaciones_panel_ENOE,Misma categoria en ambas mediciones; destino historico oficial; empleo continuo
7134,baja_damian,0,0,20,6346,5942,TRUE,1,TRUE,1,TRUE,7,13,1,1,1,1,TRUE,TRUE,TRUE,TRUE,TRUE,concordancia_estable_panel,CONSENSO_PANEL_0439,egp,consenso_clasificaciones_panel_ENOE,Misma categoria en ambas mediciones; destino historico oficial; empleo continuo
7200,baja_damian,1,1,13,4167,4178,TRUE,0.8407990314769975,TRUE,1,TRUE,8,5,0.8361062825925006,0.8611410118406889,1,1,TRUE,TRUE,TRUE,TRUE,TRUE,concordancia_estable_panel,CONSENSO_PANEL_0440,egp,consenso_clasificaciones_panel_ENOE,Misma categoria en ambas mediciones; destino historico oficial; empleo continuo
7201,baja_damian,0,0,557,161207,163705,TRUE,0.5576128840340088,TRUE,1,TRUE,275,282,0.5316214865965412,0.5841743424043417,1,1,TRUE,TRUE,TRUE,TRUE,TRUE,concordancia_estable_panel,CONSENSO_PANEL_0441,egp,consenso_clasificaciones_panel_ENOE,Misma categoria en ambas mediciones; destino historico oficial; empleo continuo
7210,baja_damian,1,1,483,148919,150969,TRUE,0.6970199062957815,TRUE,1,TRUE,230,253,0.6519174898314933,0.7392088123125979,1,1,TRUE,TRUE,TRUE,TRUE,TRUE,concordancia_estable_panel,CONSENSO_PANEL_0442,egp,consenso_clasificaciones_panel_ENOE,Misma categoria en ambas mediciones; destino historico oficial; empleo continuo
7211,baja_damian,1,1,35,12893,12756,TRUE,0.9556033204862141,TRUE,1,TRUE,14,21,0.9697663765460376,0.9422439867492438,1,1,TRUE,TRUE,TRUE,TRUE,TRUE,concordancia_estable_panel,CONSENSO_PANEL_0443,egp,consenso_clasificaciones_panel_ENOE,Misma categoria en ambas mediciones; destino historico oficial; empleo continuo
7212,baja_damian,1,1,33,7252,7375,TRUE,1,TRUE,1,TRUE,11,22,1,1,1,1,TRUE,TRUE,TRUE,TRUE,TRUE,concordancia_estable_panel,CONSENSO_PANEL_0444,egp,consenso_clasificaciones_panel_ENOE,Misma categoria en ambas mediciones; destino historico oficial; empleo continuo
8100,baja_damian,0,0,570,143566,143428,TRUE,0.7368934331146767,TRUE,1,TRUE,287,283,0.7309329002549132,0.7428386885111444,1,1,TRUE,TRUE,TRUE,TRUE,TRUE,concordancia_estable_panel,CONSENSO_PANEL_0445,egp,consenso_clasificaciones_panel_ENOE,Misma categoria en ambas mediciones; destino historico oficial; empleo continuo
8101,baja_damian,0,0,174,40037,40976,TRUE,0.9811306883622908,TRUE,0.8072816107805666,TRUE,94,80,1,0.9525423728813559,0.8243018617021277,0.782522487668053,TRUE,TRUE,TRUE,TRUE,TRUE,concordancia_estable_panel,CONSENSO_PANEL_0446,egp,consenso_clasificaciones_panel_ENOE,Misma categoria en ambas mediciones; destino historico oficial; empleo continuo
8101,baja_damian,1,1,151,38388,39142,TRUE,0.7949636563192446,TRUE,0.9801672760054089,TRUE,80,71,0.7774978001759859,0.8137158071026753,1,0.9607648865550381,TRUE,TRUE,TRUE,TRUE,TRUE,concordancia_estable_panel,CONSENSO_PANEL_0447,egp,consenso_clasificaciones_panel_ENOE,Misma categoria en ambas mediciones; destino historico oficial; empleo continuo
8110,baja_damian,0,0,41,7275,7370,TRUE,1,TRUE,0.8726024153445417,TRUE,20,21,1,1,0.8140579384684482,0.9378913097921362,TRUE,TRUE,TRUE,TRUE,TRUE,concordancia_estable_panel,CONSENSO_PANEL_0448,egp,consenso_clasificaciones_panel_ENOE,Misma categoria en ambas mediciones; destino historico oficial; empleo continuo
8110,baja_damian,1,1,44,7057,7162,TRUE,0.8654648025508953,TRUE,1,TRUE,28,16,0.8254406455723083,0.9201741654571843,1,1,TRUE,TRUE,TRUE,TRUE,TRUE,concordancia_estable_panel,CONSENSO_PANEL_0449,egp,consenso_clasificaciones_panel_ENOE,Misma categoria en ambas mediciones; destino historico oficial; empleo continuo
8111,baja_damian,1,1,25,9415,9550,TRUE,0.8119879258300992,TRUE,1,TRUE,11,14,0.9773469387755102,0.6909634055265124,1,1,TRUE,TRUE,TRUE,TRUE,TRUE,concordancia_estable_panel,CONSENSO_PANEL_0450,egp,consenso_clasificaciones_panel_ENOE,Misma categoria en ambas mediciones; destino historico oficial; empleo continuo
8120,baja_damian,0,0,17,9474,10783,TRUE,0.9830860226211476,TRUE,1,TRUE,10,7,1,0.9606280193236715,1,1,TRUE,TRUE,TRUE,TRUE,TRUE,concordancia_estable_panel,CONSENSO_PANEL_0451,egp,consenso_clasificaciones_panel_ENOE,Misma categoria en ambas mediciones; destino historico oficial; empleo continuo
8122,baja_damian,0,0,71,17055,16417,TRUE,0.956373016318062,TRUE,0.9926835167493047,TRUE,35,36,1,0.9214617403593781,0.9852078239608802,1,TRUE,TRUE,TRUE,TRUE,TRUE,concordancia_estable_panel,CONSENSO_PANEL_0452,egp,consenso_clasificaciones_panel_ENOE,Misma categoria en ambas mediciones; destino historico oficial; empleo continuo
8123,baja_damian,0,0,69,14379,14704,TRUE,1,TRUE,1,TRUE,36,33,1,1,1,1,TRUE,TRUE,TRUE,TRUE,TRUE,concordancia_estable_panel,CONSENSO_PANEL_0453,egp,consenso_clasificaciones_panel_ENOE,Misma categoria en ambas mediciones; destino historico oficial; empleo continuo
8123,baja_damian,1,1,23,7300,7503,TRUE,1,TRUE,1,TRUE,6,17,1,1,1,1,TRUE,TRUE,TRUE,TRUE,TRUE,concordancia_estable_panel,CONSENSO_PANEL_0454,egp,consenso_clasificaciones_panel_ENOE,Misma categoria en ambas mediciones; destino historico oficial; empleo continuo
8124,baja_damian,0,0,781,191620,194157,TRUE,0.9828178694158075,TRUE,0.9469779737401721,TRUE,391,390,0.9936476232639068,0.9720669249087805,0.9474060201185488,0.9465408805031447,TRUE,TRUE,TRUE,TRUE,TRUE,concordancia_estable_panel,CONSENSO_PANEL_0455,egp,consenso_clasificaciones_panel_ENOE,Misma categoria en ambas mediciones; destino historico oficial; empleo continuo
8124,baja_damian,1,1,234,62534,62770,TRUE,0.8513471199270282,TRUE,0.9507004922377887,TRUE,119,115,0.8428120952756349,0.8593383419006195,0.9792987449864148,0.9255176735310034,TRUE,TRUE,TRUE,TRUE,TRUE,concordancia_estable_panel,CONSENSO_PANEL_0456,egp,consenso_clasificaciones_panel_ENOE,Misma categoria en ambas mediciones; destino historico oficial; empleo continuo
8125,baja_damian,1,1,156,44967,44577,TRUE,0.8049946294307196,TRUE,1,TRUE,77,79,0.8819150036190673,0.721868365180467,1,1,TRUE,TRUE,TRUE,TRUE,TRUE,concordancia_estable_panel,CONSENSO_PANEL_0457,egp,consenso_clasificaciones_panel_ENOE,Misma categoria en ambas mediciones; destino historico oficial; empleo continuo
8126,baja_damian,0,0,66,18258,19202,TRUE,1,TRUE,0.8015528468859576,TRUE,36,30,1,1,0.8586602574042487,0.7349430276722735,TRUE,TRUE,TRUE,TRUE,TRUE,concordancia_estable_panel,CONSENSO_PANEL_0458,egp,consenso_clasificaciones_panel_ENOE,Misma categoria en ambas mediciones; destino historico oficial; empleo continuo
8126,baja_damian,1,1,61,16214,16406,TRUE,0.7779857012619356,TRUE,1,TRUE,24,37,0.7928183321521379,0.7678383838383839,1,1,TRUE,TRUE,TRUE,TRUE,TRUE,concordancia_estable_panel,CONSENSO_PANEL_0459,egp,consenso_clasificaciones_panel_ENOE,Misma categoria en ambas mediciones; destino historico oficial; empleo continuo
8130,baja_damian,0,0,387,106211,105026,TRUE,0.9953517576166512,TRUE,1,TRUE,191,196,0.9910842680471671,1,1,1,TRUE,TRUE,TRUE,TRUE,TRUE,concordancia_estable_panel,CONSENSO_PANEL_0460,egp,consenso_clasificaciones_panel_ENOE,Misma categoria en ambas mediciones; destino historico oficial; empleo continuo
8131,baja_damian,0,0,42,12324,12110,TRUE,0.9841092390002396,TRUE,1,TRUE,21,21,0.9676790644794543,1,1,1,TRUE,TRUE,TRUE,TRUE,TRUE,concordancia_estable_panel,CONSENSO_PANEL_0461,egp,consenso_clasificaciones_panel_ENOE,Misma categoria en ambas mediciones; destino historico oficial; empleo continuo
8132,baja_damian,0,0,15,2661,2670,TRUE,1,TRUE,0.9427966101694916,TRUE,6,9,1,1,0.8604651162790697,1,TRUE,TRUE,TRUE,TRUE,TRUE,concordancia_estable_panel,CONSENSO_PANEL_0462,egp,consenso_clasificaciones_panel_ENOE,Misma categoria en ambas mediciones; destino historico oficial; empleo continuo
8140,baja_damian,0,0,39,8133,8211,TRUE,0.9278950370792927,TRUE,1,TRUE,22,17,0.9036243822075782,0.9580455359426964,1,1,TRUE,TRUE,TRUE,TRUE,TRUE,concordancia_estable_panel,CONSENSO_PANEL_0463,egp,consenso_clasificaciones_panel_ENOE,Misma categoria en ambas mediciones; destino historico oficial; empleo continuo
8150,baja_damian,0,0,38,10018,10395,TRUE,0.6940076203671631,TRUE,1,TRUE,14,24,0.8330072914814156,0.6053109396277803,1,1,TRUE,TRUE,TRUE,TRUE,TRUE,concordancia_estable_panel,CONSENSO_PANEL_0464,egp,consenso_clasificaciones_panel_ENOE,Misma categoria en ambas mediciones; destino historico oficial; empleo continuo
8151,baja_damian,0,0,119,26617,25897,TRUE,0.9639649427785021,TRUE,1,TRUE,50,69,0.9113106649177681,0.9934466979266708,1,1,TRUE,TRUE,TRUE,TRUE,TRUE,concordancia_estable_panel,CONSENSO_PANEL_0465,egp,consenso_clasificaciones_panel_ENOE,Misma categoria en ambas mediciones; destino historico oficial; empleo continuo
8201,baja_damian,0,0,102,32201,31763,TRUE,0.6904307553764018,TRUE,1,TRUE,48,54,0.5900627670235772,0.7591763005780346,1,1,TRUE,TRUE,TRUE,TRUE,TRUE,concordancia_estable_panel,CONSENSO_PANEL_0466,egp,consenso_clasificaciones_panel_ENOE,Misma categoria en ambas mediciones; destino historico oficial; empleo continuo
8202,baja_damian,0,0,24,9742,9071,TRUE,0.9505317591960192,TRUE,1,TRUE,13,11,1,0.9099786931818182,1,1,TRUE,TRUE,TRUE,TRUE,TRUE,concordancia_estable_panel,CONSENSO_PANEL_0467,egp,consenso_clasificaciones_panel_ENOE,Misma categoria en ambas mediciones; destino historico oficial; empleo continuo
8203,baja_damian,1,1,53,13155,12893,TRUE,0.9771224838446112,TRUE,1,TRUE,26,27,0.9628385056335245,0.985721085197525,1,1,TRUE,TRUE,TRUE,TRUE,TRUE,concordancia_estable_panel,CONSENSO_PANEL_0468,egp,consenso_clasificaciones_panel_ENOE,Misma categoria en ambas mediciones; destino historico oficial; empleo continuo
8204,baja_damian,0,0,13,3220,3146,TRUE,0.8372334893395735,TRUE,1,TRUE,8,5,0.7817351598173516,0.9106280193236715,1,1,TRUE,TRUE,TRUE,TRUE,TRUE,concordancia_estable_panel,CONSENSO_PANEL_0469,egp,consenso_clasificaciones_panel_ENOE,Misma categoria en ambas mediciones; destino historico oficial; empleo continuo
8300,baja_damian,0,0,25,4038,3998,TRUE,1,TRUE,1,TRUE,13,12,1,1,1,1,TRUE,TRUE,TRUE,TRUE,TRUE,concordancia_estable_panel,CONSENSO_PANEL_0470,egp,consenso_clasificaciones_panel_ENOE,Misma categoria en ambas mediciones; destino historico oficial; empleo continuo
8301,baja_damian,0,0,582,161751,160995,TRUE,1,TRUE,1,TRUE,327,255,1,1,1,1,TRUE,TRUE,TRUE,TRUE,TRUE,concordancia_estable_panel,CONSENSO_PANEL_0471,egp,consenso_clasificaciones_panel_ENOE,Misma categoria en ambas mediciones; destino historico oficial; empleo continuo
8303,baja_damian,0,0,488,139989,140785,TRUE,0.9968312516911859,TRUE,0.9634229795387669,TRUE,233,255,0.9994084545495913,0.9945507012952151,0.9965985375209782,0.9355366904300073,TRUE,TRUE,TRUE,TRUE,TRUE,concordancia_estable_panel,CONSENSO_PANEL_0472,egp,consenso_clasificaciones_panel_ENOE,Misma categoria en ambas mediciones; destino historico oficial; empleo continuo
8303,baja_damian,1,1,32,13472,12364,TRUE,0.7183151159690749,TRUE,0.9669195276452647,TRUE,19,13,0.9712092130518234,0.5376599634369287,0.9946829722185299,0.9272416413373861,TRUE,TRUE,TRUE,TRUE,TRUE,concordancia_estable_panel,CONSENSO_PANEL_0473,egp,consenso_clasificaciones_panel_ENOE,Misma categoria en ambas mediciones; destino historico oficial; empleo continuo
8311,baja_damian,0,0,35,6850,6792,TRUE,1,TRUE,1,TRUE,16,19,1,1,1,1,TRUE,TRUE,TRUE,TRUE,TRUE,concordancia_estable_panel,CONSENSO_PANEL_0474,egp,consenso_clasificaciones_panel_ENOE,Misma categoria en ambas mediciones; destino historico oficial; empleo continuo
8312,baja_damian,0,0,96,21099,21297,TRUE,0.9646139075572624,TRUE,1,TRUE,47,49,0.9911097792428328,0.9422525712358792,1,1,TRUE,TRUE,TRUE,TRUE,TRUE,concordancia_estable_panel,CONSENSO_PANEL_0475,egp,consenso_clasificaciones_panel_ENOE,Misma categoria en ambas mediciones; destino historico oficial; empleo continuo
1100,calificada_damian,1,1,53,13022,13654,TRUE,0.9436915718530329,TRUE,1,TRUE,24,29,0.9593135898145585,0.9265175718849841,1,1,TRUE,TRUE,TRUE,TRUE,TRUE,concordancia_estable_panel,CONSENSO_PANEL_0476,clase_ocupacional,consenso_clasificaciones_panel_ENOE,Misma categoria en ambas mediciones; destino historico oficial; empleo continuo
1101,calificada_damian,1,1,47,8495,8494,TRUE,0.8555745795145533,TRUE,1,TRUE,21,26,0.7494679822015864,0.9707983193277311,1,1,TRUE,TRUE,TRUE,TRUE,TRUE,concordancia_estable_panel,CONSENSO_PANEL_0477,clase_ocupacional,consenso_clasificaciones_panel_ENOE,Misma categoria en ambas mediciones; destino historico oficial; empleo continuo
1103,calificada_damian,1,1,12,2549,2552,TRUE,1,TRUE,1,TRUE,6,6,1,1,1,1,TRUE,TRUE,TRUE,TRUE,TRUE,concordancia_estable_panel,CONSENSO_PANEL_0478,clase_ocupacional,consenso_clasificaciones_panel_ENOE,Misma categoria en ambas mediciones; destino historico oficial; empleo continuo
1104,calificada_damian,1,1,84,22020,22214,TRUE,0.8318851530034,TRUE,1,TRUE,45,39,0.8476662404092071,0.8177389310789511,1,1,TRUE,TRUE,TRUE,TRUE,TRUE,concordancia_estable_panel,CONSENSO_PANEL_0479,clase_ocupacional,consenso_clasificaciones_panel_ENOE,Misma categoria en ambas mediciones; destino historico oficial; empleo continuo
1105,calificada_damian,1,1,180,45842,46689,TRUE,0.8762352581378902,TRUE,1,TRUE,98,82,0.8247932437754343,0.9161349443388542,1,1,TRUE,TRUE,TRUE,TRUE,TRUE,concordancia_estable_panel,CONSENSO_PANEL_0480,clase_ocupacional,consenso_clasificaciones_panel_ENOE,Misma categoria en ambas mediciones; destino historico oficial; empleo continuo
1120,calificada_damian,1,1,44,11106,10829,TRUE,1,TRUE,1,TRUE,18,26,1,1,1,1,TRUE,TRUE,TRUE,TRUE,TRUE,concordancia_estable_panel,CONSENSO_PANEL_0481,clase_ocupacional,consenso_clasificaciones_panel_ENOE,Misma categoria en ambas mediciones; destino historico oficial; empleo continuo
1121,calificada_damian,1,1,28,7418,7203,TRUE,0.9393440547043181,TRUE,1,TRUE,15,13,1,0.8401735068401736,1,1,TRUE,TRUE,TRUE,TRUE,TRUE,concordancia_estable_panel,CONSENSO_PANEL_0482,clase_ocupacional,consenso_clasificaciones_panel_ENOE,Misma categoria en ambas mediciones; destino historico oficial; empleo continuo
1130,calificada_damian,1,1,368,85047,87359,TRUE,0.9962398088276637,TRUE,1,TRUE,174,194,0.9975977337110482,0.9947869941565841,1,1,TRUE,TRUE,TRUE,TRUE,TRUE,concordancia_estable_panel,CONSENSO_PANEL_0483,clase_ocupacional,consenso_clasificaciones_panel_ENOE,Misma categoria en ambas mediciones; destino historico oficial; empleo continuo
1131,calificada_damian,1,1,254,56833,57769,TRUE,0.9976302485605955,TRUE,1,TRUE,126,128,0.9978954127131341,0.9973733324116956,1,1,TRUE,TRUE,TRUE,TRUE,TRUE,concordancia_estable_panel,CONSENSO_PANEL_0484,clase_ocupacional,consenso_clasificaciones_panel_ENOE,Misma categoria en ambas mediciones; destino historico oficial; empleo continuo
1132,calificada_damian,1,1,123,33731,33542,TRUE,0.9972209903917221,TRUE,1,TRUE,61,62,1,0.9941975308641975,1,1,TRUE,TRUE,TRUE,TRUE,TRUE,concordancia_estable_panel,CONSENSO_PANEL_0485,clase_ocupacional,consenso_clasificaciones_panel_ENOE,Misma categoria en ambas mediciones; destino historico oficial; empleo continuo
1134,calificada_damian,1,1,16,5260,5340,TRUE,0.9872372372372372,TRUE,1,TRUE,11,5,0.9425190194420964,1,1,1,TRUE,TRUE,TRUE,TRUE,TRUE,concordancia_estable_panel,CONSENSO_PANEL_0486,clase_ocupacional,consenso_clasificaciones_panel_ENOE,Misma categoria en ambas mediciones; destino historico oficial; empleo continuo
1150,calificada_damian,1,1,28,3983,4027,TRUE,0.9271415270018621,TRUE,1,TRUE,15,13,0.9388661202185792,0.902046783625731,1,1,TRUE,TRUE,TRUE,TRUE,TRUE,concordancia_estable_panel,CONSENSO_PANEL_0487,clase_ocupacional,consenso_clasificaciones_panel_ENOE,Misma categoria en ambas mediciones; destino historico oficial; empleo continuo
1151,calificada_damian,1,1,35,9220,9329,TRUE,0.933765444601985,TRUE,1,TRUE,18,17,0.9401955146635997,0.9265621644835731,1,1,TRUE,TRUE,TRUE,TRUE,TRUE,concordancia_estable_panel,CONSENSO_PANEL_0488,clase_ocupacional,consenso_clasificaciones_panel_ENOE,Misma categoria en ambas mediciones; destino historico oficial; empleo continuo
1160,calificada_damian,1,1,330,85044,86976,TRUE,0.898719195164222,TRUE,1,TRUE,169,161,0.9136615055213021,0.8816620272930953,1,1,TRUE,TRUE,TRUE,TRUE,TRUE,concordancia_estable_panel,CONSENSO_PANEL_0489,clase_ocupacional,consenso_clasificaciones_panel_ENOE,Misma categoria en ambas mediciones; destino historico oficial; empleo continuo
1161,calificada_damian,1,1,31,7257,7310,TRUE,0.9544916480336709,TRUE,1,TRUE,17,14,0.9520975056689343,0.9565644171779141,1,1,TRUE,TRUE,TRUE,TRUE,TRUE,concordancia_estable_panel,CONSENSO_PANEL_0490,clase_ocupacional,consenso_clasificaciones_panel_ENOE,Misma categoria en ambas mediciones; destino historico oficial; empleo continuo
1164,calificada_damian,1,1,67,21676,19995,TRUE,0.9587756546355273,TRUE,1,TRUE,34,33,0.9915718788543237,0.8990516595957075,1,1,TRUE,TRUE,TRUE,TRUE,TRUE,concordancia_estable_panel,CONSENSO_PANEL_0491,clase_ocupacional,consenso_clasificaciones_panel_ENOE,Misma categoria en ambas mediciones; destino historico oficial; empleo continuo
1171,calificada_damian,1,1,21,11156,11229,TRUE,0.6676241771394374,TRUE,1,TRUE,13,8,0.712771548703574,0.5702682281828485,1,1,TRUE,TRUE,TRUE,TRUE,TRUE,concordancia_estable_panel,CONSENSO_PANEL_0492,clase_ocupacional,consenso_clasificaciones_panel_ENOE,Misma categoria en ambas mediciones; destino historico oficial; empleo continuo
1172,calificada_damian,1,1,338,79263,79194,TRUE,0.8329970363831263,TRUE,1,TRUE,183,155,0.8097986313363232,0.8661290734172047,1,1,TRUE,TRUE,TRUE,TRUE,TRUE,concordancia_estable_panel,CONSENSO_PANEL_0493,clase_ocupacional,consenso_clasificaciones_panel_ENOE,Misma categoria en ambas mediciones; destino historico oficial; empleo continuo
1200,calificada_damian,1,1,29,8535,8595,TRUE,0.8389030862984077,TRUE,1,TRUE,16,13,0.8497571131158917,0.8247165532879819,1,1,TRUE,TRUE,TRUE,TRUE,TRUE,concordancia_estable_panel,CONSENSO_PANEL_0494,clase_ocupacional,consenso_clasificaciones_panel_ENOE,Misma categoria en ambas mediciones; destino historico oficial; empleo continuo
1203,calificada_damian,1,1,29,5110,5351,TRUE,0.8127882933036424,TRUE,1,TRUE,14,15,0.7713717693836978,0.8864339372514362,1,1,TRUE,TRUE,TRUE,TRUE,TRUE,concordancia_estable_panel,CONSENSO_PANEL_0495,clase_ocupacional,consenso_clasificaciones_panel_ENOE,Misma categoria en ambas mediciones; destino historico oficial; empleo continuo
1204,calificada_damian,1,1,159,48675,48936,TRUE,0.9181363764972178,TRUE,1,TRUE,78,81,0.9156147140738597,0.9208845789971618,1,1,TRUE,TRUE,TRUE,TRUE,TRUE,concordancia_estable_panel,CONSENSO_PANEL_0496,clase_ocupacional,consenso_clasificaciones_panel_ENOE,Misma categoria en ambas mediciones; destino historico oficial; empleo continuo
1205,calificada_damian,1,1,320,84258,83432,TRUE,0.8751713822759566,TRUE,1,TRUE,152,168,0.8903683256204162,0.8657058575642647,1,1,TRUE,TRUE,TRUE,TRUE,TRUE,concordancia_estable_panel,CONSENSO_PANEL_0497,clase_ocupacional,consenso_clasificaciones_panel_ENOE,Misma categoria en ambas mediciones; destino historico oficial; empleo continuo
1206,calificada_damian,1,1,68,16613,17356,TRUE,0.8606434233020774,TRUE,1,TRUE,38,30,0.9557291666666666,0.7665670411213027,1,1,TRUE,TRUE,TRUE,TRUE,TRUE,concordancia_estable_panel,CONSENSO_PANEL_0498,clase_ocupacional,consenso_clasificaciones_panel_ENOE,Misma categoria en ambas mediciones; destino historico oficial; empleo continuo
1220,calificada_damian,1,1,407,125365,125907,TRUE,0.9514575633153968,TRUE,1,TRUE,213,194,0.9491362496517136,0.9542355079108384,1,1,TRUE,TRUE,TRUE,TRUE,TRUE,concordancia_estable_panel,CONSENSO_PANEL_0499,clase_ocupacional,consenso_clasificaciones_panel_ENOE,Misma categoria en ambas mediciones; destino historico oficial; empleo continuo
1221,calificada_damian,1,1,24,5553,5645,TRUE,0.818905766111193,TRUE,1,TRUE,15,9,0.8662264612374664,0.7470282317979198,1,1,TRUE,TRUE,TRUE,TRUE,TRUE,concordancia_estable_panel,CONSENSO_PANEL_0500,clase_ocupacional,consenso_clasificaciones_panel_ENOE,Misma categoria en ambas mediciones; destino historico oficial; empleo continuo
1230,calificada_damian,1,1,65,13984,14058,TRUE,0.8608717064762373,TRUE,1,TRUE,32,33,0.9222055411491743,0.8104743747897275,1,1,TRUE,TRUE,TRUE,TRUE,TRUE,concordancia_estable_panel,CONSENSO_PANEL_0501,clase_ocupacional,consenso_clasificaciones_panel_ENOE,Misma categoria en ambas mediciones; destino historico oficial; empleo continuo
1250,calificada_damian,0,0,95,16327,16378,TRUE,0.5316855542529634,TRUE,1,TRUE,53,42,0.5130616509926855,0.5625,1,1,TRUE,TRUE,TRUE,TRUE,TRUE,concordancia_estable_panel,CONSENSO_PANEL_0502,clase_ocupacional,consenso_clasificaciones_panel_ENOE,Misma categoria en ambas mediciones; destino historico oficial; empleo continuo
1251,calificada_damian,0,0,277,70042,70825,TRUE,0.7247873507315963,TRUE,1,TRUE,142,135,0.8027802267648084,0.6453149482920715,1,1,TRUE,TRUE,TRUE,TRUE,TRUE,concordancia_estable_panel,CONSENSO_PANEL_0503,clase_ocupacional,consenso_clasificaciones_panel_ENOE,Misma categoria en ambas mediciones; destino historico oficial; empleo continuo
1300,calificada_damian,1,1,336,81523,80698,TRUE,0.9908358350450308,TRUE,1,TRUE,172,164,0.9951440329218108,0.987409169267026,1,1,TRUE,TRUE,TRUE,TRUE,TRUE,concordancia_estable_panel,CONSENSO_PANEL_0504,clase_ocupacional,consenso_clasificaciones_panel_ENOE,Misma categoria en ambas mediciones; destino historico oficial; empleo continuo
1310,calificada_damian,1,1,205,56119,56633,TRUE,0.9289533363129231,TRUE,1,TRUE,114,91,0.9255344775669979,0.933127458549318,1,1,TRUE,TRUE,TRUE,TRUE,TRUE,concordancia_estable_panel,CONSENSO_PANEL_0505,clase_ocupacional,consenso_clasificaciones_panel_ENOE,Misma categoria en ambas mediciones; destino historico oficial; empleo continuo
1320,calificada_damian,1,1,449,125353,124182,TRUE,0.9828447322821681,TRUE,1,TRUE,199,250,0.9744231835299065,0.9887010155793056,1,1,TRUE,TRUE,TRUE,TRUE,TRUE,concordancia_estable_panel,CONSENSO_PANEL_0506,clase_ocupacional,consenso_clasificaciones_panel_ENOE,Misma categoria en ambas mediciones; destino historico oficial; empleo continuo
1330,calificada_damian,1,1,730,198218,198565,TRUE,0.9966713596138375,TRUE,1,TRUE,342,388,0.9975169834035601,0.9959281233466858,1,1,TRUE,TRUE,TRUE,TRUE,TRUE,concordancia_estable_panel,CONSENSO_PANEL_0507,clase_ocupacional,consenso_clasificaciones_panel_ENOE,Misma categoria en ambas mediciones; destino historico oficial; empleo continuo
1340,calificada_damian,1,1,264,69814,71409,TRUE,0.9565527163115709,TRUE,1,TRUE,139,125,0.9398206706580093,0.9724657827202737,1,1,TRUE,TRUE,TRUE,TRUE,TRUE,concordancia_estable_panel,CONSENSO_PANEL_0508,clase_ocupacional,consenso_clasificaciones_panel_ENOE,Misma categoria en ambas mediciones; destino historico oficial; empleo continuo
1360,calificada_damian,1,1,25,9877,9547,TRUE,1,TRUE,1,TRUE,18,7,1,1,1,1,TRUE,TRUE,TRUE,TRUE,TRUE,concordancia_estable_panel,CONSENSO_PANEL_0509,clase_ocupacional,consenso_clasificaciones_panel_ENOE,Misma categoria en ambas mediciones; destino historico oficial; empleo continuo
1364,calificada_damian,1,1,33,7560,7532,TRUE,0.9020403293163107,TRUE,1,TRUE,14,19,0.8401336196611787,0.9639618138424821,1,1,TRUE,TRUE,TRUE,TRUE,TRUE,concordancia_estable_panel,CONSENSO_PANEL_0510,clase_ocupacional,consenso_clasificaciones_panel_ENOE,Misma categoria en ambas mediciones; destino historico oficial; empleo continuo
1390,calificada_damian,1,1,33,4338,4444,TRUE,0.9711215580926796,TRUE,1,TRUE,20,13,1,0.9082503556187767,1,1,TRUE,TRUE,TRUE,TRUE,TRUE,concordancia_estable_panel,CONSENSO_PANEL_0511,clase_ocupacional,consenso_clasificaciones_panel_ENOE,Misma categoria en ambas mediciones; destino historico oficial; empleo continuo
1401,calificada_damian,1,1,30,8822,9730,TRUE,0.917238511124974,TRUE,1,TRUE,13,17,0.8771551724137931,0.962560921577315,1,1,TRUE,TRUE,TRUE,TRUE,TRUE,concordancia_estable_panel,CONSENSO_PANEL_0512,clase_ocupacional,consenso_clasificaciones_panel_ENOE,Misma categoria en ambas mediciones; destino historico oficial; empleo continuo
1412,calificada_damian,1,1,74,17343,18402,TRUE,0.9274827530884004,TRUE,1,TRUE,33,41,1,0.8738839285714286,1,1,TRUE,TRUE,TRUE,TRUE,TRUE,concordancia_estable_panel,CONSENSO_PANEL_0513,clase_ocupacional,consenso_clasificaciones_panel_ENOE,Misma categoria en ambas mediciones; destino historico oficial; empleo continuo
1420,calificada_damian,1,1,17,3308,3104,TRUE,0.957452966714906,TRUE,1,TRUE,11,6,0.8799019607843137,1,1,1,TRUE,TRUE,TRUE,TRUE,TRUE,concordancia_estable_panel,CONSENSO_PANEL_0514,clase_ocupacional,consenso_clasificaciones_panel_ENOE,Misma categoria en ambas mediciones; destino historico oficial; empleo continuo
1423,calificada_damian,0,0,73,20594,20774,TRUE,0.729533458500124,TRUE,1,TRUE,43,30,0.6545466042746934,0.8250503423278293,1,1,TRUE,TRUE,TRUE,TRUE,TRUE,concordancia_estable_panel,CONSENSO_PANEL_0515,clase_ocupacional,consenso_clasificaciones_panel_ENOE,Misma categoria en ambas mediciones; destino historico oficial; empleo continuo
2101,calificada_damian,1,1,23,6374,6261,TRUE,0.8538513060951105,TRUE,1,TRUE,9,14,0.832823259372609,0.865182436611008,1,1,TRUE,TRUE,TRUE,TRUE,TRUE,concordancia_estable_panel,CONSENSO_PANEL_0516,clase_ocupacional,consenso_clasificaciones_panel_ENOE,Misma categoria en ambas mediciones; destino historico oficial; empleo continuo
2110,calificada_damian,1,1,20,3169,3026,TRUE,0.9257960853052878,TRUE,1,TRUE,9,11,0.9427058257101589,0.899702823179792,1,1,TRUE,TRUE,TRUE,TRUE,TRUE,concordancia_estable_panel,CONSENSO_PANEL_0517,clase_ocupacional,consenso_clasificaciones_panel_ENOE,Misma categoria en ambas mediciones; destino historico oficial; empleo continuo
2111,calificada_damian,1,1,38,10152,9949,TRUE,0.8939767523775978,TRUE,1,TRUE,21,17,0.8655893774270325,0.9611621701749185,1,1,TRUE,TRUE,TRUE,TRUE,TRUE,concordancia_estable_panel,CONSENSO_PANEL_0518,clase_ocupacional,consenso_clasificaciones_panel_ENOE,Misma categoria en ambas mediciones; destino historico oficial; empleo continuo
2120,calificada_damian,1,1,13,2029,1990,TRUE,0.7741320106829455,TRUE,1,TRUE,5,8,0.7118863049095607,0.863932898415657,1,1,TRUE,TRUE,TRUE,TRUE,TRUE,concordancia_estable_panel,CONSENSO_PANEL_0519,clase_ocupacional,consenso_clasificaciones_panel_ENOE,Misma categoria en ambas mediciones; destino historico oficial; empleo continuo
2121,calificada_damian,1,1,141,40997,42220,TRUE,0.801129479813968,TRUE,1,TRUE,73,68,0.8492908671541444,0.7692632399259668,1,1,TRUE,TRUE,TRUE,TRUE,TRUE,concordancia_estable_panel,CONSENSO_PANEL_0520,clase_ocupacional,consenso_clasificaciones_panel_ENOE,Misma categoria en ambas mediciones; destino historico oficial; empleo continuo
2122,calificada_damian,1,1,65,28724,25998,TRUE,0.7297208038005233,TRUE,1,TRUE,32,33,0.7325338681291695,0.7251172136637642,1,1,TRUE,TRUE,TRUE,TRUE,TRUE,concordancia_estable_panel,CONSENSO_PANEL_0521,clase_ocupacional,consenso_clasificaciones_panel_ENOE,Misma categoria en ambas mediciones; destino historico oficial; empleo continuo
2123,calificada_damian,1,1,18,7195,6821,TRUE,0.9400313561536452,TRUE,1,TRUE,9,9,0.9459616502033701,0.9351851851851852,1,1,TRUE,TRUE,TRUE,TRUE,TRUE,concordancia_estable_panel,CONSENSO_PANEL_0522,clase_ocupacional,consenso_clasificaciones_panel_ENOE,Misma categoria en ambas mediciones; destino historico oficial; empleo continuo
2124,calificada_damian,1,1,84,28171,28293,TRUE,0.941135201951024,TRUE,1,TRUE,44,40,0.9441919191919191,0.9376995671610019,1,1,TRUE,TRUE,TRUE,TRUE,TRUE,concordancia_estable_panel,CONSENSO_PANEL_0523,clase_ocupacional,consenso_clasificaciones_panel_ENOE,Misma categoria en ambas mediciones; destino historico oficial; empleo continuo
2125,calificada_damian,1,1,128,36350,34478,TRUE,0.9832296456586421,TRUE,1,TRUE,69,59,0.9789419619928095,0.9891339291455025,1,1,TRUE,TRUE,TRUE,TRUE,TRUE,concordancia_estable_panel,CONSENSO_PANEL_0524,clase_ocupacional,consenso_clasificaciones_panel_ENOE,Misma categoria en ambas mediciones; destino historico oficial; empleo continuo
2127,calificada_damian,1,1,55,11544,11047,TRUE,0.7115384615384616,TRUE,1,TRUE,24,31,0.7456374212312167,0.6762418464626192,1,1,TRUE,TRUE,TRUE,TRUE,TRUE,concordancia_estable_panel,CONSENSO_PANEL_0525,clase_ocupacional,consenso_clasificaciones_panel_ENOE,Misma categoria en ambas mediciones; destino historico oficial; empleo continuo
4100,calificada_damian,0,0,2767,1182067,1191628,TRUE,0.9984871496412576,TRUE,1,TRUE,1382,1385,0.9975083199994471,0.9994232663286687,1,1,TRUE,TRUE,TRUE,TRUE,TRUE,concordancia_estable_panel,CONSENSO_PANEL_0526,clase_ocupacional,consenso_clasificaciones_panel_ENOE,Misma categoria en ambas mediciones; destino historico oficial; empleo continuo
4101,calificada_damian,0,0,68,21734,21830,TRUE,0.9630450194966323,TRUE,1,TRUE,35,33,0.9220050500327317,1,1,1,TRUE,TRUE,TRUE,TRUE,TRUE,concordancia_estable_panel,CONSENSO_PANEL_0527,clase_ocupacional,consenso_clasificaciones_panel_ENOE,Misma categoria en ambas mediciones; destino historico oficial; empleo continuo
4103,calificada_damian,0,0,345,103349,103316,TRUE,0.9703858107283363,TRUE,1,TRUE,167,178,0.9770515801257211,0.9652295548783534,1,1,TRUE,TRUE,TRUE,TRUE,TRUE,concordancia_estable_panel,CONSENSO_PANEL_0528,clase_ocupacional,consenso_clasificaciones_panel_ENOE,Misma categoria en ambas mediciones; destino historico oficial; empleo continuo
4104,calificada_damian,0,0,143,104293,104552,TRUE,1,TRUE,1,TRUE,102,41,1,1,1,1,TRUE,TRUE,TRUE,TRUE,TRUE,concordancia_estable_panel,CONSENSO_PANEL_0529,clase_ocupacional,consenso_clasificaciones_panel_ENOE,Misma categoria en ambas mediciones; destino historico oficial; empleo continuo
4106,calificada_damian,0,0,313,95807,95875,TRUE,0.9925101004868953,TRUE,1,TRUE,180,133,1,0.9847268579154168,1,1,TRUE,TRUE,TRUE,TRUE,TRUE,concordancia_estable_panel,CONSENSO_PANEL_0530,clase_ocupacional,consenso_clasificaciones_panel_ENOE,Misma categoria en ambas mediciones; destino historico oficial; empleo continuo
4107,calificada_damian,0,0,43,23870,23538,TRUE,1,TRUE,1,TRUE,15,28,1,1,1,1,TRUE,TRUE,TRUE,TRUE,TRUE,concordancia_estable_panel,CONSENSO_PANEL_0531,clase_ocupacional,consenso_clasificaciones_panel_ENOE,Misma categoria en ambas mediciones; destino historico oficial; empleo continuo
4108,calificada_damian,0,0,150,58009,58880,TRUE,0.9945991358617379,TRUE,1,TRUE,56,94,1,0.9928386304733324,1,1,TRUE,TRUE,TRUE,TRUE,TRUE,concordancia_estable_panel,CONSENSO_PANEL_0532,clase_ocupacional,consenso_clasificaciones_panel_ENOE,Misma categoria en ambas mediciones; destino historico oficial; empleo continuo
4109,calificada_damian,0,0,45,8933,8965,TRUE,0.9812170474516696,TRUE,1,TRUE,21,24,1,0.9644490644490644,1,1,TRUE,TRUE,TRUE,TRUE,TRUE,concordancia_estable_panel,CONSENSO_PANEL_0533,clase_ocupacional,consenso_clasificaciones_panel_ENOE,Misma categoria en ambas mediciones; destino historico oficial; empleo continuo
4110,calificada_damian,0,0,292,82634,83067,TRUE,0.9674979510595949,TRUE,1,TRUE,185,107,0.9768964259664479,0.9506378802747792,1,1,TRUE,TRUE,TRUE,TRUE,TRUE,concordancia_estable_panel,CONSENSO_PANEL_0534,clase_ocupacional,consenso_clasificaciones_panel_ENOE,Misma categoria en ambas mediciones; destino historico oficial; empleo continuo
4111,calificada_damian,0,0,29,10753,10620,TRUE,0.9812922066070451,TRUE,1,TRUE,20,9,1,0.9605693402577419,1,1,TRUE,TRUE,TRUE,TRUE,TRUE,concordancia_estable_panel,CONSENSO_PANEL_0535,clase_ocupacional,consenso_clasificaciones_panel_ENOE,Misma categoria en ambas mediciones; destino historico oficial; empleo continuo
4112,calificada_damian,0,0,53,13530,13552,TRUE,0.9756976995745295,TRUE,1,TRUE,19,34,1,0.946439923712651,1,1,TRUE,TRUE,TRUE,TRUE,TRUE,concordancia_estable_panel,CONSENSO_PANEL_0536,clase_ocupacional,consenso_clasificaciones_panel_ENOE,Misma categoria en ambas mediciones; destino historico oficial; empleo continuo
4113,calificada_damian,0,0,67,21901,21987,TRUE,1,TRUE,1,TRUE,36,31,1,1,1,1,TRUE,TRUE,TRUE,TRUE,TRUE,concordancia_estable_panel,CONSENSO_PANEL_0537,clase_ocupacional,consenso_clasificaciones_panel_ENOE,Misma categoria en ambas mediciones; destino historico oficial; empleo continuo
4120,calificada_damian,0,0,201,48811,48618,TRUE,1,TRUE,1,TRUE,129,72,1,1,1,1,TRUE,TRUE,TRUE,TRUE,TRUE,concordancia_estable_panel,CONSENSO_PANEL_0538,clase_ocupacional,consenso_clasificaciones_panel_ENOE,Misma categoria en ambas mediciones; destino historico oficial; empleo continuo
4132,calificada_damian,0,0,36,8233,8274,TRUE,1,TRUE,1,TRUE,26,10,1,1,1,1,TRUE,TRUE,TRUE,TRUE,TRUE,concordancia_estable_panel,CONSENSO_PANEL_0539,clase_ocupacional,consenso_clasificaciones_panel_ENOE,Misma categoria en ambas mediciones; destino historico oficial; empleo continuo
4135,calificada_damian,0,0,18,5040,5124,TRUE,1,TRUE,1,TRUE,11,7,1,1,1,1,TRUE,TRUE,TRUE,TRUE,TRUE,concordancia_estable_panel,CONSENSO_PANEL_0540,clase_ocupacional,consenso_clasificaciones_panel_ENOE,Misma categoria en ambas mediciones; destino historico oficial; empleo continuo
4150,calificada_damian,0,0,139,32718,33041,TRUE,1,TRUE,1,TRUE,72,67,1,1,1,1,TRUE,TRUE,TRUE,TRUE,TRUE,concordancia_estable_panel,CONSENSO_PANEL_0541,clase_ocupacional,consenso_clasificaciones_panel_ENOE,Misma categoria en ambas mediciones; destino historico oficial; empleo continuo
4170,calificada_damian,0,0,24,5501,5575,TRUE,0.9315834038950043,TRUE,1,TRUE,13,11,0.8985969387755102,0.9689418562657999,1,1,TRUE,TRUE,TRUE,TRUE,TRUE,concordancia_estable_panel,CONSENSO_PANEL_0542,clase_ocupacional,consenso_clasificaciones_panel_ENOE,Misma categoria en ambas mediciones; destino historico oficial; empleo continuo
5111,calificada_damian,1,1,20,3376,3168,TRUE,0.888654909186628,TRUE,1,TRUE,11,9,0.8570945945945946,1,1,1,TRUE,TRUE,TRUE,TRUE,TRUE,concordancia_estable_panel,CONSENSO_PANEL_0543,clase_ocupacional,consenso_clasificaciones_panel_ENOE,Misma categoria en ambas mediciones; destino historico oficial; empleo continuo
5120,calificada_damian,1,1,16,2290,2321,TRUE,1,TRUE,1,TRUE,9,7,1,1,1,1,TRUE,TRUE,TRUE,TRUE,TRUE,concordancia_estable_panel,CONSENSO_PANEL_0544,clase_ocupacional,consenso_clasificaciones_panel_ENOE,Misma categoria en ambas mediciones; destino historico oficial; empleo continuo
5121,calificada_damian,1,1,41,8631,8653,TRUE,0.8842331728306526,TRUE,1,TRUE,27,14,0.8909252669039146,0.875150929727119,1,1,TRUE,TRUE,TRUE,TRUE,TRUE,concordancia_estable_panel,CONSENSO_PANEL_0545,clase_ocupacional,consenso_clasificaciones_panel_ENOE,Misma categoria en ambas mediciones; destino historico oficial; empleo continuo
5130,calificada_damian,1,1,11,7174,6678,TRUE,0.9698526429633635,TRUE,1,TRUE,6,5,0.9362492853058891,1,1,1,TRUE,TRUE,TRUE,TRUE,TRUE,concordancia_estable_panel,CONSENSO_PANEL_0546,clase_ocupacional,consenso_clasificaciones_panel_ENOE,Misma categoria en ambas mediciones; destino historico oficial; empleo continuo
5131,calificada_damian,1,1,19,6130,6475,TRUE,0.8548319620694463,TRUE,1,TRUE,7,12,0.7726934523809523,0.9040820878875753,1,1,TRUE,TRUE,TRUE,TRUE,TRUE,concordancia_estable_panel,CONSENSO_PANEL_0547,clase_ocupacional,consenso_clasificaciones_panel_ENOE,Misma categoria en ambas mediciones; destino historico oficial; empleo continuo
5140,calificada_damian,1,1,58,16175,16141,TRUE,0.9380618221887143,TRUE,1,TRUE,27,31,0.9483607710707753,0.9308405682715075,1,1,TRUE,TRUE,TRUE,TRUE,TRUE,concordancia_estable_panel,CONSENSO_PANEL_0548,clase_ocupacional,consenso_clasificaciones_panel_ENOE,Misma categoria en ambas mediciones; destino historico oficial; empleo continuo
5141,calificada_damian,1,1,222,54977,55922,TRUE,0.9013952878293519,TRUE,1,TRUE,114,108,0.9560202360876897,0.8497176222839092,1,1,TRUE,TRUE,TRUE,TRUE,TRUE,concordancia_estable_panel,CONSENSO_PANEL_0549,clase_ocupacional,consenso_clasificaciones_panel_ENOE,Misma categoria en ambas mediciones; destino historico oficial; empleo continuo
5160,calificada_damian,1,1,40,11669,11655,TRUE,0.9874756706439874,TRUE,1,TRUE,28,12,1,0.9554082554986442,1,1,TRUE,TRUE,TRUE,TRUE,TRUE,concordancia_estable_panel,CONSENSO_PANEL_0550,clase_ocupacional,consenso_clasificaciones_panel_ENOE,Misma categoria en ambas mediciones; destino historico oficial; empleo continuo
5161,calificada_damian,1,1,66,15238,14431,TRUE,0.8848498925730213,TRUE,1,TRUE,23,43,0.6901666666666667,0.9889492915069958,1,1,TRUE,TRUE,TRUE,TRUE,TRUE,concordancia_estable_panel,CONSENSO_PANEL_0551,clase_ocupacional,consenso_clasificaciones_panel_ENOE,Misma categoria en ambas mediciones; destino historico oficial; empleo continuo
5170,calificada_damian,1,1,19,4210,4321,TRUE,0.6245364189289423,TRUE,1,TRUE,12,7,0.5999140524280189,0.6794441782462866,1,1,TRUE,TRUE,TRUE,TRUE,TRUE,concordancia_estable_panel,CONSENSO_PANEL_0552,clase_ocupacional,consenso_clasificaciones_panel_ENOE,Misma categoria en ambas mediciones; destino historico oficial; empleo continuo
5171,calificada_damian,1,1,25,6758,6340,TRUE,0.8549019607843137,TRUE,1,TRUE,14,11,0.8162181303116147,0.9517058041648205,1,1,TRUE,TRUE,TRUE,TRUE,TRUE,concordancia_estable_panel,CONSENSO_PANEL_0553,clase_ocupacional,consenso_clasificaciones_panel_ENOE,Misma categoria en ambas mediciones; destino historico oficial; empleo continuo
5181,calificada_damian,1,1,35,11480,13068,TRUE,0.9264041316978696,TRUE,1,TRUE,22,13,0.9386001971553303,0.91003591003591,1,1,TRUE,TRUE,TRUE,TRUE,TRUE,concordancia_estable_panel,CONSENSO_PANEL_0554,clase_ocupacional,consenso_clasificaciones_panel_ENOE,Misma categoria en ambas mediciones; destino historico oficial; empleo continuo
5200,calificada_damian,1,1,137,53979,53222,TRUE,0.8626564173045882,TRUE,1,TRUE,70,67,0.8691617779783394,0.8541505328760556,1,1,TRUE,TRUE,TRUE,TRUE,TRUE,concordancia_estable_panel,CONSENSO_PANEL_0555,clase_ocupacional,consenso_clasificaciones_panel_ENOE,Misma categoria en ambas mediciones; destino historico oficial; empleo continuo
5201,calificada_damian,1,1,20,6308,6315,TRUE,0.8459165884403915,TRUE,1,TRUE,8,12,1,0.7800114876507754,1,1,TRUE,TRUE,TRUE,TRUE,TRUE,concordancia_estable_panel,CONSENSO_PANEL_0556,clase_ocupacional,consenso_clasificaciones_panel_ENOE,Misma categoria en ambas mediciones; destino historico oficial; empleo continuo
5202,calificada_damian,1,1,434,129707,130440,TRUE,0.7890248130957668,TRUE,1,TRUE,229,205,0.8421583981568967,0.7419084565237352,1,1,TRUE,TRUE,TRUE,TRUE,TRUE,concordancia_estable_panel,CONSENSO_PANEL_0557,clase_ocupacional,consenso_clasificaciones_panel_ENOE,Misma categoria en ambas mediciones; destino historico oficial; empleo continuo
5204,calificada_damian,1,1,64,16920,17386,TRUE,0.8976603533343944,TRUE,1,TRUE,28,36,0.8562677150955472,0.9548786653185035,1,1,TRUE,TRUE,TRUE,TRUE,TRUE,concordancia_estable_panel,CONSENSO_PANEL_0558,clase_ocupacional,consenso_clasificaciones_panel_ENOE,Misma categoria en ambas mediciones; destino historico oficial; empleo continuo
5208,calificada_damian,0,0,403,112553,114351,TRUE,0.951387949688937,TRUE,1,TRUE,202,201,0.9139732377279229,0.984146360797121,1,1,TRUE,TRUE,TRUE,TRUE,TRUE,concordancia_estable_panel,CONSENSO_PANEL_0559,clase_ocupacional,consenso_clasificaciones_panel_ENOE,Misma categoria en ambas mediciones; destino historico oficial; empleo continuo
5210,calificada_damian,1,1,11,2150,2136,TRUE,0.813161875945537,TRUE,1,TRUE,6,5,1,0.6486486486486487,1,1,TRUE,TRUE,TRUE,TRUE,TRUE,concordancia_estable_panel,CONSENSO_PANEL_0560,clase_ocupacional,consenso_clasificaciones_panel_ENOE,Misma categoria en ambas mediciones; destino historico oficial; empleo continuo
5221,calificada_damian,1,1,116,34299,34586,TRUE,1,TRUE,1,TRUE,61,55,1,1,1,1,TRUE,TRUE,TRUE,TRUE,TRUE,concordancia_estable_panel,CONSENSO_PANEL_0561,clase_ocupacional,consenso_clasificaciones_panel_ENOE,Misma categoria en ambas mediciones; destino historico oficial; empleo continuo
5222,calificada_damian,1,1,273,68636,69688,TRUE,0.9740300286663072,TRUE,1,TRUE,125,148,0.964120977765502,0.9845013280406293,1,1,TRUE,TRUE,TRUE,TRUE,TRUE,concordancia_estable_panel,CONSENSO_PANEL_0562,clase_ocupacional,consenso_clasificaciones_panel_ENOE,Misma categoria en ambas mediciones; destino historico oficial; empleo continuo
5223,calificada_damian,1,1,13,1991,2122,TRUE,0.6485342019543974,TRUE,1,TRUE,6,7,1,0.5453013063632532,1,1,TRUE,TRUE,TRUE,TRUE,TRUE,concordancia_estable_panel,CONSENSO_PANEL_0563,clase_ocupacional,consenso_clasificaciones_panel_ENOE,Misma categoria en ambas mediciones; destino historico oficial; empleo continuo
5224,calificada_damian,1,1,35,9495,9309,TRUE,0.9387048937221948,TRUE,1,TRUE,20,15,1,0.895234876647516,1,1,TRUE,TRUE,TRUE,TRUE,TRUE,concordancia_estable_panel,CONSENSO_PANEL_0564,clase_ocupacional,consenso_clasificaciones_panel_ENOE,Misma categoria en ambas mediciones; destino historico oficial; empleo continuo
5225,calificada_damian,1,1,19,3979,3705,TRUE,0.8725877192982456,TRUE,1,TRUE,10,9,0.8067885117493473,0.9664715274081959,1,1,TRUE,TRUE,TRUE,TRUE,TRUE,concordancia_estable_panel,CONSENSO_PANEL_0565,clase_ocupacional,consenso_clasificaciones_panel_ENOE,Misma categoria en ambas mediciones; destino historico oficial; empleo continuo
5227,calificada_damian,1,1,73,22002,21993,TRUE,1,TRUE,1,TRUE,33,40,1,1,1,1,TRUE,TRUE,TRUE,TRUE,TRUE,concordancia_estable_panel,CONSENSO_PANEL_0566,clase_ocupacional,consenso_clasificaciones_panel_ENOE,Misma categoria en ambas mediciones; destino historico oficial; empleo continuo
5230,calificada_damian,1,1,174,52954,53363,TRUE,0.8804974975474302,TRUE,1,TRUE,94,80,0.9368365530427902,0.8231623444157413,1,1,TRUE,TRUE,TRUE,TRUE,TRUE,concordancia_estable_panel,CONSENSO_PANEL_0567,clase_ocupacional,consenso_clasificaciones_panel_ENOE,Misma categoria en ambas mediciones; destino historico oficial; empleo continuo
5231,calificada_damian,1,1,41,15719,15454,TRUE,1,TRUE,1,TRUE,24,17,1,1,1,1,TRUE,TRUE,TRUE,TRUE,TRUE,concordancia_estable_panel,CONSENSO_PANEL_0568,clase_ocupacional,consenso_clasificaciones_panel_ENOE,Misma categoria en ambas mediciones; destino historico oficial; empleo continuo
5233,calificada_damian,1,1,24,3714,3768,TRUE,0.7366124553748512,TRUE,1,TRUE,12,12,0.9350393700787402,0.6026578073089701,1,1,TRUE,TRUE,TRUE,TRUE,TRUE,concordancia_estable_panel,CONSENSO_PANEL_0569,clase_ocupacional,consenso_clasificaciones_panel_ENOE,Misma categoria en ambas mediciones; destino historico oficial; empleo continuo
5240,calificada_damian,1,1,27,9548,9498,TRUE,0.9483512117600318,TRUE,1,TRUE,13,14,0.9398843930635838,0.9669631512071156,1,1,TRUE,TRUE,TRUE,TRUE,TRUE,concordancia_estable_panel,CONSENSO_PANEL_0570,clase_ocupacional,consenso_clasificaciones_panel_ENOE,Misma categoria en ambas mediciones; destino historico oficial; empleo continuo
5241,calificada_damian,1,1,81,22072,23158,TRUE,0.8498055673199091,TRUE,1,TRUE,35,46,0.7287032013022247,0.9693237454100367,1,1,TRUE,TRUE,TRUE,TRUE,TRUE,concordancia_estable_panel,CONSENSO_PANEL_0571,clase_ocupacional,consenso_clasificaciones_panel_ENOE,Misma categoria en ambas mediciones; destino historico oficial; empleo continuo
5242,calificada_damian,1,1,128,34347,34826,TRUE,0.9081222568875258,TRUE,1,TRUE,58,70,0.9065471636244399,0.9095984429420201,1,1,TRUE,TRUE,TRUE,TRUE,TRUE,concordancia_estable_panel,CONSENSO_PANEL_0572,clase_ocupacional,consenso_clasificaciones_panel_ENOE,Misma categoria en ambas mediciones; destino historico oficial; empleo continuo
5243,calificada_damian,1,1,13,3302,3441,TRUE,1,TRUE,1,TRUE,8,5,1,1,1,1,TRUE,TRUE,TRUE,TRUE,TRUE,concordancia_estable_panel,CONSENSO_PANEL_0573,clase_ocupacional,consenso_clasificaciones_panel_ENOE,Misma categoria en ambas mediciones; destino historico oficial; empleo continuo
5244,calificada_damian,1,1,29,6870,7233,TRUE,0.9815687955422203,TRUE,1,TRUE,17,12,0.9721562702352687,1,1,1,TRUE,TRUE,TRUE,TRUE,TRUE,concordancia_estable_panel,CONSENSO_PANEL_0574,clase_ocupacional,consenso_clasificaciones_panel_ENOE,Misma categoria en ambas mediciones; destino historico oficial; empleo continuo
5245,calificada_damian,1,1,368,98263,99375,TRUE,0.8888316011324885,TRUE,1,TRUE,182,186,0.9153143247137332,0.8646656863593115,1,1,TRUE,TRUE,TRUE,TRUE,TRUE,concordancia_estable_panel,CONSENSO_PANEL_0575,clase_ocupacional,consenso_clasificaciones_panel_ENOE,Misma categoria en ambas mediciones; destino historico oficial; empleo continuo
5246,calificada_damian,1,1,169,48344,48456,TRUE,0.8165802408661723,TRUE,1,TRUE,82,87,0.8910457107075767,0.7462980595593788,1,1,TRUE,TRUE,TRUE,TRUE,TRUE,concordancia_estable_panel,CONSENSO_PANEL_0576,clase_ocupacional,consenso_clasificaciones_panel_ENOE,Misma categoria en ambas mediciones; destino historico oficial; empleo continuo
5248,calificada_damian,1,1,120,33688,33948,TRUE,0.9208145414787481,TRUE,1,TRUE,61,59,0.9090571295866233,0.9376286947857855,1,1,TRUE,TRUE,TRUE,TRUE,TRUE,concordancia_estable_panel,CONSENSO_PANEL_0577,clase_ocupacional,consenso_clasificaciones_panel_ENOE,Misma categoria en ambas mediciones; destino historico oficial; empleo continuo
5251,calificada_damian,1,1,53,17719,18565,TRUE,0.9245499608661623,TRUE,1,TRUE,30,23,0.8857447427076267,0.9698168663802849,1,1,TRUE,TRUE,TRUE,TRUE,TRUE,concordancia_estable_panel,CONSENSO_PANEL_0578,clase_ocupacional,consenso_clasificaciones_panel_ENOE,Misma categoria en ambas mediciones; destino historico oficial; empleo continuo
5260,calificada_damian,1,1,487,127530,128197,TRUE,0.7746132400371727,TRUE,1,TRUE,250,237,0.7874843234706674,0.7604971918340316,1,1,TRUE,TRUE,TRUE,TRUE,TRUE,concordancia_estable_panel,CONSENSO_PANEL_0579,clase_ocupacional,consenso_clasificaciones_panel_ENOE,Misma categoria en ambas mediciones; destino historico oficial; empleo continuo
5261,calificada_damian,1,1,127,29111,29430,TRUE,0.8771015366074119,TRUE,1,TRUE,57,70,0.8982050211700161,0.855550819073138,1,1,TRUE,TRUE,TRUE,TRUE,TRUE,concordancia_estable_panel,CONSENSO_PANEL_0580,clase_ocupacional,consenso_clasificaciones_panel_ENOE,Misma categoria en ambas mediciones; destino historico oficial; empleo continuo
5262,calificada_damian,1,1,24,5147,4947,TRUE,1,TRUE,1,TRUE,9,15,1,1,1,1,TRUE,TRUE,TRUE,TRUE,TRUE,concordancia_estable_panel,CONSENSO_PANEL_0581,clase_ocupacional,consenso_clasificaciones_panel_ENOE,Misma categoria en ambas mediciones; destino historico oficial; empleo continuo
5264,calificada_damian,1,1,13,1793,1778,TRUE,0.9270941054808687,TRUE,1,TRUE,7,6,0.8537344398340249,1,1,1,TRUE,TRUE,TRUE,TRUE,TRUE,concordancia_estable_panel,CONSENSO_PANEL_0582,clase_ocupacional,consenso_clasificaciones_panel_ENOE,Misma categoria en ambas mediciones; destino historico oficial; empleo continuo
5266,calificada_damian,1,1,23,8534,8638,TRUE,0.6997949979499795,TRUE,1,TRUE,11,12,0.6898345153664303,0.7105982905982906,1,1,TRUE,TRUE,TRUE,TRUE,TRUE,concordancia_estable_panel,CONSENSO_PANEL_0583,clase_ocupacional,consenso_clasificaciones_panel_ENOE,Misma categoria en ambas mediciones; destino historico oficial; empleo continuo
5267,calificada_damian,1,1,144,34223,34536,TRUE,0.8315838071633377,TRUE,1,TRUE,71,73,0.7797696451792681,0.8884415452043625,1,1,TRUE,TRUE,TRUE,TRUE,TRUE,concordancia_estable_panel,CONSENSO_PANEL_0584,clase_ocupacional,consenso_clasificaciones_panel_ENOE,Misma categoria en ambas mediciones; destino historico oficial; empleo continuo
5270,calificada_damian,1,1,225,55848,54904,TRUE,0.8757860402389877,TRUE,1,TRUE,94,131,0.8337976208402349,0.90576535411907,1,1,TRUE,TRUE,TRUE,TRUE,TRUE,concordancia_estable_panel,CONSENSO_PANEL_0585,clase_ocupacional,consenso_clasificaciones_panel_ENOE,Misma categoria en ambas mediciones; destino historico oficial; empleo continuo
5271,calificada_damian,1,1,54,17054,16897,TRUE,0.9319125683060109,TRUE,1,TRUE,24,30,0.8874903389643369,0.9754408741750514,1,1,TRUE,TRUE,TRUE,TRUE,TRUE,concordancia_estable_panel,CONSENSO_PANEL_0586,clase_ocupacional,consenso_clasificaciones_panel_ENOE,Misma categoria en ambas mediciones; destino historico oficial; empleo continuo
5272,calificada_damian,1,1,47,14348,14773,TRUE,0.9500099318016288,TRUE,1,TRUE,20,27,1,0.9235288159627266,1,1,TRUE,TRUE,TRUE,TRUE,TRUE,concordancia_estable_panel,CONSENSO_PANEL_0587,clase_ocupacional,consenso_clasificaciones_panel_ENOE,Misma categoria en ambas mediciones; destino historico oficial; empleo continuo
5280,calificada_damian,1,1,64,21282,21263,TRUE,0.7682200483702126,TRUE,1,TRUE,32,32,0.768257347288747,0.7681616011860638,1,1,TRUE,TRUE,TRUE,TRUE,TRUE,concordancia_estable_panel,CONSENSO_PANEL_0588,clase_ocupacional,consenso_clasificaciones_panel_ENOE,Misma categoria en ambas mediciones; destino historico oficial; empleo continuo
5281,calificada_damian,1,1,32,5341,5053,TRUE,0.829605467536502,TRUE,1,TRUE,6,26,0.948486799742434,0.7918116683725691,1,1,TRUE,TRUE,TRUE,TRUE,TRUE,concordancia_estable_panel,CONSENSO_PANEL_0589,clase_ocupacional,consenso_clasificaciones_panel_ENOE,Misma categoria en ambas mediciones; destino historico oficial; empleo continuo
5290,calificada_damian,1,1,37,13814,13893,TRUE,0.8617054456989582,TRUE,1,TRUE,10,27,0.5052694971394158,0.9548387096774194,1,1,TRUE,TRUE,TRUE,TRUE,TRUE,concordancia_estable_panel,CONSENSO_PANEL_0590,clase_ocupacional,consenso_clasificaciones_panel_ENOE,Misma categoria en ambas mediciones; destino historico oficial; empleo continuo
5300,calificada_damian,1,1,14,6198,6272,TRUE,0.6746489604876456,TRUE,1,TRUE,7,7,0.7746262935990801,0.5432098765432098,1,1,TRUE,TRUE,TRUE,TRUE,TRUE,concordancia_estable_panel,CONSENSO_PANEL_0591,clase_ocupacional,consenso_clasificaciones_panel_ENOE,Misma categoria en ambas mediciones; destino historico oficial; empleo continuo
5302,calificada_damian,1,1,44,11531,11486,TRUE,0.7329180702980995,TRUE,1,TRUE,29,15,0.7473478503629257,0.7018247443352718,1,1,TRUE,TRUE,TRUE,TRUE,TRUE,concordancia_estable_panel,CONSENSO_PANEL_0592,clase_ocupacional,consenso_clasificaciones_panel_ENOE,Misma categoria en ambas mediciones; destino historico oficial; empleo continuo
5304,calificada_damian,1,1,19,5174,5445,TRUE,0.7898030834987025,TRUE,1,TRUE,12,7,0.9044309296264118,0.6620400258231117,1,1,TRUE,TRUE,TRUE,TRUE,TRUE,concordancia_estable_panel,CONSENSO_PANEL_0593,clase_ocupacional,consenso_clasificaciones_panel_ENOE,Misma categoria en ambas mediciones; destino historico oficial; empleo continuo
5306,calificada_damian,1,1,23,6711,6682,TRUE,0.681250634453355,TRUE,1,TRUE,10,13,0.6895182636315511,0.6761073604478841,1,1,TRUE,TRUE,TRUE,TRUE,TRUE,concordancia_estable_panel,CONSENSO_PANEL_0594,clase_ocupacional,consenso_clasificaciones_panel_ENOE,Misma categoria en ambas mediciones; destino historico oficial; empleo continuo
5310,calificada_damian,1,1,23,4863,4926,TRUE,0.9886155722707868,TRUE,1,TRUE,10,13,1,0.9835584263065179,1,1,TRUE,TRUE,TRUE,TRUE,TRUE,concordancia_estable_panel,CONSENSO_PANEL_0595,clase_ocupacional,consenso_clasificaciones_panel_ENOE,Misma categoria en ambas mediciones; destino historico oficial; empleo continuo
5320,calificada_damian,1,1,24,5501,5479,TRUE,1,TRUE,1,TRUE,14,10,1,1,1,1,TRUE,TRUE,TRUE,TRUE,TRUE,concordancia_estable_panel,CONSENSO_PANEL_0596,clase_ocupacional,consenso_clasificaciones_panel_ENOE,Misma categoria en ambas mediciones; destino historico oficial; empleo continuo
5321,calificada_damian,1,1,31,15341,15299,TRUE,0.8998181711537333,TRUE,1,TRUE,19,12,0.873714045769473,0.9328725242589393,1,1,TRUE,TRUE,TRUE,TRUE,TRUE,concordancia_estable_panel,CONSENSO_PANEL_0597,clase_ocupacional,consenso_clasificaciones_panel_ENOE,Misma categoria en ambas mediciones; destino historico oficial; empleo continuo
5322,calificada_damian,1,1,269,69710,70216,TRUE,0.9511789105992795,TRUE,1,TRUE,134,135,0.9489081746920492,0.9533379471890971,1,1,TRUE,TRUE,TRUE,TRUE,TRUE,concordancia_estable_panel,CONSENSO_PANEL_0598,clase_ocupacional,consenso_clasificaciones_panel_ENOE,Misma categoria en ambas mediciones; destino historico oficial; empleo continuo
5323,calificada_damian,1,1,139,19886,20105,TRUE,0.8208536283331958,TRUE,1,TRUE,59,80,0.8162078324932144,0.8242990654205608,1,1,TRUE,TRUE,TRUE,TRUE,TRUE,concordancia_estable_panel,CONSENSO_PANEL_0599,clase_ocupacional,consenso_clasificaciones_panel_ENOE,Misma categoria en ambas mediciones; destino historico oficial; empleo continuo
5324,calificada_damian,1,1,19,4849,4873,TRUE,0.952839457653763,TRUE,1,TRUE,11,8,0.8742138364779874,1,1,1,TRUE,TRUE,TRUE,TRUE,TRUE,concordancia_estable_panel,CONSENSO_PANEL_0600,clase_ocupacional,consenso_clasificaciones_panel_ENOE,Misma categoria en ambas mediciones; destino historico oficial; empleo continuo
5331,calificada_damian,1,1,12,4906,5081,TRUE,0.7344311377245509,TRUE,1,TRUE,5,7,0.5533527696793002,0.9255384615384615,1,1,TRUE,TRUE,TRUE,TRUE,TRUE,concordancia_estable_panel,CONSENSO_PANEL_0601,clase_ocupacional,consenso_clasificaciones_panel_ENOE,Misma categoria en ambas mediciones; destino historico oficial; empleo continuo
5332,calificada_damian,1,1,17,5536,5453,TRUE,1,TRUE,1,TRUE,11,6,1,1,1,1,TRUE,TRUE,TRUE,TRUE,TRUE,concordancia_estable_panel,CONSENSO_PANEL_0602,clase_ocupacional,consenso_clasificaciones_panel_ENOE,Misma categoria en ambas mediciones; destino historico oficial; empleo continuo
5333,calificada_damian,1,1,15,5673,6003,TRUE,0.8479820627802691,TRUE,1,TRUE,8,7,0.779296875,1,1,1,TRUE,TRUE,TRUE,TRUE,TRUE,concordancia_estable_panel,CONSENSO_PANEL_0603,clase_ocupacional,consenso_clasificaciones_panel_ENOE,Misma categoria en ambas mediciones; destino historico oficial; empleo continuo
5334,calificada_damian,1,1,13,3947,4019,TRUE,0.8209234608985025,TRUE,1,TRUE,8,5,1,0.6921701823382195,1,1,TRUE,TRUE,TRUE,TRUE,TRUE,concordancia_estable_panel,CONSENSO_PANEL_0604,clase_ocupacional,consenso_clasificaciones_panel_ENOE,Misma categoria en ambas mediciones; destino historico oficial; empleo continuo
5340,calificada_damian,1,1,26,6165,6195,TRUE,0.9823135755258127,TRUE,1,TRUE,10,16,0.9056122448979592,1,1,1,TRUE,TRUE,TRUE,TRUE,TRUE,concordancia_estable_panel,CONSENSO_PANEL_0605,clase_ocupacional,consenso_clasificaciones_panel_ENOE,Misma categoria en ambas mediciones; destino historico oficial; empleo continuo
5342,calificada_damian,1,1,43,11766,11830,TRUE,0.939176245210728,TRUE,1,TRUE,24,19,1,0.8900591545231569,1,1,TRUE,TRUE,TRUE,TRUE,TRUE,concordancia_estable_panel,CONSENSO_PANEL_0606,clase_ocupacional,consenso_clasificaciones_panel_ENOE,Misma categoria en ambas mediciones; destino historico oficial; empleo continuo
5343,calificada_damian,1,1,212,45984,46127,TRUE,0.8621245641006412,TRUE,1,TRUE,99,113,0.8483777828432489,0.8755182114302635,1,1,TRUE,TRUE,TRUE,TRUE,TRUE,concordancia_estable_panel,CONSENSO_PANEL_0607,clase_ocupacional,consenso_clasificaciones_panel_ENOE,Misma categoria en ambas mediciones; destino historico oficial; empleo continuo
5344,calificada_damian,1,1,253,52199,52352,TRUE,0.8863964407614325,TRUE,1,TRUE,125,128,0.860267565429721,0.9118811216959614,1,1,TRUE,TRUE,TRUE,TRUE,TRUE,concordancia_estable_panel,CONSENSO_PANEL_0608,clase_ocupacional,consenso_clasificaciones_panel_ENOE,Misma categoria en ambas mediciones; destino historico oficial; empleo continuo
5345,calificada_damian,1,1,368,110852,114808,TRUE,0.9330897888064915,TRUE,1,TRUE,186,182,0.918160256987601,0.9521491673533526,1,1,TRUE,TRUE,TRUE,TRUE,TRUE,concordancia_estable_panel,CONSENSO_PANEL_0609,clase_ocupacional,consenso_clasificaciones_panel_ENOE,Misma categoria en ambas mediciones; destino historico oficial; empleo continuo
5350,calificada_damian,1,1,15,3517,3589,TRUE,1,TRUE,1,TRUE,10,5,1,1,1,1,TRUE,TRUE,TRUE,TRUE,TRUE,concordancia_estable_panel,CONSENSO_PANEL_0610,clase_ocupacional,consenso_clasificaciones_panel_ENOE,Misma categoria en ambas mediciones; destino historico oficial; empleo continuo
5353,calificada_damian,1,1,10,4566,4542,TRUE,0.6257366040838701,TRUE,1,TRUE,5,5,0.8686070686070686,0.5063368765331153,1,1,TRUE,TRUE,TRUE,TRUE,TRUE,concordancia_estable_panel,CONSENSO_PANEL_0611,clase_ocupacional,consenso_clasificaciones_panel_ENOE,Misma categoria en ambas mediciones; destino historico oficial; empleo continuo
5370,calificada_damian,1,1,21,2230,2320,TRUE,0.9469214437367304,TRUE,1,TRUE,13,8,0.9155405405405406,1,1,1,TRUE,TRUE,TRUE,TRUE,TRUE,concordancia_estable_panel,CONSENSO_PANEL_0612,clase_ocupacional,consenso_clasificaciones_panel_ENOE,Misma categoria en ambas mediciones; destino historico oficial; empleo continuo
5371,calificada_damian,1,1,16,5866,5874,TRUE,0.9569331158238172,TRUE,1,TRUE,5,11,1,0.9471683009805884,1,1,TRUE,TRUE,TRUE,TRUE,TRUE,concordancia_estable_panel,CONSENSO_PANEL_0613,clase_ocupacional,consenso_clasificaciones_panel_ENOE,Misma categoria en ambas mediciones; destino historico oficial; empleo continuo
5380,calificada_damian,1,1,35,9784,9982,TRUE,0.7413806168068501,TRUE,1,TRUE,17,18,0.8025119099177133,0.708474181139993,1,1,TRUE,TRUE,TRUE,TRUE,TRUE,concordancia_estable_panel,CONSENSO_PANEL_0614,clase_ocupacional,consenso_clasificaciones_panel_ENOE,Misma categoria en ambas mediciones; destino historico oficial; empleo continuo
5383,calificada_damian,1,1,118,38352,38320,TRUE,0.8277648277648277,TRUE,1,TRUE,61,57,0.7738861611202037,0.906407602059776,1,1,TRUE,TRUE,TRUE,TRUE,TRUE,concordancia_estable_panel,CONSENSO_PANEL_0615,clase_ocupacional,consenso_clasificaciones_panel_ENOE,Misma categoria en ambas mediciones; destino historico oficial; empleo continuo
5400,calificada_damian,0,0,271,76492,76761,TRUE,0.8035886876497037,TRUE,1,TRUE,145,126,0.8336530285352687,0.7695152289383447,1,1,TRUE,TRUE,TRUE,TRUE,TRUE,concordancia_estable_panel,CONSENSO_PANEL_0616,clase_ocupacional,consenso_clasificaciones_panel_ENOE,Misma categoria en ambas mediciones; destino historico oficial; empleo continuo
5401,calificada_damian,0,0,68,24351,24497,TRUE,0.6579573088354499,TRUE,1,TRUE,29,39,0.5692316933982099,0.7304915778618082,1,1,TRUE,TRUE,TRUE,TRUE,TRUE,concordancia_estable_panel,CONSENSO_PANEL_0617,clase_ocupacional,consenso_clasificaciones_panel_ENOE,Misma categoria en ambas mediciones; destino historico oficial; empleo continuo
5420,calificada_damian,0,0,54,13530,13988,TRUE,0.5971400829729014,TRUE,1,TRUE,28,26,0.582135438304944,0.6141391320719194,1,1,TRUE,TRUE,TRUE,TRUE,TRUE,concordancia_estable_panel,CONSENSO_PANEL_0618,clase_ocupacional,consenso_clasificaciones_panel_ENOE,Misma categoria en ambas mediciones; destino historico oficial; empleo continuo
5430,calificada_damian,0,0,41,12048,12295,TRUE,0.6476026660933133,TRUE,1,TRUE,17,24,0.8438746438746438,0.5286602209944752,1,1,TRUE,TRUE,TRUE,TRUE,TRUE,concordancia_estable_panel,CONSENSO_PANEL_0619,clase_ocupacional,consenso_clasificaciones_panel_ENOE,Misma categoria en ambas mediciones; destino historico oficial; empleo continuo
5440,calificada_damian,0,0,219,59600,60175,TRUE,0.5899588216661388,TRUE,1,TRUE,115,104,0.5496053724729991,0.6438679245283019,1,1,TRUE,TRUE,TRUE,TRUE,TRUE,concordancia_estable_panel,CONSENSO_PANEL_0620,clase_ocupacional,consenso_clasificaciones_panel_ENOE,Misma categoria en ambas mediciones; destino historico oficial; empleo continuo
5460,calificada_damian,0,0,712,224115,224969,TRUE,0.8559267336034739,TRUE,1,TRUE,353,359,0.8819297141480773,0.830789568561471,1,1,TRUE,TRUE,TRUE,TRUE,TRUE,concordancia_estable_panel,CONSENSO_PANEL_0621,clase_ocupacional,consenso_clasificaciones_panel_ENOE,Misma categoria en ambas mediciones; destino historico oficial; empleo continuo
5470,calificada_damian,0,0,30,10095,10104,TRUE,0.7932578972182932,TRUE,1,TRUE,14,16,0.7357996398755934,0.8463049720417107,1,1,TRUE,TRUE,TRUE,TRUE,TRUE,concordancia_estable_panel,CONSENSO_PANEL_0622,clase_ocupacional,consenso_clasificaciones_panel_ENOE,Misma categoria en ambas mediciones; destino historico oficial; empleo continuo
5500,calificada_damian,1,1,17,7006,7066,TRUE,0.6156414762741652,TRUE,1,TRUE,12,5,0.6013198757763976,0.6274887604367373,1,1,TRUE,TRUE,TRUE,TRUE,TRUE,concordancia_estable_panel,CONSENSO_PANEL_0623,clase_ocupacional,consenso_clasificaciones_panel_ENOE,Misma categoria en ambas mediciones; destino historico oficial; empleo continuo
5501,calificada_damian,1,1,69,17122,17168,TRUE,0.987200184501845,TRUE,1,TRUE,36,33,0.9962230615418796,0.9774634380244546,1,1,TRUE,TRUE,TRUE,TRUE,TRUE,concordancia_estable_panel,CONSENSO_PANEL_0624,clase_ocupacional,consenso_clasificaciones_panel_ENOE,Misma categoria en ambas mediciones; destino historico oficial; empleo continuo
5502,calificada_damian,1,1,107,22160,22441,TRUE,0.6652656859801861,TRUE,1,TRUE,52,55,0.6510490028912447,0.6749407194389788,1,1,TRUE,TRUE,TRUE,TRUE,TRUE,concordancia_estable_panel,CONSENSO_PANEL_0625,clase_ocupacional,consenso_clasificaciones_panel_ENOE,Misma categoria en ambas mediciones; destino historico oficial; empleo continuo
5520,calificada_damian,1,1,1250,382552,380270,TRUE,0.9830400460488447,TRUE,1,TRUE,599,651,0.9830152253317005,0.9830630042391955,1,1,TRUE,TRUE,TRUE,TRUE,TRUE,concordancia_estable_panel,CONSENSO_PANEL_0626,clase_ocupacional,consenso_clasificaciones_panel_ENOE,Misma categoria en ambas mediciones; destino historico oficial; empleo continuo
5521,calificada_damian,1,1,396,126407,125878,TRUE,0.8331268207162912,TRUE,1,TRUE,207,189,0.82763109419133,0.8394930010242404,1,1,TRUE,TRUE,TRUE,TRUE,TRUE,concordancia_estable_panel,CONSENSO_PANEL_0627,clase_ocupacional,consenso_clasificaciones_panel_ENOE,Misma categoria en ambas mediciones; destino historico oficial; empleo continuo
5550,calificada_damian,1,1,43,15139,15279,TRUE,1,TRUE,1,TRUE,24,19,1,1,1,1,TRUE,TRUE,TRUE,TRUE,TRUE,concordancia_estable_panel,CONSENSO_PANEL_0628,clase_ocupacional,consenso_clasificaciones_panel_ENOE,Misma categoria en ambas mediciones; destino historico oficial; empleo continuo
6100,calificada_damian,1,1,87,20238,20229,TRUE,0.8869702414866109,TRUE,1,TRUE,39,48,0.9468814968814969,0.8432977191786012,1,1,TRUE,TRUE,TRUE,TRUE,TRUE,concordancia_estable_panel,CONSENSO_PANEL_0629,clase_ocupacional,consenso_clasificaciones_panel_ENOE,Misma categoria en ambas mediciones; destino historico oficial; empleo continuo
6101,calificada_damian,1,1,167,37001,39056,TRUE,0.8009741313995021,TRUE,1,TRUE,76,91,0.7406563354603464,0.8460055200574691,1,1,TRUE,TRUE,TRUE,TRUE,TRUE,concordancia_estable_panel,CONSENSO_PANEL_0630,clase_ocupacional,consenso_clasificaciones_panel_ENOE,Misma categoria en ambas mediciones; destino historico oficial; empleo continuo
6102,calificada_damian,1,1,96,16217,16598,TRUE,0.8011164353109717,TRUE,1,TRUE,51,45,0.8260459856765925,0.7736475963036029,1,1,TRUE,TRUE,TRUE,TRUE,TRUE,concordancia_estable_panel,CONSENSO_PANEL_0631,clase_ocupacional,consenso_clasificaciones_panel_ENOE,Misma categoria en ambas mediciones; destino historico oficial; empleo continuo
6121,calificada_damian,1,1,37,10963,10283,TRUE,0.6246011850501367,TRUE,1,TRUE,22,15,0.6100371747211896,0.6369964142585952,1,1,TRUE,TRUE,TRUE,TRUE,TRUE,concordancia_estable_panel,CONSENSO_PANEL_0632,clase_ocupacional,consenso_clasificaciones_panel_ENOE,Misma categoria en ambas mediciones; destino historico oficial; empleo continuo
6130,calificada_damian,1,1,46,14459,16862,TRUE,0.8326039387308534,TRUE,1,TRUE,21,25,0.8490833697075513,0.8141916605705926,1,1,TRUE,TRUE,TRUE,TRUE,TRUE,concordancia_estable_panel,CONSENSO_PANEL_0633,clase_ocupacional,consenso_clasificaciones_panel_ENOE,Misma categoria en ambas mediciones; destino historico oficial; empleo continuo
6150,calificada_damian,1,1,28,8223,8619,TRUE,0.6128791831258851,TRUE,1,TRUE,14,14,0.5214651437573848,0.668545389135388,1,1,TRUE,TRUE,TRUE,TRUE,TRUE,concordancia_estable_panel,CONSENSO_PANEL_0634,clase_ocupacional,consenso_clasificaciones_panel_ENOE,Misma categoria en ambas mediciones; destino historico oficial; empleo continuo
6170,calificada_damian,1,1,42,4745,4877,TRUE,0.9206441598758246,TRUE,1,TRUE,25,17,0.9395674300254453,0.891044776119403,1,1,TRUE,TRUE,TRUE,TRUE,TRUE,concordancia_estable_panel,CONSENSO_PANEL_0635,clase_ocupacional,consenso_clasificaciones_panel_ENOE,Misma categoria en ambas mediciones; destino historico oficial; empleo continuo
6180,calificada_damian,1,1,28,7931,8393,TRUE,0.5520289552446579,TRUE,1,TRUE,15,13,0.5476406992017783,0.561744966442953,1,1,TRUE,TRUE,TRUE,TRUE,TRUE,concordancia_estable_panel,CONSENSO_PANEL_0636,clase_ocupacional,consenso_clasificaciones_panel_ENOE,Misma categoria en ambas mediciones; destino historico oficial; empleo continuo
6190,calificada_damian,1,1,22,6226,6494,TRUE,0.8224570673712022,TRUE,1,TRUE,12,10,0.9543767736302118,0.6202743392438943,1,1,TRUE,TRUE,TRUE,TRUE,TRUE,concordancia_estable_panel,CONSENSO_PANEL_0637,clase_ocupacional,consenso_clasificaciones_panel_ENOE,Misma categoria en ambas mediciones; destino historico oficial; empleo continuo
6200,calificada_damian,0,0,1006,237247,236095,TRUE,0.9353432132057544,TRUE,1,TRUE,479,527,0.9650639411124291,0.9073258530233983,1,1,TRUE,TRUE,TRUE,TRUE,TRUE,concordancia_estable_panel,CONSENSO_PANEL_0638,clase_ocupacional,consenso_clasificaciones_panel_ENOE,Misma categoria en ambas mediciones; destino historico oficial; empleo continuo
6202,calificada_damian,0,0,152,40572,40780,TRUE,0.7904611607925653,TRUE,1,TRUE,77,75,0.7772826880934989,0.8055288762684261,1,1,TRUE,TRUE,TRUE,TRUE,TRUE,concordancia_estable_panel,CONSENSO_PANEL_0639,clase_ocupacional,consenso_clasificaciones_panel_ENOE,Misma categoria en ambas mediciones; destino historico oficial; empleo continuo
6210,calificada_damian,0,0,449,116290,115768,TRUE,0.9421687137440451,TRUE,1,TRUE,229,220,0.9130468009659768,0.9750181028240406,1,1,TRUE,TRUE,TRUE,TRUE,TRUE,concordancia_estable_panel,CONSENSO_PANEL_0640,clase_ocupacional,consenso_clasificaciones_panel_ENOE,Misma categoria en ambas mediciones; destino historico oficial; empleo continuo
6211,calificada_damian,0,0,25,8550,8738,TRUE,0.9922246721596844,TRUE,1,TRUE,10,15,1,0.9883821744407838,1,1,TRUE,TRUE,TRUE,TRUE,TRUE,concordancia_estable_panel,CONSENSO_PANEL_0641,clase_ocupacional,consenso_clasificaciones_panel_ENOE,Misma categoria en ambas mediciones; destino historico oficial; empleo continuo
6220,calificada_damian,0,0,59,14856,15402,TRUE,0.8489627978741643,TRUE,1,TRUE,27,32,0.707808267577435,0.9820159857904085,1,1,TRUE,TRUE,TRUE,TRUE,TRUE,concordancia_estable_panel,CONSENSO_PANEL_0642,clase_ocupacional,consenso_clasificaciones_panel_ENOE,Misma categoria en ambas mediciones; destino historico oficial; empleo continuo
6221,calificada_damian,0,0,250,69088,69266,TRUE,0.6909560051605677,TRUE,1,TRUE,117,133,0.6557875202969149,0.7176110691116229,1,1,TRUE,TRUE,TRUE,TRUE,TRUE,concordancia_estable_panel,CONSENSO_PANEL_0643,clase_ocupacional,consenso_clasificaciones_panel_ENOE,Misma categoria en ambas mediciones; destino historico oficial; empleo continuo
6230,calificada_damian,0,0,247,64255,65052,TRUE,0.8936841958858955,TRUE,1,TRUE,124,123,0.9137526331628046,0.8764384907807288,1,1,TRUE,TRUE,TRUE,TRUE,TRUE,concordancia_estable_panel,CONSENSO_PANEL_0644,clase_ocupacional,consenso_clasificaciones_panel_ENOE,Misma categoria en ambas mediciones; destino historico oficial; empleo continuo
6231,calificada_damian,0,0,10,1522,1574,TRUE,0.7384764677341097,TRUE,1,TRUE,5,5,0.8802395209580839,0.6043437204910292,1,1,TRUE,TRUE,TRUE,TRUE,TRUE,concordancia_estable_panel,CONSENSO_PANEL_0645,clase_ocupacional,consenso_clasificaciones_panel_ENOE,Misma categoria en ambas mediciones; destino historico oficial; empleo continuo
6232,calificada_damian,0,0,34,7806,7920,TRUE,0.820216454765157,TRUE,1,TRUE,17,17,0.7833910034602076,0.8771742039068772,1,1,TRUE,TRUE,TRUE,TRUE,TRUE,concordancia_estable_panel,CONSENSO_PANEL_0646,clase_ocupacional,consenso_clasificaciones_panel_ENOE,Misma categoria en ambas mediciones; destino historico oficial; empleo continuo
6240,calificada_damian,0,0,30,9218,9786,TRUE,0.7551404931596625,TRUE,1,TRUE,15,15,0.9442545358927162,0.6695621132793907,1,1,TRUE,TRUE,TRUE,TRUE,TRUE,concordancia_estable_panel,CONSENSO_PANEL_0647,clase_ocupacional,consenso_clasificaciones_panel_ENOE,Misma categoria en ambas mediciones; destino historico oficial; empleo continuo
6250,calificada_damian,0,0,21,6516,6542,TRUE,0.7623727623727624,TRUE,1,TRUE,7,14,1,0.7303146992431284,1,1,TRUE,TRUE,TRUE,TRUE,TRUE,concordancia_estable_panel,CONSENSO_PANEL_0648,clase_ocupacional,consenso_clasificaciones_panel_ENOE,Misma categoria en ambas mediciones; destino historico oficial; empleo continuo
6270,calificada_damian,0,0,1081,230770,234064,TRUE,0.7914330298197781,TRUE,1,TRUE,556,525,0.779935720528826,0.8028533927619256,1,1,TRUE,TRUE,TRUE,TRUE,TRUE,concordancia_estable_panel,CONSENSO_PANEL_0649,clase_ocupacional,consenso_clasificaciones_panel_ENOE,Misma categoria en ambas mediciones; destino historico oficial; empleo continuo
7100,calificada_damian,0,0,1528,491461,489263,TRUE,0.975736675124384,TRUE,1,TRUE,765,763,0.9862261056896191,0.9654972182769795,1,1,TRUE,TRUE,TRUE,TRUE,TRUE,concordancia_estable_panel,CONSENSO_PANEL_0650,clase_ocupacional,consenso_clasificaciones_panel_ENOE,Misma categoria en ambas mediciones; destino historico oficial; empleo continuo
7110,calificada_damian,0,0,102,21871,21821,TRUE,0.830523277891699,TRUE,1,TRUE,49,53,0.8262946847538606,0.8339150071853829,1,1,TRUE,TRUE,TRUE,TRUE,TRUE,concordancia_estable_panel,CONSENSO_PANEL_0651,clase_ocupacional,consenso_clasificaciones_panel_ENOE,Misma categoria en ambas mediciones; destino historico oficial; empleo continuo
7111,calificada_damian,0,0,2188,587248,589889,TRUE,0.918255082670603,TRUE,1,TRUE,1101,1087,0.9304488688557515,0.9072264723487002,1,1,TRUE,TRUE,TRUE,TRUE,TRUE,concordancia_estable_panel,CONSENSO_PANEL_0652,clase_ocupacional,consenso_clasificaciones_panel_ENOE,Misma categoria en ambas mediciones; destino historico oficial; empleo continuo
7120,calificada_damian,0,0,23,6563,6734,TRUE,1,TRUE,1,TRUE,11,12,1,1,1,1,TRUE,TRUE,TRUE,TRUE,TRUE,concordancia_estable_panel,CONSENSO_PANEL_0653,clase_ocupacional,consenso_clasificaciones_panel_ENOE,Misma categoria en ambas mediciones; destino historico oficial; empleo continuo
7130,calificada_damian,0,0,210,53772,54698,TRUE,0.9515483985135375,TRUE,1,TRUE,100,110,0.9749549674379936,0.9271036828015339,1,1,TRUE,TRUE,TRUE,TRUE,TRUE,concordancia_estable_panel,CONSENSO_PANEL_0654,clase_ocupacional,consenso_clasificaciones_panel_ENOE,Misma categoria en ambas mediciones; destino historico oficial; empleo continuo
7131,calificada_damian,0,0,52,14853,15100,TRUE,0.8542589290849485,TRUE,1,TRUE,30,22,0.7461823734729494,0.9748144543131768,1,1,TRUE,TRUE,TRUE,TRUE,TRUE,concordancia_estable_panel,CONSENSO_PANEL_0655,clase_ocupacional,consenso_clasificaciones_panel_ENOE,Misma categoria en ambas mediciones; destino historico oficial; empleo continuo
7133,calificada_damian,0,0,37,10462,11173,TRUE,0.8255346011204924,TRUE,1,TRUE,20,17,0.7530849825378347,0.9779573842762674,1,1,TRUE,TRUE,TRUE,TRUE,TRUE,concordancia_estable_panel,CONSENSO_PANEL_0656,clase_ocupacional,consenso_clasificaciones_panel_ENOE,Misma categoria en ambas mediciones; destino historico oficial; empleo continuo
7200,calificada_damian,0,0,15,4956,5131,TRUE,1,TRUE,1,TRUE,9,6,1,1,1,1,TRUE,TRUE,TRUE,TRUE,TRUE,concordancia_estable_panel,CONSENSO_PANEL_0657,clase_ocupacional,consenso_clasificaciones_panel_ENOE,Misma categoria en ambas mediciones; destino historico oficial; empleo continuo
7201,calificada_damian,0,0,948,288449,290626,TRUE,0.9977412816237867,TRUE,1,TRUE,463,485,0.998973439456881,0.9964820992705427,1,1,TRUE,TRUE,TRUE,TRUE,TRUE,concordancia_estable_panel,CONSENSO_PANEL_0658,clase_ocupacional,consenso_clasificaciones_panel_ENOE,Misma categoria en ambas mediciones; destino historico oficial; empleo continuo
7210,calificada_damian,0,0,686,218287,220962,TRUE,0.9735220137005851,TRUE,1,TRUE,335,351,0.9548514924140967,0.9911896949811642,1,1,TRUE,TRUE,TRUE,TRUE,TRUE,concordancia_estable_panel,CONSENSO_PANEL_0659,clase_ocupacional,consenso_clasificaciones_panel_ENOE,Misma categoria en ambas mediciones; destino historico oficial; empleo continuo
7211,calificada_damian,0,0,35,12893,12756,TRUE,0.9556033204862141,TRUE,1,TRUE,14,21,0.9697663765460376,0.9422439867492438,1,1,TRUE,TRUE,TRUE,TRUE,TRUE,concordancia_estable_panel,CONSENSO_PANEL_0660,clase_ocupacional,consenso_clasificaciones_panel_ENOE,Misma categoria en ambas mediciones; destino historico oficial; empleo continuo
7212,calificada_damian,0,0,33,7252,7375,TRUE,1,TRUE,1,TRUE,11,22,1,1,1,1,TRUE,TRUE,TRUE,TRUE,TRUE,concordancia_estable_panel,CONSENSO_PANEL_0661,clase_ocupacional,consenso_clasificaciones_panel_ENOE,Misma categoria en ambas mediciones; destino historico oficial; empleo continuo
8100,calificada_damian,0,0,723,189629,189723,TRUE,0.9733249155656842,TRUE,1,TRUE,374,349,0.9733574541567306,0.9732924603744182,1,1,TRUE,TRUE,TRUE,TRUE,TRUE,concordancia_estable_panel,CONSENSO_PANEL_0662,clase_ocupacional,consenso_clasificaciones_panel_ENOE,Misma categoria en ambas mediciones; destino historico oficial; empleo continuo
8101,calificada_damian,0,0,359,87749,89378,TRUE,0.9848814761605459,TRUE,1,TRUE,192,167,0.9821313326879638,0.9883326584328811,1,1,TRUE,TRUE,TRUE,TRUE,TRUE,concordancia_estable_panel,CONSENSO_PANEL_0663,clase_ocupacional,consenso_clasificaciones_panel_ENOE,Misma categoria en ambas mediciones; destino historico oficial; empleo continuo
8110,calificada_damian,0,0,85,13760,14029,TRUE,0.8918270788774386,TRUE,1,TRUE,48,37,0.8941588221095824,0.8891222175556489,1,1,TRUE,TRUE,TRUE,TRUE,TRUE,concordancia_estable_panel,CONSENSO_PANEL_0664,clase_ocupacional,consenso_clasificaciones_panel_ENOE,Misma categoria en ambas mediciones; destino historico oficial; empleo continuo
8111,calificada_damian,0,0,33,12295,12443,TRUE,0.979759343373974,TRUE,1,TRUE,14,19,0.9519757988277557,1,1,1,TRUE,TRUE,TRUE,TRUE,TRUE,concordancia_estable_panel,CONSENSO_PANEL_0665,clase_ocupacional,consenso_clasificaciones_panel_ENOE,Misma categoria en ambas mediciones; destino historico oficial; empleo continuo
8120,calificada_damian,0,0,24,10864,12215,TRUE,1,TRUE,1,TRUE,13,11,1,1,1,1,TRUE,TRUE,TRUE,TRUE,TRUE,concordancia_estable_panel,CONSENSO_PANEL_0666,clase_ocupacional,consenso_clasificaciones_panel_ENOE,Misma categoria en ambas mediciones; destino historico oficial; empleo continuo
8122,calificada_damian,0,0,77,18636,18244,TRUE,0.995353308764621,TRUE,1,TRUE,38,39,1,0.9917339667458432,1,1,TRUE,TRUE,TRUE,TRUE,TRUE,concordancia_estable_panel,CONSENSO_PANEL_0667,clase_ocupacional,consenso_clasificaciones_panel_ENOE,Misma categoria en ambas mediciones; destino historico oficial; empleo continuo
8123,calificada_damian,0,0,92,21679,22207,TRUE,1,TRUE,1,TRUE,42,50,1,1,1,1,TRUE,TRUE,TRUE,TRUE,TRUE,concordancia_estable_panel,CONSENSO_PANEL_0668,clase_ocupacional,consenso_clasificaciones_panel_ENOE,Misma categoria en ambas mediciones; destino historico oficial; empleo continuo
8124,calificada_damian,0,0,981,246199,248869,TRUE,0.9172053065497368,TRUE,1,TRUE,497,484,0.9241445339887069,0.9104259957577185,1,1,TRUE,TRUE,TRUE,TRUE,TRUE,concordancia_estable_panel,CONSENSO_PANEL_0669,clase_ocupacional,consenso_clasificaciones_panel_ENOE,Misma categoria en ambas mediciones; destino historico oficial; empleo continuo
8125,calificada_damian,0,0,183,54282,53738,TRUE,0.9717508055853921,TRUE,1,TRUE,86,97,0.9727708268707131,0.9706484895891534,1,1,TRUE,TRUE,TRUE,TRUE,TRUE,concordancia_estable_panel,CONSENSO_PANEL_0670,clase_ocupacional,consenso_clasificaciones_panel_ENOE,Misma categoria en ambas mediciones; destino historico oficial; empleo continuo
8126,calificada_damian,0,0,114,27474,27916,TRUE,0.7026778178470038,TRUE,1,TRUE,55,59,0.7321189391909992,0.6757854556131937,1,1,TRUE,TRUE,TRUE,TRUE,TRUE,concordancia_estable_panel,CONSENSO_PANEL_0671,clase_ocupacional,consenso_clasificaciones_panel_ENOE,Misma categoria en ambas mediciones; destino historico oficial; empleo continuo
8130,calificada_damian,0,0,389,106707,105527,TRUE,1,TRUE,1,TRUE,193,196,1,1,1,1,TRUE,TRUE,TRUE,TRUE,TRUE,concordancia_estable_panel,CONSENSO_PANEL_0672,clase_ocupacional,consenso_clasificaciones_panel_ENOE,Misma categoria en ambas mediciones; destino historico oficial; empleo continuo
8131,calificada_damian,0,0,43,12523,12310,TRUE,1,TRUE,1,TRUE,22,21,1,1,1,1,TRUE,TRUE,TRUE,TRUE,TRUE,concordancia_estable_panel,CONSENSO_PANEL_0673,clase_ocupacional,consenso_clasificaciones_panel_ENOE,Misma categoria en ambas mediciones; destino historico oficial; empleo continuo
8132,calificada_damian,0,0,17,3337,3440,TRUE,0.94505805720759,TRUE,1,TRUE,8,9,1,0.9060077519379846,1,1,TRUE,TRUE,TRUE,TRUE,TRUE,concordancia_estable_panel,CONSENSO_PANEL_0674,clase_ocupacional,consenso_clasificaciones_panel_ENOE,Misma categoria en ambas mediciones; destino historico oficial; empleo continuo
8140,calificada_damian,0,0,35,6507,6727,TRUE,0.7423844837421563,TRUE,1,TRUE,21,14,0.7592668863261944,0.7214121258633922,1,1,TRUE,TRUE,TRUE,TRUE,TRUE,concordancia_estable_panel,CONSENSO_PANEL_0675,clase_ocupacional,consenso_clasificaciones_panel_ENOE,Misma categoria en ambas mediciones; destino historico oficial; empleo continuo
8150,calificada_damian,0,0,43,12057,12639,TRUE,0.8352615171458261,TRUE,1,TRUE,14,29,0.7302151876222657,0.9022923286427599,1,1,TRUE,TRUE,TRUE,TRUE,TRUE,concordancia_estable_panel,CONSENSO_PANEL_0676,clase_ocupacional,consenso_clasificaciones_panel_ENOE,Misma categoria en ambas mediciones; destino historico oficial; empleo continuo
8190,calificada_damian,0,0,33,8305,8063,TRUE,0.9545977011494253,TRUE,1,TRUE,15,18,0.9533369506239826,0.9555245313123255,1,1,TRUE,TRUE,TRUE,TRUE,TRUE,concordancia_estable_panel,CONSENSO_PANEL_0677,clase_ocupacional,consenso_clasificaciones_panel_ENOE,Misma categoria en ambas mediciones; destino historico oficial; empleo continuo
8200,calificada_damian,0,0,2307,664284,661071,TRUE,0.9995606221109399,TRUE,1,TRUE,1170,1137,0.9992484334818357,0.9998709747110434,1,1,TRUE,TRUE,TRUE,TRUE,TRUE,concordancia_estable_panel,CONSENSO_PANEL_0678,clase_ocupacional,consenso_clasificaciones_panel_ENOE,Misma categoria en ambas mediciones; destino historico oficial; empleo continuo
8201,calificada_damian,0,0,154,46568,46241,TRUE,0.9984776689037071,TRUE,1,TRUE,77,77,1,0.9974349710982658,1,1,TRUE,TRUE,TRUE,TRUE,TRUE,concordancia_estable_panel,CONSENSO_PANEL_0679,clase_ocupacional,consenso_clasificaciones_panel_ENOE,Misma categoria en ambas mediciones; destino historico oficial; empleo continuo
8202,calificada_damian,1,1,23,9642,8972,TRUE,0.9407747097277783,TRUE,1,TRUE,13,10,1,0.8922230113636364,1,1,TRUE,TRUE,TRUE,TRUE,TRUE,concordancia_estable_panel,CONSENSO_PANEL_0680,clase_ocupacional,consenso_clasificaciones_panel_ENOE,Misma categoria en ambas mediciones; destino historico oficial; empleo continuo
8203,calificada_damian,0,0,56,13463,13231,TRUE,1,TRUE,1,TRUE,28,28,1,1,1,1,TRUE,TRUE,TRUE,TRUE,TRUE,concordancia_estable_panel,CONSENSO_PANEL_0681,clase_ocupacional,consenso_clasificaciones_panel_ENOE,Misma categoria en ambas mediciones; destino historico oficial; empleo continuo
8204,calificada_damian,0,0,19,3846,3792,TRUE,1,TRUE,1,TRUE,12,7,1,1,1,1,TRUE,TRUE,TRUE,TRUE,TRUE,concordancia_estable_panel,CONSENSO_PANEL_0682,clase_ocupacional,consenso_clasificaciones_panel_ENOE,Misma categoria en ambas mediciones; destino historico oficial; empleo continuo
8300,calificada_damian,0,0,22,3787,3748,TRUE,0.9378405151064884,TRUE,1,TRUE,12,10,0.9779258642232403,0.8790470372632865,1,1,TRUE,TRUE,TRUE,TRUE,TRUE,concordancia_estable_panel,CONSENSO_PANEL_0683,clase_ocupacional,consenso_clasificaciones_panel_ENOE,Misma categoria en ambas mediciones; destino historico oficial; empleo continuo
8303,calificada_damian,0,0,500,149640,149266,TRUE,0.9400146995081319,TRUE,1,TRUE,242,258,0.9489043176394012,0.9323424425068758,1,1,TRUE,TRUE,TRUE,TRUE,TRUE,concordancia_estable_panel,CONSENSO_PANEL_0684,clase_ocupacional,consenso_clasificaciones_panel_ENOE,Misma categoria en ambas mediciones; destino historico oficial; empleo continuo
8311,calificada_damian,0,0,22,4965,4928,TRUE,0.7248175182481752,TRUE,1,TRUE,9,13,0.6283261802575107,0.7745575221238938,1,1,TRUE,TRUE,TRUE,TRUE,TRUE,concordancia_estable_panel,CONSENSO_PANEL_0685,clase_ocupacional,consenso_clasificaciones_panel_ENOE,Misma categoria en ambas mediciones; destino historico oficial; empleo continuo
1100,clase_alt6_damian,1,1,49,12594,13194,TRUE,0.9126748315095297,TRUE,1,TRUE,22,27,0.9337115970107943,0.8895481515289821,1,1,TRUE,TRUE,TRUE,TRUE,TRUE,concordancia_estable_panel,CONSENSO_PANEL_0686,egp,consenso_clasificaciones_panel_ENOE,Misma categoria en ambas mediciones; destino historico oficial; empleo continuo
1101,clase_alt6_damian,1,1,40,6231,6176,TRUE,0.6275556450800684,TRUE,1,TRUE,17,23,0.5625846391952022,0.698109243697479,1,1,TRUE,TRUE,TRUE,TRUE,TRUE,concordancia_estable_panel,CONSENSO_PANEL_0687,egp,consenso_clasificaciones_panel_ENOE,Misma categoria en ambas mediciones; destino historico oficial; empleo continuo
1103,clase_alt6_damian,1,1,12,2549,2552,TRUE,1,TRUE,1,TRUE,6,6,1,1,1,1,TRUE,TRUE,TRUE,TRUE,TRUE,concordancia_estable_panel,CONSENSO_PANEL_0688,egp,consenso_clasificaciones_panel_ENOE,Misma categoria en ambas mediciones; destino historico oficial; empleo continuo
1104,clase_alt6_damian,1,1,74,19562,19704,TRUE,0.7390253116735928,TRUE,1,TRUE,42,32,0.8131393861892583,0.6725891961599083,1,1,TRUE,TRUE,TRUE,TRUE,TRUE,concordancia_estable_panel,CONSENSO_PANEL_0689,egp,consenso_clasificaciones_panel_ENOE,Misma categoria en ambas mediciones; destino historico oficial; empleo continuo
1105,clase_alt6_damian,1,1,171,44004,44980,TRUE,0.8411032742703136,TRUE,1,TRUE,91,80,0.7913621843959218,0.8796836817811566,1,1,TRUE,TRUE,TRUE,TRUE,TRUE,concordancia_estable_panel,CONSENSO_PANEL_0690,egp,consenso_clasificaciones_panel_ENOE,Misma categoria en ambas mediciones; destino historico oficial; empleo continuo
1120,clase_alt6_damian,1,1,43,10381,10088,TRUE,0.9347199711867459,TRUE,1,TRUE,18,25,1,0.88631017719931,1,1,TRUE,TRUE,TRUE,TRUE,TRUE,concordancia_estable_panel,CONSENSO_PANEL_0691,egp,consenso_clasificaciones_panel_ENOE,Misma categoria en ambas mediciones; destino historico oficial; empleo continuo
1121,clase_alt6_damian,1,1,28,7418,7203,TRUE,0.9393440547043181,TRUE,1,TRUE,15,13,1,0.8401735068401736,1,1,TRUE,TRUE,TRUE,TRUE,TRUE,concordancia_estable_panel,CONSENSO_PANEL_0692,egp,consenso_clasificaciones_panel_ENOE,Misma categoria en ambas mediciones; destino historico oficial; empleo continuo
1130,clase_alt6_damian,1,1,366,84867,87176,TRUE,0.9941312904132696,TRUE,1,TRUE,172,194,0.9935184135977337,0.9947869941565841,1,1,TRUE,TRUE,TRUE,TRUE,TRUE,concordancia_estable_panel,CONSENSO_PANEL_0693,egp,consenso_clasificaciones_panel_ENOE,Misma categoria en ambas mediciones; destino historico oficial; empleo continuo
1131,clase_alt6_damian,1,1,254,56833,57769,TRUE,0.9976302485605955,TRUE,1,TRUE,126,128,0.9978954127131341,0.9973733324116956,1,1,TRUE,TRUE,TRUE,TRUE,TRUE,concordancia_estable_panel,CONSENSO_PANEL_0694,egp,consenso_clasificaciones_panel_ENOE,Misma categoria en ambas mediciones; destino historico oficial; empleo continuo
1132,clase_alt6_damian,1,1,123,33731,33542,TRUE,0.9972209903917221,TRUE,1,TRUE,61,62,1,0.9941975308641975,1,1,TRUE,TRUE,TRUE,TRUE,TRUE,concordancia_estable_panel,CONSENSO_PANEL_0695,egp,consenso_clasificaciones_panel_ENOE,Misma categoria en ambas mediciones; destino historico oficial; empleo continuo
1134,clase_alt6_damian,1,1,16,5260,5340,TRUE,0.9872372372372372,TRUE,1,TRUE,11,5,0.9425190194420964,1,1,1,TRUE,TRUE,TRUE,TRUE,TRUE,concordancia_estable_panel,CONSENSO_PANEL_0696,egp,consenso_clasificaciones_panel_ENOE,Misma categoria en ambas mediciones; destino historico oficial; empleo continuo
1150,clase_alt6_damian,1,1,27,3837,3881,TRUE,0.8931564245810056,TRUE,1,TRUE,14,13,0.8890027322404371,0.902046783625731,1,1,TRUE,TRUE,TRUE,TRUE,TRUE,concordancia_estable_panel,CONSENSO_PANEL_0697,egp,consenso_clasificaciones_panel_ENOE,Misma categoria en ambas mediciones; destino historico oficial; empleo continuo
1151,clase_alt6_damian,1,1,35,9220,9329,TRUE,0.933765444601985,TRUE,1,TRUE,18,17,0.9401955146635997,0.9265621644835731,1,1,TRUE,TRUE,TRUE,TRUE,TRUE,concordancia_estable_panel,CONSENSO_PANEL_0698,egp,consenso_clasificaciones_panel_ENOE,Misma categoria en ambas mediciones; destino historico oficial; empleo continuo
1160,clase_alt6_damian,1,1,323,82784,84710,TRUE,0.8748362007016951,TRUE,1,TRUE,164,159,0.8711762256894193,0.8790141896938013,1,1,TRUE,TRUE,TRUE,TRUE,TRUE,concordancia_estable_panel,CONSENSO_PANEL_0699,egp,consenso_clasificaciones_panel_ENOE,Misma categoria en ambas mediciones; destino historico oficial; empleo continuo
1161,clase_alt6_damian,1,1,31,7257,7310,TRUE,0.9544916480336709,TRUE,1,TRUE,17,14,0.9520975056689343,0.9565644171779141,1,1,TRUE,TRUE,TRUE,TRUE,TRUE,concordancia_estable_panel,CONSENSO_PANEL_0700,egp,consenso_clasificaciones_panel_ENOE,Misma categoria en ambas mediciones; destino historico oficial; empleo continuo
1164,clase_alt6_damian,1,1,67,21000,19475,TRUE,0.9288747346072187,TRUE,1,TRUE,33,34,0.9361381389612169,0.9156476166708261,1,1,TRUE,TRUE,TRUE,TRUE,TRUE,concordancia_estable_panel,CONSENSO_PANEL_0701,egp,consenso_clasificaciones_panel_ENOE,Misma categoria en ambas mediciones; destino historico oficial; empleo continuo
1171,clase_alt6_damian,1,1,25,13372,13432,TRUE,0.8002393776181927,TRUE,1,TRUE,15,10,0.8184127540294324,0.7610502455610124,1,1,TRUE,TRUE,TRUE,TRUE,TRUE,concordancia_estable_panel,CONSENSO_PANEL_0702,egp,consenso_clasificaciones_panel_ENOE,Misma categoria en ambas mediciones; destino historico oficial; empleo continuo
1172,clase_alt6_damian,1,1,359,82325,82314,TRUE,0.8651764508060618,TRUE,1,TRUE,195,164,0.8537888398520557,0.8814402735601092,1,1,TRUE,TRUE,TRUE,TRUE,TRUE,concordancia_estable_panel,CONSENSO_PANEL_0703,egp,consenso_clasificaciones_panel_ENOE,Misma categoria en ambas mediciones; destino historico oficial; empleo continuo
1200,clase_alt6_damian,1,1,29,8535,8595,TRUE,0.8389030862984077,TRUE,1,TRUE,16,13,0.8497571131158917,0.8247165532879819,1,1,TRUE,TRUE,TRUE,TRUE,TRUE,concordancia_estable_panel,CONSENSO_PANEL_0704,egp,consenso_clasificaciones_panel_ENOE,Misma categoria en ambas mediciones; destino historico oficial; empleo continuo
1203,clase_alt6_damian,1,1,26,4317,4545,TRUE,0.6866550023858756,TRUE,1,TRUE,13,13,0.687624254473161,0.684931506849315,1,1,TRUE,TRUE,TRUE,TRUE,TRUE,concordancia_estable_panel,CONSENSO_PANEL_0705,egp,consenso_clasificaciones_panel_ENOE,Misma categoria en ambas mediciones; destino historico oficial; empleo continuo
1205,clase_alt6_damian,1,1,276,71988,71382,TRUE,0.7477252897918485,TRUE,1,TRUE,134,142,0.7872588021975048,0.7231015592077539,1,1,TRUE,TRUE,TRUE,TRUE,TRUE,concordancia_estable_panel,CONSENSO_PANEL_0706,egp,consenso_clasificaciones_panel_ENOE,Misma categoria en ambas mediciones; destino historico oficial; empleo continuo
1206,clase_alt6_damian,2,2,34,9563,9633,TRUE,0.9352567237163815,TRUE,1,TRUE,21,13,0.9273187488700054,0.9446101406050277,1,1,TRUE,TRUE,TRUE,TRUE,TRUE,concordancia_estable_panel,CONSENSO_PANEL_0707,egp,consenso_clasificaciones_panel_ENOE,Misma categoria en ambas mediciones; destino historico oficial; empleo continuo
1206,clase_alt6_damian,4,4,31,7098,7281,TRUE,0.8149253731343283,TRUE,1,TRUE,16,15,1,0.6526610644257703,1,1,TRUE,TRUE,TRUE,TRUE,TRUE,concordancia_estable_panel,CONSENSO_PANEL_0708,egp,consenso_clasificaciones_panel_ENOE,Misma categoria en ambas mediciones; destino historico oficial; empleo continuo
1220,clase_alt6_damian,1,1,400,123646,124108,TRUE,0.938411214243972,TRUE,1,TRUE,210,190,0.9358317079966565,0.941498141078008,1,1,TRUE,TRUE,TRUE,TRUE,TRUE,concordancia_estable_panel,CONSENSO_PANEL_0709,egp,consenso_clasificaciones_panel_ENOE,Misma categoria en ambas mediciones; destino historico oficial; empleo continuo
1221,clase_alt6_damian,1,1,24,5553,5645,TRUE,0.818905766111193,TRUE,1,TRUE,15,9,0.8662264612374664,0.7470282317979198,1,1,TRUE,TRUE,TRUE,TRUE,TRUE,concordancia_estable_panel,CONSENSO_PANEL_0710,egp,consenso_clasificaciones_panel_ENOE,Misma categoria en ambas mediciones; destino historico oficial; empleo continuo
1230,clase_alt6_damian,1,1,50,11465,11590,TRUE,0.7057990642698843,TRUE,1,TRUE,27,23,0.8464583048996861,0.5902209263205114,1,1,TRUE,TRUE,TRUE,TRUE,TRUE,concordancia_estable_panel,CONSENSO_PANEL_0711,egp,consenso_clasificaciones_panel_ENOE,Misma categoria en ambas mediciones; destino historico oficial; empleo continuo
1250,clase_alt6_damian,2,2,95,16387,16384,TRUE,0.5336394424905562,TRUE,1,TRUE,55,40,0.5389759665621735,0.5248098201936376,1,1,TRUE,TRUE,TRUE,TRUE,TRUE,concordancia_estable_panel,CONSENSO_PANEL_0712,egp,consenso_clasificaciones_panel_ENOE,Misma categoria en ambas mediciones; destino historico oficial; empleo continuo
1251,clase_alt6_damian,1,1,191,56535,56891,TRUE,0.5850183157764026,TRUE,1,TRUE,98,93,0.5408525208619523,0.6300219366969602,1,1,TRUE,TRUE,TRUE,TRUE,TRUE,concordancia_estable_panel,CONSENSO_PANEL_0713,egp,consenso_clasificaciones_panel_ENOE,Misma categoria en ambas mediciones; destino historico oficial; empleo continuo
1300,clase_alt6_damian,1,1,337,81624,80800,TRUE,0.9920633956026593,TRUE,1,TRUE,172,165,0.9951440329218108,0.9896131101752242,1,1,TRUE,TRUE,TRUE,TRUE,TRUE,concordancia_estable_panel,CONSENSO_PANEL_0714,egp,consenso_clasificaciones_panel_ENOE,Misma categoria en ambas mediciones; destino historico oficial; empleo continuo
1310,clase_alt6_damian,1,1,205,56119,56633,TRUE,0.9289533363129231,TRUE,1,TRUE,114,91,0.9255344775669979,0.933127458549318,1,1,TRUE,TRUE,TRUE,TRUE,TRUE,concordancia_estable_panel,CONSENSO_PANEL_0715,egp,consenso_clasificaciones_panel_ENOE,Misma categoria en ambas mediciones; destino historico oficial; empleo continuo
1320,clase_alt6_damian,1,1,449,125353,124182,TRUE,0.9828447322821681,TRUE,1,TRUE,199,250,0.9744231835299065,0.9887010155793056,1,1,TRUE,TRUE,TRUE,TRUE,TRUE,concordancia_estable_panel,CONSENSO_PANEL_0716,egp,consenso_clasificaciones_panel_ENOE,Misma categoria en ambas mediciones; destino historico oficial; empleo continuo
1330,clase_alt6_damian,1,1,730,198218,198565,TRUE,0.9966713596138375,TRUE,1,TRUE,342,388,0.9975169834035601,0.9959281233466858,1,1,TRUE,TRUE,TRUE,TRUE,TRUE,concordancia_estable_panel,CONSENSO_PANEL_0717,egp,consenso_clasificaciones_panel_ENOE,Misma categoria en ambas mediciones; destino historico oficial; empleo continuo
1340,clase_alt6_damian,1,1,263,69777,71371,TRUE,0.9560457628279784,TRUE,1,TRUE,139,124,0.9398206706580093,0.9714766894781864,1,1,TRUE,TRUE,TRUE,TRUE,TRUE,concordancia_estable_panel,CONSENSO_PANEL_0718,egp,consenso_clasificaciones_panel_ENOE,Misma categoria en ambas mediciones; destino historico oficial; empleo continuo
1360,clase_alt6_damian,1,1,25,9877,9547,TRUE,1,TRUE,1,TRUE,18,7,1,1,1,1,TRUE,TRUE,TRUE,TRUE,TRUE,concordancia_estable_panel,CONSENSO_PANEL_0719,egp,consenso_clasificaciones_panel_ENOE,Misma categoria en ambas mediciones; destino historico oficial; empleo continuo
1364,clase_alt6_damian,1,1,33,7560,7532,TRUE,0.9020403293163107,TRUE,1,TRUE,14,19,0.8401336196611787,0.9639618138424821,1,1,TRUE,TRUE,TRUE,TRUE,TRUE,concordancia_estable_panel,CONSENSO_PANEL_0720,egp,consenso_clasificaciones_panel_ENOE,Misma categoria en ambas mediciones; destino historico oficial; empleo continuo
1390,clase_alt6_damian,1,1,32,4289,4395,TRUE,0.960152227445713,TRUE,1,TRUE,19,13,0.9839921594250245,0.9082503556187767,1,1,TRUE,TRUE,TRUE,TRUE,TRUE,concordancia_estable_panel,CONSENSO_PANEL_0721,egp,consenso_clasificaciones_panel_ENOE,Misma categoria en ambas mediciones; destino historico oficial; empleo continuo
1401,clase_alt6_damian,1,1,29,8751,9659,TRUE,0.9098565190268247,TRUE,1,TRUE,12,17,0.8632445141065831,0.962560921577315,1,1,TRUE,TRUE,TRUE,TRUE,TRUE,concordancia_estable_panel,CONSENSO_PANEL_0722,egp,consenso_clasificaciones_panel_ENOE,Misma categoria en ambas mediciones; destino historico oficial; empleo continuo
1412,clase_alt6_damian,1,1,74,17343,18402,TRUE,0.9274827530884004,TRUE,1,TRUE,33,41,1,0.8738839285714286,1,1,TRUE,TRUE,TRUE,TRUE,TRUE,concordancia_estable_panel,CONSENSO_PANEL_0723,egp,consenso_clasificaciones_panel_ENOE,Misma categoria en ambas mediciones; destino historico oficial; empleo continuo
1420,clase_alt6_damian,1,1,17,3308,3104,TRUE,0.957452966714906,TRUE,1,TRUE,11,6,0.8799019607843137,1,1,1,TRUE,TRUE,TRUE,TRUE,TRUE,concordancia_estable_panel,CONSENSO_PANEL_0724,egp,consenso_clasificaciones_panel_ENOE,Misma categoria en ambas mediciones; destino historico oficial; empleo continuo
1423,clase_alt6_damian,2,2,49,14753,14926,TRUE,0.7962543177892919,TRUE,0.9770882429955485,TRUE,28,21,0.7416721817780719,0.8485521031494399,0.9523485364193329,1,TRUE,TRUE,TRUE,TRUE,TRUE,concordancia_estable_panel,CONSENSO_PANEL_0725,egp,consenso_clasificaciones_panel_ENOE,Misma categoria en ambas mediciones; destino historico oficial; empleo continuo
1423,clase_alt6_damian,4,4,21,6257,6202,TRUE,0.6807006092254134,TRUE,1,TRUE,13,8,0.5295720468023721,1,1,1,TRUE,TRUE,TRUE,TRUE,TRUE,concordancia_estable_panel,CONSENSO_PANEL_0726,egp,consenso_clasificaciones_panel_ENOE,Misma categoria en ambas mediciones; destino historico oficial; empleo continuo
2101,clase_alt6_damian,1,1,23,6374,6261,TRUE,0.8538513060951105,TRUE,1,TRUE,9,14,0.832823259372609,0.865182436611008,1,1,TRUE,TRUE,TRUE,TRUE,TRUE,concordancia_estable_panel,CONSENSO_PANEL_0727,egp,consenso_clasificaciones_panel_ENOE,Misma categoria en ambas mediciones; destino historico oficial; empleo continuo
2110,clase_alt6_damian,1,1,19,3080,2937,TRUE,0.8997955010224948,TRUE,1,TRUE,8,11,0.8998555609051516,0.899702823179792,1,1,TRUE,TRUE,TRUE,TRUE,TRUE,concordancia_estable_panel,CONSENSO_PANEL_0728,egp,consenso_clasificaciones_panel_ENOE,Misma categoria en ambas mediciones; destino historico oficial; empleo continuo
2111,clase_alt6_damian,1,1,32,9315,9169,TRUE,0.8202712222613596,TRUE,1,TRUE,20,12,0.8608292621821371,0.7242810554402609,1,1,TRUE,TRUE,TRUE,TRUE,TRUE,concordancia_estable_panel,CONSENSO_PANEL_0729,egp,consenso_clasificaciones_panel_ENOE,Misma categoria en ambas mediciones; destino historico oficial; empleo continuo
2120,clase_alt6_damian,1,1,13,2029,1990,TRUE,0.7741320106829455,TRUE,1,TRUE,5,8,0.7118863049095607,0.863932898415657,1,1,TRUE,TRUE,TRUE,TRUE,TRUE,concordancia_estable_panel,CONSENSO_PANEL_0730,egp,consenso_clasificaciones_panel_ENOE,Misma categoria en ambas mediciones; destino historico oficial; empleo continuo
2121,clase_alt6_damian,1,1,140,41504,42702,TRUE,0.8110368546527533,TRUE,1,TRUE,72,68,0.8490454924669971,0.78588823586713,1,1,TRUE,TRUE,TRUE,TRUE,TRUE,concordancia_estable_panel,CONSENSO_PANEL_0731,egp,consenso_clasificaciones_panel_ENOE,Misma categoria en ambas mediciones; destino historico oficial; empleo continuo
2123,clase_alt6_damian,1,1,18,7195,6821,TRUE,0.9400313561536452,TRUE,1,TRUE,9,9,0.9459616502033701,0.9351851851851852,1,1,TRUE,TRUE,TRUE,TRUE,TRUE,concordancia_estable_panel,CONSENSO_PANEL_0732,egp,consenso_clasificaciones_panel_ENOE,Misma categoria en ambas mediciones; destino historico oficial; empleo continuo
2124,clase_alt6_damian,1,1,77,24068,24470,TRUE,0.8040624060401563,TRUE,1,TRUE,40,37,0.7604166666666666,0.8531185695025899,1,1,TRUE,TRUE,TRUE,TRUE,TRUE,concordancia_estable_panel,CONSENSO_PANEL_0733,egp,consenso_clasificaciones_panel_ENOE,Misma categoria en ambas mediciones; destino historico oficial; empleo continuo
2125,clase_alt6_damian,1,1,128,36350,34478,TRUE,0.9832296456586421,TRUE,1,TRUE,69,59,0.9789419619928095,0.9891339291455025,1,1,TRUE,TRUE,TRUE,TRUE,TRUE,concordancia_estable_panel,CONSENSO_PANEL_0734,egp,consenso_clasificaciones_panel_ENOE,Misma categoria en ambas mediciones; destino historico oficial; empleo continuo
2127,clase_alt6_damian,1,1,61,11924,11384,TRUE,0.7349605522682445,TRUE,1,TRUE,27,34,0.7495152690256908,0.7198946312092324,1,1,TRUE,TRUE,TRUE,TRUE,TRUE,concordancia_estable_panel,CONSENSO_PANEL_0735,egp,consenso_clasificaciones_panel_ENOE,Misma categoria en ambas mediciones; destino historico oficial; empleo continuo
4100,clase_alt6_damian,6,6,1697,679212,687643,TRUE,0.5737275923294854,TRUE,1,TRUE,830,867,0.5493169479166307,0.5970730353046938,1,1,TRUE,TRUE,TRUE,TRUE,TRUE,concordancia_estable_panel,CONSENSO_PANEL_0736,egp,consenso_clasificaciones_panel_ENOE,Misma categoria en ambas mediciones; destino historico oficial; empleo continuo
4101,clase_alt6_damian,6,6,45,13417,13485,TRUE,0.5945143566111308,TRUE,1,TRUE,22,23,0.5519498737491817,0.6328421052631579,1,1,TRUE,TRUE,TRUE,TRUE,TRUE,concordancia_estable_panel,CONSENSO_PANEL_0737,egp,consenso_clasificaciones_panel_ENOE,Misma categoria en ambas mediciones; destino historico oficial; empleo continuo
4110,clase_alt6_damian,6,6,196,56210,56528,TRUE,0.6581196581196581,TRUE,1,TRUE,126,70,0.6670131291028446,0.642165521753353,1,1,TRUE,TRUE,TRUE,TRUE,TRUE,concordancia_estable_panel,CONSENSO_PANEL_0738,egp,consenso_clasificaciones_panel_ENOE,Misma categoria en ambas mediciones; destino historico oficial; empleo continuo
4111,clase_alt6_damian,6,6,24,7724,7476,TRUE,0.7048731520350429,TRUE,1,TRUE,17,7,0.7188748046535857,0.6893633391036738,1,1,TRUE,TRUE,TRUE,TRUE,TRUE,concordancia_estable_panel,CONSENSO_PANEL_0739,egp,consenso_clasificaciones_panel_ENOE,Misma categoria en ambas mediciones; destino historico oficial; empleo continuo
4112,clase_alt6_damian,6,6,44,9913,10000,TRUE,0.7148626234946275,TRUE,1,TRUE,13,31,0.5891749174917492,0.8661792752701843,1,1,TRUE,TRUE,TRUE,TRUE,TRUE,concordancia_estable_panel,CONSENSO_PANEL_0740,egp,consenso_clasificaciones_panel_ENOE,Misma categoria en ambas mediciones; destino historico oficial; empleo continuo
4113,clase_alt6_damian,6,6,55,18991,19004,TRUE,0.8671293548239807,TRUE,1,TRUE,28,27,0.7813087813087813,0.9405932203389831,1,1,TRUE,TRUE,TRUE,TRUE,TRUE,concordancia_estable_panel,CONSENSO_PANEL_0741,egp,consenso_clasificaciones_panel_ENOE,Misma categoria en ambas mediciones; destino historico oficial; empleo continuo
4120,clase_alt6_damian,6,6,160,40100,39941,TRUE,0.8215361291512159,TRUE,1,TRUE,100,60,0.843566524032242,0.78595156450921555,1,1,TRUE,TRUE,TRUE,TRUE,TRUE,concordancia_estable_panel,CONSENSO_PANEL_0742,egp,consenso_clasificaciones_panel_ENOE,Misma categoria en ambas mediciones; destino historico oficial; empleo continuo
4132,clase_alt6_damian,6,6,22,4430,4387,TRUE,0.5380784647151706,TRUE,1,TRUE,14,8,0.5286676523739117,0.5647716682199441,1,1,TRUE,TRUE,TRUE,TRUE,TRUE,concordancia_estable_panel,CONSENSO_PANEL_0743,egp,consenso_clasificaciones_panel_ENOE,Misma categoria en ambas mediciones; destino historico oficial; empleo continuo
4150,clase_alt6_damian,6,6,132,32044,32383,TRUE,0.9793997188092182,TRUE,1,TRUE,68,64,0.9852182880715022,0.9698097936058276,1,1,TRUE,TRUE,TRUE,TRUE,TRUE,concordancia_estable_panel,CONSENSO_PANEL_0744,egp,consenso_clasificaciones_panel_ENOE,Misma categoria en ambas mediciones; destino historico oficial; empleo continuo
5121,clase_alt6_damian,2,2,33,6628,6666,TRUE,0.6790287880340129,TRUE,1,TRUE,22,11,0.6533807829181495,0.7138372373822748,1,1,TRUE,TRUE,TRUE,TRUE,TRUE,concordancia_estable_panel,CONSENSO_PANEL_0745,egp,consenso_clasificaciones_panel_ENOE,Misma categoria en ambas mediciones; destino historico oficial; empleo continuo
5200,clase_alt6_damian,1,1,12,4082,3898,TRUE,1,TRUE,1,TRUE,7,5,1,1,1,1,TRUE,TRUE,TRUE,TRUE,TRUE,concordancia_estable_panel,CONSENSO_PANEL_0746,egp,consenso_clasificaciones_panel_ENOE,Misma categoria en ambas mediciones; destino historico oficial; empleo continuo
5200,clase_alt6_damian,3,3,47,16646,16942,TRUE,0.9133106551080874,TRUE,0.9676166542920783,TRUE,25,22,0.9165944165077163,0.9076509264793784,0.9934694628403238,0.9252674401084827,TRUE,TRUE,TRUE,TRUE,TRUE,concordancia_estable_panel,CONSENSO_PANEL_0747,egp,consenso_clasificaciones_panel_ENOE,Misma categoria en ambas mediciones; destino historico oficial; empleo continuo
5200,clase_alt6_damian,4,4,44,18036,17992,TRUE,0.9700424891088044,TRUE,1,TRUE,24,20,1,0.9076591511936339,1,1,TRUE,TRUE,TRUE,TRUE,TRUE,concordancia_estable_panel,CONSENSO_PANEL_0748,egp,consenso_clasificaciones_panel_ENOE,Misma categoria en ambas mediciones; destino historico oficial; empleo continuo
5200,clase_alt6_damian,5,5,55,20786,19962,TRUE,0.9591177556293835,TRUE,0.9040351433358996,TRUE,26,29,0.9553811659192825,0.9617314930991218,0.896129242112111,0.9097060195986935,TRUE,TRUE,TRUE,TRUE,TRUE,concordancia_estable_panel,CONSENSO_PANEL_0749,egp,consenso_clasificaciones_panel_ENOE,Misma categoria en ambas mediciones; destino historico oficial; empleo continuo
5202,clase_alt6_damian,1,1,29,11856,12658,TRUE,1,TRUE,0.9663333078860982,TRUE,10,19,1,1,1,0.9468802698145026,TRUE,TRUE,TRUE,TRUE,TRUE,concordancia_estable_panel,CONSENSO_PANEL_0750,egp,consenso_clasificaciones_panel_ENOE,Misma categoria en ambas mediciones; destino historico oficial; empleo continuo
5202,clase_alt6_damian,4,4,289,90702,90882,TRUE,0.97335408059237,TRUE,1,TRUE,156,133,0.9817485104215119,0.965464840334735,1,1,TRUE,TRUE,TRUE,TRUE,TRUE,concordancia_estable_panel,CONSENSO_PANEL_0751,egp,consenso_clasificaciones_panel_ENOE,Misma categoria en ambas mediciones; destino historico oficial; empleo continuo
5202,clase_alt6_damian,5,5,132,38516,38302,TRUE,0.773211812177544,TRUE,0.9206326314777425,TRUE,65,67,0.7958406833163123,0.7559690141841463,0.9088848105365432,0.93006326371436,TRUE,TRUE,TRUE,TRUE,TRUE,concordancia_estable_panel,CONSENSO_PANEL_0752,egp,consenso_clasificaciones_panel_ENOE,Misma categoria en ambas mediciones; destino historico oficial; empleo continuo
5204,clase_alt6_damian,4,4,54,14388,14833,TRUE,0.9813791692244731,TRUE,1,TRUE,25,29,0.9936904455318053,0.9675126903553299,1,1,TRUE,TRUE,TRUE,TRUE,TRUE,concordancia_estable_panel,CONSENSO_PANEL_0753,egp,consenso_clasificaciones_panel_ENOE,Misma categoria en ambas mediciones; destino historico oficial; empleo continuo
5208,clase_alt6_damian,1,1,27,9828,9851,TRUE,1,TRUE,0.9369412212288377,TRUE,15,12,1,1,0.9605565311360259,0.8807457409193186,TRUE,TRUE,TRUE,TRUE,TRUE,concordancia_estable_panel,CONSENSO_PANEL_0754,egp,consenso_clasificaciones_panel_ENOE,Misma categoria en ambas mediciones; destino historico oficial; empleo continuo
5208,clase_alt6_damian,3,3,233,59831,60505,TRUE,0.6848473055263038,TRUE,1,TRUE,121,112,0.7471412669500102,0.6333723555481228,1,1,TRUE,TRUE,TRUE,TRUE,TRUE,concordancia_estable_panel,CONSENSO_PANEL_0755,egp,consenso_clasificaciones_panel_ENOE,Misma categoria en ambas mediciones; destino historico oficial; empleo continuo
5208,clase_alt6_damian,4,4,53,20363,20189,TRUE,0.9645225464190982,TRUE,1,TRUE,24,29,0.9629931339462353,0.9655723300583113,1,1,TRUE,TRUE,TRUE,TRUE,TRUE,concordancia_estable_panel,CONSENSO_PANEL_0756,egp,consenso_clasificaciones_panel_ENOE,Misma categoria en ambas mediciones; destino historico oficial; empleo continuo
5221,clase_alt6_damian,4,4,114,33311,33580,TRUE,1,TRUE,1,TRUE,60,54,1,1,1,1,TRUE,TRUE,TRUE,TRUE,TRUE,concordancia_estable_panel,CONSENSO_PANEL_0757,egp,consenso_clasificaciones_panel_ENOE,Misma categoria en ambas mediciones; destino historico oficial; empleo continuo
5222,clase_alt6_damian,3,3,21,6049,6155,TRUE,0.9905027018175864,TRUE,1,TRUE,8,13,1,0.9864990689013036,1,1,TRUE,TRUE,TRUE,TRUE,TRUE,concordancia_estable_panel,CONSENSO_PANEL_0758,egp,consenso_clasificaciones_panel_ENOE,Misma categoria en ambas mediciones; destino historico oficial; empleo continuo
5222,clase_alt6_damian,4,4,208,48473,49198,TRUE,0.9916734860883797,TRUE,1,TRUE,98,110,0.984754841367944,1,1,1,TRUE,TRUE,TRUE,TRUE,TRUE,concordancia_estable_panel,CONSENSO_PANEL_0759,egp,consenso_clasificaciones_panel_ENOE,Misma categoria en ambas mediciones; destino historico oficial; empleo continuo
5222,clase_alt6_damian,5,5,42,12866,13072,TRUE,0.9666416228399699,TRUE,0.9955068159317645,TRUE,21,21,0.9415789473684211,1,1,0.9896071868944866,TRUE,TRUE,TRUE,TRUE,TRUE,concordancia_estable_panel,CONSENSO_PANEL_0760,egp,consenso_clasificaciones_panel_ENOE,Misma categoria en ambas mediciones; destino historico oficial; empleo continuo
5224,clase_alt6_damian,4,4,32,9129,8963,TRUE,1,TRUE,1,TRUE,19,13,1,1,1,1,TRUE,TRUE,TRUE,TRUE,TRUE,concordancia_estable_panel,CONSENSO_PANEL_0761,egp,consenso_clasificaciones_panel_ENOE,Misma categoria en ambas mediciones; destino historico oficial; empleo continuo
5227,clase_alt6_damian,4,4,44,13233,13121,TRUE,1,TRUE,1,TRUE,22,22,1,1,1,1,TRUE,TRUE,TRUE,TRUE,TRUE,concordancia_estable_panel,CONSENSO_PANEL_0762,egp,consenso_clasificaciones_panel_ENOE,Misma categoria en ambas mediciones; destino historico oficial; empleo continuo
5230,clase_alt6_damian,1,1,21,8047,8045,TRUE,1,TRUE,0.9952987752072251,TRUE,5,16,1,1,0.953714981729598,1,TRUE,TRUE,TRUE,TRUE,TRUE,concordancia_estable_panel,CONSENSO_PANEL_0763,egp,consenso_clasificaciones_panel_ENOE,Misma categoria en ambas mediciones; destino historico oficial; empleo continuo
5230,clase_alt6_damian,3,3,19,4117,4323,TRUE,0.683206106870229,TRUE,1,TRUE,9,10,0.9439676930843008,0.5555006180469716,1,1,TRUE,TRUE,TRUE,TRUE,TRUE,concordancia_estable_panel,CONSENSO_PANEL_0764,egp,consenso_clasificaciones_panel_ENOE,Misma categoria en ambas mediciones; destino historico oficial; empleo continuo
5230,clase_alt6_damian,4,4,99,27267,27082,TRUE,0.9986083134956968,TRUE,1,TRUE,60,39,0.9977215493464444,1,1,1,TRUE,TRUE,TRUE,TRUE,TRUE,concordancia_estable_panel,CONSENSO_PANEL_0765,egp,consenso_clasificaciones_panel_ENOE,Misma categoria en ambas mediciones; destino historico oficial; empleo continuo
5230,clase_alt6_damian,5,5,51,18707,19035,TRUE,0.9970154026541598,TRUE,0.9375923554329623,TRUE,26,25,0.9948642699926632,1,0.9902946576899536,0.869599548787366,TRUE,TRUE,TRUE,TRUE,TRUE,concordancia_estable_panel,CONSENSO_PANEL_0766,egp,consenso_clasificaciones_panel_ENOE,Misma categoria en ambas mediciones; destino historico oficial; empleo continuo
5231,clase_alt6_damian,4,4,40,15593,15318,TRUE,1,TRUE,1,TRUE,23,17,1,1,1,1,TRUE,TRUE,TRUE,TRUE,TRUE,concordancia_estable_panel,CONSENSO_PANEL_0767,egp,consenso_clasificaciones_panel_ENOE,Misma categoria en ambas mediciones; destino historico oficial; empleo continuo
5241,clase_alt6_damian,3,3,53,12352,13017,TRUE,0.8660169669774942,TRUE,0.907677288891988,TRUE,24,29,0.7957716701902748,0.935546875,0.8321995464852607,0.9807824296499656,TRUE,TRUE,TRUE,TRUE,TRUE,concordancia_estable_panel,CONSENSO_PANEL_0768,egp,consenso_clasificaciones_panel_ENOE,Misma categoria en ambas mediciones; destino historico oficial; empleo continuo
5241,clase_alt6_damian,5,5,15,6175,6526,TRUE,0.8250935328701229,TRUE,0.8172824045084534,TRUE,6,9,0.7093974708653608,0.96030136192408,0.6926550986451153,0.9560614081524617,TRUE,TRUE,TRUE,TRUE,TRUE,concordancia_estable_panel,CONSENSO_PANEL_0769,egp,consenso_clasificaciones_panel_ENOE,Misma categoria en ambas mediciones; destino historico oficial; empleo continuo
5242,clase_alt6_damian,1,1,24,6636,6816,TRUE,1,TRUE,1,TRUE,10,14,1,1,1,1,TRUE,TRUE,TRUE,TRUE,TRUE,concordancia_estable_panel,CONSENSO_PANEL_0770,egp,consenso_clasificaciones_panel_ENOE,Misma categoria en ambas mediciones; destino historico oficial; empleo continuo
5242,clase_alt6_damian,3,3,33,7565,7511,TRUE,0.9047960770242794,TRUE,1,TRUE,16,17,0.8453053537799301,0.952411714039621,1,1,TRUE,TRUE,TRUE,TRUE,TRUE,concordancia_estable_panel,CONSENSO_PANEL_0771,egp,consenso_clasificaciones_panel_ENOE,Misma categoria en ambas mediciones; destino historico oficial; empleo continuo
5242,clase_alt6_damian,4,4,39,11559,11980,TRUE,1,TRUE,1,TRUE,19,20,1,1,1,1,TRUE,TRUE,TRUE,TRUE,TRUE,concordancia_estable_panel,CONSENSO_PANEL_0772,egp,consenso_clasificaciones_panel_ENOE,Misma categoria en ambas mediciones; destino historico oficial; empleo continuo
5242,clase_alt6_damian,5,5,48,11266,11210,TRUE,1,TRUE,0.9567295382777161,TRUE,19,29,1,1,0.9147612642905179,1,TRUE,TRUE,TRUE,TRUE,TRUE,concordancia_estable_panel,CONSENSO_PANEL_0773,egp,consenso_clasificaciones_panel_ENOE,Misma categoria en ambas mediciones; destino historico oficial; empleo continuo
5244,clase_alt6_damian,4,4,13,2689,2794,TRUE,0.96310888252149,TRUE,1,TRUE,7,6,0.906871609403255,1,1,1,TRUE,TRUE,TRUE,TRUE,TRUE,concordancia_estable_panel,CONSENSO_PANEL_0774,egp,consenso_clasificaciones_panel_ENOE,Misma categoria en ambas mediciones; destino historico oficial; empleo continuo
5245,clase_alt6_damian,1,1,58,18571,18531,TRUE,1,TRUE,0.75618215947115,TRUE,22,36,1,1,0.6928965863453815,0.786673116459064,TRUE,TRUE,TRUE,TRUE,TRUE,concordancia_estable_panel,CONSENSO_PANEL_0775,egp,consenso_clasificaciones_panel_ENOE,Misma categoria en ambas mediciones; destino historico oficial; empleo continuo
5245,clase_alt6_damian,3,3,51,12750,13045,TRUE,0.733601841196778,TRUE,1,TRUE,21,30,0.8626339969372129,0.6559447004608295,1,1,TRUE,TRUE,TRUE,TRUE,TRUE,concordancia_estable_panel,CONSENSO_PANEL_0776,egp,consenso_clasificaciones_panel_ENOE,Misma categoria en ambas mediciones; destino historico oficial; empleo continuo
5245,clase_alt6_damian,4,4,159,43834,44091,TRUE,0.9574923547400611,TRUE,1,TRUE,90,69,0.9521436805116573,0.9651082755334357,1,1,TRUE,TRUE,TRUE,TRUE,TRUE,concordancia_estable_panel,CONSENSO_PANEL_0777,egp,consenso_clasificaciones_panel_ENOE,Misma categoria en ambas mediciones; destino historico oficial; empleo continuo
5245,clase_alt6_damian,5,5,101,27722,28514,TRUE,0.9618347095968357,TRUE,0.960487755583252,TRUE,49,52,0.9560265282583622,0.9672240802675586,0.9962085308056872,0.9298146756824442,TRUE,TRUE,TRUE,TRUE,TRUE,concordancia_estable_panel,CONSENSO_PANEL_0778,egp,consenso_clasificaciones_panel_ENOE,Misma categoria en ambas mediciones; destino historico oficial; empleo continuo
5246,clase_alt6_damian,3,3,95,26439,26174,TRUE,0.5914897424998322,TRUE,1,TRUE,47,48,0.660974962399363,0.5203910740958675,1,1,TRUE,TRUE,TRUE,TRUE,TRUE,concordancia_estable_panel,CONSENSO_PANEL_0779,egp,consenso_clasificaciones_panel_ENOE,Misma categoria en ambas mediciones; destino historico oficial; empleo continuo
5246,clase_alt6_damian,4,4,24,7629,7514,TRUE,0.8733829421866056,TRUE,1,TRUE,14,10,1,0.81289121975977,1,1,TRUE,TRUE,TRUE,TRUE,TRUE,concordancia_estable_panel,CONSENSO_PANEL_0780,egp,consenso_clasificaciones_panel_ENOE,Misma categoria en ambas mediciones; destino historico oficial; empleo continuo
5248,clase_alt6_damian,1,1,14,2715,2731,TRUE,1,TRUE,1,TRUE,7,7,1,1,1,1,TRUE,TRUE,TRUE,TRUE,TRUE,concordancia_estable_panel,CONSENSO_PANEL_0781,egp,consenso_clasificaciones_panel_ENOE,Misma categoria en ambas mediciones; destino historico oficial; empleo continuo
5248,clase_alt6_damian,4,4,81,21856,22100,TRUE,1,TRUE,1,TRUE,42,39,1,1,1,1,TRUE,TRUE,TRUE,TRUE,TRUE,concordancia_estable_panel,CONSENSO_PANEL_0782,egp,consenso_clasificaciones_panel_ENOE,Misma categoria en ambas mediciones; destino historico oficial; empleo continuo
5248,clase_alt6_damian,5,5,26,10992,11014,TRUE,1,TRUE,0.9894888150211122,TRUE,14,12,1,1,1,0.9701758858016823,TRUE,TRUE,TRUE,TRUE,TRUE,concordancia_estable_panel,CONSENSO_PANEL_0783,egp,consenso_clasificaciones_panel_ENOE,Misma categoria en ambas mediciones; destino historico oficial; empleo continuo
5251,clase_alt6_damian,1,1,15,4556,4624,TRUE,1,TRUE,1,TRUE,10,5,1,1,1,1,TRUE,TRUE,TRUE,TRUE,TRUE,concordancia_estable_panel,CONSENSO_PANEL_0784,egp,consenso_clasificaciones_panel_ENOE,Misma categoria en ambas mediciones; destino historico oficial; empleo continuo
5251,clase_alt6_damian,5,5,36,11838,12513,TRUE,1,TRUE,1,TRUE,23,13,1,1,1,1,TRUE,TRUE,TRUE,TRUE,TRUE,concordancia_estable_panel,CONSENSO_PANEL_0785,egp,consenso_clasificaciones_panel_ENOE,Misma categoria en ambas mediciones; destino historico oficial; empleo continuo
5260,clase_alt6_damian,1,1,127,27704,27937,TRUE,1,TRUE,0.9678168087022795,TRUE,60,67,1,1,0.9257097161135546,1,TRUE,TRUE,TRUE,TRUE,TRUE,concordancia_estable_panel,CONSENSO_PANEL_0786,egp,consenso_clasificaciones_panel_ENOE,Misma categoria en ambas mediciones; destino historico oficial; empleo continuo
5260,clase_alt6_damian,3,3,47,8569,8567,TRUE,0.6221141280673733,TRUE,1,TRUE,28,19,0.5193920335429769,0.8535663675011809,1,1,TRUE,TRUE,TRUE,TRUE,TRUE,concordancia_estable_panel,CONSENSO_PANEL_0787,egp,consenso_clasificaciones_panel_ENOE,Misma categoria en ambas mediciones; destino historico oficial; empleo continuo
5260,clase_alt6_damian,4,4,207,61225,61712,TRUE,1,TRUE,1,TRUE,104,103,1,1,1,1,TRUE,TRUE,TRUE,TRUE,TRUE,concordancia_estable_panel,CONSENSO_PANEL_0788,egp,consenso_clasificaciones_panel_ENOE,Misma categoria en ambas mediciones; destino historico oficial; empleo continuo
5260,clase_alt6_damian,5,5,190,61934,60460,TRUE,1,TRUE,0.9343512394139828,TRUE,98,92,1,1,0.8941258619184778,0.9799255035105646,TRUE,TRUE,TRUE,TRUE,TRUE,concordancia_estable_panel,CONSENSO_PANEL_0789,egp,consenso_clasificaciones_panel_ENOE,Misma categoria en ambas mediciones; destino historico oficial; empleo continuo
5261,clase_alt6_damian,4,4,70,13703,13842,TRUE,1,TRUE,1,TRUE,31,39,1,1,1,1,TRUE,TRUE,TRUE,TRUE,TRUE,concordancia_estable_panel,CONSENSO_PANEL_0790,egp,consenso_clasificaciones_panel_ENOE,Misma categoria en ambas mediciones; destino historico oficial; empleo continuo
5261,clase_alt6_damian,5,5,34,8438,8514,TRUE,1,TRUE,0.7543191282005848,TRUE,14,20,1,1,0.7865566037735849,0.7349226621257272,TRUE,TRUE,TRUE,TRUE,TRUE,concordancia_estable_panel,CONSENSO_PANEL_0791,egp,consenso_clasificaciones_panel_ENOE,Misma categoria en ambas mediciones; destino historico oficial; empleo continuo
5262,clase_alt6_damian,4,4,20,4683,4479,TRUE,1,TRUE,1,TRUE,8,12,1,1,1,1,TRUE,TRUE,TRUE,TRUE,TRUE,concordancia_estable_panel,CONSENSO_PANEL_0792,egp,consenso_clasificaciones_panel_ENOE,Misma categoria en ambas mediciones; destino historico oficial; empleo continuo
5267,clase_alt6_damian,4,4,84,17806,17656,TRUE,1,TRUE,1,TRUE,43,41,1,1,1,1,TRUE,TRUE,TRUE,TRUE,TRUE,concordancia_estable_panel,CONSENSO_PANEL_0793,egp,consenso_clasificaciones_panel_ENOE,Misma categoria en ambas mediciones; destino historico oficial; empleo continuo
5270,clase_alt6_damian,4,4,63,17852,16704,TRUE,0.9841777385743425,TRUE,1,TRUE,27,36,0.9763129188094125,0.9884831939941989,1,1,TRUE,TRUE,TRUE,TRUE,TRUE,concordancia_estable_panel,CONSENSO_PANEL_0794,egp,consenso_clasificaciones_panel_ENOE,Misma categoria en ambas mediciones; destino historico oficial; empleo continuo
5271,clase_alt6_damian,1,1,47,14382,14150,TRUE,0.7859016393442623,TRUE,1,TRUE,22,25,0.8001545765706084,0.7719355187709618,1,1,TRUE,TRUE,TRUE,TRUE,TRUE,concordancia_estable_panel,CONSENSO_PANEL_0795,egp,consenso_clasificaciones_panel_ENOE,Misma categoria en ambas mediciones; destino historico oficial; empleo continuo
5272,clase_alt6_damian,1,1,29,9370,9666,TRUE,0.6204065417466729,TRUE,1,TRUE,12,17,0.6774378585086042,0.5901954826293933,1,1,TRUE,TRUE,TRUE,TRUE,TRUE,concordancia_estable_panel,CONSENSO_PANEL_0796,egp,consenso_clasificaciones_panel_ENOE,Misma categoria en ambas mediciones; destino historico oficial; empleo continuo
5280,clase_alt6_damian,4,4,20,4560,4528,TRUE,1,TRUE,1,TRUE,12,8,1,1,1,1,TRUE,TRUE,TRUE,TRUE,TRUE,concordancia_estable_panel,CONSENSO_PANEL_0797,egp,consenso_clasificaciones_panel_ENOE,Misma categoria en ambas mediciones; destino historico oficial; empleo continuo
5280,clase_alt6_damian,5,5,42,16107,16224,TRUE,0.9726449275362319,TRUE,1,TRUE,22,20,1,0.9444376303201275,1,1,TRUE,TRUE,TRUE,TRUE,TRUE,concordancia_estable_panel,CONSENSO_PANEL_0798,egp,consenso_clasificaciones_panel_ENOE,Misma categoria en ambas mediciones; destino historico oficial; empleo continuo
5290,clase_alt6_damian,4,4,18,4134,4163,TRUE,1,TRUE,1,TRUE,9,9,1,1,1,1,TRUE,TRUE,TRUE,TRUE,TRUE,concordancia_estable_panel,CONSENSO_PANEL_0799,egp,consenso_clasificaciones_panel_ENOE,Misma categoria en ambas mediciones; destino historico oficial; empleo continuo
5300,clase_alt6_damian,3,3,14,6360,6434,TRUE,0.7095046854082999,TRUE,1,TRUE,7,7,0.8298198543503258,0.5419113721302723,1,1,TRUE,TRUE,TRUE,TRUE,TRUE,concordancia_estable_panel,CONSENSO_PANEL_0800,egp,consenso_clasificaciones_panel_ENOE,Misma categoria en ambas mediciones; destino historico oficial; empleo continuo
5302,clase_alt6_damian,3,3,32,8992,8972,TRUE,0.7441860465116279,TRUE,0.7695342653743888,TRUE,20,12,0.7422099862345138,0.7480449657869013,0.7345121645347379,0.8453188602442334,TRUE,TRUE,TRUE,TRUE,TRUE,concordancia_estable_panel,CONSENSO_PANEL_0801,egp,consenso_clasificaciones_panel_ENOE,Misma categoria en ambas mediciones; destino historico oficial; empleo continuo
5304,clase_alt6_damian,3,3,18,5036,5296,TRUE,0.7784819910341629,TRUE,1,TRUE,11,7,0.8644656820156386,0.6800397877984085,1,1,TRUE,TRUE,TRUE,TRUE,TRUE,concordancia_estable_panel,CONSENSO_PANEL_0802,egp,consenso_clasificaciones_panel_ENOE,Misma categoria en ambas mediciones; destino historico oficial; empleo continuo
5306,clase_alt6_damian,3,3,18,5964,5820,TRUE,0.7064676616915423,TRUE,1,TRUE,7,11,0.7949438202247191,0.6694117647058824,1,1,TRUE,TRUE,TRUE,TRUE,TRUE,concordancia_estable_panel,CONSENSO_PANEL_0803,egp,consenso_clasificaciones_panel_ENOE,Misma categoria en ambas mediciones; destino historico oficial; empleo continuo
5310,clase_alt6_damian,3,3,21,4684,4759,TRUE,0.9631914456097059,TRUE,1,TRUE,9,12,0.9629874421678783,0.9632835820895522,1,1,TRUE,TRUE,TRUE,TRUE,TRUE,concordancia_estable_panel,CONSENSO_PANEL_0804,egp,consenso_clasificaciones_panel_ENOE,Misma categoria en ambas mediciones; destino historico oficial; empleo continuo
5320,clase_alt6_damian,3,3,22,4421,4515,TRUE,0.8036720596255227,TRUE,1,TRUE,14,8,1,0.5562859490550535,1,1,TRUE,TRUE,TRUE,TRUE,TRUE,concordancia_estable_panel,CONSENSO_PANEL_0805,egp,consenso_clasificaciones_panel_ENOE,Misma categoria en ambas mediciones; destino historico oficial; empleo continuo
5321,clase_alt6_damian,3,3,25,14675,14629,TRUE,0.8822291691715763,TRUE,1,TRUE,16,9,0.8573281452658884,0.9134380926578163,1,1,TRUE,TRUE,TRUE,TRUE,TRUE,concordancia_estable_panel,CONSENSO_PANEL_0806,egp,consenso_clasificaciones_panel_ENOE,Misma categoria en ambas mediciones; destino historico oficial; empleo continuo
5322,clase_alt6_damian,3,3,233,61470,62205,TRUE,0.9097501775988633,TRUE,0.9951048615443682,TRUE,119,114,0.9119414764448761,0.9076652033271719,0.990164566726665,1,TRUE,TRUE,TRUE,TRUE,TRUE,concordancia_estable_panel,CONSENSO_PANEL_0807,egp,consenso_clasificaciones_panel_ENOE,Misma categoria en ambas mediciones; destino historico oficial; empleo continuo
5322,clase_alt6_damian,5,5,26,4807,4533,TRUE,0.9414414414414415,TRUE,0.6108341193909177,TRUE,12,14,0.8757273482959268,1,0.6110615521855486,0.6106456382454412,TRUE,TRUE,TRUE,TRUE,TRUE,concordancia_estable_panel,CONSENSO_PANEL_0808,egp,consenso_clasificaciones_panel_ENOE,Misma categoria en ambas mediciones; destino historico oficial; empleo continuo
5323,clase_alt6_damian,3,3,131,18632,18835,TRUE,0.8035537154439988,TRUE,1,TRUE,57,74,0.8044462327733628,0.8028838894760683,1,1,TRUE,TRUE,TRUE,TRUE,TRUE,concordancia_estable_panel,CONSENSO_PANEL_0809,egp,consenso_clasificaciones_panel_ENOE,Misma categoria en ambas mediciones; destino historico oficial; empleo continuo
5324,clase_alt6_damian,3,3,13,3987,3948,TRUE,0.8176784249384742,TRUE,1,TRUE,6,7,0.5634218289085545,0.9531593838415593,1,1,TRUE,TRUE,TRUE,TRUE,TRUE,concordancia_estable_panel,CONSENSO_PANEL_0810,egp,consenso_clasificaciones_panel_ENOE,Misma categoria en ambas mediciones; destino historico oficial; empleo continuo
5332,clase_alt6_damian,3,3,13,4747,4645,TRUE,0.9549386441359887,TRUE,1,TRUE,8,5,0.9096045197740112,1,1,1,TRUE,TRUE,TRUE,TRUE,TRUE,concordancia_estable_panel,CONSENSO_PANEL_0811,egp,consenso_clasificaciones_panel_ENOE,Misma categoria en ambas mediciones; destino historico oficial; empleo continuo
5334,clase_alt6_damian,3,3,12,3610,3677,TRUE,0.8094170403587444,TRUE,1,TRUE,7,5,0.8324216807558429,0.7905267456104532,1,1,TRUE,TRUE,TRUE,TRUE,TRUE,concordancia_estable_panel,CONSENSO_PANEL_0812,egp,consenso_clasificaciones_panel_ENOE,Misma categoria en ambas mediciones; destino historico oficial; empleo continuo
5340,clase_alt6_damian,3,3,20,5718,5746,TRUE,0.9479442970822282,TRUE,1,TRUE,6,14,0.7688338493292054,0.9822239778787281,1,1,TRUE,TRUE,TRUE,TRUE,TRUE,concordancia_estable_panel,CONSENSO_PANEL_0813,egp,consenso_clasificaciones_panel_ENOE,Misma categoria en ambas mediciones; destino historico oficial; empleo continuo
5342,clase_alt6_damian,3,3,40,11394,11461,TRUE,0.9094827586206896,TRUE,1,TRUE,23,17,0.9769519385385028,0.8549992786033761,1,1,TRUE,TRUE,TRUE,TRUE,TRUE,concordancia_estable_panel,CONSENSO_PANEL_0814,egp,consenso_clasificaciones_panel_ENOE,Misma categoria en ambas mediciones; destino historico oficial; empleo continuo
5343,clase_alt6_damian,3,3,190,41196,41444,TRUE,0.7989294856876891,TRUE,0.9950062421972534,TRUE,92,98,0.8017054263565891,0.7961496662009004,1,0.9900368826938737,TRUE,TRUE,TRUE,TRUE,TRUE,concordancia_estable_panel,CONSENSO_PANEL_0815,egp,consenso_clasificaciones_panel_ENOE,Misma categoria en ambas mediciones; destino historico oficial; empleo continuo
5344,clase_alt6_damian,3,3,223,46586,46781,TRUE,0.8043301852587234,TRUE,1,TRUE,115,108,0.8158920221057107,0.7933380485669058,1,1,TRUE,TRUE,TRUE,TRUE,TRUE,concordancia_estable_panel,CONSENSO_PANEL_0816,egp,consenso_clasificaciones_panel_ENOE,Misma categoria en ambas mediciones; destino historico oficial; empleo continuo
5345,clase_alt6_damian,3,3,326,101197,105092,TRUE,0.8530832455216016,TRUE,1,TRUE,166,160,0.8397979433519754,0.870041643478094,1,1,TRUE,TRUE,TRUE,TRUE,TRUE,concordancia_estable_panel,CONSENSO_PANEL_0817,egp,consenso_clasificaciones_panel_ENOE,Misma categoria en ambas mediciones; destino historico oficial; empleo continuo
5350,clase_alt6_damian,3,3,12,2830,2859,TRUE,0.8338243959929287,TRUE,1,TRUE,7,5,0.550597609561753,1,1,1,TRUE,TRUE,TRUE,TRUE,TRUE,concordancia_estable_panel,CONSENSO_PANEL_0818,egp,consenso_clasificaciones_panel_ENOE,Misma categoria en ambas mediciones; destino historico oficial; empleo continuo
5383,clase_alt6_damian,3,3,108,35275,35256,TRUE,0.7913806254767353,TRUE,1,TRUE,55,53,0.7715351439561721,0.8184955141476881,1,1,TRUE,TRUE,TRUE,TRUE,TRUE,concordancia_estable_panel,CONSENSO_PANEL_0819,egp,consenso_clasificaciones_panel_ENOE,Misma categoria en ambas mediciones; destino historico oficial; empleo continuo
5400,clase_alt6_damian,5,5,235,74298,74608,TRUE,0.7808430809975723,TRUE,1,TRUE,129,106,0.7984445499881263,0.7609090297855173,1,1,TRUE,TRUE,TRUE,TRUE,TRUE,concordancia_estable_panel,CONSENSO_PANEL_0820,egp,consenso_clasificaciones_panel_ENOE,Misma categoria en ambas mediciones; destino historico oficial; empleo continuo
5401,clase_alt6_damian,5,5,59,21758,22002,TRUE,0.5878951634693326,TRUE,1,TRUE,28,31,0.5355919985582988,0.6306536364975691,1,1,TRUE,TRUE,TRUE,TRUE,TRUE,concordancia_estable_panel,CONSENSO_PANEL_0821,egp,consenso_clasificaciones_panel_ENOE,Misma categoria en ambas mediciones; destino historico oficial; empleo continuo
5420,clase_alt6_damian,5,5,66,16708,17242,TRUE,0.7373995939623974,TRUE,1,TRUE,32,34,0.7036975488159535,0.7755812858891086,1,1,TRUE,TRUE,TRUE,TRUE,TRUE,concordancia_estable_panel,CONSENSO_PANEL_0822,egp,consenso_clasificaciones_panel_ENOE,Misma categoria en ambas mediciones; destino historico oficial; empleo continuo
5430,clase_alt6_damian,5,5,61,16248,16478,TRUE,0.8733605676198667,TRUE,1,TRUE,19,42,0.8937321937321937,0.8610151933701657,1,1,TRUE,TRUE,TRUE,TRUE,TRUE,concordancia_estable_panel,CONSENSO_PANEL_0823,egp,consenso_clasificaciones_panel_ENOE,Misma categoria en ambas mediciones; destino historico oficial; empleo continuo
5440,clase_alt6_damian,5,5,273,81696,79748,TRUE,0.8086791257522965,TRUE,1,TRUE,140,133,0.811063417335918,0.8054938956714761,1,1,TRUE,TRUE,TRUE,TRUE,TRUE,concordancia_estable_panel,CONSENSO_PANEL_0824,egp,consenso_clasificaciones_panel_ENOE,Misma categoria en ambas mediciones; destino historico oficial; empleo continuo
5450,clase_alt6_damian,5,5,33,7825,7838,TRUE,0.8404940923737916,TRUE,1,TRUE,18,15,0.9238257483572645,0.7746587194770237,1,1,TRUE,TRUE,TRUE,TRUE,TRUE,concordancia_estable_panel,CONSENSO_PANEL_0825,egp,consenso_clasificaciones_panel_ENOE,Misma categoria en ambas mediciones; destino historico oficial; empleo continuo
5460,clase_alt6_damian,5,5,799,252803,253527,TRUE,0.9654902440049038,TRUE,1,TRUE,390,409,0.9733572643994313,0.9578851700516765,1,1,TRUE,TRUE,TRUE,TRUE,TRUE,concordancia_estable_panel,CONSENSO_PANEL_0826,egp,consenso_clasificaciones_panel_ENOE,Misma categoria en ambas mediciones; destino historico oficial; empleo continuo
5470,clase_alt6_damian,5,5,35,10993,11034,TRUE,0.8638220964953638,TRUE,1,TRUE,16,19,0.8354886233426093,0.8899803536345776,1,1,TRUE,TRUE,TRUE,TRUE,TRUE,concordancia_estable_panel,CONSENSO_PANEL_0827,egp,consenso_clasificaciones_panel_ENOE,Misma categoria en ambas mediciones; destino historico oficial; empleo continuo
5480,clase_alt6_damian,5,5,14,4690,4847,TRUE,0.6172677020268492,TRUE,1,TRUE,7,7,0.6263038548752834,0.6135731503801224,1,1,TRUE,TRUE,TRUE,TRUE,TRUE,concordancia_estable_panel,CONSENSO_PANEL_0828,egp,consenso_clasificaciones_panel_ENOE,Misma categoria en ambas mediciones; destino historico oficial; empleo continuo
5500,clase_alt6_damian,5,5,24,6708,6760,TRUE,0.9019766034691408,TRUE,1,TRUE,16,8,0.8199555445789084,1,1,1,TRUE,TRUE,TRUE,TRUE,TRUE,concordancia_estable_panel,CONSENSO_PANEL_0829,egp,consenso_clasificaciones_panel_ENOE,Misma categoria en ambas mediciones; destino historico oficial; empleo continuo
5501,clase_alt6_damian,3,3,54,14360,14338,TRUE,0.9678506436611175,TRUE,1,TRUE,26,28,0.9626929674099486,0.9724524933044254,1,1,TRUE,TRUE,TRUE,TRUE,TRUE,concordancia_estable_panel,CONSENSO_PANEL_0830,egp,consenso_clasificaciones_panel_ENOE,Misma categoria en ambas mediciones; destino historico oficial; empleo continuo
5501,clase_alt6_damian,5,5,13,2375,2425,TRUE,1,TRUE,0.9642147117296223,TRUE,7,6,1,1,0.9780388151174668,0.9156193895870736,TRUE,TRUE,TRUE,TRUE,TRUE,concordancia_estable_panel,CONSENSO_PANEL_0831,egp,consenso_clasificaciones_panel_ENOE,Misma categoria en ambas mediciones; destino historico oficial; empleo continuo
5502,clase_alt6_damian,3,3,106,24595,24794,TRUE,0.7536156391714671,TRUE,1,TRUE,52,54,0.7025803531009507,0.7885151171189764,1,1,TRUE,TRUE,TRUE,TRUE,TRUE,concordancia_estable_panel,CONSENSO_PANEL_0832,egp,consenso_clasificaciones_panel_ENOE,Misma categoria en ambas mediciones; destino historico oficial; empleo continuo
5520,clase_alt6_damian,3,3,152,39288,39379,TRUE,0.7391909689557855,TRUE,1,TRUE,73,79,0.7556356785551874,0.7165533893757825,1,1,TRUE,TRUE,TRUE,TRUE,TRUE,concordancia_estable_panel,CONSENSO_PANEL_0833,egp,consenso_clasificaciones_panel_ENOE,Misma categoria en ambas mediciones; destino historico oficial; empleo continuo
5520,clase_alt6_damian,4,4,314,103513,103080,TRUE,1,TRUE,1,TRUE,143,171,1,1,1,1,TRUE,TRUE,TRUE,TRUE,TRUE,concordancia_estable_panel,CONSENSO_PANEL_0834,egp,consenso_clasificaciones_panel_ENOE,Misma categoria en ambas mediciones; destino historico oficial; empleo continuo
5520,clase_alt6_damian,5,5,742,226760,225363,TRUE,1,TRUE,0.989197801811925,TRUE,357,385,1,1,0.9928183374265089,0.9859633667974204,TRUE,TRUE,TRUE,TRUE,TRUE,concordancia_estable_panel,CONSENSO_PANEL_0835,egp,consenso_clasificaciones_panel_ENOE,Misma categoria en ambas mediciones; destino historico oficial; empleo continuo
5521,clase_alt6_damian,1,1,10,5399,5600,TRUE,1,TRUE,0.8115942028985508,TRUE,5,5,1,1,1,0.696969696969697,TRUE,TRUE,TRUE,TRUE,TRUE,concordancia_estable_panel,CONSENSO_PANEL_0836,egp,consenso_clasificaciones_panel_ENOE,Misma categoria en ambas mediciones; destino historico oficial; empleo continuo
5521,clase_alt6_damian,3,3,248,79344,79340,TRUE,0.8302708132769662,TRUE,0.9616620001696908,TRUE,136,112,0.8400639518480203,0.817990990353546,0.947446166649329,0.9815029908821651,TRUE,TRUE,TRUE,TRUE,TRUE,concordancia_estable_panel,CONSENSO_PANEL_0837,egp,consenso_clasificaciones_panel_ENOE,Misma categoria en ambas mediciones; destino historico oficial; empleo continuo
5521,clase_alt6_damian,4,4,27,13198,12340,TRUE,1,TRUE,1,TRUE,12,15,1,1,1,1,TRUE,TRUE,TRUE,TRUE,TRUE,concordancia_estable_panel,CONSENSO_PANEL_0838,egp,consenso_clasificaciones_panel_ENOE,Misma categoria en ambas mediciones; destino historico oficial; empleo continuo
5521,clase_alt6_damian,5,5,122,32335,32627,TRUE,0.8607746572607481,TRUE,0.755219665756215,TRUE,61,61,0.8523703830174719,0.8681604481344404,0.7022709329865787,0.8078360791914717,TRUE,TRUE,TRUE,TRUE,TRUE,concordancia_estable_panel,CONSENSO_PANEL_0839,egp,consenso_clasificaciones_panel_ENOE,Misma categoria en ambas mediciones; destino historico oficial; empleo continuo
5550,clase_alt6_damian,4,4,39,9720,9878,TRUE,1,TRUE,1,TRUE,22,17,1,1,1,1,TRUE,TRUE,TRUE,TRUE,TRUE,concordancia_estable_panel,CONSENSO_PANEL_0840,egp,consenso_clasificaciones_panel_ENOE,Misma categoria en ambas mediciones; destino historico oficial; empleo continuo
6100,clase_alt6_damian,1,1,84,19129,19127,TRUE,0.83836613051672,TRUE,1,TRUE,38,46,0.856029106029106,0.8254906418125332,1,1,TRUE,TRUE,TRUE,TRUE,TRUE,concordancia_estable_panel,CONSENSO_PANEL_0841,egp,consenso_clasificaciones_panel_ENOE,Misma categoria en ambas mediciones; destino historico oficial; empleo continuo
6101,clase_alt6_damian,1,1,169,37084,39271,TRUE,0.8027708626474727,TRUE,1,TRUE,77,92,0.7416691988250785,0.8483874626639949,1,1,TRUE,TRUE,TRUE,TRUE,TRUE,concordancia_estable_panel,CONSENSO_PANEL_0842,egp,consenso_clasificaciones_panel_ENOE,Misma categoria en ambas mediciones; destino historico oficial; empleo continuo
6102,clase_alt6_damian,1,1,82,15040,15380,TRUE,0.742972879513906,TRUE,1,TRUE,42,40,0.7063701470033924,0.7833039144429447,1,1,TRUE,TRUE,TRUE,TRUE,TRUE,concordancia_estable_panel,CONSENSO_PANEL_0843,egp,consenso_clasificaciones_panel_ENOE,Misma categoria en ambas mediciones; destino historico oficial; empleo continuo
6110,clase_alt6_damian,1,1,81,23500,24390,TRUE,0.6201018550281024,TRUE,1,TRUE,42,39,0.5995796111403048,0.6338817095223394,1,1,TRUE,TRUE,TRUE,TRUE,TRUE,concordancia_estable_panel,CONSENSO_PANEL_0844,egp,consenso_clasificaciones_panel_ENOE,Misma categoria en ambas mediciones; destino historico oficial; empleo continuo
6111,clase_alt6_damian,1,1,238,59192,61022,TRUE,0.5904733403162252,TRUE,1,TRUE,143,95,0.5921022258862325,0.5879782800858694,1,1,TRUE,TRUE,TRUE,TRUE,TRUE,concordancia_estable_panel,CONSENSO_PANEL_0845,egp,consenso_clasificaciones_panel_ENOE,Misma categoria en ambas mediciones; destino historico oficial; empleo continuo
6130,clase_alt6_damian,1,1,50,15403,17855,TRUE,0.8869630312104112,TRUE,1,TRUE,23,27,0.9038629419467481,0.8680809558644234,1,1,TRUE,TRUE,TRUE,TRUE,TRUE,concordancia_estable_panel,CONSENSO_PANEL_0846,egp,consenso_clasificaciones_panel_ENOE,Misma categoria en ambas mediciones; destino historico oficial; empleo continuo
6150,clase_alt6_damian,1,1,27,8154,8563,TRUE,0.6077364537527018,TRUE,1,TRUE,13,14,0.5078771169751871,0.668545389135388,1,1,TRUE,TRUE,TRUE,TRUE,TRUE,concordancia_estable_panel,CONSENSO_PANEL_0847,egp,consenso_clasificaciones_panel_ENOE,Misma categoria en ambas mediciones; destino historico oficial; empleo continuo
6170,clase_alt6_damian,1,1,40,4445,4592,TRUE,0.8624369421808304,TRUE,1,TRUE,22,18,0.8317430025445293,0.9104477611940298,1,1,TRUE,TRUE,TRUE,TRUE,TRUE,concordancia_estable_panel,CONSENSO_PANEL_0848,egp,consenso_clasificaciones_panel_ENOE,Misma categoria en ambas mediciones; destino historico oficial; empleo continuo
6190,clase_alt6_damian,1,1,19,6096,6375,TRUE,0.8052840158520476,TRUE,1,TRUE,9,10,0.9118096485483519,0.6420207427233189,1,1,TRUE,TRUE,TRUE,TRUE,TRUE,concordancia_estable_panel,CONSENSO_PANEL_0849,egp,consenso_clasificaciones_panel_ENOE,Misma categoria en ambas mediciones; destino historico oficial; empleo continuo
6200,clase_alt6_damian,2,2,967,225209,223912,TRUE,0.8878835547039784,TRUE,1,TRUE,463,504,0.9159584667132481,0.8614176846781296,1,1,TRUE,TRUE,TRUE,TRUE,TRUE,concordancia_estable_panel,CONSENSO_PANEL_0850,egp,consenso_clasificaciones_panel_ENOE,Misma categoria en ambas mediciones; destino historico oficial; empleo continuo
6202,clase_alt6_damian,2,2,136,37051,37131,TRUE,0.721861788142693,TRUE,1,TRUE,68,68,0.6904674945215485,0.7577567127406356,1,1,TRUE,TRUE,TRUE,TRUE,TRUE,concordancia_estable_panel,CONSENSO_PANEL_0851,egp,consenso_clasificaciones_panel_ENOE,Misma categoria en ambas mediciones; destino historico oficial; empleo continuo
6210,clase_alt6_damian,2,2,334,91170,91446,TRUE,0.738649253005801,TRUE,1,TRUE,173,161,0.7540427353040076,0.7212854729147271,1,1,TRUE,TRUE,TRUE,TRUE,TRUE,concordancia_estable_panel,CONSENSO_PANEL_0852,egp,consenso_clasificaciones_panel_ENOE,Misma categoria en ambas mediciones; destino historico oficial; empleo continuo
6211,clase_alt6_damian,2,2,21,6361,6391,TRUE,0.7381919461529535,TRUE,1,TRUE,8,13,0.7701754385964912,0.7223859892491763,1,1,TRUE,TRUE,TRUE,TRUE,TRUE,concordancia_estable_panel,CONSENSO_PANEL_0853,egp,consenso_clasificaciones_panel_ENOE,Misma categoria en ambas mediciones; destino historico oficial; empleo continuo
6220,clase_alt6_damian,2,2,52,11333,11486,TRUE,0.6476370078290188,TRUE,1,TRUE,24,28,0.5523495465787304,0.7374555950266429,1,1,TRUE,TRUE,TRUE,TRUE,TRUE,concordancia_estable_panel,CONSENSO_PANEL_0854,egp,consenso_clasificaciones_panel_ENOE,Misma categoria en ambas mediciones; destino historico oficial; empleo continuo
6221,clase_alt6_damian,3,3,223,66724,65517,TRUE,0.6673134044744922,TRUE,1,TRUE,98,125,0.6507074924611459,0.6798994356440866,1,1,TRUE,TRUE,TRUE,TRUE,TRUE,concordancia_estable_panel,CONSENSO_PANEL_0855,egp,consenso_clasificaciones_panel_ENOE,Misma categoria en ambas mediciones; destino historico oficial; empleo continuo
6230,clase_alt6_damian,2,2,211,54613,55336,TRUE,0.7595794100057024,TRUE,1,TRUE,105,106,0.7965994583207945,0.7277664278879723,1,1,TRUE,TRUE,TRUE,TRUE,TRUE,concordancia_estable_panel,CONSENSO_PANEL_0856,egp,consenso_clasificaciones_panel_ENOE,Misma categoria en ambas mediciones; destino historico oficial; empleo continuo
6232,clase_alt6_damian,2,2,30,8125,8139,TRUE,0.8537354208258905,TRUE,1,TRUE,17,13,0.9069204152249135,0.7714744447417715,1,1,TRUE,TRUE,TRUE,TRUE,TRUE,concordancia_estable_panel,CONSENSO_PANEL_0857,egp,consenso_clasificaciones_panel_ENOE,Misma categoria en ambas mediciones; destino historico oficial; empleo continuo
6240,clase_alt6_damian,2,2,29,8481,9036,TRUE,0.6947652985991644,TRUE,1,TRUE,14,15,0.7504601630291875,0.6695621132793907,1,1,TRUE,TRUE,TRUE,TRUE,TRUE,concordancia_estable_panel,CONSENSO_PANEL_0858,egp,consenso_clasificaciones_panel_ENOE,Misma categoria en ambas mediciones; destino historico oficial; empleo continuo
6250,clase_alt6_damian,2,2,19,5910,5932,TRUE,0.6914706914706915,TRUE,1,TRUE,6,13,0.8238188976377953,0.6736157216837073,1,1,TRUE,TRUE,TRUE,TRUE,TRUE,concordancia_estable_panel,CONSENSO_PANEL_0859,egp,consenso_clasificaciones_panel_ENOE,Misma categoria en ambas mediciones; destino historico oficial; empleo continuo
6270,clase_alt6_damian,2,2,926,198935,201896,TRUE,0.6823849428358757,TRUE,1,TRUE,469,457,0.6729777551343573,0.6917255711570801,1,1,TRUE,TRUE,TRUE,TRUE,TRUE,concordancia_estable_panel,CONSENSO_PANEL_0860,egp,consenso_clasificaciones_panel_ENOE,Misma categoria en ambas mediciones; destino historico oficial; empleo continuo
7100,clase_alt6_damian,1,1,182,52202,49821,TRUE,1,TRUE,0.9470772740233818,TRUE,82,100,1,1,0.9362349318412257,0.958192177394518,TRUE,TRUE,TRUE,TRUE,TRUE,concordancia_estable_panel,CONSENSO_PANEL_0861,egp,consenso_clasificaciones_panel_ENOE,Misma categoria en ambas mediciones; destino historico oficial; empleo continuo
7100,clase_alt6_damian,3,3,15,6690,6317,TRUE,0.8824693312227938,TRUE,1,TRUE,10,5,0.8672489082969432,0.9294181034482759,1,1,TRUE,TRUE,TRUE,TRUE,TRUE,concordancia_estable_panel,CONSENSO_PANEL_0862,egp,consenso_clasificaciones_panel_ENOE,Misma categoria en ambas mediciones; destino historico oficial; empleo continuo
7100,clase_alt6_damian,4,4,1183,376901,378306,TRUE,0.8490692702619289,TRUE,1,TRUE,588,595,0.8312732962127836,0.8661364850014784,1,1,TRUE,TRUE,TRUE,TRUE,TRUE,concordancia_estable_panel,CONSENSO_PANEL_0863,egp,consenso_clasificaciones_panel_ENOE,Misma categoria en ambas mediciones; destino historico oficial; empleo continuo
7111,clase_alt6_damian,3,3,1675,439441,444914,TRUE,0.7310127424560002,TRUE,1,TRUE,834,841,0.7481980326756742,0.7157231953124018,1,1,TRUE,TRUE,TRUE,TRUE,TRUE,concordancia_estable_panel,CONSENSO_PANEL_0864,egp,consenso_clasificaciones_panel_ENOE,Misma categoria en ambas mediciones; destino historico oficial; empleo continuo
7120,clase_alt6_damian,3,3,21,6238,6410,TRUE,0.9504799634313577,TRUE,1,TRUE,10,11,0.9310555216595485,0.9698630136986301,1,1,TRUE,TRUE,TRUE,TRUE,TRUE,concordancia_estable_panel,CONSENSO_PANEL_0865,egp,consenso_clasificaciones_panel_ENOE,Misma categoria en ambas mediciones; destino historico oficial; empleo continuo
7130,clase_alt6_damian,2,2,127,29776,30156,TRUE,0.5269155901610334,TRUE,1,TRUE,61,66,0.5242829430511293,0.5296650025323782,1,1,TRUE,TRUE,TRUE,TRUE,TRUE,concordancia_estable_panel,CONSENSO_PANEL_0866,egp,consenso_clasificaciones_panel_ENOE,Misma categoria en ambas mediciones; destino historico oficial; empleo continuo
7131,clase_alt6_damian,2,2,52,14853,15100,TRUE,0.8542589290849485,TRUE,1,TRUE,30,22,0.7461823734729494,0.9748144543131768,1,1,TRUE,TRUE,TRUE,TRUE,TRUE,concordancia_estable_panel,CONSENSO_PANEL_0867,egp,consenso_clasificaciones_panel_ENOE,Misma categoria en ambas mediciones; destino historico oficial; empleo continuo
7133,clase_alt6_damian,2,2,36,9807,10532,TRUE,0.7738499171466898,TRUE,1,TRUE,19,17,0.6768335273573923,0.9779573842762674,1,1,TRUE,TRUE,TRUE,TRUE,TRUE,concordancia_estable_panel,CONSENSO_PANEL_0868,egp,consenso_clasificaciones_panel_ENOE,Misma categoria en ambas mediciones; destino historico oficial; empleo continuo
7200,clase_alt6_damian,5,5,13,4167,4178,TRUE,0.8407990314769975,TRUE,1,TRUE,8,5,0.8361062825925006,0.8611410118406889,1,1,TRUE,TRUE,TRUE,TRUE,TRUE,concordancia_estable_panel,CONSENSO_PANEL_0869,egp,consenso_clasificaciones_panel_ENOE,Misma categoria en ambas mediciones; destino historico oficial; empleo continuo
7210,clase_alt6_damian,1,1,37,10573,10846,TRUE,1,TRUE,1,TRUE,20,17,1,1,1,1,TRUE,TRUE,TRUE,TRUE,TRUE,concordancia_estable_panel,CONSENSO_PANEL_0870,egp,consenso_clasificaciones_panel_ENOE,Misma categoria en ambas mediciones; destino historico oficial; empleo continuo
7210,clase_alt6_damian,5,5,483,148919,150969,TRUE,0.6970199062957815,TRUE,1,TRUE,230,253,0.6519174898314933,0.7392088123125979,1,1,TRUE,TRUE,TRUE,TRUE,TRUE,concordancia_estable_panel,CONSENSO_PANEL_0871,egp,consenso_clasificaciones_panel_ENOE,Misma categoria en ambas mediciones; destino historico oficial; empleo continuo
7211,clase_alt6_damian,5,5,36,13294,13173,TRUE,0.9853246368218204,TRUE,1,TRUE,14,22,0.9697663765460376,1,1,1,TRUE,TRUE,TRUE,TRUE,TRUE,concordancia_estable_panel,CONSENSO_PANEL_0872,egp,consenso_clasificaciones_panel_ENOE,Misma categoria en ambas mediciones; destino historico oficial; empleo continuo
7212,clase_alt6_damian,5,5,33,7252,7375,TRUE,1,TRUE,1,TRUE,11,22,1,1,1,1,TRUE,TRUE,TRUE,TRUE,TRUE,concordancia_estable_panel,CONSENSO_PANEL_0873,egp,consenso_clasificaciones_panel_ENOE,Misma categoria en ambas mediciones; destino historico oficial; empleo continuo
8100,clase_alt6_damian,1,1,116,28679,28035,TRUE,1,TRUE,0.9936204146730463,TRUE,58,58,1,1,1,0.9844680300284753,TRUE,TRUE,TRUE,TRUE,TRUE,concordancia_estable_panel,CONSENSO_PANEL_0874,egp,consenso_clasificaciones_panel_ENOE,Misma categoria en ambas mediciones; destino historico oficial; empleo continuo
8100,clase_alt6_damian,4,4,317,82552,82864,TRUE,0.8484013853632467,TRUE,1,TRUE,154,163,0.7875589393087339,0.9034835222933678,1,1,TRUE,TRUE,TRUE,TRUE,TRUE,concordancia_estable_panel,CONSENSO_PANEL_0875,egp,consenso_clasificaciones_panel_ENOE,Misma categoria en ambas mediciones; destino historico oficial; empleo continuo
8101,clase_alt6_damian,5,5,300,73545,74941,TRUE,0.8439479482236298,TRUE,0.9895422074921104,TRUE,164,136,0.8420515957989192,0.846387992337768,1,0.9766914859177728,TRUE,TRUE,TRUE,TRUE,TRUE,concordancia_estable_panel,CONSENSO_PANEL_0876,egp,consenso_clasificaciones_panel_ENOE,Misma categoria en ambas mediciones; destino historico oficial; empleo continuo
8110,clase_alt6_damian,5,5,75,12767,12995,TRUE,0.8995913190529876,TRUE,1,TRUE,44,31,0.8715914724838869,0.9364794252122796,1,1,TRUE,TRUE,TRUE,TRUE,TRUE,concordancia_estable_panel,CONSENSO_PANEL_0877,egp,consenso_clasificaciones_panel_ENOE,Misma categoria en ambas mediciones; destino historico oficial; empleo continuo
8111,clase_alt6_damian,5,5,27,9834,9977,TRUE,0.8048121777559538,TRUE,1,TRUE,12,15,0.9396946564885497,0.7035391889955581,1,1,TRUE,TRUE,TRUE,TRUE,TRUE,concordancia_estable_panel,CONSENSO_PANEL_0878,egp,consenso_clasificaciones_panel_ENOE,Misma categoria en ambas mediciones; destino historico oficial; empleo continuo
8120,clase_alt6_damian,5,5,24,10864,12215,TRUE,1,TRUE,1,TRUE,13,11,1,1,1,1,TRUE,TRUE,TRUE,TRUE,TRUE,concordancia_estable_panel,CONSENSO_PANEL_0879,egp,consenso_clasificaciones_panel_ENOE,Misma categoria en ambas mediciones; destino historico oficial; empleo continuo
8122,clase_alt6_damian,5,5,73,18252,17853,TRUE,0.9748437750360519,TRUE,1,TRUE,34,39,0.9531593071480849,0.9917339667458432,1,1,TRUE,TRUE,TRUE,TRUE,TRUE,concordancia_estable_panel,CONSENSO_PANEL_0880,egp,consenso_clasificaciones_panel_ENOE,Misma categoria en ambas mediciones; destino historico oficial; empleo continuo
8123,clase_alt6_damian,5,5,89,21404,21938,TRUE,0.9873149130494949,TRUE,1,TRUE,40,49,0.9849749582637729,0.988336646785951,1,1,TRUE,TRUE,TRUE,TRUE,TRUE,concordancia_estable_panel,CONSENSO_PANEL_0881,egp,consenso_clasificaciones_panel_ENOE,Misma categoria en ambas mediciones; destino historico oficial; empleo continuo
8124,clase_alt6_damian,5,5,886,222523,225014,TRUE,0.8346386107047747,TRUE,1,TRUE,450,436,0.8383695405344032,0.8309739776951672,1,1,TRUE,TRUE,TRUE,TRUE,TRUE,concordancia_estable_panel,CONSENSO_PANEL_0882,egp,consenso_clasificaciones_panel_ENOE,Misma categoria en ambas mediciones; destino historico oficial; empleo continuo
8125,clase_alt6_damian,6,6,145,41706,41285,TRUE,0.7466165413533835,TRUE,1,TRUE,72,73,0.8527901285630579,0.6318769322456885,1,1,TRUE,TRUE,TRUE,TRUE,TRUE,concordancia_estable_panel,CONSENSO_PANEL_0883,egp,consenso_clasificaciones_panel_ENOE,Misma categoria en ambas mediciones; destino historico oficial; empleo continuo
8126,clase_alt6_damian,5,5,106,25714,26104,TRUE,0.6576638788715824,TRUE,1,TRUE,48,58,0.6461826948834717,0.6681511206812176,1,1,TRUE,TRUE,TRUE,TRUE,TRUE,concordancia_estable_panel,CONSENSO_PANEL_0884,egp,consenso_clasificaciones_panel_ENOE,Misma categoria en ambas mediciones; destino historico oficial; empleo continuo
8130,clase_alt6_damian,3,3,64,17552,16719,TRUE,1,TRUE,1,TRUE,34,30,1,1,1,1,TRUE,TRUE,TRUE,TRUE,TRUE,concordancia_estable_panel,CONSENSO_PANEL_0885,egp,consenso_clasificaciones_panel_ENOE,Misma categoria en ambas mediciones; destino historico oficial; empleo continuo
8130,clase_alt6_damian,4,4,314,85918,85568,TRUE,0.9942601893211748,TRUE,1,TRUE,151,163,0.9884613595123994,1,1,1,TRUE,TRUE,TRUE,TRUE,TRUE,concordancia_estable_panel,CONSENSO_PANEL_0886,egp,consenso_clasificaciones_panel_ENOE,Misma categoria en ambas mediciones; destino historico oficial; empleo continuo
8131,clase_alt6_damian,3,3,10,2569,2789,TRUE,0.928106936416185,TRUE,1,TRUE,5,5,0.8120868744098206,1,1,1,TRUE,TRUE,TRUE,TRUE,TRUE,concordancia_estable_panel,CONSENSO_PANEL_0887,egp,consenso_clasificaciones_panel_ENOE,Misma categoria en ambas mediciones; destino historico oficial; empleo continuo
8131,clase_alt6_damian,4,4,31,9588,9152,TRUE,1,TRUE,1,TRUE,15,16,1,1,1,1,TRUE,TRUE,TRUE,TRUE,TRUE,concordancia_estable_panel,CONSENSO_PANEL_0888,egp,consenso_clasificaciones_panel_ENOE,Misma categoria en ambas mediciones; destino historico oficial; empleo continuo
8201,clase_alt6_damian,3,3,101,32130,31696,TRUE,0.6889084242801089,TRUE,1,TRUE,48,53,0.5900627670235772,0.7566112716763006,1,1,TRUE,TRUE,TRUE,TRUE,TRUE,concordancia_estable_panel,CONSENSO_PANEL_0889,egp,consenso_clasificaciones_panel_ENOE,Misma categoria en ambas mediciones; destino historico oficial; empleo continuo
8202,clase_alt6_damian,5,5,28,10149,9480,TRUE,0.9902429505317591,TRUE,1,TRUE,13,15,1,0.9822443181818182,1,1,TRUE,TRUE,TRUE,TRUE,TRUE,concordancia_estable_panel,CONSENSO_PANEL_0890,egp,consenso_clasificaciones_panel_ENOE,Misma categoria en ambas mediciones; destino historico oficial; empleo continuo
8203,clase_alt6_damian,6,6,42,9583,9246,TRUE,0.7118027185619847,TRUE,1,TRUE,22,20,0.7386835342953153,0.6956211327939077,1,1,TRUE,TRUE,TRUE,TRUE,TRUE,concordancia_estable_panel,CONSENSO_PANEL_0891,egp,consenso_clasificaciones_panel_ENOE,Misma categoria en ambas mediciones; destino historico oficial; empleo continuo
8204,clase_alt6_damian,2,2,13,3220,3146,TRUE,0.8372334893395735,TRUE,1,TRUE,8,5,0.7817351598173516,0.9106280193236715,1,1,TRUE,TRUE,TRUE,TRUE,TRUE,concordancia_estable_panel,CONSENSO_PANEL_0892,egp,consenso_clasificaciones_panel_ENOE,Misma categoria en ambas mediciones; destino historico oficial; empleo continuo
8300,clase_alt6_damian,2,2,21,3697,3634,TRUE,0.9155522535908865,TRUE,1,TRUE,11,10,0.9404414827155352,0.8790470372632865,1,1,TRUE,TRUE,TRUE,TRUE,TRUE,concordancia_estable_panel,CONSENSO_PANEL_0893,egp,consenso_clasificaciones_panel_ENOE,Misma categoria en ambas mediciones; destino historico oficial; empleo continuo
8303,clase_alt6_damian,5,5,420,128245,128000,TRUE,0.8066737954459681,TRUE,1,TRUE,202,218,0.8158291969810294,0.7987945461993095,1,1,TRUE,TRUE,TRUE,TRUE,TRUE,concordancia_estable_panel,CONSENSO_PANEL_0894,egp,consenso_clasificaciones_panel_ENOE,Misma categoria en ambas mediciones; destino historico oficial; empleo continuo
1100,clase_egp13_damian,1,1,45,11073,11659,TRUE,0.8024494528589028,TRUE,1,TRUE,20,25,0.7601716025463604,0.848927430397079,1,1,TRUE,TRUE,TRUE,TRUE,TRUE,concordancia_estable_panel,CONSENSO_PANEL_0895,egp,consenso_clasificaciones_panel_ENOE,Misma categoria en ambas mediciones; destino historico oficial; empleo continuo
1101,clase_egp13_damian,1,1,35,5867,5804,TRUE,0.5908953570349481,TRUE,1,TRUE,15,20,0.5273747339911008,0.6598739495798319,1,1,TRUE,TRUE,TRUE,TRUE,TRUE,concordancia_estable_panel,CONSENSO_PANEL_0896,egp,consenso_clasificaciones_panel_ENOE,Misma categoria en ambas mediciones; destino historico oficial; empleo continuo
1103,clase_egp13_damian,1,1,10,2327,2337,TRUE,0.9129070223617105,TRUE,1,TRUE,5,5,0.9214015151515151,0.9068988613529806,1,1,TRUE,TRUE,TRUE,TRUE,TRUE,concordancia_estable_panel,CONSENSO_PANEL_0897,egp,consenso_clasificaciones_panel_ENOE,Misma categoria en ambas mediciones; destino historico oficial; empleo continuo
1104,clase_egp13_damian,1,1,63,16575,16771,TRUE,0.6261805817907065,TRUE,1,TRUE,34,29,0.5983056265984654,0.6511677890815303,1,1,TRUE,TRUE,TRUE,TRUE,TRUE,concordancia_estable_panel,CONSENSO_PANEL_0898,egp,consenso_clasificaciones_panel_ENOE,Misma categoria en ambas mediciones; destino historico oficial; empleo continuo
1105,clase_egp13_damian,1,1,147,36349,36799,TRUE,0.6947837223082364,TRUE,1,TRUE,82,65,0.6681836082790006,0.71541542221015475,1,1,TRUE,TRUE,TRUE,TRUE,TRUE,concordancia_estable_panel,CONSENSO_PANEL_0899,egp,consenso_clasificaciones_panel_ENOE,Misma categoria en ambas mediciones; destino historico oficial; empleo continuo
1120,clase_egp13_damian,1,1,40,9730,9464,TRUE,0.8761030073833964,TRUE,1,TRUE,17,23,0.9871008669909072,0.7937901834718519,1,1,TRUE,TRUE,TRUE,TRUE,TRUE,concordancia_estable_panel,CONSENSO_PANEL_0900,egp,consenso_clasificaciones_panel_ENOE,Misma categoria en ambas mediciones; destino historico oficial; empleo continuo
1121,clase_egp13_damian,1,1,26,6163,5945,TRUE,0.7804229454223123,TRUE,1,TRUE,13,13,0.7438775510204082,0.8401735068401736,1,1,TRUE,TRUE,TRUE,TRUE,TRUE,concordancia_estable_panel,CONSENSO_PANEL_0901,egp,consenso_clasificaciones_panel_ENOE,Misma categoria en ambas mediciones; destino historico oficial; empleo continuo
1130,clase_egp13_damian,1,1,351,81135,83275,TRUE,0.9504146752881641,TRUE,1,TRUE,168,183,0.9591161473087819,0.9411051572388042,1,1,TRUE,TRUE,TRUE,TRUE,TRUE,concordancia_estable_panel,CONSENSO_PANEL_0902,egp,consenso_clasificaciones_panel_ENOE,Misma categoria en ambas mediciones; destino historico oficial; empleo continuo
1131,clase_egp13_damian,2,2,247,54797,55613,TRUE,0.9618908861115012,TRUE,1,TRUE,122,125,0.937611471784262,0.9854150826017833,1,1,TRUE,TRUE,TRUE,TRUE,TRUE,concordancia_estable_panel,CONSENSO_PANEL_0903,egp,consenso_clasificaciones_panel_ENOE,Misma categoria en ambas mediciones; destino historico oficial; empleo continuo
1132,clase_egp13_damian,1,1,120,33457,33266,TRUE,0.9891204730229121,TRUE,1,TRUE,59,61,0.9889361702127659,0.989320987654321,1,1,TRUE,TRUE,TRUE,TRUE,TRUE,concordancia_estable_panel,CONSENSO_PANEL_0904,egp,consenso_clasificaciones_panel_ENOE,Misma categoria en ambas mediciones; destino historico oficial; empleo continuo
1134,clase_egp13_damian,2,2,16,5260,5340,TRUE,0.9872372372372372,TRUE,1,TRUE,11,5,0.9425190194420964,1,1,1,TRUE,TRUE,TRUE,TRUE,TRUE,concordancia_estable_panel,CONSENSO_PANEL_0905,egp,consenso_clasificaciones_panel_ENOE,Misma categoria en ambas mediciones; destino historico oficial; empleo continuo
1150,clase_egp13_damian,1,1,26,3777,3818,TRUE,0.8791899441340782,TRUE,1,TRUE,13,13,0.8685109289617486,0.902046783625731,1,1,TRUE,TRUE,TRUE,TRUE,TRUE,concordancia_estable_panel,CONSENSO_PANEL_0906,egp,consenso_clasificaciones_panel_ENOE,Misma categoria en ambas mediciones; destino historico oficial; empleo continuo
1151,clase_egp13_damian,1,1,34,9119,9247,TRUE,0.9235365606643711,TRUE,1,TRUE,18,16,0.9401955146635997,0.9048743826497745,1,1,TRUE,TRUE,TRUE,TRUE,TRUE,concordancia_estable_panel,CONSENSO_PANEL_0907,egp,consenso_clasificaciones_panel_ENOE,Misma categoria en ambas mediciones; destino historico oficial; empleo continuo
1160,clase_egp13_damian,1,1,321,81634,83754,TRUE,0.8626833495371349,TRUE,1,TRUE,162,159,0.8483773121072143,0.8790141896938013,1,1,TRUE,TRUE,TRUE,TRUE,TRUE,concordancia_estable_panel,CONSENSO_PANEL_0908,egp,consenso_clasificaciones_panel_ENOE,Misma categoria en ambas mediciones; destino historico oficial; empleo continuo
1161,clase_egp13_damian,1,1,30,7220,7273,TRUE,0.9496251479679074,TRUE,1,TRUE,17,13,0.9520975056689343,0.9474846625766871,1,1,TRUE,TRUE,TRUE,TRUE,TRUE,concordancia_estable_panel,CONSENSO_PANEL_0909,egp,consenso_clasificaciones_panel_ENOE,Misma categoria en ambas mediciones; destino historico oficial; empleo continuo
1164,clase_egp13_damian,1,1,59,19933,18384,TRUE,0.8816790516631281,TRUE,1,TRUE,30,29,0.9101685624229136,0.8297978537559271,1,1,TRUE,TRUE,TRUE,TRUE,TRUE,concordancia_estable_panel,CONSENSO_PANEL_0910,egp,consenso_clasificaciones_panel_ENOE,Misma categoria en ambas mediciones; destino historico oficial; empleo continuo
1171,clase_egp13_damian,1,1,17,8904,8961,TRUE,0.5328545780969479,TRUE,1,TRUE,11,6,0.5402943237561317,0.51681148469966,1,1,TRUE,TRUE,TRUE,TRUE,TRUE,concordancia_estable_panel,CONSENSO_PANEL_0911,egp,consenso_clasificaciones_panel_ENOE,Misma categoria en ambas mediciones; destino historico oficial; empleo continuo
1172,clase_egp13_damian,1,1,329,74547,74448,TRUE,0.7834352733463649,TRUE,1,TRUE,179,150,0.7910911787303232,0.7725010845433434,1,1,TRUE,TRUE,TRUE,TRUE,TRUE,concordancia_estable_panel,CONSENSO_PANEL_0912,egp,consenso_clasificaciones_panel_ENOE,Misma categoria en ambas mediciones; destino historico oficial; empleo continuo
1200,clase_egp13_damian,2,2,27,7449,7495,TRUE,0.7321604088853941,TRUE,1,TRUE,14,13,0.6613462873004857,0.8247165532879819,1,1,TRUE,TRUE,TRUE,TRUE,TRUE,concordancia_estable_panel,CONSENSO_PANEL_0913,egp,consenso_clasificaciones_panel_ENOE,Misma categoria en ambas mediciones; destino historico oficial; empleo continuo
1205,clase_egp13_damian,2,2,244,67699,67223,TRUE,0.7031762848477294,TRUE,1,TRUE,117,127,0.7200346404698114,0.6926759376316899,1,1,TRUE,TRUE,TRUE,TRUE,TRUE,concordancia_estable_panel,CONSENSO_PANEL_0914,egp,consenso_clasificaciones_panel_ENOE,Misma categoria en ambas mediciones; destino historico oficial; empleo continuo
1206,clase_egp13_damian,6,6,31,7098,7281,TRUE,0.8149253731343283,TRUE,1,TRUE,16,15,1,0.6526610644257703,1,1,TRUE,TRUE,TRUE,TRUE,TRUE,concordancia_estable_panel,CONSENSO_PANEL_0915,egp,consenso_clasificaciones_panel_ENOE,Misma categoria en ambas mediciones; destino historico oficial; empleo continuo
1220,clase_egp13_damian,2,2,393,122296,122617,TRUE,0.9281653903658897,TRUE,1,TRUE,208,185,0.9328782390638061,0.9225254663976926,1,1,TRUE,TRUE,TRUE,TRUE,TRUE,concordancia_estable_panel,CONSENSO_PANEL_0916,egp,consenso_clasificaciones_panel_ENOE,Misma categoria en ambas mediciones; destino historico oficial; empleo continuo
1221,clase_egp13_damian,2,2,23,5191,5182,TRUE,0.7655213095413655,TRUE,1,TRUE,14,9,0.7776962582538518,0.7470282317979198,1,1,TRUE,TRUE,TRUE,TRUE,TRUE,concordancia_estable_panel,CONSENSO_PANEL_0917,egp,consenso_clasificaciones_panel_ENOE,Misma categoria en ambas mediciones; destino historico oficial; empleo continuo
1300,clase_egp13_damian,1,1,316,74788,74060,TRUE,0.9089782077615859,TRUE,1,TRUE,166,150,0.9795336076817558,0.85285966788138,1,1,TRUE,TRUE,TRUE,TRUE,TRUE,concordancia_estable_panel,CONSENSO_PANEL_0918,egp,consenso_clasificaciones_panel_ENOE,Misma categoria en ambas mediciones; destino historico oficial; empleo continuo
1310,clase_egp13_damian,2,2,188,53063,53441,TRUE,0.8783665226531592,TRUE,1,TRUE,104,84,0.8938572719060524,0.8594536965552737,1,1,TRUE,TRUE,TRUE,TRUE,TRUE,concordancia_estable_panel,CONSENSO_PANEL_0919,egp,consenso_clasificaciones_panel_ENOE,Misma categoria en ambas mediciones; destino historico oficial; empleo continuo
1320,clase_egp13_damian,2,2,433,122740,121572,TRUE,0.9623572027818506,TRUE,1,TRUE,190,243,0.9412383155238659,0.9770431222417185,1,1,TRUE,TRUE,TRUE,TRUE,TRUE,concordancia_estable_panel,CONSENSO_PANEL_0920,egp,consenso_clasificaciones_panel_ENOE,Misma categoria en ambas mediciones; destino historico oficial; empleo continuo
1330,clase_egp13_damian,2,2,720,195673,195990,TRUE,0.983874698310539,TRUE,1,TRUE,338,382,0.9875956660073953,0.9806042627163479,1,1,TRUE,TRUE,TRUE,TRUE,TRUE,concordancia_estable_panel,CONSENSO_PANEL_0921,egp,consenso_clasificaciones_panel_ENOE,Misma categoria en ambas mediciones; destino historico oficial; empleo continuo
1340,clase_egp13_damian,2,2,258,69194,70751,TRUE,0.9480578201000206,TRUE,1,TRUE,135,123,0.9271158332630632,0.9679747647562019,1,1,TRUE,TRUE,TRUE,TRUE,TRUE,concordancia_estable_panel,CONSENSO_PANEL_0922,egp,consenso_clasificaciones_panel_ENOE,Misma categoria en ambas mediciones; destino historico oficial; empleo continuo
1360,clase_egp13_damian,2,2,22,9630,9278,TRUE,0.9749924066011947,TRUE,1,TRUE,15,7,0.9609732975193553,1,1,1,TRUE,TRUE,TRUE,TRUE,TRUE,concordancia_estable_panel,CONSENSO_PANEL_0923,egp,consenso_clasificaciones_panel_ENOE,Misma categoria en ambas mediciones; destino historico oficial; empleo continuo
1364,clase_egp13_damian,2,2,33,7560,7532,TRUE,0.9020403293163107,TRUE,1,TRUE,14,19,0.8401336196611787,0.9639618138424821,1,1,TRUE,TRUE,TRUE,TRUE,TRUE,concordancia_estable_panel,CONSENSO_PANEL_0924,egp,consenso_clasificaciones_panel_ENOE,Misma categoria en ambas mediciones; destino historico oficial; empleo continuo
1390,clase_egp13_damian,2,2,23,3426,3523,TRUE,0.7669576897246474,TRUE,1,TRUE,15,8,0.7984318850049004,0.6984352773826458,1,1,TRUE,TRUE,TRUE,TRUE,TRUE,concordancia_estable_panel,CONSENSO_PANEL_0925,egp,consenso_clasificaciones_panel_ENOE,Misma categoria en ambas mediciones; destino historico oficial; empleo continuo
1401,clase_egp13_damian,2,2,25,7008,8012,TRUE,0.7286338116032439,TRUE,1,TRUE,11,14,0.8512931034482759,0.5899424014178113,1,1,TRUE,TRUE,TRUE,TRUE,TRUE,concordancia_estable_panel,CONSENSO_PANEL_0926,egp,consenso_clasificaciones_panel_ENOE,Misma categoria en ambas mediciones; destino historico oficial; empleo continuo
1412,clase_egp13_damian,2,2,73,17270,18329,TRUE,0.9235788010054014,TRUE,1,TRUE,33,40,1,0.8670944940476191,1,1,TRUE,TRUE,TRUE,TRUE,TRUE,concordancia_estable_panel,CONSENSO_PANEL_0927,egp,consenso_clasificaciones_panel_ENOE,Misma categoria en ambas mediciones; destino historico oficial; empleo continuo
1420,clase_egp13_damian,1,1,13,2927,2713,TRUE,0.847178002894356,TRUE,1,TRUE,8,5,0.6086601307189542,0.9780367548184671,1,1,TRUE,TRUE,TRUE,TRUE,TRUE,concordancia_estable_panel,CONSENSO_PANEL_0928,egp,consenso_clasificaciones_panel_ENOE,Misma categoria en ambas mediciones; destino historico oficial; empleo continuo
1423,clase_egp13_damian,6,6,21,6257,6202,TRUE,0.6807006092254134,TRUE,1,TRUE,13,8,0.5295720468023721,1,1,1,TRUE,TRUE,TRUE,TRUE,TRUE,concordancia_estable_panel,CONSENSO_PANEL_0929,egp,consenso_clasificaciones_panel_ENOE,Misma categoria en ambas mediciones; destino historico oficial; empleo continuo
1423,clase_egp13_damian,7,7,41,13018,13177,TRUE,0.7026122625215889,TRUE,1,TRUE,21,20,0.5616589455106993,0.8376664552948636,1,1,TRUE,TRUE,TRUE,TRUE,TRUE,concordancia_estable_panel,CONSENSO_PANEL_0930,egp,consenso_clasificaciones_panel_ENOE,Misma categoria en ambas mediciones; destino historico oficial; empleo continuo
2101,clase_egp13_damian,1,1,22,6075,5961,TRUE,0.8137977227059612,TRUE,1,TRUE,8,14,0.7184391736801836,0.865182436611008,1,1,TRUE,TRUE,TRUE,TRUE,TRUE,concordancia_estable_panel,CONSENSO_PANEL_0931,egp,consenso_clasificaciones_panel_ENOE,Misma categoria en ambas mediciones; destino historico oficial; empleo continuo
2110,clase_egp13_damian,1,1,18,2842,2720,TRUE,0.8302658486707567,TRUE,1,TRUE,7,11,0.7852672123254695,0.899702823179792,1,1,TRUE,TRUE,TRUE,TRUE,TRUE,concordancia_estable_panel,CONSENSO_PANEL_0932,egp,consenso_clasificaciones_panel_ENOE,Misma categoria en ambas mediciones; destino historico oficial; empleo continuo
2111,clase_egp13_damian,1,1,24,6880,6788,TRUE,0.60584712927087,TRUE,1,TRUE,15,9,0.6102968808718526,0.5953157426623185,1,1,TRUE,TRUE,TRUE,TRUE,TRUE,concordancia_estable_panel,CONSENSO_PANEL_0933,egp,consenso_clasificaciones_panel_ENOE,Misma categoria en ambas mediciones; destino historico oficial; empleo continuo
2120,clase_egp13_damian,1,1,12,1936,1900,TRUE,0.7658227848101266,TRUE,1,TRUE,5,7,0.7118863049095607,0.8510204081632653,1,1,TRUE,TRUE,TRUE,TRUE,TRUE,concordancia_estable_panel,CONSENSO_PANEL_0934,egp,consenso_clasificaciones_panel_ENOE,Misma categoria en ambas mediciones; destino historico oficial; empleo continuo
2121,clase_egp13_damian,1,1,115,36596,37863,TRUE,0.7949430880180728,TRUE,0.9640729235626623,TRUE,60,55,0.8081160383103582,0.7864369213169843,0.9559036461761221,0.9692275747508305,TRUE,TRUE,TRUE,TRUE,TRUE,concordancia_estable_panel,CONSENSO_PANEL_0935,egp,consenso_clasificaciones_panel_ENOE,Misma categoria en ambas mediciones; destino historico oficial; empleo continuo
2122,clase_egp13_damian,5,5,23,4549,4375,TRUE,0.8805652342237708,TRUE,1,TRUE,13,10,0.8311901504787962,1,1,1,TRUE,TRUE,TRUE,TRUE,TRUE,concordancia_estable_panel,CONSENSO_PANEL_0936,egp,consenso_clasificaciones_panel_ENOE,Misma categoria en ambas mediciones; destino historico oficial; empleo continuo
2125,clase_egp13_damian,1,1,75,19236,17145,TRUE,0.6547533952823446,TRUE,0.9877290010369858,TRUE,38,37,0.5563890157197835,0.7621013667425968,1,0.9760754801752218,TRUE,TRUE,TRUE,TRUE,TRUE,concordancia_estable_panel,CONSENSO_PANEL_0937,egp,consenso_clasificaciones_panel_ENOE,Misma categoria en ambas mediciones; destino historico oficial; empleo continuo
2127,clase_egp13_damian,1,1,16,4052,3613,TRUE,0.6084997747409521,TRUE,0.9345576823590274,TRUE,6,10,0.6453937210499228,0.5567976920302921,1,0.8431494110353379,TRUE,TRUE,TRUE,TRUE,TRUE,concordancia_estable_panel,CONSENSO_PANEL_0938,egp,consenso_clasificaciones_panel_ENOE,Misma categoria en ambas mediciones; destino historico oficial; empleo continuo
2127,clase_egp13_damian,2,2,34,6352,6257,TRUE,0.6640878201777313,TRUE,1,TRUE,15,19,0.7061383417315621,0.6287747643777649,1,1,TRUE,TRUE,TRUE,TRUE,TRUE,concordancia_estable_panel,CONSENSO_PANEL_0939,egp,consenso_clasificaciones_panel_ENOE,Misma categoria en ambas mediciones; destino historico oficial; empleo continuo
4100,clase_egp13_damian,12,12,1599,634397,643066,TRUE,1,TRUE,1,TRUE,774,825,1,1,1,1,TRUE,TRUE,TRUE,TRUE,TRUE,concordancia_estable_panel,CONSENSO_PANEL_0940,egp,consenso_clasificaciones_panel_ENOE,Misma categoria en ambas mediciones; destino historico oficial; empleo continuo
4101,clase_egp13_damian,12,12,37,10323,10374,TRUE,0.9605471294314692,TRUE,1,TRUE,18,19,0.9156722354813047,1,1,1,TRUE,TRUE,TRUE,TRUE,TRUE,concordancia_estable_panel,CONSENSO_PANEL_0941,egp,consenso_clasificaciones_panel_ENOE,Misma categoria en ambas mediciones; destino historico oficial; empleo continuo
4103,clase_egp13_damian,12,12,53,17827,17536,TRUE,1,TRUE,1,TRUE,23,30,1,1,1,1,TRUE,TRUE,TRUE,TRUE,TRUE,concordancia_estable_panel,CONSENSO_PANEL_0942,egp,consenso_clasificaciones_panel_ENOE,Misma categoria en ambas mediciones; destino historico oficial; empleo continuo
4104,clase_egp13_damian,12,12,73,50116,50172,TRUE,1,TRUE,1,TRUE,50,23,1,1,1,1,TRUE,TRUE,TRUE,TRUE,TRUE,concordancia_estable_panel,CONSENSO_PANEL_0943,egp,consenso_clasificaciones_panel_ENOE,Misma categoria en ambas mediciones; destino historico oficial; empleo continuo
4106,clase_egp13_damian,12,12,78,23586,23731,TRUE,0.9876057281634704,TRUE,1,TRUE,42,36,1,0.9760866052674099,1,1,TRUE,TRUE,TRUE,TRUE,TRUE,concordancia_estable_panel,CONSENSO_PANEL_0944,egp,consenso_clasificaciones_panel_ENOE,Misma categoria en ambas mediciones; destino historico oficial; empleo continuo
4107,clase_egp13_damian,12,12,16,8782,8558,TRUE,1,TRUE,1,TRUE,5,11,1,1,1,1,TRUE,TRUE,TRUE,TRUE,TRUE,concordancia_estable_panel,CONSENSO_PANEL_0945,egp,consenso_clasificaciones_panel_ENOE,Misma categoria en ambas mediciones; destino historico oficial; empleo continuo
4108,clase_egp13_damian,12,12,51,15494,16046,TRUE,1,TRUE,1,TRUE,21,30,1,1,1,1,TRUE,TRUE,TRUE,TRUE,TRUE,concordancia_estable_panel,CONSENSO_PANEL_0946,egp,consenso_clasificaciones_panel_ENOE,Misma categoria en ambas mediciones; destino historico oficial; empleo continuo
4110,clase_egp13_damian,12,12,86,27576,27870,TRUE,0.9756235627100655,TRUE,1,TRUE,57,29,0.9719255942128833,0.9815617221351526,1,1,TRUE,TRUE,TRUE,TRUE,TRUE,concordancia_estable_panel,CONSENSO_PANEL_0947,egp,consenso_clasificaciones_panel_ENOE,Misma categoria en ambas mediciones; destino historico oficial; empleo continuo
4112,clase_egp13_damian,13,13,38,9010,9098,TRUE,0.6950015427337242,TRUE,1,TRUE,10,28,0.5593316340979892,0.8573364961030159,1,1,TRUE,TRUE,TRUE,TRUE,TRUE,concordancia_estable_panel,CONSENSO_PANEL_0948,egp,consenso_clasificaciones_panel_ENOE,Misma categoria en ambas mediciones; destino historico oficial; empleo continuo
4113,clase_egp13_damian,12,12,37,12461,12460,TRUE,1,TRUE,1,TRUE,16,21,1,1,1,1,TRUE,TRUE,TRUE,TRUE,TRUE,concordancia_estable_panel,CONSENSO_PANEL_0949,egp,consenso_clasificaciones_panel_ENOE,Misma categoria en ambas mediciones; destino historico oficial; empleo continuo
4113,clase_egp13_damian,13,13,18,6530,6544,TRUE,0.6917372881355932,TRUE,1,TRUE,12,6,0.5982175336485995,0.8221714865550482,1,1,TRUE,TRUE,TRUE,TRUE,TRUE,concordancia_estable_panel,CONSENSO_PANEL_0950,egp,consenso_clasificaciones_panel_ENOE,Misma categoria en ambas mediciones; destino historico oficial; empleo continuo
4120,clase_egp13_damian,12,12,151,37893,37737,TRUE,1,TRUE,1,TRUE,93,58,1,1,1,1,TRUE,TRUE,TRUE,TRUE,TRUE,concordancia_estable_panel,CONSENSO_PANEL_0951,egp,consenso_clasificaciones_panel_ENOE,Misma categoria en ambas mediciones; destino historico oficial; empleo continuo
4135,clase_egp13_damian,12,12,16,4488,4537,TRUE,1,TRUE,1,TRUE,11,5,1,1,1,1,TRUE,TRUE,TRUE,TRUE,TRUE,concordancia_estable_panel,CONSENSO_PANEL_0952,egp,consenso_clasificaciones_panel_ENOE,Misma categoria en ambas mediciones; destino historico oficial; empleo continuo
4150,clase_egp13_damian,12,12,102,24089,24541,TRUE,0.9929922915206727,TRUE,1,TRUE,55,47,1,0.9776668418286916,1,1,TRUE,TRUE,TRUE,TRUE,TRUE,concordancia_estable_panel,CONSENSO_PANEL_0953,egp,consenso_clasificaciones_panel_ENOE,Misma categoria en ambas mediciones; destino historico oficial; empleo continuo
4150,clase_egp13_damian,13,13,30,7955,7842,TRUE,0.9404184891831185,TRUE,1,TRUE,13,17,0.9189989235737352,0.9572000843348092,1,1,TRUE,TRUE,TRUE,TRUE,TRUE,concordancia_estable_panel,CONSENSO_PANEL_0954,egp,consenso_clasificaciones_panel_ENOE,Misma categoria en ambas mediciones; destino historico oficial; empleo continuo
5121,clase_egp13_damian,7,7,32,6550,6585,TRUE,0.6710378035037393,TRUE,1,TRUE,22,10,0.6533807829181495,0.6950012074378169,1,1,TRUE,TRUE,TRUE,TRUE,TRUE,concordancia_estable_panel,CONSENSO_PANEL_0955,egp,consenso_clasificaciones_panel_ENOE,Misma categoria en ambas mediciones; destino historico oficial; empleo continuo
5200,clase_egp13_damian,5,5,12,4082,3898,TRUE,1,TRUE,1,TRUE,7,5,1,1,1,1,TRUE,TRUE,TRUE,TRUE,TRUE,concordancia_estable_panel,CONSENSO_PANEL_0956,egp,consenso_clasificaciones_panel_ENOE,Misma categoria en ambas mediciones; destino historico oficial; empleo continuo
5200,clase_egp13_damian,6,6,44,18036,17992,TRUE,0.9700424891088044,TRUE,1,TRUE,24,20,1,0.9076591511936339,1,1,TRUE,TRUE,TRUE,TRUE,TRUE,concordancia_estable_panel,CONSENSO_PANEL_0957,egp,consenso_clasificaciones_panel_ENOE,Misma categoria en ambas mediciones; destino historico oficial; empleo continuo
5200,clase_egp13_damian,8,8,46,16342,16649,TRUE,0.8966311862174915,TRUE,1,TRUE,24,22,0.8902375585226288,0.9076509264793784,1,1,TRUE,TRUE,TRUE,TRUE,TRUE,concordancia_estable_panel,CONSENSO_PANEL_0958,egp,consenso_clasificaciones_panel_ENOE,Misma categoria en ambas mediciones; destino historico oficial; empleo continuo
5200,clase_egp13_damian,9,9,43,16849,16044,TRUE,0.7774547803617571,TRUE,1,TRUE,18,25,0.7071748878923767,0.8266154328732748,1,1,TRUE,TRUE,TRUE,TRUE,TRUE,concordancia_estable_panel,CONSENSO_PANEL_0959,egp,consenso_clasificaciones_panel_ENOE,Misma categoria en ambas mediciones; destino historico oficial; empleo continuo
5202,clase_egp13_damian,5,5,27,10004,10785,TRUE,0.8437921727395412,TRUE,1,TRUE,9,18,0.6360201511335013,0.9833615341229555,1,1,TRUE,TRUE,TRUE,TRUE,TRUE,concordancia_estable_panel,CONSENSO_PANEL_0960,egp,consenso_clasificaciones_panel_ENOE,Misma categoria en ambas mediciones; destino historico oficial; empleo continuo
5202,clase_egp13_damian,6,6,289,90702,90882,TRUE,0.97335408059237,TRUE,1,TRUE,156,133,0.9817485104215119,0.965464840334735,1,1,TRUE,TRUE,TRUE,TRUE,TRUE,concordancia_estable_panel,CONSENSO_PANEL_0961,egp,consenso_clasificaciones_panel_ENOE,Misma categoria en ambas mediciones; destino historico oficial; empleo continuo
5202,clase_egp13_damian,8,8,33,6511,7231,TRUE,0.6828526481384374,TRUE,1,TRUE,17,16,0.7143595041322314,0.6337536892943386,1,1,TRUE,TRUE,TRUE,TRUE,TRUE,concordancia_estable_panel,CONSENSO_PANEL_0962,egp,consenso_clasificaciones_panel_ENOE,Misma categoria en ambas mediciones; destino historico oficial; empleo continuo
5204,clase_egp13_damian,6,6,54,14388,14833,TRUE,0.9813791692244731,TRUE,1,TRUE,25,29,0.9936904455318053,0.9675126903553299,1,1,TRUE,TRUE,TRUE,TRUE,TRUE,concordancia_estable_panel,CONSENSO_PANEL_0963,egp,consenso_clasificaciones_panel_ENOE,Misma categoria en ambas mediciones; destino historico oficial; empleo continuo
5208,clase_egp13_damian,4,4,233,59831,60505,TRUE,0.6848473055263038,TRUE,1,TRUE,121,112,0.7471412669500102,0.6333723555481228,1,1,TRUE,TRUE,TRUE,TRUE,TRUE,concordancia_estable_panel,CONSENSO_PANEL_0964,egp,consenso_clasificaciones_panel_ENOE,Misma categoria en ambas mediciones; destino historico oficial; empleo continuo
5208,clase_egp13_damian,6,6,53,20363,20189,TRUE,0.9645225464190982,TRUE,1,TRUE,24,29,0.9629931339462353,0.9655723300583113,1,1,TRUE,TRUE,TRUE,TRUE,TRUE,concordancia_estable_panel,CONSENSO_PANEL_0965,egp,consenso_clasificaciones_panel_ENOE,Misma categoria en ambas mediciones; destino historico oficial; empleo continuo
5221,clase_egp13_damian,6,6,114,33311,33580,TRUE,1,TRUE,1,TRUE,60,54,1,1,1,1,TRUE,TRUE,TRUE,TRUE,TRUE,concordancia_estable_panel,CONSENSO_PANEL_0966,egp,consenso_clasificaciones_panel_ENOE,Misma categoria en ambas mediciones; destino historico oficial; empleo continuo
5222,clase_egp13_damian,6,6,208,48473,49198,TRUE,0.9916734860883797,TRUE,1,TRUE,98,110,0.984754841367944,1,1,1,TRUE,TRUE,TRUE,TRUE,TRUE,concordancia_estable_panel,CONSENSO_PANEL_0967,egp,consenso_clasificaciones_panel_ENOE,Misma categoria en ambas mediciones; destino historico oficial; empleo continuo
5222,clase_egp13_damian,8,8,21,6049,6155,TRUE,0.9905027018175864,TRUE,1,TRUE,8,13,1,0.9864990689013036,1,1,TRUE,TRUE,TRUE,TRUE,TRUE,concordancia_estable_panel,CONSENSO_PANEL_0968,egp,consenso_clasificaciones_panel_ENOE,Misma categoria en ambas mediciones; destino historico oficial; empleo continuo
5222,clase_egp13_damian,9,9,38,11987,12219,TRUE,0.9006010518407213,TRUE,1,TRUE,18,20,0.8826315789473684,0.9245183887915936,1,1,TRUE,TRUE,TRUE,TRUE,TRUE,concordancia_estable_panel,CONSENSO_PANEL_0969,egp,consenso_clasificaciones_panel_ENOE,Misma categoria en ambas mediciones; destino historico oficial; empleo continuo
5224,clase_egp13_damian,6,6,32,9129,8963,TRUE,1,TRUE,1,TRUE,19,13,1,1,1,1,TRUE,TRUE,TRUE,TRUE,TRUE,concordancia_estable_panel,CONSENSO_PANEL_0970,egp,consenso_clasificaciones_panel_ENOE,Misma categoria en ambas mediciones; destino historico oficial; empleo continuo
5227,clase_egp13_damian,6,6,44,13233,13121,TRUE,1,TRUE,1,TRUE,22,22,1,1,1,1,TRUE,TRUE,TRUE,TRUE,TRUE,concordancia_estable_panel,CONSENSO_PANEL_0971,egp,consenso_clasificaciones_panel_ENOE,Misma categoria en ambas mediciones; destino historico oficial; empleo continuo
5230,clase_egp13_damian,5,5,21,8047,8045,TRUE,1,TRUE,1,TRUE,5,16,1,1,1,1,TRUE,TRUE,TRUE,TRUE,TRUE,concordancia_estable_panel,CONSENSO_PANEL_0972,egp,consenso_clasificaciones_panel_ENOE,Misma categoria en ambas mediciones; destino historico oficial; empleo continuo
5230,clase_egp13_damian,6,6,99,27267,27082,TRUE,0.9986083134956968,TRUE,1,TRUE,60,39,0.9977215493464444,1,1,1,TRUE,TRUE,TRUE,TRUE,TRUE,concordancia_estable_panel,CONSENSO_PANEL_0973,egp,consenso_clasificaciones_panel_ENOE,Misma categoria en ambas mediciones; destino historico oficial; empleo continuo
5230,clase_egp13_damian,8,8,17,3760,3928,TRUE,0.6239628277464321,TRUE,1,TRUE,8,9,0.8197879858657244,0.5280593325092707,1,1,TRUE,TRUE,TRUE,TRUE,TRUE,concordancia_estable_panel,CONSENSO_PANEL_0974,egp,consenso_clasificaciones_panel_ENOE,Misma categoria en ambas mediciones; destino historico oficial; empleo continuo
5230,clase_egp13_damian,9,9,35,13491,13914,TRUE,0.7190214784416138,TRUE,1,TRUE,20,15,0.8570249449743214,0.5275480341010307,1,1,TRUE,TRUE,TRUE,TRUE,TRUE,concordancia_estable_panel,CONSENSO_PANEL_0975,egp,consenso_clasificaciones_panel_ENOE,Misma categoria en ambas mediciones; destino historico oficial; empleo continuo
5231,clase_egp13_damian,6,6,40,15593,15318,TRUE,1,TRUE,1,TRUE,23,17,1,1,1,1,TRUE,TRUE,TRUE,TRUE,TRUE,concordancia_estable_panel,CONSENSO_PANEL_0976,egp,consenso_clasificaciones_panel_ENOE,Misma categoria en ambas mediciones; destino historico oficial; empleo continuo
5241,clase_egp13_damian,8,8,53,12352,13017,TRUE,0.8660169669774942,TRUE,1,TRUE,24,29,0.7957716701902748,0.935546875,1,1,TRUE,TRUE,TRUE,TRUE,TRUE,concordancia_estable_panel,CONSENSO_PANEL_0977,egp,consenso_clasificaciones_panel_ENOE,Misma categoria en ambas mediciones; destino historico oficial; empleo continuo
5242,clase_egp13_damian,5,5,22,6549,6716,TRUE,0.9868896925858951,TRUE,1,TRUE,10,12,1,0.9748772740398498,1,1,TRUE,TRUE,TRUE,TRUE,TRUE,concordancia_estable_panel,CONSENSO_PANEL_0978,egp,consenso_clasificaciones_panel_ENOE,Misma categoria en ambas mediciones; destino historico oficial; empleo continuo
5242,clase_egp13_damian,6,6,39,11559,11980,TRUE,1,TRUE,1,TRUE,19,20,1,1,1,1,TRUE,TRUE,TRUE,TRUE,TRUE,concordancia_estable_panel,CONSENSO_PANEL_0979,egp,consenso_clasificaciones_panel_ENOE,Misma categoria en ambas mediciones; destino historico oficial; empleo continuo
5242,clase_egp13_damian,8,8,33,7565,7511,TRUE,0.9047960770242794,TRUE,1,TRUE,16,17,0.8453053537799301,0.952411714039621,1,1,TRUE,TRUE,TRUE,TRUE,TRUE,concordancia_estable_panel,CONSENSO_PANEL_0980,egp,consenso_clasificaciones_panel_ENOE,Misma categoria en ambas mediciones; destino historico oficial; empleo continuo
5242,clase_egp13_damian,9,9,32,8587,8519,TRUE,0.7622048641931475,TRUE,1,TRUE,13,19,0.7915901579140654,0.7347079037800688,1,1,TRUE,TRUE,TRUE,TRUE,TRUE,concordancia_estable_panel,CONSENSO_PANEL_0981,egp,consenso_clasificaciones_panel_ENOE,Misma categoria en ambas mediciones; destino historico oficial; empleo continuo
5244,clase_egp13_damian,6,6,13,2689,2794,TRUE,0.96310888252149,TRUE,1,TRUE,7,6,0.906871609403255,1,1,1,TRUE,TRUE,TRUE,TRUE,TRUE,concordancia_estable_panel,CONSENSO_PANEL_0982,egp,consenso_clasificaciones_panel_ENOE,Misma categoria en ambas mediciones; destino historico oficial; empleo continuo
5245,clase_egp13_damian,5,5,53,17120,17077,TRUE,0.9218674277098702,TRUE,1,TRUE,21,32,0.8525582248303686,0.9506784570818723,1,1,TRUE,TRUE,TRUE,TRUE,TRUE,concordancia_estable_panel,CONSENSO_PANEL_0983,egp,consenso_clasificaciones_panel_ENOE,Misma categoria en ambas mediciones; destino historico oficial; empleo continuo
5245,clase_egp13_damian,6,6,159,43834,44091,TRUE,0.9574923547400611,TRUE,1,TRUE,90,69,0.9521436805116573,0.9651082755334357,1,1,TRUE,TRUE,TRUE,TRUE,TRUE,concordancia_estable_panel,CONSENSO_PANEL_0984,egp,consenso_clasificaciones_panel_ENOE,Misma categoria en ambas mediciones; destino historico oficial; empleo continuo
5245,clase_egp13_damian,8,8,50,12613,12873,TRUE,0.7257192174913694,TRUE,1,TRUE,21,29,0.8626339969372129,0.6433179723502304,1,1,TRUE,TRUE,TRUE,TRUE,TRUE,concordancia_estable_panel,CONSENSO_PANEL_0985,egp,consenso_clasificaciones_panel_ENOE,Misma categoria en ambas mediciones; destino historico oficial; empleo continuo
5245,clase_egp13_damian,9,9,73,18042,18579,TRUE,0.6259801540489903,TRUE,1,TRUE,40,33,0.7111447520184544,0.5469565217391305,1,1,TRUE,TRUE,TRUE,TRUE,TRUE,concordancia_estable_panel,CONSENSO_PANEL_0986,egp,consenso_clasificaciones_panel_ENOE,Misma categoria en ambas mediciones; destino historico oficial; empleo continuo
5246,clase_egp13_damian,6,6,24,7629,7514,TRUE,0.8733829421866056,TRUE,1,TRUE,14,10,1,0.81289121975977,1,1,TRUE,TRUE,TRUE,TRUE,TRUE,concordancia_estable_panel,CONSENSO_PANEL_0987,egp,consenso_clasificaciones_panel_ENOE,Misma categoria en ambas mediciones; destino historico oficial; empleo continuo
5248,clase_egp13_damian,5,5,14,2715,2731,TRUE,1,TRUE,1,TRUE,7,7,1,1,1,1,TRUE,TRUE,TRUE,TRUE,TRUE,concordancia_estable_panel,CONSENSO_PANEL_0988,egp,consenso_clasificaciones_panel_ENOE,Misma categoria en ambas mediciones; destino historico oficial; empleo continuo
5248,clase_egp13_damian,6,6,81,21856,22100,TRUE,1,TRUE,1,TRUE,42,39,1,1,1,1,TRUE,TRUE,TRUE,TRUE,TRUE,concordancia_estable_panel,CONSENSO_PANEL_0989,egp,consenso_clasificaciones_panel_ENOE,Misma categoria en ambas mediciones; destino historico oficial; empleo continuo
5248,clase_egp13_damian,9,9,21,8238,8234,TRUE,0.7494541484716157,TRUE,1,TRUE,11,10,0.7282819872328615,0.7897517168515584,1,1,TRUE,TRUE,TRUE,TRUE,TRUE,concordancia_estable_panel,CONSENSO_PANEL_0990,egp,consenso_clasificaciones_panel_ENOE,Misma categoria en ambas mediciones; destino historico oficial; empleo continuo
5251,clase_egp13_damian,5,5,14,4286,4288,TRUE,0.940737489025461,TRUE,1,TRUE,9,5,0.8705656759348035,1,1,1,TRUE,TRUE,TRUE,TRUE,TRUE,concordancia_estable_panel,CONSENSO_PANEL_0991,egp,consenso_clasificaciones_panel_ENOE,Misma categoria en ambas mediciones; destino historico oficial; empleo continuo
5251,clase_egp13_damian,9,9,29,10392,11113,TRUE,0.8778509883426254,TRUE,1,TRUE,17,12,0.8429465831890236,0.9383514199953821,1,1,TRUE,TRUE,TRUE,TRUE,TRUE,concordancia_estable_panel,CONSENSO_PANEL_0992,egp,consenso_clasificaciones_panel_ENOE,Misma categoria en ambas mediciones; destino historico oficial; empleo continuo
5260,clase_egp13_damian,5,5,127,27704,27937,TRUE,1,TRUE,1,TRUE,60,67,1,1,1,1,TRUE,TRUE,TRUE,TRUE,TRUE,concordancia_estable_panel,CONSENSO_PANEL_0993,egp,consenso_clasificaciones_panel_ENOE,Misma categoria en ambas mediciones; destino historico oficial; empleo continuo
5260,clase_egp13_damian,6,6,207,61225,61712,TRUE,1,TRUE,1,TRUE,104,103,1,1,1,1,TRUE,TRUE,TRUE,TRUE,TRUE,concordancia_estable_panel,CONSENSO_PANEL_0994,egp,consenso_clasificaciones_panel_ENOE,Misma categoria en ambas mediciones; destino historico oficial; empleo continuo
5260,clase_egp13_damian,8,8,47,8569,8567,TRUE,0.6221141280673733,TRUE,1,TRUE,28,19,0.5193920335429769,0.8535663675011809,1,1,TRUE,TRUE,TRUE,TRUE,TRUE,concordancia_estable_panel,CONSENSO_PANEL_0995,egp,consenso_clasificaciones_panel_ENOE,Misma categoria en ambas mediciones; destino historico oficial; empleo continuo
5261,clase_egp13_damian,6,6,70,13703,13842,TRUE,1,TRUE,1,TRUE,31,39,1,1,1,1,TRUE,TRUE,TRUE,TRUE,TRUE,concordancia_estable_panel,CONSENSO_PANEL_0996,egp,consenso_clasificaciones_panel_ENOE,Misma categoria en ambas mediciones; destino historico oficial; empleo continuo
5261,clase_egp13_damian,9,9,29,7414,7503,TRUE,0.8786442284901635,TRUE,1,TRUE,12,17,0.8447280461865694,0.9003302894890227,1,1,TRUE,TRUE,TRUE,TRUE,TRUE,concordancia_estable_panel,CONSENSO_PANEL_0997,egp,consenso_clasificaciones_panel_ENOE,Misma categoria en ambas mediciones; destino historico oficial; empleo continuo
5262,clase_egp13_damian,6,6,20,4683,4479,TRUE,1,TRUE,1,TRUE,8,12,1,1,1,1,TRUE,TRUE,TRUE,TRUE,TRUE,concordancia_estable_panel,CONSENSO_PANEL_0998,egp,consenso_clasificaciones_panel_ENOE,Misma categoria en ambas mediciones; destino historico oficial; empleo continuo
5267,clase_egp13_damian,6,6,84,17806,17656,TRUE,1,TRUE,1,TRUE,43,41,1,1,1,1,TRUE,TRUE,TRUE,TRUE,TRUE,concordancia_estable_panel,CONSENSO_PANEL_0999,egp,consenso_clasificaciones_panel_ENOE,Misma categoria en ambas mediciones; destino historico oficial; empleo continuo
5270,clase_egp13_damian,6,6,63,17852,16704,TRUE,0.9841777385743425,TRUE,1,TRUE,27,36,0.9763129188094125,0.9884831939941989,1,1,TRUE,TRUE,TRUE,TRUE,TRUE,concordancia_estable_panel,CONSENSO_PANEL_1000,egp,consenso_clasificaciones_panel_ENOE,Misma categoria en ambas mediciones; destino historico oficial; empleo continuo
5271,clase_egp13_damian,2,2,47,14382,14150,TRUE,0.7859016393442623,TRUE,1,TRUE,22,25,0.8001545765706084,0.7719355187709618,1,1,TRUE,TRUE,TRUE,TRUE,TRUE,concordancia_estable_panel,CONSENSO_PANEL_1001,egp,consenso_clasificaciones_panel_ENOE,Misma categoria en ambas mediciones; destino historico oficial; empleo continuo
5272,clase_egp13_damian,2,2,28,9311,9606,TRUE,0.6165000331060054,TRUE,1,TRUE,11,17,0.6661567877629063,0.5901954826293933,1,1,TRUE,TRUE,TRUE,TRUE,TRUE,concordancia_estable_panel,CONSENSO_PANEL_1002,egp,consenso_clasificaciones_panel_ENOE,Misma categoria en ambas mediciones; destino historico oficial; empleo continuo
5280,clase_egp13_damian,6,6,20,4560,4528,TRUE,1,TRUE,1,TRUE,12,8,1,1,1,1,TRUE,TRUE,TRUE,TRUE,TRUE,concordancia_estable_panel,CONSENSO_PANEL_1003,egp,consenso_clasificaciones_panel_ENOE,Misma categoria en ambas mediciones; destino historico oficial; empleo continuo
5280,clase_egp13_damian,9,9,30,11140,11048,TRUE,0.6727053140096618,TRUE,1,TRUE,15,15,0.6529082907101225,0.6931190972648105,1,1,TRUE,TRUE,TRUE,TRUE,TRUE,concordancia_estable_panel,CONSENSO_PANEL_1004,egp,consenso_clasificaciones_panel_ENOE,Misma categoria en ambas mediciones; destino historico oficial; empleo continuo
5290,clase_egp13_damian,6,6,18,4134,4163,TRUE,1,TRUE,1,TRUE,9,9,1,1,1,1,TRUE,TRUE,TRUE,TRUE,TRUE,concordancia_estable_panel,CONSENSO_PANEL_1005,egp,consenso_clasificaciones_panel_ENOE,Misma categoria en ambas mediciones; destino historico oficial; empleo continuo
5300,clase_egp13_damian,8,8,12,5087,5165,TRUE,0.5674921909861669,TRUE,1,TRUE,6,6,0.6044461479494059,0.5160170848905499,1,1,TRUE,TRUE,TRUE,TRUE,TRUE,concordancia_estable_panel,CONSENSO_PANEL_1006,egp,consenso_clasificaciones_panel_ENOE,Misma categoria en ambas mediciones; destino historico oficial; empleo continuo
5302,clase_egp13_damian,8,8,32,8992,8972,TRUE,0.7441860465116279,TRUE,1,TRUE,20,12,0.7422099862345138,0.7480449657869013,1,1,TRUE,TRUE,TRUE,TRUE,TRUE,concordancia_estable_panel,CONSENSO_PANEL_1007,egp,consenso_clasificaciones_panel_ENOE,Misma categoria en ambas mediciones; destino historico oficial; empleo continuo
5304,clase_egp13_damian,8,8,18,5036,5296,TRUE,0.7784819910341629,TRUE,1,TRUE,11,7,0.8644656820156386,0.6800397877984085,1,1,TRUE,TRUE,TRUE,TRUE,TRUE,concordancia_estable_panel,CONSENSO_PANEL_1008,egp,consenso_clasificaciones_panel_ENOE,Misma categoria en ambas mediciones; destino historico oficial; empleo continuo
5306,clase_egp13_damian,8,8,17,5903,5758,TRUE,0.69924188580905,TRUE,1,TRUE,6,11,0.7704654895666132,0.6694117647058824,1,1,TRUE,TRUE,TRUE,TRUE,TRUE,concordancia_estable_panel,CONSENSO_PANEL_1009,egp,consenso_clasificaciones_panel_ENOE,Misma categoria en ambas mediciones; destino historico oficial; empleo continuo
5310,clase_egp13_damian,8,8,21,4684,4759,TRUE,0.9631914456097059,TRUE,1,TRUE,9,12,0.9629874421678783,0.9632835820895522,1,1,TRUE,TRUE,TRUE,TRUE,TRUE,concordancia_estable_panel,CONSENSO_PANEL_1010,egp,consenso_clasificaciones_panel_ENOE,Misma categoria en ambas mediciones; destino historico oficial; empleo continuo
5320,clase_egp13_damian,8,8,22,4421,4515,TRUE,0.8036720596255227,TRUE,1,TRUE,14,8,1,0.5562859490550535,1,1,TRUE,TRUE,TRUE,TRUE,TRUE,concordancia_estable_panel,CONSENSO_PANEL_1011,egp,consenso_clasificaciones_panel_ENOE,Misma categoria en ambas mediciones; destino historico oficial; empleo continuo
5321,clase_egp13_damian,8,8,25,14675,14629,TRUE,0.8822291691715763,TRUE,1,TRUE,16,9,0.8573281452658884,0.9134380926578163,1,1,TRUE,TRUE,TRUE,TRUE,TRUE,concordancia_estable_panel,CONSENSO_PANEL_1012,egp,consenso_clasificaciones_panel_ENOE,Misma categoria en ambas mediciones; destino historico oficial; empleo continuo
5322,clase_egp13_damian,8,8,231,61214,61950,TRUE,0.9059614018470282,TRUE,1,TRUE,118,113,0.907995386109762,0.9040261090573013,1,1,TRUE,TRUE,TRUE,TRUE,TRUE,concordancia_estable_panel,CONSENSO_PANEL_1013,egp,consenso_clasificaciones_panel_ENOE,Misma categoria en ambas mediciones; destino historico oficial; empleo continuo
5322,clase_egp13_damian,9,9,24,4645,4372,TRUE,0.9097140618879749,TRUE,1,TRUE,11,13,0.8320864505403158,0.9788888888888889,1,1,TRUE,TRUE,TRUE,TRUE,TRUE,concordancia_estable_panel,CONSENSO_PANEL_1014,egp,consenso_clasificaciones_panel_ENOE,Misma categoria en ambas mediciones; destino historico oficial; empleo continuo
5323,clase_egp13_damian,8,8,129,18346,18547,TRUE,0.791219217665071,TRUE,1,TRUE,55,74,0.7756764912986621,0.8028838894760683,1,1,TRUE,TRUE,TRUE,TRUE,TRUE,concordancia_estable_panel,CONSENSO_PANEL_1015,egp,consenso_clasificaciones_panel_ENOE,Misma categoria en ambas mediciones; destino historico oficial; empleo continuo
5324,clase_egp13_damian,8,8,13,3987,3948,TRUE,0.8176784249384742,TRUE,1,TRUE,6,7,0.5634218289085545,0.9531593838415593,1,1,TRUE,TRUE,TRUE,TRUE,TRUE,concordancia_estable_panel,CONSENSO_PANEL_1016,egp,consenso_clasificaciones_panel_ENOE,Misma categoria en ambas mediciones; destino historico oficial; empleo continuo
5332,clase_egp13_damian,8,8,13,4747,4645,TRUE,0.9549386441359887,TRUE,1,TRUE,8,5,0.9096045197740112,1,1,1,TRUE,TRUE,TRUE,TRUE,TRUE,concordancia_estable_panel,CONSENSO_PANEL_1017,egp,consenso_clasificaciones_panel_ENOE,Misma categoria en ambas mediciones; destino historico oficial; empleo continuo
5334,clase_egp13_damian,8,8,12,3610,3677,TRUE,0.8094170403587444,TRUE,1,TRUE,7,5,0.8324216807558429,0.7905267456104532,1,1,TRUE,TRUE,TRUE,TRUE,TRUE,concordancia_estable_panel,CONSENSO_PANEL_1018,egp,consenso_clasificaciones_panel_ENOE,Misma categoria en ambas mediciones; destino historico oficial; empleo continuo
5340,clase_egp13_damian,8,8,20,5718,5746,TRUE,0.9479442970822282,TRUE,1,TRUE,6,14,0.7688338493292054,0.9822239778787281,1,1,TRUE,TRUE,TRUE,TRUE,TRUE,concordancia_estable_panel,CONSENSO_PANEL_1019,egp,consenso_clasificaciones_panel_ENOE,Misma categoria en ambas mediciones; destino historico oficial; empleo continuo
5342,clase_egp13_damian,8,8,40,11394,11461,TRUE,0.9094827586206896,TRUE,1,TRUE,23,17,0.9769519385385028,0.8549992786033761,1,1,TRUE,TRUE,TRUE,TRUE,TRUE,concordancia_estable_panel,CONSENSO_PANEL_1020,egp,consenso_clasificaciones_panel_ENOE,Misma categoria en ambas mediciones; destino historico oficial; empleo continuo
5343,clase_egp13_damian,8,8,187,40222,40453,TRUE,0.7800403382204639,TRUE,1,TRUE,90,97,0.7727131782945736,0.7873777363763391,1,1,TRUE,TRUE,TRUE,TRUE,TRUE,concordancia_estable_panel,CONSENSO_PANEL_1021,egp,consenso_clasificaciones_panel_ENOE,Misma categoria en ambas mediciones; destino historico oficial; empleo continuo
5344,clase_egp13_damian,8,8,219,45784,45936,TRUE,0.7904832611060274,TRUE,1,TRUE,113,106,0.807850361343347,0.773971910680004,1,1,TRUE,TRUE,TRUE,TRUE,TRUE,concordancia_estable_panel,CONSENSO_PANEL_1022,egp,consenso_clasificaciones_panel_ENOE,Misma categoria en ambas mediciones; destino historico oficial; empleo continuo
5345,clase_egp13_damian,8,8,322,100540,104447,TRUE,0.8475447839831401,TRUE,1,TRUE,164,158,0.8341000661494978,0.8647066725517665,1,1,TRUE,TRUE,TRUE,TRUE,TRUE,concordancia_estable_panel,CONSENSO_PANEL_1023,egp,consenso_clasificaciones_panel_ENOE,Misma categoria en ambas mediciones; destino historico oficial; empleo continuo
5350,clase_egp13_damian,8,8,12,2830,2859,TRUE,0.8338243959929287,TRUE,1,TRUE,7,5,0.550597609561753,1,1,1,TRUE,TRUE,TRUE,TRUE,TRUE,concordancia_estable_panel,CONSENSO_PANEL_1024,egp,consenso_clasificaciones_panel_ENOE,Misma categoria en ambas mediciones; destino historico oficial; empleo continuo
5383,clase_egp13_damian,8,8,104,33468,33673,TRUE,0.7508412976174451,TRUE,1,TRUE,53,51,0.7218012977425496,0.7905186600838775,1,1,TRUE,TRUE,TRUE,TRUE,TRUE,concordancia_estable_panel,CONSENSO_PANEL_1025,egp,consenso_clasificaciones_panel_ENOE,Misma categoria en ambas mediciones; destino historico oficial; empleo continuo
5400,clase_egp13_damian,11,11,161,50543,50676,TRUE,0.6557468505520454,TRUE,1,TRUE,90,71,0.7450776952031657,0.5518480060617966,1,1,TRUE,TRUE,TRUE,TRUE,TRUE,concordancia_estable_panel,CONSENSO_PANEL_1026,egp,consenso_clasificaciones_panel_ENOE,Misma categoria en ambas mediciones; destino historico oficial; empleo continuo
5401,clase_egp13_damian,10,10,48,16781,16785,TRUE,0.5254242595027866,TRUE,1,TRUE,25,23,0.5184377725177526,0.532485520020146,1,1,TRUE,TRUE,TRUE,TRUE,TRUE,concordancia_estable_panel,CONSENSO_PANEL_1027,egp,consenso_clasificaciones_panel_ENOE,Misma categoria en ambas mediciones; destino historico oficial; empleo continuo
5420,clase_egp13_damian,10,10,31,7038,7130,TRUE,0.5418848167539267,TRUE,1,TRUE,16,15,0.5096259625962596,0.582925122463261,1,1,TRUE,TRUE,TRUE,TRUE,TRUE,concordancia_estable_panel,CONSENSO_PANEL_1028,egp,consenso_clasificaciones_panel_ENOE,Misma categoria en ambas mediciones; destino historico oficial; empleo continuo
5420,clase_egp13_damian,11,11,23,6492,6858,TRUE,0.6713547052740434,TRUE,1,TRUE,12,11,0.6928406466512702,0.6504992867332382,1,1,TRUE,TRUE,TRUE,TRUE,TRUE,concordancia_estable_panel,CONSENSO_PANEL_1029,egp,consenso_clasificaciones_panel_ENOE,Misma categoria en ambas mediciones; destino historico oficial; empleo continuo
5430,clase_egp13_damian,11,11,29,9732,9959,TRUE,0.6893815966565134,TRUE,1,TRUE,13,16,0.921222160868765,0.5443344081068632,1,1,TRUE,TRUE,TRUE,TRUE,TRUE,concordancia_estable_panel,CONSENSO_PANEL_1030,egp,consenso_clasificaciones_panel_ENOE,Misma categoria en ambas mediciones; destino historico oficial; empleo continuo
5440,clase_egp13_damian,11,11,176,48124,48499,TRUE,0.6604089474406477,TRUE,1,TRUE,90,86,0.594666974489207,0.7567585856877009,1,1,TRUE,TRUE,TRUE,TRUE,TRUE,concordancia_estable_panel,CONSENSO_PANEL_1031,egp,consenso_clasificaciones_panel_ENOE,Misma categoria en ambas mediciones; destino historico oficial; empleo continuo
5460,clase_egp13_damian,11,11,674,215559,216417,TRUE,0.8816499314914416,TRUE,1,TRUE,335,339,0.9032661147784912,0.8602464754338554,1,1,TRUE,TRUE,TRUE,TRUE,TRUE,concordancia_estable_panel,CONSENSO_PANEL_1032,egp,consenso_clasificaciones_panel_ENOE,Misma categoria en ambas mediciones; destino historico oficial; empleo continuo
5470,clase_egp13_damian,11,11,14,5144,5127,TRUE,0.787869505284117,TRUE,1,TRUE,8,6,0.7842798531634636,0.7966280295047419,1,1,TRUE,TRUE,TRUE,TRUE,TRUE,concordancia_estable_panel,CONSENSO_PANEL_1033,egp,consenso_clasificaciones_panel_ENOE,Misma categoria en ambas mediciones; destino historico oficial; empleo continuo
5501,clase_egp13_damian,8,8,54,14360,14338,TRUE,0.9678506436611175,TRUE,1,TRUE,26,28,0.9626929674099486,0.9724524933044254,1,1,TRUE,TRUE,TRUE,TRUE,TRUE,concordancia_estable_panel,CONSENSO_PANEL_1034,egp,consenso_clasificaciones_panel_ENOE,Misma categoria en ambas mediciones; destino historico oficial; empleo continuo
5502,clase_egp13_damian,8,8,98,20159,20434,TRUE,0.6176921191322466,TRUE,1,TRUE,49,49,0.6333182435491173,0.6070065008771025,1,1,TRUE,TRUE,TRUE,TRUE,TRUE,concordancia_estable_panel,CONSENSO_PANEL_1035,egp,consenso_clasificaciones_panel_ENOE,Misma categoria en ambas mediciones; destino historico oficial; empleo continuo
5520,clase_egp13_damian,5,5,19,4656,4600,TRUE,0.8127072787572002,TRUE,1,TRUE,10,9,0.7668970814132104,0.85088,1,1,TRUE,TRUE,TRUE,TRUE,TRUE,concordancia_estable_panel,CONSENSO_PANEL_1036,egp,consenso_clasificaciones_panel_ENOE,Misma categoria en ambas mediciones; destino historico oficial; empleo continuo
5520,clase_egp13_damian,6,6,314,103513,103080,TRUE,1,TRUE,1,TRUE,143,171,1,1,1,1,TRUE,TRUE,TRUE,TRUE,TRUE,concordancia_estable_panel,CONSENSO_PANEL_1037,egp,consenso_clasificaciones_panel_ENOE,Misma categoria en ambas mediciones; destino historico oficial; empleo continuo
5520,clase_egp13_damian,8,8,151,39154,39244,TRUE,0.7366698024459079,TRUE,1,TRUE,73,78,0.7556356785551874,0.7105616168842783,1,1,TRUE,TRUE,TRUE,TRUE,TRUE,concordancia_estable_panel,CONSENSO_PANEL_1038,egp,consenso_clasificaciones_panel_ENOE,Misma categoria en ambas mediciones; destino historico oficial; empleo continuo
5520,clase_egp13_damian,9,9,738,225710,224291,TRUE,0.9953695537131769,TRUE,1,TRUE,357,381,1,0.9913018266164105,1,1,TRUE,TRUE,TRUE,TRUE,TRUE,concordancia_estable_panel,CONSENSO_PANEL_1039,egp,consenso_clasificaciones_panel_ENOE,Misma categoria en ambas mediciones; destino historico oficial; empleo continuo
5521,clase_egp13_damian,6,6,27,13198,12340,TRUE,1,TRUE,1,TRUE,12,15,1,1,1,1,TRUE,TRUE,TRUE,TRUE,TRUE,concordancia_estable_panel,CONSENSO_PANEL_1040,egp,consenso_clasificaciones_panel_ENOE,Misma categoria en ambas mediciones; destino historico oficial; empleo continuo
5521,clase_egp13_damian,8,8,243,76839,76851,TRUE,0.8040580134778788,TRUE,1,TRUE,131,112,0.7929464873507006,0.817990990353546,1,1,TRUE,TRUE,TRUE,TRUE,TRUE,concordancia_estable_panel,CONSENSO_PANEL_1041,egp,consenso_clasificaciones_panel_ENOE,Misma categoria en ambas mediciones; destino historico oficial; empleo continuo
5521,clase_egp13_damian,9,9,116,31581,31807,TRUE,0.8407027818448023,TRUE,1,TRUE,59,57,0.8276705935917136,0.8521556466940082,1,1,TRUE,TRUE,TRUE,TRUE,TRUE,concordancia_estable_panel,CONSENSO_PANEL_1042,egp,consenso_clasificaciones_panel_ENOE,Misma categoria en ambas mediciones; destino historico oficial; empleo continuo
5550,clase_egp13_damian,6,6,39,9720,9878,TRUE,1,TRUE,1,TRUE,22,17,1,1,1,1,TRUE,TRUE,TRUE,TRUE,TRUE,concordancia_estable_panel,CONSENSO_PANEL_1043,egp,consenso_clasificaciones_panel_ENOE,Misma categoria en ambas mediciones; destino historico oficial; empleo continuo
6100,clase_egp13_damian,1,1,59,14889,14870,TRUE,0.6555565339908418,TRUE,0.9930546280219046,TRUE,24,35,0.5842354177614293,0.7069788588315526,0.9804694835680751,1,TRUE,TRUE,TRUE,TRUE,TRUE,concordancia_estable_panel,CONSENSO_PANEL_1044,egp,consenso_clasificaciones_panel_ENOE,Misma categoria en ambas mediciones; destino historico oficial; empleo continuo
6102,clase_egp13_damian,1,1,77,13866,14184,TRUE,0.6990320629159105,TRUE,0.9939037208324575,TRUE,39,38,0.7037504858142246,0.6939438390611903,1,0.9870900727110847,TRUE,TRUE,TRUE,TRUE,TRUE,concordancia_estable_panel,CONSENSO_PANEL_1045,egp,consenso_clasificaciones_panel_ENOE,Misma categoria en ambas mediciones; destino historico oficial; empleo continuo
6130,clase_egp13_damian,1,1,42,13967,16367,TRUE,0.8042727168029483,TRUE,1,TRUE,19,23,0.808380619816674,0.7996830041453304,1,1,TRUE,TRUE,TRUE,TRUE,TRUE,concordancia_estable_panel,CONSENSO_PANEL_1046,egp,consenso_clasificaciones_panel_ENOE,Misma categoria en ambas mediciones; destino historico oficial; empleo continuo
6200,clase_egp13_damian,3,3,962,224694,223393,TRUE,0.8858531738991591,TRUE,1,TRUE,461,501,0.9146747696657513,0.8586834143912994,1,1,TRUE,TRUE,TRUE,TRUE,TRUE,concordancia_estable_panel,CONSENSO_PANEL_1047,egp,consenso_clasificaciones_panel_ENOE,Misma categoria en ambas mediciones; destino historico oficial; empleo continuo
6202,clase_egp13_damian,3,3,134,36287,36421,TRUE,0.7069768348042941,TRUE,1,TRUE,67,67,0.677027027027027,0.7412201945964004,1,1,TRUE,TRUE,TRUE,TRUE,TRUE,concordancia_estable_panel,CONSENSO_PANEL_1048,egp,consenso_clasificaciones_panel_ENOE,Misma categoria en ambas mediciones; destino historico oficial; empleo continuo
6210,clase_egp13_damian,3,3,332,90273,90554,TRUE,0.7313818582493438,TRUE,1,TRUE,173,159,0.7540427353040076,0.7058204889486569,1,1,TRUE,TRUE,TRUE,TRUE,TRUE,concordancia_estable_panel,CONSENSO_PANEL_1049,egp,consenso_clasificaciones_panel_ENOE,Misma categoria en ambas mediciones; destino historico oficial; empleo continuo
6211,clase_egp13_damian,3,3,21,6361,6391,TRUE,0.7381919461529535,TRUE,1,TRUE,8,13,0.7701754385964912,0.7223859892491763,1,1,TRUE,TRUE,TRUE,TRUE,TRUE,concordancia_estable_panel,CONSENSO_PANEL_1050,egp,consenso_clasificaciones_panel_ENOE,Misma categoria en ambas mediciones; destino historico oficial; empleo continuo
6220,clase_egp13_damian,3,3,51,11139,11292,TRUE,0.6365506600377164,TRUE,1,TRUE,24,27,0.5523495465787304,0.7159191829484902,1,1,TRUE,TRUE,TRUE,TRUE,TRUE,concordancia_estable_panel,CONSENSO_PANEL_1051,egp,consenso_clasificaciones_panel_ENOE,Misma categoria en ambas mediciones; destino historico oficial; empleo continuo
6230,clase_egp13_damian,3,3,210,54573,55297,TRUE,0.7590230740344094,TRUE,1,TRUE,104,106,0.7953957267529341,0.7277664278879723,1,1,TRUE,TRUE,TRUE,TRUE,TRUE,concordancia_estable_panel,CONSENSO_PANEL_1052,egp,consenso_clasificaciones_panel_ENOE,Misma categoria en ambas mediciones; destino historico oficial; empleo continuo
6232,clase_egp13_damian,3,3,28,7268,7312,TRUE,0.7636860355153935,TRUE,1,TRUE,16,12,0.7683391003460207,0.7564891624297565,1,1,TRUE,TRUE,TRUE,TRUE,TRUE,concordancia_estable_panel,CONSENSO_PANEL_1053,egp,consenso_clasificaciones_panel_ENOE,Misma categoria en ambas mediciones; destino historico oficial; empleo continuo
6240,clase_egp13_damian,3,3,26,8213,8761,TRUE,0.6728106823953469,TRUE,1,TRUE,12,14,0.6947146989219037,0.6628986197049024,1,1,TRUE,TRUE,TRUE,TRUE,TRUE,concordancia_estable_panel,CONSENSO_PANEL_1054,egp,consenso_clasificaciones_panel_ENOE,Misma categoria en ambas mediciones; destino historico oficial; empleo continuo
6250,clase_egp13_damian,3,3,19,5910,5932,TRUE,0.6914706914706915,TRUE,1,TRUE,6,13,0.8238188976377953,0.6736157216837073,1,1,TRUE,TRUE,TRUE,TRUE,TRUE,concordancia_estable_panel,CONSENSO_PANEL_1055,egp,consenso_clasificaciones_panel_ENOE,Misma categoria en ambas mediciones; destino historico oficial; empleo continuo
6270,clase_egp13_damian,3,3,891,188808,191889,TRUE,0.6476474038603364,TRUE,1,TRUE,452,439,0.6234621024874868,0.6716615851574357,1,1,TRUE,TRUE,TRUE,TRUE,TRUE,concordancia_estable_panel,CONSENSO_PANEL_1056,egp,consenso_clasificaciones_panel_ENOE,Misma categoria en ambas mediciones; destino historico oficial; empleo continuo
7100,clase_egp13_damian,4,4,14,6419,6045,TRUE,0.8467220683287165,TRUE,1,TRUE,9,5,0.8199126637554586,0.9294181034482759,1,1,TRUE,TRUE,TRUE,TRUE,TRUE,concordancia_estable_panel,CONSENSO_PANEL_1057,egp,consenso_clasificaciones_panel_ENOE,Misma categoria en ambas mediciones; destino historico oficial; empleo continuo
7100,clase_egp13_damian,5,5,177,51590,49243,TRUE,0.99179114520253,TRUE,1,TRUE,79,98,0.9848922548407245,0.9984849058747775,1,1,TRUE,TRUE,TRUE,TRUE,TRUE,concordancia_estable_panel,CONSENSO_PANEL_1058,egp,consenso_clasificaciones_panel_ENOE,Misma categoria en ambas mediciones; destino historico oficial; empleo continuo
7100,clase_egp13_damian,6,6,1183,376901,378306,TRUE,0.8490692702619289,TRUE,1,TRUE,588,595,0.8312732962127836,0.8661364850014784,1,1,TRUE,TRUE,TRUE,TRUE,TRUE,concordancia_estable_panel,CONSENSO_PANEL_1059,egp,consenso_clasificaciones_panel_ENOE,Misma categoria en ambas mediciones; destino historico oficial; empleo continuo
7111,clase_egp13_damian,4,4,1637,429954,435317,TRUE,0.7152310609841301,TRUE,1,TRUE,818,819,0.7315351348295551,0.7007255215078776,1,1,TRUE,TRUE,TRUE,TRUE,TRUE,concordancia_estable_panel,CONSENSO_PANEL_1060,egp,consenso_clasificaciones_panel_ENOE,Misma categoria en ambas mediciones; destino historico oficial; empleo continuo
7111,clase_egp13_damian,5,5,17,4497,4514,TRUE,0.9890037387288322,TRUE,1,TRUE,6,11,0.9662845583277141,1,1,1,TRUE,TRUE,TRUE,TRUE,TRUE,concordancia_estable_panel,CONSENSO_PANEL_1061,egp,consenso_clasificaciones_panel_ENOE,Misma categoria en ambas mediciones; destino historico oficial; empleo continuo
7120,clase_egp13_damian,4,4,21,6238,6410,TRUE,0.9504799634313577,TRUE,1,TRUE,10,11,0.9310555216595485,0.9698630136986301,1,1,TRUE,TRUE,TRUE,TRUE,TRUE,concordancia_estable_panel,CONSENSO_PANEL_1062,egp,consenso_clasificaciones_panel_ENOE,Misma categoria en ambas mediciones; destino historico oficial; empleo continuo
7130,clase_egp13_damian,3,3,127,29776,30156,TRUE,0.5269155901610334,TRUE,1,TRUE,61,66,0.5242829430511293,0.5296650025323782,1,1,TRUE,TRUE,TRUE,TRUE,TRUE,concordancia_estable_panel,CONSENSO_PANEL_1063,egp,consenso_clasificaciones_panel_ENOE,Misma categoria en ambas mediciones; destino historico oficial; empleo continuo
7131,clase_egp13_damian,3,3,52,14853,15100,TRUE,0.8542589290849485,TRUE,1,TRUE,30,22,0.7461823734729494,0.9748144543131768,1,1,TRUE,TRUE,TRUE,TRUE,TRUE,concordancia_estable_panel,CONSENSO_PANEL_1064,egp,consenso_clasificaciones_panel_ENOE,Misma categoria en ambas mediciones; destino historico oficial; empleo continuo
7133,clase_egp13_damian,3,3,36,9807,10532,TRUE,0.7738499171466898,TRUE,1,TRUE,19,17,0.6768335273573923,0.9779573842762674,1,1,TRUE,TRUE,TRUE,TRUE,TRUE,concordancia_estable_panel,CONSENSO_PANEL_1065,egp,consenso_clasificaciones_panel_ENOE,Misma categoria en ambas mediciones; destino historico oficial; empleo continuo
7200,clase_egp13_damian,11,11,13,4167,4178,TRUE,0.8407990314769975,TRUE,1,TRUE,8,5,0.8361062825925006,0.8611410118406889,1,1,TRUE,TRUE,TRUE,TRUE,TRUE,concordancia_estable_panel,CONSENSO_PANEL_1066,egp,consenso_clasificaciones_panel_ENOE,Misma categoria en ambas mediciones; destino historico oficial; empleo continuo
7210,clase_egp13_damian,5,5,37,10573,10846,TRUE,1,TRUE,1,TRUE,20,17,1,1,1,1,TRUE,TRUE,TRUE,TRUE,TRUE,concordancia_estable_panel,CONSENSO_PANEL_1067,egp,consenso_clasificaciones_panel_ENOE,Misma categoria en ambas mediciones; destino historico oficial; empleo continuo
7210,clase_egp13_damian,11,11,483,148919,150969,TRUE,0.6970199062957815,TRUE,1,TRUE,230,253,0.6519174898314933,0.7392088123125979,1,1,TRUE,TRUE,TRUE,TRUE,TRUE,concordancia_estable_panel,CONSENSO_PANEL_1068,egp,consenso_clasificaciones_panel_ENOE,Misma categoria en ambas mediciones; destino historico oficial; empleo continuo
7211,clase_egp13_damian,11,11,35,12893,12756,TRUE,0.9556033204862141,TRUE,1,TRUE,14,21,0.9697663765460376,0.9422439867492438,1,1,TRUE,TRUE,TRUE,TRUE,TRUE,concordancia_estable_panel,CONSENSO_PANEL_1069,egp,consenso_clasificaciones_panel_ENOE,Misma categoria en ambas mediciones; destino historico oficial; empleo continuo
7212,clase_egp13_damian,11,11,33,7252,7375,TRUE,1,TRUE,1,TRUE,11,22,1,1,1,1,TRUE,TRUE,TRUE,TRUE,TRUE,concordancia_estable_panel,CONSENSO_PANEL_1070,egp,consenso_clasificaciones_panel_ENOE,Misma categoria en ambas mediciones; destino historico oficial; empleo continuo
8100,clase_egp13_damian,5,5,104,26984,26441,TRUE,0.9408975208340598,TRUE,1,TRUE,52,52,0.9395003218067989,0.9429582326544701,1,1,TRUE,TRUE,TRUE,TRUE,TRUE,concordancia_estable_panel,CONSENSO_PANEL_1071,egp,consenso_clasificaciones_panel_ENOE,Misma categoria en ambas mediciones; destino historico oficial; empleo continuo
8100,clase_egp13_damian,6,6,317,82552,82864,TRUE,0.8484013853632467,TRUE,1,TRUE,154,163,0.7875589393087339,0.9034835222933678,1,1,TRUE,TRUE,TRUE,TRUE,TRUE,concordancia_estable_panel,CONSENSO_PANEL_1072,egp,consenso_clasificaciones_panel_ENOE,Misma categoria en ambas mediciones; destino historico oficial; empleo continuo
8101,clase_egp13_damian,10,10,148,34583,35262,TRUE,0.8900527602625145,TRUE,1,TRUE,83,65,0.8853243456913411,0.8977196059910943,1,1,TRUE,TRUE,TRUE,TRUE,TRUE,concordancia_estable_panel,CONSENSO_PANEL_1073,egp,consenso_clasificaciones_panel_ENOE,Misma categoria en ambas mediciones; destino historico oficial; empleo continuo
8101,clase_egp13_damian,11,11,151,38388,39142,TRUE,0.7949636563192446,TRUE,0.9801672760054089,TRUE,80,71,0.7774978001759859,0.8137158071026753,1,0.9607648865550381,TRUE,TRUE,TRUE,TRUE,TRUE,concordancia_estable_panel,CONSENSO_PANEL_1074,egp,consenso_clasificaciones_panel_ENOE,Misma categoria en ambas mediciones; destino historico oficial; empleo continuo
8110,clase_egp13_damian,10,10,31,5710,5833,TRUE,0.9456773766147731,TRUE,1,TRUE,16,15,0.9362905626674606,0.9574468085106383,1,1,TRUE,TRUE,TRUE,TRUE,TRUE,concordancia_estable_panel,CONSENSO_PANEL_1075,egp,consenso_clasificaciones_panel_ENOE,Misma categoria en ambas mediciones; destino historico oficial; empleo continuo
8110,clase_egp13_damian,11,11,44,7057,7162,TRUE,0.8654648025508953,TRUE,1,TRUE,28,16,0.8254406455723083,0.9201741654571843,1,1,TRUE,TRUE,TRUE,TRUE,TRUE,concordancia_estable_panel,CONSENSO_PANEL_1076,egp,consenso_clasificaciones_panel_ENOE,Misma categoria en ambas mediciones; destino historico oficial; empleo continuo
8111,clase_egp13_damian,11,11,25,9415,9550,TRUE,0.8119879258300992,TRUE,1,TRUE,11,14,0.9773469387755102,0.6909634055265124,1,1,TRUE,TRUE,TRUE,TRUE,TRUE,concordancia_estable_panel,CONSENSO_PANEL_1077,egp,consenso_clasificaciones_panel_ENOE,Misma categoria en ambas mediciones; destino historico oficial; empleo continuo
8120,clase_egp13_damian,10,10,17,9474,10783,TRUE,0.9830860226211476,TRUE,1,TRUE,10,7,1,0.9606280193236715,1,1,TRUE,TRUE,TRUE,TRUE,TRUE,concordancia_estable_panel,CONSENSO_PANEL_1078,egp,consenso_clasificaciones_panel_ENOE,Misma categoria en ambas mediciones; destino historico oficial; empleo continuo
8122,clase_egp13_damian,10,10,67,16703,16059,TRUE,0.9366343296136377,TRUE,1,TRUE,32,35,0.9665699508010597,0.9126791843327277,1,1,TRUE,TRUE,TRUE,TRUE,TRUE,concordancia_estable_panel,CONSENSO_PANEL_1079,egp,consenso_clasificaciones_panel_ENOE,Misma categoria en ambas mediciones; destino historico oficial; empleo continuo
8123,clase_egp13_damian,10,10,66,14104,14435,TRUE,0.9808748869879685,TRUE,1,TRUE,34,32,0.9834614099565653,0.9790301441677588,1,1,TRUE,TRUE,TRUE,TRUE,TRUE,concordancia_estable_panel,CONSENSO_PANEL_1080,egp,consenso_clasificaciones_panel_ENOE,Misma categoria en ambas mediciones; destino historico oficial; empleo continuo
8123,clase_egp13_damian,11,11,23,7300,7503,TRUE,1,TRUE,1,TRUE,6,17,1,1,1,1,TRUE,TRUE,TRUE,TRUE,TRUE,concordancia_estable_panel,CONSENSO_PANEL_1081,egp,consenso_clasificaciones_panel_ENOE,Misma categoria en ambas mediciones; destino historico oficial; empleo continuo
8124,clase_egp13_damian,10,10,652,159614,161893,TRUE,0.8263433372852136,TRUE,0.9967123692489549,TRUE,333,319,0.834023521616697,0.8186610055403096,0.9957335083688874,0.9977170089074079,TRUE,TRUE,TRUE,TRUE,TRUE,concordancia_estable_panel,CONSENSO_PANEL_1082,egp,consenso_clasificaciones_panel_ENOE,Misma categoria en ambas mediciones; destino historico oficial; empleo continuo
8124,clase_egp13_damian,11,11,227,60682,60983,TRUE,0.8261337181599118,TRUE,1,TRUE,113,114,0.8013120108114196,0.8493739290892316,1,1,TRUE,TRUE,TRUE,TRUE,TRUE,concordancia_estable_panel,CONSENSO_PANEL_1083,egp,consenso_clasificaciones_panel_ENOE,Misma categoria en ambas mediciones; destino historico oficial; empleo continuo
8125,clase_egp13_damian,12,12,52,15622,15650,TRUE,0.9507059396299903,TRUE,1,TRUE,34,18,0.9614627498485766,0.9066377171215881,1,1,TRUE,TRUE,TRUE,TRUE,TRUE,concordancia_estable_panel,CONSENSO_PANEL_1084,egp,consenso_clasificaciones_panel_ENOE,Misma categoria en ambas mediciones; destino historico oficial; empleo continuo
8125,clase_egp13_damian,13,13,93,26084,25635,TRUE,0.6615603124682966,TRUE,1,TRUE,38,55,0.7619740588421385,0.5943783600728104,1,1,TRUE,TRUE,TRUE,TRUE,TRUE,concordancia_estable_panel,CONSENSO_PANEL_1085,egp,consenso_clasificaciones_panel_ENOE,Misma categoria en ambas mediciones; destino historico oficial; empleo continuo
8126,clase_egp13_damian,11,11,59,15788,15974,TRUE,0.7575452233578043,TRUE,1,TRUE,24,35,0.7928183321521379,0.7334141414141414,1,1,TRUE,TRUE,TRUE,TRUE,TRUE,concordancia_estable_panel,CONSENSO_PANEL_1086,egp,consenso_clasificaciones_panel_ENOE,Misma categoria en ambas mediciones; destino historico oficial; empleo continuo
8130,clase_egp13_damian,4,4,64,17552,16719,TRUE,1,TRUE,1,TRUE,34,30,1,1,1,1,TRUE,TRUE,TRUE,TRUE,TRUE,concordancia_estable_panel,CONSENSO_PANEL_1087,egp,consenso_clasificaciones_panel_ENOE,Misma categoria en ambas mediciones; destino historico oficial; empleo continuo
8130,clase_egp13_damian,6,6,314,85918,85568,TRUE,0.9942601893211748,TRUE,1,TRUE,151,163,0.9884613595123994,1,1,1,TRUE,TRUE,TRUE,TRUE,TRUE,concordancia_estable_panel,CONSENSO_PANEL_1088,egp,consenso_clasificaciones_panel_ENOE,Misma categoria en ambas mediciones; destino historico oficial; empleo continuo
8131,clase_egp13_damian,4,4,10,2569,2789,TRUE,0.928106936416185,TRUE,1,TRUE,5,5,0.8120868744098206,1,1,1,TRUE,TRUE,TRUE,TRUE,TRUE,concordancia_estable_panel,CONSENSO_PANEL_1089,egp,consenso_clasificaciones_panel_ENOE,Misma categoria en ambas mediciones; destino historico oficial; empleo continuo
8131,clase_egp13_damian,6,6,31,9588,9152,TRUE,1,TRUE,1,TRUE,15,16,1,1,1,1,TRUE,TRUE,TRUE,TRUE,TRUE,concordancia_estable_panel,CONSENSO_PANEL_1090,egp,consenso_clasificaciones_panel_ENOE,Misma categoria en ambas mediciones; destino historico oficial; empleo continuo
8201,clase_egp13_damian,4,4,101,32130,31696,TRUE,0.6889084242801089,TRUE,1,TRUE,48,53,0.5900627670235772,0.7566112716763006,1,1,TRUE,TRUE,TRUE,TRUE,TRUE,concordancia_estable_panel,CONSENSO_PANEL_1091,egp,consenso_clasificaciones_panel_ENOE,Misma categoria en ambas mediciones; destino historico oficial; empleo continuo
8202,clase_egp13_damian,9,9,23,9642,8972,TRUE,0.9407747097277783,TRUE,1,TRUE,13,10,1,0.8922230113636364,1,1,TRUE,TRUE,TRUE,TRUE,TRUE,concordancia_estable_panel,CONSENSO_PANEL_1092,egp,consenso_clasificaciones_panel_ENOE,Misma categoria en ambas mediciones; destino historico oficial; empleo continuo
8203,clase_egp13_damian,13,13,42,9583,9246,TRUE,0.7118027185619847,TRUE,1,TRUE,22,20,0.7386835342953153,0.6956211327939077,1,1,TRUE,TRUE,TRUE,TRUE,TRUE,concordancia_estable_panel,CONSENSO_PANEL_1093,egp,consenso_clasificaciones_panel_ENOE,Misma categoria en ambas mediciones; destino historico oficial; empleo continuo
8204,clase_egp13_damian,7,7,13,3220,3146,TRUE,0.8372334893395735,TRUE,1,TRUE,8,5,0.7817351598173516,0.9106280193236715,1,1,TRUE,TRUE,TRUE,TRUE,TRUE,concordancia_estable_panel,CONSENSO_PANEL_1094,egp,consenso_clasificaciones_panel_ENOE,Misma categoria en ambas mediciones; destino historico oficial; empleo continuo
8300,clase_egp13_damian,7,7,21,3697,3634,TRUE,0.9155522535908865,TRUE,1,TRUE,11,10,0.9404414827155352,0.8790470372632865,1,1,TRUE,TRUE,TRUE,TRUE,TRUE,concordancia_estable_panel,CONSENSO_PANEL_1095,egp,consenso_clasificaciones_panel_ENOE,Misma categoria en ambas mediciones; destino historico oficial; empleo continuo
8303,clase_egp13_damian,10,10,390,115246,116144,TRUE,0.8218648600463541,TRUE,1,TRUE,186,204,0.8193700547778454,0.8240654989598013,1,1,TRUE,TRUE,TRUE,TRUE,TRUE,concordancia_estable_panel,CONSENSO_PANEL_1096,egp,consenso_clasificaciones_panel_ENOE,Misma categoria en ambas mediciones; destino historico oficial; empleo continuo
8303,clase_egp13_damian,11,11,28,11968,10855,TRUE,0.6381231671554253,TRUE,1,TRUE,16,12,0.7860524632117722,0.5324497257769653,1,1,TRUE,TRUE,TRUE,TRUE,TRUE,concordancia_estable_panel,CONSENSO_PANEL_1097,egp,consenso_clasificaciones_panel_ENOE,Misma categoria en ambas mediciones; destino historico oficial; empleo continuo
1100,clase_egp7_damian,1,1,49,12594,13194,TRUE,0.9126748315095297,TRUE,1,TRUE,22,27,0.9337115970107943,0.8895481515289821,1,1,TRUE,TRUE,TRUE,TRUE,TRUE,concordancia_estable_panel,CONSENSO_PANEL_1098,egp,consenso_clasificaciones_panel_ENOE,Misma categoria en ambas mediciones; destino historico oficial; empleo continuo
1101,clase_egp7_damian,1,1,39,6149,6090,TRUE,0.6192970087622117,TRUE,1,TRUE,17,22,0.5625846391952022,0.6808823529411765,1,1,TRUE,TRUE,TRUE,TRUE,TRUE,concordancia_estable_panel,CONSENSO_PANEL_1099,egp,consenso_clasificaciones_panel_ENOE,Misma categoria en ambas mediciones; destino historico oficial; empleo continuo
1103,clase_egp7_damian,1,1,12,2549,2552,TRUE,1,TRUE,1,TRUE,6,6,1,1,1,1,TRUE,TRUE,TRUE,TRUE,TRUE,concordancia_estable_panel,CONSENSO_PANEL_1100,egp,consenso_clasificaciones_panel_ENOE,Misma categoria en ambas mediciones; destino historico oficial; empleo continuo
1104,clase_egp7_damian,1,1,73,19320,19465,TRUE,0.7298828862863619,TRUE,1,TRUE,41,32,0.7937979539641944,0.6725891961599083,1,1,TRUE,TRUE,TRUE,TRUE,TRUE,concordancia_estable_panel,CONSENSO_PANEL_1101,egp,consenso_clasificaciones_panel_ENOE,Misma categoria en ambas mediciones; destino historico oficial; empleo continuo
1105,clase_egp7_damian,1,1,171,44004,44980,TRUE,0.8411032742703136,TRUE,1,TRUE,91,80,0.7913621843959218,0.8796836817811566,1,1,TRUE,TRUE,TRUE,TRUE,TRUE,concordancia_estable_panel,CONSENSO_PANEL_1102,egp,consenso_clasificaciones_panel_ENOE,Misma categoria en ambas mediciones; destino historico oficial; empleo continuo
1120,clase_egp7_damian,1,1,43,10381,10088,TRUE,0.9347199711867459,TRUE,1,TRUE,18,25,1,0.88631017719931,1,1,TRUE,TRUE,TRUE,TRUE,TRUE,concordancia_estable_panel,CONSENSO_PANEL_1103,egp,consenso_clasificaciones_panel_ENOE,Misma categoria en ambas mediciones; destino historico oficial; empleo continuo
1121,clase_egp7_damian,1,1,28,7418,7203,TRUE,0.9393440547043181,TRUE,1,TRUE,15,13,1,0.8401735068401736,1,1,TRUE,TRUE,TRUE,TRUE,TRUE,concordancia_estable_panel,CONSENSO_PANEL_1104,egp,consenso_clasificaciones_panel_ENOE,Misma categoria en ambas mediciones; destino historico oficial; empleo continuo
1130,clase_egp7_damian,1,1,364,84685,86991,TRUE,0.9919993440164933,TRUE,1,TRUE,172,192,0.9935184135977337,0.9903741240937856,1,1,TRUE,TRUE,TRUE,TRUE,TRUE,concordancia_estable_panel,CONSENSO_PANEL_1105,egp,consenso_clasificaciones_panel_ENOE,Misma categoria en ambas mediciones; destino historico oficial; empleo continuo
1131,clase_egp7_damian,1,1,254,56833,57769,TRUE,0.9976302485605955,TRUE,1,TRUE,126,128,0.9978954127131341,0.9973733324116956,1,1,TRUE,TRUE,TRUE,TRUE,TRUE,concordancia_estable_panel,CONSENSO_PANEL_1106,egp,consenso_clasificaciones_panel_ENOE,Misma categoria en ambas mediciones; destino historico oficial; empleo continuo
1132,clase_egp7_damian,1,1,123,33731,33542,TRUE,0.9972209903917221,TRUE,1,TRUE,61,62,1,0.9941975308641975,1,1,TRUE,TRUE,TRUE,TRUE,TRUE,concordancia_estable_panel,CONSENSO_PANEL_1107,egp,consenso_clasificaciones_panel_ENOE,Misma categoria en ambas mediciones; destino historico oficial; empleo continuo
1134,clase_egp7_damian,1,1,16,5260,5340,TRUE,0.9872372372372372,TRUE,1,TRUE,11,5,0.9425190194420964,1,1,1,TRUE,TRUE,TRUE,TRUE,TRUE,concordancia_estable_panel,CONSENSO_PANEL_1108,egp,consenso_clasificaciones_panel_ENOE,Misma categoria en ambas mediciones; destino historico oficial; empleo continuo
1150,clase_egp7_damian,1,1,27,3837,3881,TRUE,0.8931564245810056,TRUE,1,TRUE,14,13,0.8890027322404371,0.902046783625731,1,1,TRUE,TRUE,TRUE,TRUE,TRUE,concordancia_estable_panel,CONSENSO_PANEL_1109,egp,consenso_clasificaciones_panel_ENOE,Misma categoria en ambas mediciones; destino historico oficial; empleo continuo
1151,clase_egp7_damian,1,1,35,9220,9329,TRUE,0.933765444601985,TRUE,1,TRUE,18,17,0.9401955146635997,0.9265621644835731,1,1,TRUE,TRUE,TRUE,TRUE,TRUE,concordancia_estable_panel,CONSENSO_PANEL_1110,egp,consenso_clasificaciones_panel_ENOE,Misma categoria en ambas mediciones; destino historico oficial; empleo continuo
1160,clase_egp7_damian,1,1,323,82784,84710,TRUE,0.8748362007016951,TRUE,1,TRUE,164,159,0.8711762256894193,0.8790141896938013,1,1,TRUE,TRUE,TRUE,TRUE,TRUE,concordancia_estable_panel,CONSENSO_PANEL_1111,egp,consenso_clasificaciones_panel_ENOE,Misma categoria en ambas mediciones; destino historico oficial; empleo continuo
1161,clase_egp7_damian,1,1,31,7257,7310,TRUE,0.9544916480336709,TRUE,1,TRUE,17,14,0.9520975056689343,0.9565644171779141,1,1,TRUE,TRUE,TRUE,TRUE,TRUE,concordancia_estable_panel,CONSENSO_PANEL_1112,egp,consenso_clasificaciones_panel_ENOE,Misma categoria en ambas mediciones; destino historico oficial; empleo continuo
1164,clase_egp7_damian,1,1,67,21000,19475,TRUE,0.9288747346072187,TRUE,1,TRUE,33,34,0.9361381389612169,0.9156476166708261,1,1,TRUE,TRUE,TRUE,TRUE,TRUE,concordancia_estable_panel,CONSENSO_PANEL_1113,egp,consenso_clasificaciones_panel_ENOE,Misma categoria en ambas mediciones; destino historico oficial; empleo continuo
1171,clase_egp7_damian,1,1,23,12965,13005,TRUE,0.7758827049670856,TRUE,1,TRUE,14,9,0.8079887876664331,0.7066490366452588,1,1,TRUE,TRUE,TRUE,TRUE,TRUE,concordancia_estable_panel,CONSENSO_PANEL_1114,egp,consenso_clasificaciones_panel_ENOE,Misma categoria en ambas mediciones; destino historico oficial; empleo continuo
1172,clase_egp7_damian,1,1,359,82325,82314,TRUE,0.8651764508060618,TRUE,1,TRUE,195,164,0.8537888398520557,0.8814402735601092,1,1,TRUE,TRUE,TRUE,TRUE,TRUE,concordancia_estable_panel,CONSENSO_PANEL_1115,egp,consenso_clasificaciones_panel_ENOE,Misma categoria en ambas mediciones; destino historico oficial; empleo continuo
1200,clase_egp7_damian,1,1,29,8535,8595,TRUE,0.8389030862984077,TRUE,1,TRUE,16,13,0.8497571131158917,0.8247165532879819,1,1,TRUE,TRUE,TRUE,TRUE,TRUE,concordancia_estable_panel,CONSENSO_PANEL_1116,egp,consenso_clasificaciones_panel_ENOE,Misma categoria en ambas mediciones; destino historico oficial; empleo continuo
1203,clase_egp7_damian,1,1,26,4317,4545,TRUE,0.6866550023858756,TRUE,1,TRUE,13,13,0.687624254473161,0.684931506849315,1,1,TRUE,TRUE,TRUE,TRUE,TRUE,concordancia_estable_panel,CONSENSO_PANEL_1117,egp,consenso_clasificaciones_panel_ENOE,Misma categoria en ambas mediciones; destino historico oficial; empleo continuo
1205,clase_egp7_damian,1,1,274,71748,71127,TRUE,0.7452324566870248,TRUE,1,TRUE,133,141,0.7851749614354144,0.720353982300885,1,1,TRUE,TRUE,TRUE,TRUE,TRUE,concordancia_estable_panel,CONSENSO_PANEL_1118,egp,consenso_clasificaciones_panel_ENOE,Misma categoria en ambas mediciones; destino historico oficial; empleo continuo
1206,clase_egp7_damian,3,3,34,7466,7619,TRUE,0.8224278475435118,TRUE,1,TRUE,16,18,1,0.6781792773008585,1,1,TRUE,TRUE,TRUE,TRUE,TRUE,concordancia_estable_panel,CONSENSO_PANEL_1119,egp,consenso_clasificaciones_panel_ENOE,Misma categoria en ambas mediciones; destino historico oficial; empleo continuo
1206,clase_egp7_damian,4,4,30,7442,7518,TRUE,0.7278239608801956,TRUE,1,TRUE,20,10,0.9188211896582896,0.5027694929697486,1,1,TRUE,TRUE,TRUE,TRUE,TRUE,concordancia_estable_panel,CONSENSO_PANEL_1120,egp,consenso_clasificaciones_panel_ENOE,Misma categoria en ambas mediciones; destino historico oficial; empleo continuo
1220,clase_egp7_damian,1,1,400,123646,124108,TRUE,0.938411214243972,TRUE,1,TRUE,210,190,0.9358317079966565,0.941498141078008,1,1,TRUE,TRUE,TRUE,TRUE,TRUE,concordancia_estable_panel,CONSENSO_PANEL_1121,egp,consenso_clasificaciones_panel_ENOE,Misma categoria en ambas mediciones; destino historico oficial; empleo continuo
1221,clase_egp7_damian,1,1,24,5553,5645,TRUE,0.818905766111193,TRUE,1,TRUE,15,9,0.8662264612374664,0.7470282317979198,1,1,TRUE,TRUE,TRUE,TRUE,TRUE,concordancia_estable_panel,CONSENSO_PANEL_1122,egp,consenso_clasificaciones_panel_ENOE,Misma categoria en ambas mediciones; destino historico oficial; empleo continuo
1230,clase_egp7_damian,1,1,50,11465,11590,TRUE,0.7057990642698843,TRUE,1,TRUE,27,23,0.8464583048996861,0.5902209263205114,1,1,TRUE,TRUE,TRUE,TRUE,TRUE,concordancia_estable_panel,CONSENSO_PANEL_1123,egp,consenso_clasificaciones_panel_ENOE,Misma categoria en ambas mediciones; destino historico oficial; empleo continuo
1250,clase_egp7_damian,2,2,91,15711,15739,TRUE,0.5116256350136772,TRUE,1,TRUE,52,39,0.5077847439916405,0.5179806362378977,1,1,TRUE,TRUE,TRUE,TRUE,TRUE,concordancia_estable_panel,CONSENSO_PANEL_1124,egp,consenso_clasificaciones_panel_ENOE,Misma categoria en ambas mediciones; destino historico oficial; empleo continuo
1251,clase_egp7_damian,1,1,191,56535,56891,TRUE,0.5850183157764026,TRUE,1,TRUE,98,93,0.5408525208619523,0.6300219366969602,1,1,TRUE,TRUE,TRUE,TRUE,TRUE,concordancia_estable_panel,CONSENSO_PANEL_1125,egp,consenso_clasificaciones_panel_ENOE,Misma categoria en ambas mediciones; destino historico oficial; empleo continuo
1300,clase_egp7_damian,1,1,337,81624,80800,TRUE,0.9920633956026593,TRUE,1,TRUE,172,165,0.9951440329218108,0.9896131101752242,1,1,TRUE,TRUE,TRUE,TRUE,TRUE,concordancia_estable_panel,CONSENSO_PANEL_1126,egp,consenso_clasificaciones_panel_ENOE,Misma categoria en ambas mediciones; destino historico oficial; empleo continuo
1310,clase_egp7_damian,1,1,205,56119,56633,TRUE,0.9289533363129231,TRUE,1,TRUE,114,91,0.9255344775669979,0.933127458549318,1,1,TRUE,TRUE,TRUE,TRUE,TRUE,concordancia_estable_panel,CONSENSO_PANEL_1127,egp,consenso_clasificaciones_panel_ENOE,Misma categoria en ambas mediciones; destino historico oficial; empleo continuo
1320,clase_egp7_damian,1,1,449,125353,124182,TRUE,0.9828447322821681,TRUE,1,TRUE,199,250,0.9744231835299065,0.9887010155793056,1,1,TRUE,TRUE,TRUE,TRUE,TRUE,concordancia_estable_panel,CONSENSO_PANEL_1128,egp,consenso_clasificaciones_panel_ENOE,Misma categoria en ambas mediciones; destino historico oficial; empleo continuo
1330,clase_egp7_damian,1,1,730,198218,198565,TRUE,0.9966713596138375,TRUE,1,TRUE,342,388,0.9975169834035601,0.9959281233466858,1,1,TRUE,TRUE,TRUE,TRUE,TRUE,concordancia_estable_panel,CONSENSO_PANEL_1129,egp,consenso_clasificaciones_panel_ENOE,Misma categoria en ambas mediciones; destino historico oficial; empleo continuo
1340,clase_egp7_damian,1,1,263,69777,71371,TRUE,0.9560457628279784,TRUE,1,TRUE,139,124,0.9398206706580093,0.9714766894781864,1,1,TRUE,TRUE,TRUE,TRUE,TRUE,concordancia_estable_panel,CONSENSO_PANEL_1130,egp,consenso_clasificaciones_panel_ENOE,Misma categoria en ambas mediciones; destino historico oficial; empleo continuo
1360,clase_egp7_damian,1,1,25,9877,9547,TRUE,1,TRUE,1,TRUE,18,7,1,1,1,1,TRUE,TRUE,TRUE,TRUE,TRUE,concordancia_estable_panel,CONSENSO_PANEL_1131,egp,consenso_clasificaciones_panel_ENOE,Misma categoria en ambas mediciones; destino historico oficial; empleo continuo
1364,clase_egp7_damian,1,1,33,7560,7532,TRUE,0.9020403293163107,TRUE,1,TRUE,14,19,0.8401336196611787,0.9639618138424821,1,1,TRUE,TRUE,TRUE,TRUE,TRUE,concordancia_estable_panel,CONSENSO_PANEL_1132,egp,consenso_clasificaciones_panel_ENOE,Misma categoria en ambas mediciones; destino historico oficial; empleo continuo
1390,clase_egp7_damian,1,1,32,4289,4395,TRUE,0.960152227445713,TRUE,1,TRUE,19,13,0.9839921594250245,0.9082503556187767,1,1,TRUE,TRUE,TRUE,TRUE,TRUE,concordancia_estable_panel,CONSENSO_PANEL_1133,egp,consenso_clasificaciones_panel_ENOE,Misma categoria en ambas mediciones; destino historico oficial; empleo continuo
1401,clase_egp7_damian,1,1,29,8751,9659,TRUE,0.9098565190268247,TRUE,1,TRUE,12,17,0.8632445141065831,0.962560921577315,1,1,TRUE,TRUE,TRUE,TRUE,TRUE,concordancia_estable_panel,CONSENSO_PANEL_1134,egp,consenso_clasificaciones_panel_ENOE,Misma categoria en ambas mediciones; destino historico oficial; empleo continuo
1412,clase_egp7_damian,1,1,74,17343,18402,TRUE,0.9274827530884004,TRUE,1,TRUE,33,41,1,0.8738839285714286,1,1,TRUE,TRUE,TRUE,TRUE,TRUE,concordancia_estable_panel,CONSENSO_PANEL_1135,egp,consenso_clasificaciones_panel_ENOE,Misma categoria en ambas mediciones; destino historico oficial; empleo continuo
1420,clase_egp7_damian,1,1,17,3308,3104,TRUE,0.957452966714906,TRUE,1,TRUE,11,6,0.8799019607843137,1,1,1,TRUE,TRUE,TRUE,TRUE,TRUE,concordancia_estable_panel,CONSENSO_PANEL_1136,egp,consenso_clasificaciones_panel_ENOE,Misma categoria en ambas mediciones; destino historico oficial; empleo continuo
1423,clase_egp7_damian,3,3,24,6420,6369,TRUE,0.6617874445933409,TRUE,1,TRUE,16,8,0.5137818612922347,1,1,1,TRUE,TRUE,TRUE,TRUE,TRUE,concordancia_estable_panel,CONSENSO_PANEL_1137,egp,consenso_clasificaciones_panel_ENOE,Misma categoria en ambas mediciones; destino historico oficial; empleo continuo
1423,clase_egp7_damian,4,4,44,14973,15109,TRUE,0.8081282383419689,TRUE,1,TRUE,22,22,0.7681447165232738,0.846438385119425,1,1,TRUE,TRUE,TRUE,TRUE,TRUE,concordancia_estable_panel,CONSENSO_PANEL_1138,egp,consenso_clasificaciones_panel_ENOE,Misma categoria en ambas mediciones; destino historico oficial; empleo continuo
2101,clase_egp7_damian,1,1,23,6374,6261,TRUE,0.8538513060951105,TRUE,1,TRUE,9,14,0.832823259372609,0.865182436611008,1,1,TRUE,TRUE,TRUE,TRUE,TRUE,concordancia_estable_panel,CONSENSO_PANEL_1139,egp,consenso_clasificaciones_panel_ENOE,Misma categoria en ambas mediciones; destino historico oficial; empleo continuo
2110,clase_egp7_damian,1,1,19,3080,2937,TRUE,0.8997955010224948,TRUE,1,TRUE,8,11,0.8998555609051516,0.899702823179792,1,1,TRUE,TRUE,TRUE,TRUE,TRUE,concordancia_estable_panel,CONSENSO_PANEL_1140,egp,consenso_clasificaciones_panel_ENOE,Misma categoria en ambas mediciones; destino historico oficial; empleo continuo
2111,clase_egp7_damian,1,1,29,8543,8232,TRUE,0.752289538569919,TRUE,1,TRUE,18,11,0.7799073030189152,0.6869255855321672,1,1,TRUE,TRUE,TRUE,TRUE,TRUE,concordancia_estable_panel,CONSENSO_PANEL_1141,egp,consenso_clasificaciones_panel_ENOE,Misma categoria en ambas mediciones; destino historico oficial; empleo continuo
2120,clase_egp7_damian,1,1,13,2029,1990,TRUE,0.7741320106829455,TRUE,1,TRUE,5,8,0.7118863049095607,0.863932898415657,1,1,TRUE,TRUE,TRUE,TRUE,TRUE,concordancia_estable_panel,CONSENSO_PANEL_1142,egp,consenso_clasificaciones_panel_ENOE,Misma categoria en ambas mediciones; destino historico oficial; empleo continuo
2121,clase_egp7_damian,1,1,138,40923,42094,TRUE,0.7996834329933169,TRUE,1,TRUE,71,67,0.8444324483486284,0.7700750073059064,1,1,TRUE,TRUE,TRUE,TRUE,TRUE,concordancia_estable_panel,CONSENSO_PANEL_1143,egp,consenso_clasificaciones_panel_ENOE,Misma categoria en ambas mediciones; destino historico oficial; empleo continuo
2122,clase_egp7_damian,3,3,26,4822,4645,TRUE,0.8865600294171723,TRUE,1,TRUE,16,10,0.8429226069246436,1,1,1,TRUE,TRUE,TRUE,TRUE,TRUE,concordancia_estable_panel,CONSENSO_PANEL_1144,egp,consenso_clasificaciones_panel_ENOE,Misma categoria en ambas mediciones; destino historico oficial; empleo continuo
2123,clase_egp7_damian,1,1,16,6218,5850,TRUE,0.8123856806898354,TRUE,1,TRUE,9,7,0.9459616502033701,0.7032288698955366,1,1,TRUE,TRUE,TRUE,TRUE,TRUE,concordancia_estable_panel,CONSENSO_PANEL_1145,egp,consenso_clasificaciones_panel_ENOE,Misma categoria en ambas mediciones; destino historico oficial; empleo continuo
2124,clase_egp7_damian,1,1,58,17913,18345,TRUE,0.5984365082016504,TRUE,1,TRUE,30,28,0.506439393939394,0.7018377918115376,1,1,TRUE,TRUE,TRUE,TRUE,TRUE,concordancia_estable_panel,CONSENSO_PANEL_1146,egp,consenso_clasificaciones_panel_ENOE,Misma categoria en ambas mediciones; destino historico oficial; empleo continuo
2125,clase_egp7_damian,1,1,128,36350,34478,TRUE,0.9832296456586421,TRUE,1,TRUE,69,59,0.9789419619928095,0.9891339291455025,1,1,TRUE,TRUE,TRUE,TRUE,TRUE,concordancia_estable_panel,CONSENSO_PANEL_1147,egp,consenso_clasificaciones_panel_ENOE,Misma categoria en ambas mediciones; destino historico oficial; empleo continuo
2127,clase_egp7_damian,1,1,51,10651,10123,TRUE,0.6564965483234714,TRUE,1,TRUE,21,30,0.6775327193407659,0.6347215253386854,1,1,TRUE,TRUE,TRUE,TRUE,TRUE,concordancia_estable_panel,CONSENSO_PANEL_1148,egp,consenso_clasificaciones_panel_ENOE,Misma categoria en ambas mediciones; destino historico oficial; empleo continuo
4100,clase_egp7_damian,6,6,1599,634397,643066,TRUE,1,TRUE,1,TRUE,774,825,1,1,1,1,TRUE,TRUE,TRUE,TRUE,TRUE,concordancia_estable_panel,CONSENSO_PANEL_1149,egp,consenso_clasificaciones_panel_ENOE,Misma categoria en ambas mediciones; destino historico oficial; empleo continuo
4101,clase_egp7_damian,6,6,37,10323,10374,TRUE,0.9605471294314692,TRUE,1,TRUE,18,19,0.9156722354813047,1,1,1,TRUE,TRUE,TRUE,TRUE,TRUE,concordancia_estable_panel,CONSENSO_PANEL_1150,egp,consenso_clasificaciones_panel_ENOE,Misma categoria en ambas mediciones; destino historico oficial; empleo continuo
4103,clase_egp7_damian,6,6,53,17827,17536,TRUE,1,TRUE,1,TRUE,23,30,1,1,1,1,TRUE,TRUE,TRUE,TRUE,TRUE,concordancia_estable_panel,CONSENSO_PANEL_1151,egp,consenso_clasificaciones_panel_ENOE,Misma categoria en ambas mediciones; destino historico oficial; empleo continuo
4104,clase_egp7_damian,6,6,73,50116,50172,TRUE,1,TRUE,1,TRUE,50,23,1,1,1,1,TRUE,TRUE,TRUE,TRUE,TRUE,concordancia_estable_panel,CONSENSO_PANEL_1152,egp,consenso_clasificaciones_panel_ENOE,Misma categoria en ambas mediciones; destino historico oficial; empleo continuo
4106,clase_egp7_damian,6,6,78,23586,23731,TRUE,0.9876057281634704,TRUE,1,TRUE,42,36,1,0.9760866052674099,1,1,TRUE,TRUE,TRUE,TRUE,TRUE,concordancia_estable_panel,CONSENSO_PANEL_1153,egp,consenso_clasificaciones_panel_ENOE,Misma categoria en ambas mediciones; destino historico oficial; empleo continuo
4107,clase_egp7_damian,6,6,16,8782,8558,TRUE,1,TRUE,1,TRUE,5,11,1,1,1,1,TRUE,TRUE,TRUE,TRUE,TRUE,concordancia_estable_panel,CONSENSO_PANEL_1154,egp,consenso_clasificaciones_panel_ENOE,Misma categoria en ambas mediciones; destino historico oficial; empleo continuo
4108,clase_egp7_damian,6,6,51,15494,16046,TRUE,1,TRUE,1,TRUE,21,30,1,1,1,1,TRUE,TRUE,TRUE,TRUE,TRUE,concordancia_estable_panel,CONSENSO_PANEL_1155,egp,consenso_clasificaciones_panel_ENOE,Misma categoria en ambas mediciones; destino historico oficial; empleo continuo
4110,clase_egp7_damian,6,6,86,27576,27870,TRUE,0.9756235627100655,TRUE,1,TRUE,57,29,0.9719255942128833,0.9815617221351526,1,1,TRUE,TRUE,TRUE,TRUE,TRUE,concordancia_estable_panel,CONSENSO_PANEL_1156,egp,consenso_clasificaciones_panel_ENOE,Misma categoria en ambas mediciones; destino historico oficial; empleo continuo
4112,clase_egp7_damian,7,7,38,9010,9098,TRUE,0.6950015427337242,TRUE,1,TRUE,10,28,0.5593316340979892,0.8573364961030159,1,1,TRUE,TRUE,TRUE,TRUE,TRUE,concordancia_estable_panel,CONSENSO_PANEL_1157,egp,consenso_clasificaciones_panel_ENOE,Misma categoria en ambas mediciones; destino historico oficial; empleo continuo
4113,clase_egp7_damian,6,6,37,12461,12460,TRUE,1,TRUE,1,TRUE,16,21,1,1,1,1,TRUE,TRUE,TRUE,TRUE,TRUE,concordancia_estable_panel,CONSENSO_PANEL_1158,egp,consenso_clasificaciones_panel_ENOE,Misma categoria en ambas mediciones; destino historico oficial; empleo continuo
4113,clase_egp7_damian,7,7,18,6530,6544,TRUE,0.6917372881355932,TRUE,1,TRUE,12,6,0.5982175336485995,0.8221714865550482,1,1,TRUE,TRUE,TRUE,TRUE,TRUE,concordancia_estable_panel,CONSENSO_PANEL_1159,egp,consenso_clasificaciones_panel_ENOE,Misma categoria en ambas mediciones; destino historico oficial; empleo continuo
4120,clase_egp7_damian,6,6,151,37893,37737,TRUE,1,TRUE,1,TRUE,93,58,1,1,1,1,TRUE,TRUE,TRUE,TRUE,TRUE,concordancia_estable_panel,CONSENSO_PANEL_1160,egp,consenso_clasificaciones_panel_ENOE,Misma categoria en ambas mediciones; destino historico oficial; empleo continuo
4135,clase_egp7_damian,6,6,16,4488,4537,TRUE,1,TRUE,1,TRUE,11,5,1,1,1,1,TRUE,TRUE,TRUE,TRUE,TRUE,concordancia_estable_panel,CONSENSO_PANEL_1161,egp,consenso_clasificaciones_panel_ENOE,Misma categoria en ambas mediciones; destino historico oficial; empleo continuo
4150,clase_egp7_damian,6,6,102,24089,24541,TRUE,0.9929922915206727,TRUE,1,TRUE,55,47,1,0.9776668418286916,1,1,TRUE,TRUE,TRUE,TRUE,TRUE,concordancia_estable_panel,CONSENSO_PANEL_1162,egp,consenso_clasificaciones_panel_ENOE,Misma categoria en ambas mediciones; destino historico oficial; empleo continuo
4150,clase_egp7_damian,7,7,30,7955,7842,TRUE,0.9404184891831185,TRUE,1,TRUE,13,17,0.9189989235737352,0.9572000843348092,1,1,TRUE,TRUE,TRUE,TRUE,TRUE,concordancia_estable_panel,CONSENSO_PANEL_1163,egp,consenso_clasificaciones_panel_ENOE,Misma categoria en ambas mediciones; destino historico oficial; empleo continuo
5121,clase_egp7_damian,4,4,40,8459,8482,TRUE,0.8666120274562032,TRUE,1,TRUE,27,13,0.8909252669039146,0.8336150688239555,1,1,TRUE,TRUE,TRUE,TRUE,TRUE,concordancia_estable_panel,CONSENSO_PANEL_1164,egp,consenso_clasificaciones_panel_ENOE,Misma categoria en ambas mediciones; destino historico oficial; empleo continuo
5131,clase_egp7_damian,4,4,17,4910,5042,TRUE,0.6847022730442058,TRUE,1,TRUE,7,10,0.7726934523809523,0.6319428953825563,1,1,TRUE,TRUE,TRUE,TRUE,TRUE,concordancia_estable_panel,CONSENSO_PANEL_1165,egp,consenso_clasificaciones_panel_ENOE,Misma categoria en ambas mediciones; destino historico oficial; empleo continuo
5200,clase_egp7_damian,3,3,56,22118,21890,TRUE,0.9754355016538038,TRUE,1,TRUE,31,25,1,0.9274077935618402,1,1,TRUE,TRUE,TRUE,TRUE,TRUE,concordancia_estable_panel,CONSENSO_PANEL_1166,egp,consenso_clasificaciones_panel_ENOE,Misma categoria en ambas mediciones; destino historico oficial; empleo continuo
5200,clase_egp7_damian,4,4,89,33191,32693,TRUE,0.8318963356559226,TRUE,1,TRUE,42,47,0.810403832991102,0.8545052458341905,1,1,TRUE,TRUE,TRUE,TRUE,TRUE,concordancia_estable_panel,CONSENSO_PANEL_1167,egp,consenso_clasificaciones_panel_ENOE,Misma categoria en ambas mediciones; destino historico oficial; empleo continuo
5201,clase_egp7_damian,3,3,12,4005,4006,TRUE,0.9479289940828403,TRUE,1,TRUE,6,6,1,0.9098360655737705,1,1,TRUE,TRUE,TRUE,TRUE,TRUE,concordancia_estable_panel,CONSENSO_PANEL_1168,egp,consenso_clasificaciones_panel_ENOE,Misma categoria en ambas mediciones; destino historico oficial; empleo continuo
5202,clase_egp7_damian,3,3,316,100706,101667,TRUE,0.9587304005102769,TRUE,1,TRUE,165,151,0.9487487728156118,0.9677670959550154,1,1,TRUE,TRUE,TRUE,TRUE,TRUE,concordancia_estable_panel,CONSENSO_PANEL_1169,egp,consenso_clasificaciones_panel_ENOE,Misma categoria en ambas mediciones; destino historico oficial; empleo continuo
5204,clase_egp7_damian,3,3,58,15911,16383,TRUE,0.9831314878892734,TRUE,1,TRUE,27,31,0.9946254250301634,0.9683033819159473,1,1,TRUE,TRUE,TRUE,TRUE,TRUE,concordancia_estable_panel,CONSENSO_PANEL_1170,egp,consenso_clasificaciones_panel_ENOE,Misma categoria en ambas mediciones; destino historico oficial; empleo continuo
5208,clase_egp7_damian,2,2,235,60053,60727,TRUE,0.687388397967126,TRUE,1,TRUE,122,113,0.7482291034203602,0.6371143072163225,1,1,TRUE,TRUE,TRUE,TRUE,TRUE,concordancia_estable_panel,CONSENSO_PANEL_1171,egp,consenso_clasificaciones_panel_ENOE,Misma categoria en ambas mediciones; destino historico oficial; empleo continuo
5208,clase_egp7_damian,3,3,78,25553,25422,TRUE,0.8258888170652876,TRUE,1,TRUE,38,40,0.7011274603477928,0.9543993176300768,1,1,TRUE,TRUE,TRUE,TRUE,TRUE,concordancia_estable_panel,CONSENSO_PANEL_1172,egp,consenso_clasificaciones_panel_ENOE,Misma categoria en ambas mediciones; destino historico oficial; empleo continuo
5221,clase_egp7_damian,3,3,114,33311,33580,TRUE,1,TRUE,1,TRUE,60,54,1,1,1,1,TRUE,TRUE,TRUE,TRUE,TRUE,concordancia_estable_panel,CONSENSO_PANEL_1173,egp,consenso_clasificaciones_panel_ENOE,Misma categoria en ambas mediciones; destino historico oficial; empleo continuo
5222,clase_egp7_damian,3,3,214,50545,51258,TRUE,0.9901271327548042,TRUE,1,TRUE,98,116,0.9811898186161081,1,1,1,TRUE,TRUE,TRUE,TRUE,TRUE,concordancia_estable_panel,CONSENSO_PANEL_1174,egp,consenso_clasificaciones_panel_ENOE,Misma categoria en ambas mediciones; destino historico oficial; empleo continuo
5222,clase_egp7_damian,4,4,60,18480,18827,TRUE,0.951743317711284,TRUE,1,TRUE,27,33,0.95239613218574,0.9511293224065561,1,1,TRUE,TRUE,TRUE,TRUE,TRUE,concordancia_estable_panel,CONSENSO_PANEL_1175,egp,consenso_clasificaciones_panel_ENOE,Misma categoria en ambas mediciones; destino historico oficial; empleo continuo
5224,clase_egp7_damian,3,3,33,9295,9129,TRUE,1,TRUE,1,TRUE,19,14,1,1,1,1,TRUE,TRUE,TRUE,TRUE,TRUE,concordancia_estable_panel,CONSENSO_PANEL_1176,egp,consenso_clasificaciones_panel_ENOE,Misma categoria en ambas mediciones; destino historico oficial; empleo continuo
5225,clase_egp7_damian,3,3,12,2767,2456,TRUE,1,TRUE,1,TRUE,7,5,1,1,1,1,TRUE,TRUE,TRUE,TRUE,TRUE,concordancia_estable_panel,CONSENSO_PANEL_1177,egp,consenso_clasificaciones_panel_ENOE,Misma categoria en ambas mediciones; destino historico oficial; empleo continuo
5227,clase_egp7_damian,3,3,47,13616,13580,TRUE,1,TRUE,1,TRUE,22,25,1,1,1,1,TRUE,TRUE,TRUE,TRUE,TRUE,concordancia_estable_panel,CONSENSO_PANEL_1178,egp,consenso_clasificaciones_panel_ENOE,Misma categoria en ambas mediciones; destino historico oficial; empleo continuo
5227,clase_egp7_damian,4,4,26,8386,8413,TRUE,1,TRUE,1,TRUE,11,15,1,1,1,1,TRUE,TRUE,TRUE,TRUE,TRUE,concordancia_estable_panel,CONSENSO_PANEL_1179,egp,consenso_clasificaciones_panel_ENOE,Misma categoria en ambas mediciones; destino historico oficial; empleo continuo
5230,clase_egp7_damian,3,3,120,35314,35127,TRUE,0.9989250961756053,TRUE,1,TRUE,65,55,0.9978222247693278,1,1,1,TRUE,TRUE,TRUE,TRUE,TRUE,concordancia_estable_panel,CONSENSO_PANEL_1180,egp,consenso_clasificaciones_panel_ENOE,Misma categoria en ambas mediciones; destino historico oficial; empleo continuo
5230,clase_egp7_damian,4,4,54,17658,18255,TRUE,0.7123320827786518,TRUE,1,TRUE,29,25,0.8556461001164144,0.5572076612903226,1,1,TRUE,TRUE,TRUE,TRUE,TRUE,concordancia_estable_panel,CONSENSO_PANEL_1181,egp,consenso_clasificaciones_panel_ENOE,Misma categoria en ambas mediciones; destino historico oficial; empleo continuo
5231,clase_egp7_damian,3,3,40,15593,15318,TRUE,1,TRUE,1,TRUE,23,17,1,1,1,1,TRUE,TRUE,TRUE,TRUE,TRUE,concordancia_estable_panel,CONSENSO_PANEL_1182,egp,consenso_clasificaciones_panel_ENOE,Misma categoria en ambas mediciones; destino historico oficial; empleo continuo
5240,clase_egp7_damian,4,4,19,8210,8173,TRUE,0.912019551210842,TRUE,1,TRUE,10,9,0.9169170673076923,0.8981244671781756,1,1,TRUE,TRUE,TRUE,TRUE,TRUE,concordancia_estable_panel,CONSENSO_PANEL_1183,egp,consenso_clasificaciones_panel_ENOE,Misma categoria en ambas mediciones; destino historico oficial; empleo continuo
5241,clase_egp7_damian,3,3,12,4226,4327,TRUE,1,TRUE,1,TRUE,5,7,1,1,1,1,TRUE,TRUE,TRUE,TRUE,TRUE,concordancia_estable_panel,CONSENSO_PANEL_1184,egp,consenso_clasificaciones_panel_ENOE,Misma categoria en ambas mediciones; destino historico oficial; empleo continuo
5241,clase_egp7_damian,4,4,67,17404,18386,TRUE,0.8002942934657654,TRUE,1,TRUE,29,38,0.668763479511143,0.9381297673980601,1,1,TRUE,TRUE,TRUE,TRUE,TRUE,concordancia_estable_panel,CONSENSO_PANEL_1185,egp,consenso_clasificaciones_panel_ENOE,Misma categoria en ambas mediciones; destino historico oficial; empleo continuo
5242,clase_egp7_damian,3,3,61,18108,18696,TRUE,0.9952184666117065,TRUE,1,TRUE,29,32,1,0.9903973509933774,1,1,TRUE,TRUE,TRUE,TRUE,TRUE,concordancia_estable_panel,CONSENSO_PANEL_1186,egp,consenso_clasificaciones_panel_ENOE,Misma categoria en ambas mediciones; destino historico oficial; empleo continuo
5242,clase_egp7_damian,4,4,65,16152,16030,TRUE,0.8229479798237123,TRUE,1,TRUE,29,36,0.8133798974135109,0.8313264525993884,1,1,TRUE,TRUE,TRUE,TRUE,TRUE,concordancia_estable_panel,CONSENSO_PANEL_1187,egp,consenso_clasificaciones_panel_ENOE,Misma categoria en ambas mediciones; destino historico oficial; empleo continuo
5244,clase_egp7_damian,3,3,16,3977,4084,TRUE,0.9747549019607843,TRUE,1,TRUE,9,7,0.9561702127659575,1,1,1,TRUE,TRUE,TRUE,TRUE,TRUE,concordancia_estable_panel,CONSENSO_PANEL_1188,egp,consenso_clasificaciones_panel_ENOE,Misma categoria en ambas mediciones; destino historico oficial; empleo continuo
5244,clase_egp7_damian,4,4,12,2790,3065,TRUE,0.9558067831449126,TRUE,1,TRUE,7,5,0.9434954007884363,1,1,1,TRUE,TRUE,TRUE,TRUE,TRUE,concordancia_estable_panel,CONSENSO_PANEL_1189,egp,consenso_clasificaciones_panel_ENOE,Misma categoria en ambas mediciones; destino historico oficial; empleo continuo
5245,clase_egp7_damian,3,3,212,60954,61168,TRUE,0.9472113875464251,TRUE,1,TRUE,111,101,0.9353552216657391,0.9591938759568818,1,1,TRUE,TRUE,TRUE,TRUE,TRUE,concordancia_estable_panel,CONSENSO_PANEL_1190,egp,consenso_clasificaciones_panel_ENOE,Misma categoria en ambas mediciones; destino historico oficial; empleo continuo
5245,clase_egp7_damian,4,4,123,30655,31452,TRUE,0.6634994156097138,TRUE,1,TRUE,61,62,0.759631408685423,0.5874806201550388,1,1,TRUE,TRUE,TRUE,TRUE,TRUE,concordancia_estable_panel,CONSENSO_PANEL_1191,egp,consenso_clasificaciones_panel_ENOE,Misma categoria en ambas mediciones; destino historico oficial; empleo continuo
5246,clase_egp7_damian,3,3,26,7938,7822,TRUE,0.7956299488824295,TRUE,1,TRUE,16,10,0.7858038625532983,0.8021702838063439,1,1,TRUE,TRUE,TRUE,TRUE,TRUE,concordancia_estable_panel,CONSENSO_PANEL_1192,egp,consenso_clasificaciones_panel_ENOE,Misma categoria en ambas mediciones; destino historico oficial; empleo continuo
5248,clase_egp7_damian,3,3,95,24571,24831,TRUE,1,TRUE,1,TRUE,49,46,1,1,1,1,TRUE,TRUE,TRUE,TRUE,TRUE,concordancia_estable_panel,CONSENSO_PANEL_1193,egp,consenso_clasificaciones_panel_ENOE,Misma categoria en ambas mediciones; destino historico oficial; empleo continuo
5248,clase_egp7_damian,4,4,25,9117,9117,TRUE,0.7588646578991177,TRUE,1,TRUE,12,13,0.7330970556161396,0.7992731936725096,1,1,TRUE,TRUE,TRUE,TRUE,TRUE,concordancia_estable_panel,CONSENSO_PANEL_1194,egp,consenso_clasificaciones_panel_ENOE,Misma categoria en ambas mediciones; destino historico oficial; empleo continuo
5251,clase_egp7_damian,3,3,20,6366,6450,TRUE,0.9593128390596745,TRUE,1,TRUE,10,10,0.8881524440762221,1,1,1,TRUE,TRUE,TRUE,TRUE,TRUE,concordancia_estable_panel,CONSENSO_PANEL_1195,egp,consenso_clasificaciones_panel_ENOE,Misma categoria en ambas mediciones; destino historico oficial; empleo continuo
5251,clase_egp7_damian,4,4,32,11083,11779,TRUE,0.8845877564051401,TRUE,1,TRUE,19,13,0.850853889943074,0.942257785467128,1,1,TRUE,TRUE,TRUE,TRUE,TRUE,concordancia_estable_panel,CONSENSO_PANEL_1196,egp,consenso_clasificaciones_panel_ENOE,Misma categoria en ambas mediciones; destino historico oficial; empleo continuo
5260,clase_egp7_damian,3,3,334,88929,89649,TRUE,1,TRUE,1,TRUE,164,170,1,1,1,1,TRUE,TRUE,TRUE,TRUE,TRUE,concordancia_estable_panel,CONSENSO_PANEL_1197,egp,consenso_clasificaciones_panel_ENOE,Misma categoria en ambas mediciones; destino historico oficial; empleo continuo
5261,clase_egp7_damian,3,3,79,16521,16884,TRUE,1,TRUE,1,TRUE,34,45,1,1,1,1,TRUE,TRUE,TRUE,TRUE,TRUE,concordancia_estable_panel,CONSENSO_PANEL_1198,egp,consenso_clasificaciones_panel_ENOE,Misma categoria en ambas mediciones; destino historico oficial; empleo continuo
5261,clase_egp7_damian,4,4,47,12496,12429,TRUE,0.7496550482932389,TRUE,1,TRUE,23,24,0.7925124589765407,0.7078891257995735,1,1,TRUE,TRUE,TRUE,TRUE,TRUE,concordancia_estable_panel,CONSENSO_PANEL_1199,egp,consenso_clasificaciones_panel_ENOE,Misma categoria en ambas mediciones; destino historico oficial; empleo continuo
5262,clase_egp7_damian,3,3,21,4805,4595,TRUE,1,TRUE,1,TRUE,8,13,1,1,1,1,TRUE,TRUE,TRUE,TRUE,TRUE,concordancia_estable_panel,CONSENSO_PANEL_1200,egp,consenso_clasificaciones_panel_ENOE,Misma categoria en ambas mediciones; destino historico oficial; empleo continuo
5266,clase_egp7_damian,3,3,12,4683,4663,TRUE,0.9621943702486131,TRUE,1,TRUE,5,7,1,0.9123809523809524,1,1,TRUE,TRUE,TRUE,TRUE,TRUE,concordancia_estable_panel,CONSENSO_PANEL_1201,egp,consenso_clasificaciones_panel_ENOE,Misma categoria en ambas mediciones; destino historico oficial; empleo continuo
5267,clase_egp7_damian,3,3,87,18338,18134,TRUE,0.9731995966671974,TRUE,1,TRUE,44,43,1,0.9498510427010923,1,1,TRUE,TRUE,TRUE,TRUE,TRUE,concordancia_estable_panel,CONSENSO_PANEL_1202,egp,consenso_clasificaciones_panel_ENOE,Misma categoria en ambas mediciones; destino historico oficial; empleo continuo
5270,clase_egp7_damian,3,3,71,19140,17975,TRUE,0.9571914382876575,TRUE,1,TRUE,33,38,0.9078123002173635,0.988911704312115,1,1,TRUE,TRUE,TRUE,TRUE,TRUE,concordancia_estable_panel,CONSENSO_PANEL_1203,egp,consenso_clasificaciones_panel_ENOE,Misma categoria en ambas mediciones; destino historico oficial; empleo continuo
5270,clase_egp7_damian,4,4,114,25920,26374,TRUE,0.592145843328079,TRUE,1,TRUE,40,74,0.5028010457237369,0.6590491410307631,1,1,TRUE,TRUE,TRUE,TRUE,TRUE,concordancia_estable_panel,CONSENSO_PANEL_1204,egp,consenso_clasificaciones_panel_ENOE,Misma categoria en ambas mediciones; destino historico oficial; empleo continuo
5271,clase_egp7_damian,1,1,47,14382,14150,TRUE,0.7859016393442623,TRUE,1,TRUE,22,25,0.8001545765706084,0.7719355187709618,1,1,TRUE,TRUE,TRUE,TRUE,TRUE,concordancia_estable_panel,CONSENSO_PANEL_1205,egp,consenso_clasificaciones_panel_ENOE,Misma categoria en ambas mediciones; destino historico oficial; empleo continuo
5272,clase_egp7_damian,1,1,29,9370,9666,TRUE,0.6204065417466729,TRUE,1,TRUE,12,17,0.6774378585086042,0.5901954826293933,1,1,TRUE,TRUE,TRUE,TRUE,TRUE,concordancia_estable_panel,CONSENSO_PANEL_1206,egp,consenso_clasificaciones_panel_ENOE,Misma categoria en ambas mediciones; destino historico oficial; empleo continuo
5280,clase_egp7_damian,3,3,27,6164,6154,TRUE,1,TRUE,1,TRUE,14,13,1,1,1,1,TRUE,TRUE,TRUE,TRUE,TRUE,concordancia_estable_panel,CONSENSO_PANEL_1207,egp,consenso_clasificaciones_panel_ENOE,Misma categoria en ambas mediciones; destino historico oficial; empleo continuo
5280,clase_egp7_damian,4,4,37,15118,15109,TRUE,0.7018895956172524,TRUE,1,TRUE,18,19,0.6962015503875969,0.7103831461974766,1,1,TRUE,TRUE,TRUE,TRUE,TRUE,concordancia_estable_panel,CONSENSO_PANEL_1208,egp,consenso_clasificaciones_panel_ENOE,Misma categoria en ambas mediciones; destino historico oficial; empleo continuo
5290,clase_egp7_damian,3,3,20,4812,4861,TRUE,0.9635562675210252,TRUE,1,TRUE,9,11,0.9090454772613693,1,1,1,TRUE,TRUE,TRUE,TRUE,TRUE,concordancia_estable_panel,CONSENSO_PANEL_1209,egp,consenso_clasificaciones_panel_ENOE,Misma categoria en ambas mediciones; destino historico oficial; empleo continuo
5300,clase_egp7_damian,4,4,14,6198,6272,TRUE,0.6746489604876456,TRUE,1,TRUE,7,7,0.7746262935990801,0.5432098765432098,1,1,TRUE,TRUE,TRUE,TRUE,TRUE,concordancia_estable_panel,CONSENSO_PANEL_1210,egp,consenso_clasificaciones_panel_ENOE,Misma categoria en ambas mediciones; destino historico oficial; empleo continuo
5302,clase_egp7_damian,4,4,42,11355,11308,TRUE,0.729896509609822,TRUE,1,TRUE,27,15,0.7431409649952696,0.7018247443352718,1,1,TRUE,TRUE,TRUE,TRUE,TRUE,concordancia_estable_panel,CONSENSO_PANEL_1211,egp,consenso_clasificaciones_panel_ENOE,Misma categoria en ambas mediciones; destino historico oficial; empleo continuo
5304,clase_egp7_damian,4,4,19,5174,5445,TRUE,0.7898030834987025,TRUE,1,TRUE,12,7,0.9044309296264118,0.6620400258231117,1,1,TRUE,TRUE,TRUE,TRUE,TRUE,concordancia_estable_panel,CONSENSO_PANEL_1212,egp,consenso_clasificaciones_panel_ENOE,Misma categoria en ambas mediciones; destino historico oficial; empleo continuo
5306,clase_egp7_damian,4,4,22,6683,6654,TRUE,0.6784082834230027,TRUE,1,TRUE,9,13,0.6821069348861831,0.6761073604478841,1,1,TRUE,TRUE,TRUE,TRUE,TRUE,concordancia_estable_panel,CONSENSO_PANEL_1213,egp,consenso_clasificaciones_panel_ENOE,Misma categoria en ambas mediciones; destino historico oficial; empleo continuo
5310,clase_egp7_damian,4,4,21,4684,4759,TRUE,0.9522260622077658,TRUE,1,TRUE,9,12,0.9629874421678783,0.9474456840869054,1,1,TRUE,TRUE,TRUE,TRUE,TRUE,concordancia_estable_panel,CONSENSO_PANEL_1214,egp,consenso_clasificaciones_panel_ENOE,Misma categoria en ambas mediciones; destino historico oficial; empleo continuo
5320,clase_egp7_damian,4,4,23,4889,4897,TRUE,0.8887475004544628,TRUE,1,TRUE,14,9,1,0.7485620377978636,1,1,TRUE,TRUE,TRUE,TRUE,TRUE,concordancia_estable_panel,CONSENSO_PANEL_1215,egp,consenso_clasificaciones_panel_ENOE,Misma categoria en ambas mediciones; destino historico oficial; empleo continuo
5321,clase_egp7_damian,4,4,27,14893,14848,TRUE,0.8856972940826643,TRUE,1,TRUE,16,11,0.8484329874852925,0.9323600321457273,1,1,TRUE,TRUE,TRUE,TRUE,TRUE,concordancia_estable_panel,CONSENSO_PANEL_1216,egp,consenso_clasificaciones_panel_ENOE,Misma categoria en ambas mediciones; destino historico oficial; empleo continuo
5322,clase_egp7_damian,4,4,264,69096,69599,TRUE,0.9507664364146737,TRUE,1,TRUE,132,132,0.9483734087694484,0.9530329010824135,1,1,TRUE,TRUE,TRUE,TRUE,TRUE,concordancia_estable_panel,CONSENSO_PANEL_1217,egp,consenso_clasificaciones_panel_ENOE,Misma categoria en ambas mediciones; destino historico oficial; empleo continuo
5323,clase_egp7_damian,4,4,139,19886,20105,TRUE,0.8256934064108952,TRUE,1,TRUE,59,80,0.8162078324932144,0.8328006972690296,1,1,TRUE,TRUE,TRUE,TRUE,TRUE,concordancia_estable_panel,CONSENSO_PANEL_1218,egp,consenso_clasificaciones_panel_ENOE,Misma categoria en ambas mediciones; destino historico oficial; empleo continuo
5324,clase_egp7_damian,4,4,19,4849,4873,TRUE,0.952839457653763,TRUE,1,TRUE,11,8,0.8742138364779874,1,1,1,TRUE,TRUE,TRUE,TRUE,TRUE,concordancia_estable_panel,CONSENSO_PANEL_1219,egp,consenso_clasificaciones_panel_ENOE,Misma categoria en ambas mediciones; destino historico oficial; empleo continuo
5331,clase_egp7_damian,4,4,12,4906,5081,TRUE,0.7344311377245509,TRUE,1,TRUE,5,7,0.5533527696793002,0.9255384615384615,1,1,TRUE,TRUE,TRUE,TRUE,TRUE,concordancia_estable_panel,CONSENSO_PANEL_1220,egp,consenso_clasificaciones_panel_ENOE,Misma categoria en ambas mediciones; destino historico oficial; empleo continuo
5332,clase_egp7_damian,4,4,17,5536,5453,TRUE,1,TRUE,1,TRUE,11,6,1,1,1,1,TRUE,TRUE,TRUE,TRUE,TRUE,concordancia_estable_panel,CONSENSO_PANEL_1221,egp,consenso_clasificaciones_panel_ENOE,Misma categoria en ambas mediciones; destino historico oficial; empleo continuo
5333,clase_egp7_damian,4,4,13,5090,5308,TRUE,0.8334697887669887,TRUE,1,TRUE,7,6,0.7547624789004099,1,1,1,TRUE,TRUE,TRUE,TRUE,TRUE,concordancia_estable_panel,CONSENSO_PANEL_1222,egp,consenso_clasificaciones_panel_ENOE,Misma categoria en ambas mediciones; destino historico oficial; empleo continuo
5334,clase_egp7_damian,4,4,13,3947,4019,TRUE,0.8209234608985025,TRUE,1,TRUE,8,5,1,0.6921701823382195,1,1,TRUE,TRUE,TRUE,TRUE,TRUE,concordancia_estable_panel,CONSENSO_PANEL_1223,egp,consenso_clasificaciones_panel_ENOE,Misma categoria en ambas mediciones; destino historico oficial; empleo continuo
5340,clase_egp7_damian,4,4,24,5978,6008,TRUE,0.963882618510158,TRUE,1,TRUE,8,16,0.7967332123411979,1,1,1,TRUE,TRUE,TRUE,TRUE,TRUE,concordancia_estable_panel,CONSENSO_PANEL_1224,egp,consenso_clasificaciones_panel_ENOE,Misma categoria en ambas mediciones; destino historico oficial; empleo continuo
5342,clase_egp7_damian,4,4,41,11523,11592,TRUE,0.91977969348659006,TRUE,1,TRUE,24,17,1,0.8549992786033761,1,1,TRUE,TRUE,TRUE,TRUE,TRUE,concordancia_estable_panel,CONSENSO_PANEL_1225,egp,consenso_clasificaciones_panel_ENOE,Misma categoria en ambas mediciones; destino historico oficial; empleo continuo
5343,clase_egp7_damian,4,4,200,43126,43320,TRUE,0.8120586739977781,TRUE,1,TRUE,94,106,0.7945148001220629,0.8291621732178052,1,1,TRUE,TRUE,TRUE,TRUE,TRUE,concordancia_estable_panel,CONSENSO_PANEL_1226,egp,consenso_clasificaciones_panel_ENOE,Misma categoria en ambas mediciones; destino historico oficial; empleo continuo
5344,clase_egp7_damian,4,4,245,51182,51393,TRUE,0.8709161448407297,TRUE,1,TRUE,123,122,0.8498125666334216,0.8915833080731534,1,1,TRUE,TRUE,TRUE,TRUE,TRUE,concordancia_estable_panel,CONSENSO_PANEL_1227,egp,consenso_clasificaciones_panel_ENOE,Misma categoria en ambas mediciones; destino historico oficial; empleo continuo
5345,clase_egp7_damian,4,4,350,107502,111562,TRUE,0.904891372968241,TRUE,1,TRUE,178,172,0.8950583926266175,0.9174443784374221,1,1,TRUE,TRUE,TRUE,TRUE,TRUE,concordancia_estable_panel,CONSENSO_PANEL_1228,egp,consenso_clasificaciones_panel_ENOE,Misma categoria en ambas mediciones; destino historico oficial; empleo continuo
5350,clase_egp7_damian,4,4,15,3517,3589,TRUE,1,TRUE,1,TRUE,10,5,1,1,1,1,TRUE,TRUE,TRUE,TRUE,TRUE,concordancia_estable_panel,CONSENSO_PANEL_1229,egp,consenso_clasificaciones_panel_ENOE,Misma categoria en ambas mediciones; destino historico oficial; empleo continuo
5353,clase_egp7_damian,4,4,10,4566,4542,TRUE,0.6257366040838701,TRUE,1,TRUE,5,5,0.8686070686070686,0.5063368765331153,1,1,TRUE,TRUE,TRUE,TRUE,TRUE,concordancia_estable_panel,CONSENSO_PANEL_1230,egp,consenso_clasificaciones_panel_ENOE,Misma categoria en ambas mediciones; destino historico oficial; empleo continuo
5371,clase_egp7_damian,4,4,16,5866,5874,TRUE,0.9569331158238172,TRUE,1,TRUE,5,11,1,0.9471683009805884,1,1,TRUE,TRUE,TRUE,TRUE,TRUE,concordancia_estable_panel,CONSENSO_PANEL_1231,egp,consenso_clasificaciones_panel_ENOE,Misma categoria en ambas mediciones; destino historico oficial; empleo continuo
5380,clase_egp7_damian,4,4,33,9375,9572,TRUE,0.7103887247101613,TRUE,1,TRUE,16,17,0.7754439151147683,0.6753700897540506,1,1,TRUE,TRUE,TRUE,TRUE,TRUE,concordancia_estable_panel,CONSENSO_PANEL_1232,egp,consenso_clasificaciones_panel_ENOE,Misma categoria en ambas mediciones; destino historico oficial; empleo continuo
5383,clase_egp7_damian,4,4,117,38232,38200,TRUE,0.8251748251748252,TRUE,1,TRUE,61,56,0.7738861611202037,0.9000371609067261,1,1,TRUE,TRUE,TRUE,TRUE,TRUE,concordancia_estable_panel,CONSENSO_PANEL_1233,egp,consenso_clasificaciones_panel_ENOE,Misma categoria en ambas mediciones; destino historico oficial; empleo continuo
5400,clase_egp7_damian,5,5,193,58145,58317,TRUE,0.6110813338798331,TRUE,1,TRUE,106,87,0.66834876909681,0.5462247024810059,1,1,TRUE,TRUE,TRUE,TRUE,TRUE,concordancia_estable_panel,CONSENSO_PANEL_1234,egp,consenso_clasificaciones_panel_ENOE,Misma categoria en ambas mediciones; destino historico oficial; empleo continuo
5401,clase_egp7_damian,5,5,58,21638,21852,TRUE,0.5846527965414753,TRUE,1,TRUE,27,31,0.528383492521175,0.6306536364975691,1,1,TRUE,TRUE,TRUE,TRUE,TRUE,concordancia_estable_panel,CONSENSO_PANEL_1235,egp,consenso_clasificaciones_panel_ENOE,Misma categoria en ambas mediciones; destino historico oficial; empleo continuo
5420,clase_egp7_damian,5,5,54,13530,13988,TRUE,0.5971400829729014,TRUE,1,TRUE,28,26,0.582135438304944,0.6141391320719194,1,1,TRUE,TRUE,TRUE,TRUE,TRUE,concordancia_estable_panel,CONSENSO_PANEL_1236,egp,consenso_clasificaciones_panel_ENOE,Misma categoria en ambas mediciones; destino historico oficial; empleo continuo
5430,clase_egp7_damian,5,5,39,11902,12144,TRUE,0.6397548914211998,TRUE,1,TRUE,16,23,0.8383190883190883,0.5194233425414365,1,1,TRUE,TRUE,TRUE,TRUE,TRUE,concordancia_estable_panel,CONSENSO_PANEL_1237,egp,consenso_clasificaciones_panel_ENOE,Misma categoria en ambas mediciones; destino historico oficial; empleo continuo
5440,clase_egp7_damian,5,5,213,58008,58583,TRUE,0.5742001900538486,TRUE,1,TRUE,110,103,0.5238680420936028,0.6414400665926748,1,1,TRUE,TRUE,TRUE,TRUE,TRUE,concordancia_estable_panel,CONSENSO_PANEL_1238,egp,consenso_clasificaciones_panel_ENOE,Misma categoria en ambas mediciones; destino historico oficial; empleo continuo
5460,clase_egp7_damian,5,5,710,223991,224843,TRUE,0.8554531601480299,TRUE,1,TRUE,353,357,0.8819297141480773,0.8298581901213796,1,1,TRUE,TRUE,TRUE,TRUE,TRUE,concordancia_estable_panel,CONSENSO_PANEL_1239,egp,consenso_clasificaciones_panel_ENOE,Misma categoria en ambas mediciones; destino historico oficial; empleo continuo
5470,clase_egp7_damian,5,5,28,9705,9715,TRUE,0.7626119754832626,TRUE,1,TRUE,12,16,0.6719594041578,0.8463049720417107,1,1,TRUE,TRUE,TRUE,TRUE,TRUE,concordancia_estable_panel,CONSENSO_PANEL_1240,egp,consenso_clasificaciones_panel_ENOE,Misma categoria en ambas mediciones; destino historico oficial; empleo continuo
5500,clase_egp7_damian,4,4,17,7006,7066,TRUE,0.6435197942500229,TRUE,1,TRUE,12,5,0.6013198757763976,0.6814298169136879,1,1,TRUE,TRUE,TRUE,TRUE,TRUE,concordancia_estable_panel,CONSENSO_PANEL_1241,egp,consenso_clasificaciones_panel_ENOE,Misma categoria en ambas mediciones; destino historico oficial; empleo continuo
5501,clase_egp7_damian,4,4,65,16594,16616,TRUE,0.9640948175691378,TRUE,1,TRUE,33,32,0.9705749718151071,0.9572045073123951,1,1,TRUE,TRUE,TRUE,TRUE,TRUE,concordancia_estable_panel,CONSENSO_PANEL_1242,egp,consenso_clasificaciones_panel_ENOE,Misma categoria en ambas mediciones; destino historico oficial; empleo continuo
5502,clase_egp7_damian,4,4,104,21831,22108,TRUE,0.6578971159931291,TRUE,1,TRUE,51,53,0.6477323753929053,0.6647495080974724,1,1,TRUE,TRUE,TRUE,TRUE,TRUE,concordancia_estable_panel,CONSENSO_PANEL_1243,egp,consenso_clasificaciones_panel_ENOE,Misma categoria en ambas mediciones; destino historico oficial; empleo continuo
5520,clase_egp7_damian,3,3,333,108169,107680,TRUE,0.9901777704545871,TRUE,1,TRUE,153,180,0.9878987240829346,0.992112656985207,1,1,TRUE,TRUE,TRUE,TRUE,TRUE,concordancia_estable_panel,CONSENSO_PANEL_1244,egp,consenso_clasificaciones_panel_ENOE,Misma categoria en ambas mediciones; destino historico oficial; empleo continuo
5520,clase_egp7_damian,4,4,890,264952,263617,TRUE,0.9465613947340217,TRUE,1,TRUE,430,460,0.9450197689120156,0.9480357005570349,1,1,TRUE,TRUE,TRUE,TRUE,TRUE,concordancia_estable_panel,CONSENSO_PANEL_1245,egp,consenso_clasificaciones_panel_ENOE,Misma categoria en ambas mediciones; destino historico oficial; empleo continuo
5521,clase_egp7_damian,3,3,35,17705,17026,TRUE,0.9520352745066408,TRUE,1,TRUE,16,19,0.976809425846269,0.9185119574844995,1,1,TRUE,TRUE,TRUE,TRUE,TRUE,concordancia_estable_panel,CONSENSO_PANEL_1246,egp,consenso_clasificaciones_panel_ENOE,Misma categoria en ambas mediciones; destino historico oficial; empleo continuo
5521,clase_egp7_damian,4,4,361,108720,108963,TRUE,0.8166515184520278,TRUE,1,TRUE,192,169,0.8058131644424339,0.82893914381421,1,1,TRUE,TRUE,TRUE,TRUE,TRUE,concordancia_estable_panel,CONSENSO_PANEL_1247,egp,consenso_clasificaciones_panel_ENOE,Misma categoria en ambas mediciones; destino historico oficial; empleo continuo
5550,clase_egp7_damian,3,3,39,9720,9878,TRUE,1,TRUE,1,TRUE,22,17,1,1,1,1,TRUE,TRUE,TRUE,TRUE,TRUE,concordancia_estable_panel,CONSENSO_PANEL_1248,egp,consenso_clasificaciones_panel_ENOE,Misma categoria en ambas mediciones; destino historico oficial; empleo continuo
6100,clase_egp7_damian,1,1,84,19129,19127,TRUE,0.83836613051672,TRUE,1,TRUE,38,46,0.856029106029106,0.8254906418125332,1,1,TRUE,TRUE,TRUE,TRUE,TRUE,concordancia_estable_panel,CONSENSO_PANEL_1249,egp,consenso_clasificaciones_panel_ENOE,Misma categoria en ambas mediciones; destino historico oficial; empleo continuo
6101,clase_egp7_damian,1,1,169,37084,39271,TRUE,0.8027708626474727,TRUE,1,TRUE,77,92,0.7416691988250785,0.8483874626639949,1,1,TRUE,TRUE,TRUE,TRUE,TRUE,concordancia_estable_panel,CONSENSO_PANEL_1250,egp,consenso_clasificaciones_panel_ENOE,Misma categoria en ambas mediciones; destino historico oficial; empleo continuo
6102,clase_egp7_damian,1,1,82,15040,15380,TRUE,0.742972879513906,TRUE,1,TRUE,42,40,0.7063701470033924,0.7833039144429447,1,1,TRUE,TRUE,TRUE,TRUE,TRUE,concordancia_estable_panel,CONSENSO_PANEL_1251,egp,consenso_clasificaciones_panel_ENOE,Misma categoria en ambas mediciones; destino historico oficial; empleo continuo
6110,clase_egp7_damian,1,1,81,23500,24390,TRUE,0.6201018550281024,TRUE,1,TRUE,42,39,0.5995796111403048,0.6338817095223394,1,1,TRUE,TRUE,TRUE,TRUE,TRUE,concordancia_estable_panel,CONSENSO_PANEL_1252,egp,consenso_clasificaciones_panel_ENOE,Misma categoria en ambas mediciones; destino historico oficial; empleo continuo
6111,clase_egp7_damian,1,1,236,58552,60382,TRUE,0.5840889819941144,TRUE,1,TRUE,143,93,0.5921022258862325,0.571814623058467,1,1,TRUE,TRUE,TRUE,TRUE,TRUE,concordancia_estable_panel,CONSENSO_PANEL_1253,egp,consenso_clasificaciones_panel_ENOE,Misma categoria en ambas mediciones; destino historico oficial; empleo continuo
6130,clase_egp7_damian,1,1,50,15403,17855,TRUE,0.8869630312104112,TRUE,1,TRUE,23,27,0.9038629419467481,0.8680809558644234,1,1,TRUE,TRUE,TRUE,TRUE,TRUE,concordancia_estable_panel,CONSENSO_PANEL_1254,egp,consenso_clasificaciones_panel_ENOE,Misma categoria en ambas mediciones; destino historico oficial; empleo continuo
6150,clase_egp7_damian,1,1,27,8154,8563,TRUE,0.6077364537527018,TRUE,1,TRUE,13,14,0.5078771169751871,0.668545389135388,1,1,TRUE,TRUE,TRUE,TRUE,TRUE,concordancia_estable_panel,CONSENSO_PANEL_1255,egp,consenso_clasificaciones_panel_ENOE,Misma categoria en ambas mediciones; destino historico oficial; empleo continuo
6170,clase_egp7_damian,1,1,40,4445,4592,TRUE,0.8624369421808304,TRUE,1,TRUE,22,18,0.8317430025445293,0.9104477611940298,1,1,TRUE,TRUE,TRUE,TRUE,TRUE,concordancia_estable_panel,CONSENSO_PANEL_1256,egp,consenso_clasificaciones_panel_ENOE,Misma categoria en ambas mediciones; destino historico oficial; empleo continuo
6190,clase_egp7_damian,1,1,19,6096,6375,TRUE,0.8052840158520476,TRUE,1,TRUE,9,10,0.9118096485483519,0.6420207427233189,1,1,TRUE,TRUE,TRUE,TRUE,TRUE,concordancia_estable_panel,CONSENSO_PANEL_1257,egp,consenso_clasificaciones_panel_ENOE,Misma categoria en ambas mediciones; destino historico oficial; empleo continuo
6200,clase_egp7_damian,2,2,973,226649,225410,TRUE,0.8935607359834731,TRUE,1,TRUE,465,508,0.9215319868055443,0.8671925860682419,1,1,TRUE,TRUE,TRUE,TRUE,TRUE,concordancia_estable_panel,CONSENSO_PANEL_1258,egp,consenso_clasificaciones_panel_ENOE,Misma categoria en ambas mediciones; destino historico oficial; empleo continuo
6202,clase_egp7_damian,2,2,140,38030,38230,TRUE,0.7409355699729188,TRUE,1,TRUE,71,69,0.7194302410518627,0.7655238652023217,1,1,TRUE,TRUE,TRUE,TRUE,TRUE,concordancia_estable_panel,CONSENSO_PANEL_1259,egp,consenso_clasificaciones_panel_ENOE,Misma categoria en ambas mediciones; destino historico oficial; empleo continuo
6210,clase_egp7_damian,2,2,389,103654,103536,TRUE,0.8397932397835175,TRUE,1,TRUE,204,185,0.8531470669152936,0.8247301817178718,1,1,TRUE,TRUE,TRUE,TRUE,TRUE,concordancia_estable_panel,CONSENSO_PANEL_1260,egp,consenso_clasificaciones_panel_ENOE,Misma categoria en ambas mediciones; destino historico oficial; empleo continuo
6211,clase_egp7_damian,2,2,23,8248,8278,TRUE,0.9571776720436347,TRUE,1,TRUE,9,14,0.9178947368421052,0.9765909485000867,1,1,TRUE,TRUE,TRUE,TRUE,TRUE,concordancia_estable_panel,CONSENSO_PANEL_1261,egp,consenso_clasificaciones_panel_ENOE,Misma categoria en ambas mediciones; destino historico oficial; empleo continuo
6220,clase_egp7_damian,2,2,52,11216,11370,TRUE,0.6409509114806561,TRUE,1,TRUE,24,28,0.5523495465787304,0.7244671403197158,1,1,TRUE,TRUE,TRUE,TRUE,TRUE,concordancia_estable_panel,CONSENSO_PANEL_1262,egp,consenso_clasificaciones_panel_ENOE,Misma categoria en ambas mediciones; destino historico oficial; empleo continuo
6221,clase_egp7_damian,2,2,205,56328,56419,TRUE,0.5633419676164378,TRUE,1,TRUE,91,114,0.5339132451867317,0.5856467237469013,1,1,TRUE,TRUE,TRUE,TRUE,TRUE,concordancia_estable_panel,CONSENSO_PANEL_1263,egp,consenso_clasificaciones_panel_ENOE,Misma categoria en ambas mediciones; destino historico oficial; empleo continuo
6230,clase_egp7_damian,2,2,226,57872,58677,TRUE,0.8049068832668048,TRUE,1,TRUE,112,114,0.8250376166114957,0.7876076443662883,1,1,TRUE,TRUE,TRUE,TRUE,TRUE,concordancia_estable_panel,CONSENSO_PANEL_1264,egp,consenso_clasificaciones_panel_ENOE,Misma categoria en ambas mediciones; destino historico oficial; empleo continuo
6232,clase_egp7_damian,2,2,29,7293,7337,TRUE,0.7663129137333193,TRUE,1,TRUE,16,13,0.7683391003460207,0.7631790206047632,1,1,TRUE,TRUE,TRUE,TRUE,TRUE,concordancia_estable_panel,CONSENSO_PANEL_1265,egp,consenso_clasificaciones_panel_ENOE,Misma categoria en ambas mediciones; destino historico oficial; empleo continuo
6240,clase_egp7_damian,2,2,27,8357,8905,TRUE,0.684607192594413,TRUE,1,TRUE,13,14,0.7325795424664738,0.6628986197049024,1,1,TRUE,TRUE,TRUE,TRUE,TRUE,concordancia_estable_panel,CONSENSO_PANEL_1266,egp,consenso_clasificaciones_panel_ENOE,Misma categoria en ambas mediciones; destino historico oficial; empleo continuo
6250,clase_egp7_damian,2,2,20,6337,6365,TRUE,0.7414297414297414,TRUE,1,TRUE,6,14,0.8238188976377953,0.7303146992431284,1,1,TRUE,TRUE,TRUE,TRUE,TRUE,concordancia_estable_panel,CONSENSO_PANEL_1267,egp,consenso_clasificaciones_panel_ENOE,Misma categoria en ambas mediciones; destino historico oficial; empleo continuo
6270,clase_egp7_damian,2,2,919,193895,197076,TRUE,0.6650967828243503,TRUE,1,TRUE,466,453,0.6380785833786584,0.691923818378201,1,1,TRUE,TRUE,TRUE,TRUE,TRUE,concordancia_estable_panel,CONSENSO_PANEL_1268,egp,consenso_clasificaciones_panel_ENOE,Misma categoria en ambas mediciones; destino historico oficial; empleo continuo
7100,clase_egp7_damian,2,2,16,6651,6278,TRUE,0.8773248911753067,TRUE,0.557004702333422,TRUE,10,6,0.8375545851528384,1,0.5608260325406759,0.547698872295032,TRUE,TRUE,TRUE,TRUE,TRUE,concordancia_estable_panel,CONSENSO_PANEL_1269,egp,consenso_clasificaciones_panel_ENOE,Misma categoria en ambas mediciones; destino historico oficial; empleo continuo
7100,clase_egp7_damian,3,3,1360,428491,427549,TRUE,0.8640394744271207,TRUE,1,TRUE,667,693,0.847472069683772,0.879947824024665,1,1,TRUE,TRUE,TRUE,TRUE,TRUE,concordancia_estable_panel,CONSENSO_PANEL_1270,egp,consenso_clasificaciones_panel_ENOE,Misma categoria en ambas mediciones; destino historico oficial; empleo continuo
7111,clase_egp7_damian,2,2,1749,459167,465235,TRUE,0.7638270619156935,TRUE,0.9842639626126307,TRUE,871,878,0.7857072191757589,0.7443605477247294,0.9816368992979971,0.9867281128663914,TRUE,TRUE,TRUE,TRUE,TRUE,concordancia_estable_panel,CONSENSO_PANEL_1271,egp,consenso_clasificaciones_panel_ENOE,Misma categoria en ambas mediciones; destino historico oficial; empleo continuo
7111,clase_egp7_damian,3,3,70,22372,22090,TRUE,0.5843847138416529,TRUE,1,TRUE,32,38,0.5915438511717807,0.5759608824198317,1,1,TRUE,TRUE,TRUE,TRUE,TRUE,concordancia_estable_panel,CONSENSO_PANEL_1272,egp,consenso_clasificaciones_panel_ENOE,Misma categoria en ambas mediciones; destino historico oficial; empleo continuo
7120,clase_egp7_damian,2,2,22,6464,6636,TRUE,0.9849154350144751,TRUE,1,TRUE,11,11,1,0.9698630136986301,1,1,TRUE,TRUE,TRUE,TRUE,TRUE,concordancia_estable_panel,CONSENSO_PANEL_1273,egp,consenso_clasificaciones_panel_ENOE,Misma categoria en ambas mediciones; destino historico oficial; empleo continuo
7130,clase_egp7_damian,2,2,181,43442,44144,TRUE,0.7687488940010617,TRUE,1,TRUE,87,94,0.7899404184564224,0.7466174661746617,1,1,TRUE,TRUE,TRUE,TRUE,TRUE,concordancia_estable_panel,CONSENSO_PANEL_1274,egp,consenso_clasificaciones_panel_ENOE,Misma categoria en ambas mediciones; destino historico oficial; empleo continuo
7131,clase_egp7_damian,2,2,52,14853,15100,TRUE,0.8542589290849485,TRUE,1,TRUE,30,22,0.7461823734729494,0.9748144543131768,1,1,TRUE,TRUE,TRUE,TRUE,TRUE,concordancia_estable_panel,CONSENSO_PANEL_1275,egp,consenso_clasificaciones_panel_ENOE,Misma categoria en ambas mediciones; destino historico oficial; empleo continuo
7133,clase_egp7_damian,2,2,36,9807,10532,TRUE,0.7738499171466898,TRUE,1,TRUE,19,17,0.6768335273573923,0.9779573842762674,1,1,TRUE,TRUE,TRUE,TRUE,TRUE,concordancia_estable_panel,CONSENSO_PANEL_1276,egp,consenso_clasificaciones_panel_ENOE,Misma categoria en ambas mediciones; destino historico oficial; empleo continuo
7200,clase_egp7_damian,5,5,13,4167,4178,TRUE,0.8407990314769975,TRUE,1,TRUE,8,5,0.8361062825925006,0.8611410118406889,1,1,TRUE,TRUE,TRUE,TRUE,TRUE,concordancia_estable_panel,CONSENSO_PANEL_1277,egp,consenso_clasificaciones_panel_ENOE,Misma categoria en ambas mediciones; destino historico oficial; empleo continuo
7210,clase_egp7_damian,5,5,483,148919,150969,TRUE,0.6970199062957815,TRUE,1,TRUE,230,253,0.6519174898314933,0.7392088123125979,1,1,TRUE,TRUE,TRUE,TRUE,TRUE,concordancia_estable_panel,CONSENSO_PANEL_1278,egp,consenso_clasificaciones_panel_ENOE,Misma categoria en ambas mediciones; destino historico oficial; empleo continuo
7211,clase_egp7_damian,5,5,35,12893,12756,TRUE,0.9556033204862141,TRUE,1,TRUE,14,21,0.9697663765460376,0.9422439867492438,1,1,TRUE,TRUE,TRUE,TRUE,TRUE,concordancia_estable_panel,CONSENSO_PANEL_1279,egp,consenso_clasificaciones_panel_ENOE,Misma categoria en ambas mediciones; destino historico oficial; empleo continuo
7212,clase_egp7_damian,5,5,33,7252,7375,TRUE,1,TRUE,1,TRUE,11,22,1,1,1,1,TRUE,TRUE,TRUE,TRUE,TRUE,concordancia_estable_panel,CONSENSO_PANEL_1280,egp,consenso_clasificaciones_panel_ENOE,Misma categoria en ambas mediciones; destino historico oficial; empleo continuo
8100,clase_egp7_damian,3,3,421,109536,109305,TRUE,0.8694575415535553,TRUE,1,TRUE,206,215,0.8285669166995657,0.910784110314889,1,1,TRUE,TRUE,TRUE,TRUE,TRUE,concordancia_estable_panel,CONSENSO_PANEL_1281,egp,consenso_clasificaciones_panel_ENOE,Misma categoria en ambas mediciones; destino historico oficial; empleo continuo
8101,clase_egp7_damian,5,5,299,72971,74404,TRUE,0.8373611493619756,TRUE,0.9894675248683441,TRUE,163,136,0.8303456714591618,0.846387992337768,1,0.9766914859177728,TRUE,TRUE,TRUE,TRUE,TRUE,concordancia_estable_panel,CONSENSO_PANEL_1282,egp,consenso_clasificaciones_panel_ENOE,Misma categoria en ambas mediciones; destino historico oficial; empleo continuo
8110,clase_egp7_damian,5,5,75,12767,12995,TRUE,0.8995913190529876,TRUE,1,TRUE,44,31,0.8715914724838869,0.9364794252122796,1,1,TRUE,TRUE,TRUE,TRUE,TRUE,concordancia_estable_panel,CONSENSO_PANEL_1283,egp,consenso_clasificaciones_panel_ENOE,Misma categoria en ambas mediciones; destino historico oficial; empleo continuo
8111,clase_egp7_damian,5,5,27,9834,9977,TRUE,0.8048121777559538,TRUE,1,TRUE,12,15,0.9396946564885497,0.7035391889955581,1,1,TRUE,TRUE,TRUE,TRUE,TRUE,concordancia_estable_panel,CONSENSO_PANEL_1284,egp,consenso_clasificaciones_panel_ENOE,Misma categoria en ambas mediciones; destino historico oficial; empleo continuo
8120,clase_egp7_damian,5,5,24,10864,12215,TRUE,1,TRUE,1,TRUE,13,11,1,1,1,1,TRUE,TRUE,TRUE,TRUE,TRUE,concordancia_estable_panel,CONSENSO_PANEL_1285,egp,consenso_clasificaciones_panel_ENOE,Misma categoria en ambas mediciones; destino historico oficial; empleo continuo
8122,clase_egp7_damian,5,5,73,18252,17853,TRUE,0.9748437750360519,TRUE,1,TRUE,34,39,0.9531593071480849,0.9917339667458432,1,1,TRUE,TRUE,TRUE,TRUE,TRUE,concordancia_estable_panel,CONSENSO_PANEL_1286,egp,consenso_clasificaciones_panel_ENOE,Misma categoria en ambas mediciones; destino historico oficial; empleo continuo
8123,clase_egp7_damian,5,5,89,21404,21938,TRUE,0.9873149130494949,TRUE,1,TRUE,40,49,0.9849749582637729,0.988336646785951,1,1,TRUE,TRUE,TRUE,TRUE,TRUE,concordancia_estable_panel,CONSENSO_PANEL_1287,egp,consenso_clasificaciones_panel_ENOE,Misma categoria en ambas mediciones; destino historico oficial; empleo continuo
8124,clase_egp7_damian,5,5,881,220819,223410,TRUE,0.828247252541165,TRUE,1,TRUE,447,434,0.8278328665506017,0.8286542750929368,1,1,TRUE,TRUE,TRUE,TRUE,TRUE,concordancia_estable_panel,CONSENSO_PANEL_1288,egp,consenso_clasificaciones_panel_ENOE,Misma categoria en ambas mediciones; destino historico oficial; empleo continuo
8125,clase_egp7_damian,6,6,52,15622,15650,TRUE,0.9507059396299903,TRUE,1,TRUE,34,18,0.9614627498485766,0.9066377171215881,1,1,TRUE,TRUE,TRUE,TRUE,TRUE,concordancia_estable_panel,CONSENSO_PANEL_1289,egp,consenso_clasificaciones_panel_ENOE,Misma categoria en ambas mediciones; destino historico oficial; empleo continuo
8125,clase_egp7_damian,7,7,93,26084,25635,TRUE,0.6615603124682966,TRUE,1,TRUE,38,55,0.7619740588421385,0.5943783600728104,1,1,TRUE,TRUE,TRUE,TRUE,TRUE,concordancia_estable_panel,CONSENSO_PANEL_1290,egp,consenso_clasificaciones_panel_ENOE,Misma categoria en ambas mediciones; destino historico oficial; empleo continuo
8126,clase_egp7_damian,5,5,97,23182,23503,TRUE,0.592905189391033,TRUE,1,TRUE,45,52,0.6001071524243236,0.586326710384653,1,1,TRUE,TRUE,TRUE,TRUE,TRUE,concordancia_estable_panel,CONSENSO_PANEL_1291,egp,consenso_clasificaciones_panel_ENOE,Misma categoria en ambas mediciones; destino historico oficial; empleo continuo
8130,clase_egp7_damian,2,2,64,17552,16719,TRUE,1,TRUE,1,TRUE,34,30,1,1,1,1,TRUE,TRUE,TRUE,TRUE,TRUE,concordancia_estable_panel,CONSENSO_PANEL_1292,egp,consenso_clasificaciones_panel_ENOE,Misma categoria en ambas mediciones; destino historico oficial; empleo continuo
8130,clase_egp7_damian,3,3,323,88659,88307,TRUE,0.9944366552633055,TRUE,1,TRUE,157,166,0.989020961993935,1,1,1,TRUE,TRUE,TRUE,TRUE,TRUE,concordancia_estable_panel,CONSENSO_PANEL_1293,egp,consenso_clasificaciones_panel_ENOE,Misma categoria en ambas mediciones; destino historico oficial; empleo continuo
8131,clase_egp7_damian,2,2,10,2569,2789,TRUE,0.928106936416185,TRUE,1,TRUE,5,5,0.8120868744098206,1,1,1,TRUE,TRUE,TRUE,TRUE,TRUE,concordancia_estable_panel,CONSENSO_PANEL_1294,egp,consenso_clasificaciones_panel_ENOE,Misma categoria en ambas mediciones; destino historico oficial; empleo continuo
8131,clase_egp7_damian,3,3,32,9755,9321,TRUE,1,TRUE,1,TRUE,16,16,1,1,1,1,TRUE,TRUE,TRUE,TRUE,TRUE,concordancia_estable_panel,CONSENSO_PANEL_1295,egp,consenso_clasificaciones_panel_ENOE,Misma categoria en ambas mediciones; destino historico oficial; empleo continuo
8140,clase_egp7_damian,2,2,31,5400,5604,TRUE,0.6160867084997148,TRUE,1,TRUE,19,12,0.6099670510708401,0.6236889229982092,1,1,TRUE,TRUE,TRUE,TRUE,TRUE,concordancia_estable_panel,CONSENSO_PANEL_1296,egp,consenso_clasificaciones_panel_ENOE,Misma categoria en ambas mediciones; destino historico oficial; empleo continuo
8201,clase_egp7_damian,2,2,101,32130,31696,TRUE,0.6889084242801089,TRUE,1,TRUE,48,53,0.5900627670235772,0.7566112716763006,1,1,TRUE,TRUE,TRUE,TRUE,TRUE,concordancia_estable_panel,CONSENSO_PANEL_1297,egp,consenso_clasificaciones_panel_ENOE,Misma categoria en ambas mediciones; destino historico oficial; empleo continuo
8202,clase_egp7_damian,4,4,23,9642,8972,TRUE,0.9407747097277783,TRUE,1,TRUE,13,10,1,0.8922230113636364,1,1,TRUE,TRUE,TRUE,TRUE,TRUE,concordancia_estable_panel,CONSENSO_PANEL_1298,egp,consenso_clasificaciones_panel_ENOE,Misma categoria en ambas mediciones; destino historico oficial; empleo continuo
8203,clase_egp7_damian,7,7,42,9583,9246,TRUE,0.7118027185619847,TRUE,1,TRUE,22,20,0.7386835342953153,0.6956211327939077,1,1,TRUE,TRUE,TRUE,TRUE,TRUE,concordancia_estable_panel,CONSENSO_PANEL_1299,egp,consenso_clasificaciones_panel_ENOE,Misma categoria en ambas mediciones; destino historico oficial; empleo continuo
8204,clase_egp7_damian,4,4,13,3220,3146,TRUE,0.8372334893395735,TRUE,1,TRUE,8,5,0.7817351598173516,0.9106280193236715,1,1,TRUE,TRUE,TRUE,TRUE,TRUE,concordancia_estable_panel,CONSENSO_PANEL_1300,egp,consenso_clasificaciones_panel_ENOE,Misma categoria en ambas mediciones; destino historico oficial; empleo continuo
8300,clase_egp7_damian,4,4,23,3793,3730,TRUE,0.9393263992075285,TRUE,1,TRUE,12,11,0.9625156184922948,0.9053145998778253,1,1,TRUE,TRUE,TRUE,TRUE,TRUE,concordancia_estable_panel,CONSENSO_PANEL_1301,egp,consenso_clasificaciones_panel_ENOE,Misma categoria en ambas mediciones; destino historico oficial; empleo continuo
8303,clase_egp7_damian,5,5,418,127214,126999,TRUE,0.8001887029815071,TRUE,1,TRUE,202,216,0.8158291969810294,0.7867283047574463,1,1,TRUE,TRUE,TRUE,TRUE,TRUE,concordancia_estable_panel,CONSENSO_PANEL_1302,egp,consenso_clasificaciones_panel_ENOE,Misma categoria en ambas mediciones; destino historico oficial; empleo continuo
1100,clase_ocu_damian,1,1,49,12594,13194,TRUE,0.9126748315095297,TRUE,1,TRUE,22,27,0.9337115970107943,0.8895481515289821,1,1,TRUE,TRUE,TRUE,TRUE,TRUE,concordancia_estable_panel,CONSENSO_PANEL_1303,clase_ocupacional,consenso_clasificaciones_panel_ENOE,Misma categoria en ambas mediciones; destino historico oficial; empleo continuo
1101,clase_ocu_damian,1,1,38,6088,6028,TRUE,0.6131533890623426,TRUE,1,TRUE,17,21,0.5625846391952022,0.6680672268907563,1,1,TRUE,TRUE,TRUE,TRUE,TRUE,concordancia_estable_panel,CONSENSO_PANEL_1304,clase_ocupacional,consenso_clasificaciones_panel_ENOE,Misma categoria en ambas mediciones; destino historico oficial; empleo continuo
1103,clase_ocu_damian,1,1,12,2549,2552,TRUE,1,TRUE,1,TRUE,6,6,1,1,1,1,TRUE,TRUE,TRUE,TRUE,TRUE,concordancia_estable_panel,CONSENSO_PANEL_1305,clase_ocupacional,consenso_clasificaciones_panel_ENOE,Misma categoria en ambas mediciones; destino historico oficial; empleo continuo
1104,clase_ocu_damian,1,1,71,19072,19241,TRUE,0.7205137891953155,TRUE,1,TRUE,40,31,0.7846067774936062,0.6630606104026365,1,1,TRUE,TRUE,TRUE,TRUE,TRUE,concordancia_estable_panel,CONSENSO_PANEL_1306,clase_ocupacional,consenso_clasificaciones_panel_ENOE,Misma categoria en ambas mediciones; destino historico oficial; empleo continuo
1105,clase_ocu_damian,1,1,170,43927,44902,TRUE,0.8396314773400615,TRUE,1,TRUE,91,79,0.7913621843959218,0.8770703231061635,1,1,TRUE,TRUE,TRUE,TRUE,TRUE,concordancia_estable_panel,CONSENSO_PANEL_1307,clase_ocupacional,consenso_clasificaciones_panel_ENOE,Misma categoria en ambas mediciones; destino historico oficial; empleo continuo
1120,clase_ocu_damian,1,1,44,11106,10829,TRUE,1,TRUE,1,TRUE,18,26,1,1,1,1,TRUE,TRUE,TRUE,TRUE,TRUE,concordancia_estable_panel,CONSENSO_PANEL_1308,clase_ocupacional,consenso_clasificaciones_panel_ENOE,Misma categoria en ambas mediciones; destino historico oficial; empleo continuo
1121,clase_ocu_damian,1,1,28,7418,7203,TRUE,0.9393440547043181,TRUE,1,TRUE,15,13,1,0.8401735068401736,1,1,TRUE,TRUE,TRUE,TRUE,TRUE,concordancia_estable_panel,CONSENSO_PANEL_1309,clase_ocupacional,consenso_clasificaciones_panel_ENOE,Misma categoria en ambas mediciones; destino historico oficial; empleo continuo
1130,clase_ocu_damian,1,1,368,85047,87359,TRUE,0.9962398088276637,TRUE,1,TRUE,174,194,0.9975977337110482,0.9947869941565841,1,1,TRUE,TRUE,TRUE,TRUE,TRUE,concordancia_estable_panel,CONSENSO_PANEL_1310,clase_ocupacional,consenso_clasificaciones_panel_ENOE,Misma categoria en ambas mediciones; destino historico oficial; empleo continuo
1131,clase_ocu_damian,1,1,254,56833,57769,TRUE,0.9976302485605955,TRUE,1,TRUE,126,128,0.9978954127131341,0.9973733324116956,1,1,TRUE,TRUE,TRUE,TRUE,TRUE,concordancia_estable_panel,CONSENSO_PANEL_1311,clase_ocupacional,consenso_clasificaciones_panel_ENOE,Misma categoria en ambas mediciones; destino historico oficial; empleo continuo
1132,clase_ocu_damian,1,1,123,33731,33542,TRUE,0.9972209903917221,TRUE,1,TRUE,61,62,1,0.9941975308641975,1,1,TRUE,TRUE,TRUE,TRUE,TRUE,concordancia_estable_panel,CONSENSO_PANEL_1312,clase_ocupacional,consenso_clasificaciones_panel_ENOE,Misma categoria en ambas mediciones; destino historico oficial; empleo continuo
1134,clase_ocu_damian,1,1,16,5260,5340,TRUE,0.9872372372372372,TRUE,1,TRUE,11,5,0.9425190194420964,1,1,1,TRUE,TRUE,TRUE,TRUE,TRUE,concordancia_estable_panel,CONSENSO_PANEL_1313,clase_ocupacional,consenso_clasificaciones_panel_ENOE,Misma categoria en ambas mediciones; destino historico oficial; empleo continuo
1150,clase_ocu_damian,1,1,27,3837,3881,TRUE,0.8931564245810056,TRUE,1,TRUE,14,13,0.8890027322404371,0.902046783625731,1,1,TRUE,TRUE,TRUE,TRUE,TRUE,concordancia_estable_panel,CONSENSO_PANEL_1314,clase_ocupacional,consenso_clasificaciones_panel_ENOE,Misma categoria en ambas mediciones; destino historico oficial; empleo continuo
1151,clase_ocu_damian,1,1,35,9220,9329,TRUE,0.933765444601985,TRUE,1,TRUE,18,17,0.9401955146635997,0.9265621644835731,1,1,TRUE,TRUE,TRUE,TRUE,TRUE,concordancia_estable_panel,CONSENSO_PANEL_1315,clase_ocupacional,consenso_clasificaciones_panel_ENOE,Misma categoria en ambas mediciones; destino historico oficial; empleo continuo
1160,clase_ocu_damian,1,1,329,84995,86927,TRUE,0.8982013780276451,TRUE,1,TRUE,168,161,0.9126900735512777,0.8816620272930953,1,1,TRUE,TRUE,TRUE,TRUE,TRUE,concordancia_estable_panel,CONSENSO_PANEL_1316,clase_ocupacional,consenso_clasificaciones_panel_ENOE,Misma categoria en ambas mediciones; destino historico oficial; empleo continuo
1161,clase_ocu_damian,1,1,31,7257,7310,TRUE,0.9544916480336709,TRUE,1,TRUE,17,14,0.9520975056689343,0.9565644171779141,1,1,TRUE,TRUE,TRUE,TRUE,TRUE,concordancia_estable_panel,CONSENSO_PANEL_1317,clase_ocupacional,consenso_clasificaciones_panel_ENOE,Misma categoria en ambas mediciones; destino historico oficial; empleo continuo
1164,clase_ocu_damian,1,1,67,21676,19995,TRUE,0.9587756546355273,TRUE,1,TRUE,34,33,0.9915718788543237,0.8990516595957075,1,1,TRUE,TRUE,TRUE,TRUE,TRUE,concordancia_estable_panel,CONSENSO_PANEL_1318,clase_ocupacional,consenso_clasificaciones_panel_ENOE,Misma categoria en ambas mediciones; destino historico oficial; empleo continuo
1171,clase_ocu_damian,1,1,20,10909,10976,TRUE,0.6528426092160383,TRUE,1,TRUE,13,7,0.712771548703574,0.5236116358141292,1,1,TRUE,TRUE,TRUE,TRUE,TRUE,concordancia_estable_panel,CONSENSO_PANEL_1319,clase_ocupacional,consenso_clasificaciones_panel_ENOE,Misma categoria en ambas mediciones; destino historico oficial; empleo continuo
1172,clase_ocu_damian,1,1,337,78404,78316,TRUE,0.8239695651260063,TRUE,1,TRUE,183,154,0.8097986313363232,0.8442085385459464,1,1,TRUE,TRUE,TRUE,TRUE,TRUE,concordancia_estable_panel,CONSENSO_PANEL_1320,clase_ocupacional,consenso_clasificaciones_panel_ENOE,Misma categoria en ambas mediciones; destino historico oficial; empleo continuo
1200,clase_ocu_damian,1,1,29,8535,8595,TRUE,0.8389030862984077,TRUE,1,TRUE,16,13,0.8497571131158917,0.8247165532879819,1,1,TRUE,TRUE,TRUE,TRUE,TRUE,concordancia_estable_panel,CONSENSO_PANEL_1321,clase_ocupacional,consenso_clasificaciones_panel_ENOE,Misma categoria en ambas mediciones; destino historico oficial; empleo continuo
1203,clase_ocu_damian,1,1,26,4317,4545,TRUE,0.6866550023858756,TRUE,1,TRUE,13,13,0.687624254473161,0.684931506849315,1,1,TRUE,TRUE,TRUE,TRUE,TRUE,concordancia_estable_panel,CONSENSO_PANEL_1322,clase_ocupacional,consenso_clasificaciones_panel_ENOE,Misma categoria en ambas mediciones; destino historico oficial; empleo continuo
1205,clase_ocu_damian,1,1,277,71978,71140,TRUE,0.7476214217458141,TRUE,1,TRUE,134,143,0.7695867500202972,0.7339401601348504,1,1,TRUE,TRUE,TRUE,TRUE,TRUE,concordancia_estable_panel,CONSENSO_PANEL_1323,clase_ocupacional,consenso_clasificaciones_panel_ENOE,Misma categoria en ambas mediciones; destino historico oficial; empleo continuo
1206,clase_ocu_damian,1,1,66,16236,16967,TRUE,0.8411127803968295,TRUE,1,TRUE,37,29,0.9363541666666667,0.7468824075028342,1,1,TRUE,TRUE,TRUE,TRUE,TRUE,concordancia_estable_panel,CONSENSO_PANEL_1324,clase_ocupacional,consenso_clasificaciones_panel_ENOE,Misma categoria en ambas mediciones; destino historico oficial; empleo continuo
1220,clase_ocu_damian,1,1,404,124950,125463,TRUE,0.9483079211602826,TRUE,1,TRUE,211,193,0.9460713290610198,0.9509844784181658,1,1,TRUE,TRUE,TRUE,TRUE,TRUE,concordancia_estable_panel,CONSENSO_PANEL_1325,clase_ocupacional,consenso_clasificaciones_panel_ENOE,Misma categoria en ambas mediciones; destino historico oficial; empleo continuo
1221,clase_ocu_damian,1,1,24,5553,5645,TRUE,0.818905766111193,TRUE,1,TRUE,15,9,0.8662264612374664,0.7470282317979198,1,1,TRUE,TRUE,TRUE,TRUE,TRUE,concordancia_estable_panel,CONSENSO_PANEL_1326,clase_ocupacional,consenso_clasificaciones_panel_ENOE,Misma categoria en ambas mediciones; destino historico oficial; empleo continuo
1230,clase_ocu_damian,1,1,50,11465,11590,TRUE,0.7057990642698843,TRUE,1,TRUE,27,23,0.8464583048996861,0.5902209263205114,1,1,TRUE,TRUE,TRUE,TRUE,TRUE,concordancia_estable_panel,CONSENSO_PANEL_1327,clase_ocupacional,consenso_clasificaciones_panel_ENOE,Misma categoria en ambas mediciones; destino historico oficial; empleo continuo
1250,clase_ocu_damian,2,2,95,16327,16378,TRUE,0.5316855542529634,TRUE,1,TRUE,53,42,0.5130616509926855,0.5625,1,1,TRUE,TRUE,TRUE,TRUE,TRUE,concordancia_estable_panel,CONSENSO_PANEL_1328,clase_ocupacional,consenso_clasificaciones_panel_ENOE,Misma categoria en ambas mediciones; destino historico oficial; empleo continuo
1251,clase_ocu_damian,2,2,271,69044,69712,TRUE,0.7144601502514539,TRUE,1,TRUE,138,133,0.7948045024911324,0.6325916640551551,1,1,TRUE,TRUE,TRUE,TRUE,TRUE,concordancia_estable_panel,CONSENSO_PANEL_1329,clase_ocupacional,consenso_clasificaciones_panel_ENOE,Misma categoria en ambas mediciones; destino historico oficial; empleo continuo
1300,clase_ocu_damian,1,1,336,81523,80698,TRUE,0.9908358350450308,TRUE,1,TRUE,172,164,0.9951440329218108,0.987409169267026,1,1,TRUE,TRUE,TRUE,TRUE,TRUE,concordancia_estable_panel,CONSENSO_PANEL_1330,clase_ocupacional,consenso_clasificaciones_panel_ENOE,Misma categoria en ambas mediciones; destino historico oficial; empleo continuo
1310,clase_ocu_damian,1,1,205,56119,56633,TRUE,0.9289533363129231,TRUE,1,TRUE,114,91,0.9255344775669979,0.933127458549318,1,1,TRUE,TRUE,TRUE,TRUE,TRUE,concordancia_estable_panel,CONSENSO_PANEL_1331,clase_ocupacional,consenso_clasificaciones_panel_ENOE,Misma categoria en ambas mediciones; destino historico oficial; empleo continuo
1320,clase_ocu_damian,1,1,449,125353,124182,TRUE,0.9828447322821681,TRUE,1,TRUE,199,250,0.9744231835299065,0.9887010155793056,1,1,TRUE,TRUE,TRUE,TRUE,TRUE,concordancia_estable_panel,CONSENSO_PANEL_1332,clase_ocupacional,consenso_clasificaciones_panel_ENOE,Misma categoria en ambas mediciones; destino historico oficial; empleo continuo
1330,clase_ocu_damian,1,1,730,198218,198565,TRUE,0.9966713596138375,TRUE,1,TRUE,342,388,0.9975169834035601,0.9959281233466858,1,1,TRUE,TRUE,TRUE,TRUE,TRUE,concordancia_estable_panel,CONSENSO_PANEL_1333,clase_ocupacional,consenso_clasificaciones_panel_ENOE,Misma categoria en ambas mediciones; destino historico oficial; empleo continuo
1340,clase_ocu_damian,1,1,263,69777,71371,TRUE,0.9560457628279784,TRUE,1,TRUE,139,124,0.9398206706580093,0.9714766894781864,1,1,TRUE,TRUE,TRUE,TRUE,TRUE,concordancia_estable_panel,CONSENSO_PANEL_1334,clase_ocupacional,consenso_clasificaciones_panel_ENOE,Misma categoria en ambas mediciones; destino historico oficial; empleo continuo
1360,clase_ocu_damian,1,1,25,9877,9547,TRUE,1,TRUE,1,TRUE,18,7,1,1,1,1,TRUE,TRUE,TRUE,TRUE,TRUE,concordancia_estable_panel,CONSENSO_PANEL_1335,clase_ocupacional,consenso_clasificaciones_panel_ENOE,Misma categoria en ambas mediciones; destino historico oficial; empleo continuo
1364,clase_ocu_damian,1,1,33,7560,7532,TRUE,0.9020403293163107,TRUE,1,TRUE,14,19,0.8401336196611787,0.9639618138424821,1,1,TRUE,TRUE,TRUE,TRUE,TRUE,concordancia_estable_panel,CONSENSO_PANEL_1336,clase_ocupacional,consenso_clasificaciones_panel_ENOE,Misma categoria en ambas mediciones; destino historico oficial; empleo continuo
1390,clase_ocu_damian,1,1,32,4289,4395,TRUE,0.960152227445713,TRUE,1,TRUE,19,13,0.9839921594250245,0.9082503556187767,1,1,TRUE,TRUE,TRUE,TRUE,TRUE,concordancia_estable_panel,CONSENSO_PANEL_1337,clase_ocupacional,consenso_clasificaciones_panel_ENOE,Misma categoria en ambas mediciones; destino historico oficial; empleo continuo
1401,clase_ocu_damian,1,1,30,8822,9730,TRUE,0.917238511124974,TRUE,1,TRUE,13,17,0.8771551724137931,0.962560921577315,1,1,TRUE,TRUE,TRUE,TRUE,TRUE,concordancia_estable_panel,CONSENSO_PANEL_1338,clase_ocupacional,consenso_clasificaciones_panel_ENOE,Misma categoria en ambas mediciones; destino historico oficial; empleo continuo
1412,clase_ocu_damian,1,1,74,17343,18402,TRUE,0.9274827530884004,TRUE,1,TRUE,33,41,1,0.8738839285714286,1,1,TRUE,TRUE,TRUE,TRUE,TRUE,concordancia_estable_panel,CONSENSO_PANEL_1339,clase_ocupacional,consenso_clasificaciones_panel_ENOE,Misma categoria en ambas mediciones; destino historico oficial; empleo continuo
1420,clase_ocu_damian,1,1,17,3308,3104,TRUE,0.957452966714906,TRUE,1,TRUE,11,6,0.8799019607843137,1,1,1,TRUE,TRUE,TRUE,TRUE,TRUE,concordancia_estable_panel,CONSENSO_PANEL_1340,clase_ocupacional,consenso_clasificaciones_panel_ENOE,Misma categoria en ambas mediciones; destino historico oficial; empleo continuo
1423,clase_ocu_damian,2,2,70,20441,20610,TRUE,0.7241135003011088,TRUE,1,TRUE,42,28,0.6513848488680916,0.8167539267015707,1,1,TRUE,TRUE,TRUE,TRUE,TRUE,concordancia_estable_panel,CONSENSO_PANEL_1341,clase_ocupacional,consenso_clasificaciones_panel_ENOE,Misma categoria en ambas mediciones; destino historico oficial; empleo continuo
2101,clase_ocu_damian,1,1,23,6374,6261,TRUE,0.8538513060951105,TRUE,1,TRUE,9,14,0.832823259372609,0.865182436611008,1,1,TRUE,TRUE,TRUE,TRUE,TRUE,concordancia_estable_panel,CONSENSO_PANEL_1342,clase_ocupacional,consenso_clasificaciones_panel_ENOE,Misma categoria en ambas mediciones; destino historico oficial; empleo continuo
2110,clase_ocu_damian,1,1,19,3080,2937,TRUE,0.8997955010224948,TRUE,1,TRUE,8,11,0.8998555609051516,0.899702823179792,1,1,TRUE,TRUE,TRUE,TRUE,TRUE,concordancia_estable_panel,CONSENSO_PANEL_1343,clase_ocupacional,consenso_clasificaciones_panel_ENOE,Misma categoria en ambas mediciones; destino historico oficial; empleo continuo
2111,clase_ocu_damian,1,1,29,8543,8232,TRUE,0.752289538569919,TRUE,1,TRUE,18,11,0.7799073030189152,0.6869255855321672,1,1,TRUE,TRUE,TRUE,TRUE,TRUE,concordancia_estable_panel,CONSENSO_PANEL_1344,clase_ocupacional,consenso_clasificaciones_panel_ENOE,Misma categoria en ambas mediciones; destino historico oficial; empleo continuo
2120,clase_ocu_damian,1,1,13,2029,1990,TRUE,0.7741320106829455,TRUE,1,TRUE,5,8,0.7118863049095607,0.863932898415657,1,1,TRUE,TRUE,TRUE,TRUE,TRUE,concordancia_estable_panel,CONSENSO_PANEL_1345,clase_ocupacional,consenso_clasificaciones_panel_ENOE,Misma categoria en ambas mediciones; destino historico oficial; empleo continuo
2121,clase_ocu_damian,1,1,131,40095,41286,TRUE,0.7835033415406261,TRUE,1,TRUE,69,62,0.8314275899298228,0.7517940059096665,1,1,TRUE,TRUE,TRUE,TRUE,TRUE,concordancia_estable_panel,CONSENSO_PANEL_1346,clase_ocupacional,consenso_clasificaciones_panel_ENOE,Misma categoria en ambas mediciones; destino historico oficial; empleo continuo
2123,clase_ocu_damian,1,1,16,6218,5850,TRUE,0.8123856806898354,TRUE,1,TRUE,9,7,0.9459616502033701,0.7032288698955366,1,1,TRUE,TRUE,TRUE,TRUE,TRUE,concordancia_estable_panel,CONSENSO_PANEL_1347,clase_ocupacional,consenso_clasificaciones_panel_ENOE,Misma categoria en ambas mediciones; destino historico oficial; empleo continuo
2125,clase_ocu_damian,1,1,128,36350,34478,TRUE,0.9832296456586421,TRUE,1,TRUE,69,59,0.9789419619928095,0.9891339291455025,1,1,TRUE,TRUE,TRUE,TRUE,TRUE,concordancia_estable_panel,CONSENSO_PANEL_1348,clase_ocupacional,consenso_clasificaciones_panel_ENOE,Misma categoria en ambas mediciones; destino historico oficial; empleo continuo
2127,clase_ocu_damian,1,1,51,10651,10123,TRUE,0.6564965483234714,TRUE,1,TRUE,21,30,0.6775327193407659,0.6347215253386854,1,1,TRUE,TRUE,TRUE,TRUE,TRUE,concordancia_estable_panel,CONSENSO_PANEL_1349,clase_ocupacional,consenso_clasificaciones_panel_ENOE,Misma categoria en ambas mediciones; destino historico oficial; empleo continuo
4100,clase_ocu_damian,4,4,2765,1181246,1190750,TRUE,0.9977936543065131,TRUE,1,TRUE,1381,1384,0.9971022556442946,0.9984548825710754,1,1,TRUE,TRUE,TRUE,TRUE,TRUE,concordancia_estable_panel,CONSENSO_PANEL_1350,clase_ocupacional,consenso_clasificaciones_panel_ENOE,Misma categoria en ambas mediciones; destino historico oficial; empleo continuo
4101,clase_ocu_damian,4,4,68,21734,21830,TRUE,0.9630450194966323,TRUE,1,TRUE,35,33,0.9220050500327317,1,1,1,TRUE,TRUE,TRUE,TRUE,TRUE,concordancia_estable_panel,CONSENSO_PANEL_1351,clase_ocupacional,consenso_clasificaciones_panel_ENOE,Misma categoria en ambas mediciones; destino historico oficial; empleo continuo
4103,clase_ocu_damian,4,4,343,102797,102774,TRUE,0.9652028581354516,TRUE,1,TRUE,166,177,0.9683759579781279,0.9627483305856689,1,1,TRUE,TRUE,TRUE,TRUE,TRUE,concordancia_estable_panel,CONSENSO_PANEL_1352,clase_ocupacional,consenso_clasificaciones_panel_ENOE,Misma categoria en ambas mediciones; destino historico oficial; empleo continuo
4104,clase_ocu_damian,4,4,143,104293,104552,TRUE,1,TRUE,1,TRUE,102,41,1,1,1,1,TRUE,TRUE,TRUE,TRUE,TRUE,concordancia_estable_panel,CONSENSO_PANEL_1353,clase_ocupacional,consenso_clasificaciones_panel_ENOE,Misma categoria en ambas mediciones; destino historico oficial; empleo continuo
4106,clase_ocu_damian,4,4,313,95807,95875,TRUE,0.9925101004868953,TRUE,1,TRUE,180,133,1,0.9847268579154168,1,1,TRUE,TRUE,TRUE,TRUE,TRUE,concordancia_estable_panel,CONSENSO_PANEL_1354,clase_ocupacional,consenso_clasificaciones_panel_ENOE,Misma categoria en ambas mediciones; destino historico oficial; empleo continuo
4107,clase_ocu_damian,4,4,43,23870,23538,TRUE,1,TRUE,1,TRUE,15,28,1,1,1,1,TRUE,TRUE,TRUE,TRUE,TRUE,concordancia_estable_panel,CONSENSO_PANEL_1355,clase_ocupacional,consenso_clasificaciones_panel_ENOE,Misma categoria en ambas mediciones; destino historico oficial; empleo continuo
4108,clase_ocu_damian,4,4,150,58009,58880,TRUE,0.9945991358617379,TRUE,1,TRUE,56,94,1,0.9928386304733324,1,1,TRUE,TRUE,TRUE,TRUE,TRUE,concordancia_estable_panel,CONSENSO_PANEL_1356,clase_ocupacional,consenso_clasificaciones_panel_ENOE,Misma categoria en ambas mediciones; destino historico oficial; empleo continuo
4109,clase_ocu_damian,4,4,44,8835,8872,TRUE,0.9704525483304042,TRUE,1,TRUE,20,24,0.9771774569166278,0.9644490644490644,1,1,TRUE,TRUE,TRUE,TRUE,TRUE,concordancia_estable_panel,CONSENSO_PANEL_1357,clase_ocupacional,consenso_clasificaciones_panel_ENOE,Misma categoria en ambas mediciones; destino historico oficial; empleo continuo
4110,clase_ocu_damian,4,4,291,82323,82735,TRUE,0.9638566912539516,TRUE,1,TRUE,184,107,0.9712253829321663,0.9506378802747792,1,1,TRUE,TRUE,TRUE,TRUE,TRUE,concordancia_estable_panel,CONSENSO_PANEL_1358,clase_ocupacional,consenso_clasificaciones_panel_ENOE,Misma categoria en ambas mediciones; destino historico oficial; empleo continuo
4111,clase_ocu_damian,4,4,28,10490,10315,TRUE,0.9572914765468151,TRUE,1,TRUE,19,9,0.9543323493662094,0.9605693402577419,1,1,TRUE,TRUE,TRUE,TRUE,TRUE,concordancia_estable_panel,CONSENSO_PANEL_1359,clase_ocupacional,consenso_clasificaciones_panel_ENOE,Misma categoria en ambas mediciones; destino historico oficial; empleo continuo
4112,clase_ocu_damian,4,4,52,13374,13400,TRUE,0.9644479700007211,TRUE,1,TRUE,18,34,0.9794059405940594,0.946439923712651,1,1,TRUE,TRUE,TRUE,TRUE,TRUE,concordancia_estable_panel,CONSENSO_PANEL_1360,clase_ocupacional,consenso_clasificaciones_panel_ENOE,Misma categoria en ambas mediciones; destino historico oficial; empleo continuo
4113,clase_ocu_damian,4,4,67,21901,21987,TRUE,1,TRUE,1,TRUE,36,31,1,1,1,1,TRUE,TRUE,TRUE,TRUE,TRUE,concordancia_estable_panel,CONSENSO_PANEL_1361,clase_ocupacional,consenso_clasificaciones_panel_ENOE,Misma categoria en ambas mediciones; destino historico oficial; empleo continuo
4120,clase_ocu_damian,4,4,201,48811,48618,TRUE,1,TRUE,1,TRUE,129,72,1,1,1,1,TRUE,TRUE,TRUE,TRUE,TRUE,concordancia_estable_panel,CONSENSO_PANEL_1362,clase_ocupacional,consenso_clasificaciones_panel_ENOE,Misma categoria en ambas mediciones; destino historico oficial; empleo continuo
4132,clase_ocu_damian,4,4,36,8233,8274,TRUE,1,TRUE,1,TRUE,26,10,1,1,1,1,TRUE,TRUE,TRUE,TRUE,TRUE,concordancia_estable_panel,CONSENSO_PANEL_1363,clase_ocupacional,consenso_clasificaciones_panel_ENOE,Misma categoria en ambas mediciones; destino historico oficial; empleo continuo
4135,clase_ocu_damian,4,4,18,5040,5124,TRUE,1,TRUE,1,TRUE,11,7,1,1,1,1,TRUE,TRUE,TRUE,TRUE,TRUE,concordancia_estable_panel,CONSENSO_PANEL_1364,clase_ocupacional,consenso_clasificaciones_panel_ENOE,Misma categoria en ambas mediciones; destino historico oficial; empleo continuo
4150,clase_ocu_damian,4,4,138,32548,32907,TRUE,0.9948040833791797,TRUE,1,TRUE,72,66,1,0.9862403885066775,1,1,TRUE,TRUE,TRUE,TRUE,TRUE,concordancia_estable_panel,CONSENSO_PANEL_1365,clase_ocupacional,consenso_clasificaciones_panel_ENOE,Misma categoria en ambas mediciones; destino historico oficial; empleo continuo
4170,clase_ocu_damian,4,4,23,5347,5415,TRUE,0.9055038103302286,TRUE,1,TRUE,12,11,0.8494897959183674,0.9689418562657999,1,1,TRUE,TRUE,TRUE,TRUE,TRUE,concordancia_estable_panel,CONSENSO_PANEL_1366,clase_ocupacional,consenso_clasificaciones_panel_ENOE,Misma categoria en ambas mediciones; destino historico oficial; empleo continuo
5121,clase_ocu_damian,3,3,40,8459,8482,TRUE,0.8666120274562032,TRUE,1,TRUE,27,13,0.8909252669039146,0.8336150688239555,1,1,TRUE,TRUE,TRUE,TRUE,TRUE,concordancia_estable_panel,CONSENSO_PANEL_1367,clase_ocupacional,consenso_clasificaciones_panel_ENOE,Misma categoria en ambas mediciones; destino historico oficial; empleo continuo
5131,clase_ocu_damian,3,3,16,4480,4457,TRUE,0.6247385301910473,TRUE,1,TRUE,7,9,0.7726934523809523,0.5360249832701316,1,1,TRUE,TRUE,TRUE,TRUE,TRUE,concordancia_estable_panel,CONSENSO_PANEL_1368,clase_ocupacional,consenso_clasificaciones_panel_ENOE,Misma categoria en ambas mediciones; destino historico oficial; empleo continuo
5200,clase_ocu_damian,3,3,137,53979,53222,TRUE,0.8626564173045882,TRUE,1,TRUE,70,67,0.8691617779783394,0.8541505328760556,1,1,TRUE,TRUE,TRUE,TRUE,TRUE,concordancia_estable_panel,CONSENSO_PANEL_1369,clase_ocupacional,consenso_clasificaciones_panel_ENOE,Misma categoria en ambas mediciones; destino historico oficial; empleo continuo
5201,clase_ocu_damian,3,3,20,6308,6315,TRUE,0.8459165884403915,TRUE,1,TRUE,8,12,1,0.7800114876507754,1,1,TRUE,TRUE,TRUE,TRUE,TRUE,concordancia_estable_panel,CONSENSO_PANEL_1370,clase_ocupacional,consenso_clasificaciones_panel_ENOE,Misma categoria en ambas mediciones; destino historico oficial; empleo continuo
5202,clase_ocu_damian,3,3,432,127855,128567,TRUE,0.7777588524779638,TRUE,1,TRUE,228,204,0.8197149920399684,0.7405541272610412,1,1,TRUE,TRUE,TRUE,TRUE,TRUE,concordancia_estable_panel,CONSENSO_PANEL_1371,clase_ocupacional,consenso_clasificaciones_panel_ENOE,Misma categoria en ambas mediciones; destino historico oficial; empleo continuo
5204,clase_ocu_damian,3,3,64,16920,17386,TRUE,0.8976603533343944,TRUE,1,TRUE,28,36,0.8562677150955472,0.9548786653185035,1,1,TRUE,TRUE,TRUE,TRUE,TRUE,concordancia_estable_panel,CONSENSO_PANEL_1372,clase_ocupacional,consenso_clasificaciones_panel_ENOE,Misma categoria en ambas mediciones; destino historico oficial; empleo continuo
5208,clase_ocu_damian,2,2,337,96464,98201,TRUE,0.8153908574519881,TRUE,1,TRUE,171,166,0.7708548354971301,0.8543843239215562,1,1,TRUE,TRUE,TRUE,TRUE,TRUE,concordancia_estable_panel,CONSENSO_PANEL_1373,clase_ocupacional,consenso_clasificaciones_panel_ENOE,Misma categoria en ambas mediciones; destino historico oficial; empleo continuo
5221,clase_ocu_damian,3,3,116,34299,34586,TRUE,1,TRUE,1,TRUE,61,55,1,1,1,1,TRUE,TRUE,TRUE,TRUE,TRUE,concordancia_estable_panel,CONSENSO_PANEL_1374,clase_ocupacional,consenso_clasificaciones_panel_ENOE,Misma categoria en ambas mediciones; destino historico oficial; empleo continuo
5222,clase_ocu_damian,3,3,272,68539,69589,TRUE,0.9726534782732098,TRUE,1,TRUE,124,148,0.9614417898080375,0.9845013280406293,1,1,TRUE,TRUE,TRUE,TRUE,TRUE,concordancia_estable_panel,CONSENSO_PANEL_1375,clase_ocupacional,consenso_clasificaciones_panel_ENOE,Misma categoria en ambas mediciones; destino historico oficial; empleo continuo
5223,clase_ocu_damian,3,3,13,1991,2122,TRUE,0.6485342019543974,TRUE,1,TRUE,6,7,1,0.5453013063632532,1,1,TRUE,TRUE,TRUE,TRUE,TRUE,concordancia_estable_panel,CONSENSO_PANEL_1376,clase_ocupacional,consenso_clasificaciones_panel_ENOE,Misma categoria en ambas mediciones; destino historico oficial; empleo continuo
5224,clase_ocu_damian,3,3,35,9495,9309,TRUE,0.9387048937221948,TRUE,1,TRUE,20,15,1,0.895234876647516,1,1,TRUE,TRUE,TRUE,TRUE,TRUE,concordancia_estable_panel,CONSENSO_PANEL_1377,clase_ocupacional,consenso_clasificaciones_panel_ENOE,Misma categoria en ambas mediciones; destino historico oficial; empleo continuo
5225,clase_ocu_damian,3,3,19,3979,3705,TRUE,0.8725877192982456,TRUE,1,TRUE,10,9,0.8067885117493473,0.9664715274081959,1,1,TRUE,TRUE,TRUE,TRUE,TRUE,concordancia_estable_panel,CONSENSO_PANEL_1378,clase_ocupacional,consenso_clasificaciones_panel_ENOE,Misma categoria en ambas mediciones; destino historico oficial; empleo continuo
5227,clase_ocu_damian,3,3,73,22002,21993,TRUE,1,TRUE,1,TRUE,33,40,1,1,1,1,TRUE,TRUE,TRUE,TRUE,TRUE,concordancia_estable_panel,CONSENSO_PANEL_1379,clase_ocupacional,consenso_clasificaciones_panel_ENOE,Misma categoria en ambas mediciones; destino historico oficial; empleo continuo
5230,clase_ocu_damian,3,3,173,52916,53325,TRUE,0.8798656490580469,TRUE,1,TRUE,93,80,0.9355838333223445,0.8231623444157413,1,1,TRUE,TRUE,TRUE,TRUE,TRUE,concordancia_estable_panel,CONSENSO_PANEL_1380,clase_ocupacional,consenso_clasificaciones_panel_ENOE,Misma categoria en ambas mediciones; destino historico oficial; empleo continuo
5231,clase_ocu_damian,3,3,41,15719,15454,TRUE,1,TRUE,1,TRUE,24,17,1,1,1,1,TRUE,TRUE,TRUE,TRUE,TRUE,concordancia_estable_panel,CONSENSO_PANEL_1381,clase_ocupacional,consenso_clasificaciones_panel_ENOE,Misma categoria en ambas mediciones; destino historico oficial; empleo continuo
5233,clase_ocu_damian,3,3,22,3290,3332,TRUE,0.6525188417294724,TRUE,1,TRUE,11,11,0.7480314960629921,0.5880398671096345,1,1,TRUE,TRUE,TRUE,TRUE,TRUE,concordancia_estable_panel,CONSENSO_PANEL_1382,clase_ocupacional,consenso_clasificaciones_panel_ENOE,Misma categoria en ambas mediciones; destino historico oficial; empleo continuo
5240,clase_ocu_damian,3,3,24,9175,9120,TRUE,0.9113031386571315,TRUE,1,TRUE,12,12,0.9200867052023122,0.8919949174078781,1,1,TRUE,TRUE,TRUE,TRUE,TRUE,concordancia_estable_panel,CONSENSO_PANEL_1383,clase_ocupacional,consenso_clasificaciones_panel_ENOE,Misma categoria en ambas mediciones; destino historico oficial; empleo continuo
5241,clase_ocu_damian,3,3,79,21630,22713,TRUE,0.8327878951218574,TRUE,1,TRUE,34,45,0.7142857142857143,0.9497399020807834,1,1,TRUE,TRUE,TRUE,TRUE,TRUE,concordancia_estable_panel,CONSENSO_PANEL_1384,clase_ocupacional,consenso_clasificaciones_panel_ENOE,Misma categoria en ambas mediciones; destino historico oficial; empleo continuo
5242,clase_ocu_damian,3,3,126,34260,34726,TRUE,0.9058220083549257,TRUE,1,TRUE,58,68,0.9065471636244399,0.9051423888547429,1,1,TRUE,TRUE,TRUE,TRUE,TRUE,concordancia_estable_panel,CONSENSO_PANEL_1385,clase_ocupacional,consenso_clasificaciones_panel_ENOE,Misma categoria en ambas mediciones; destino historico oficial; empleo continuo
5243,clase_ocu_damian,3,3,13,3302,3441,TRUE,1,TRUE,1,TRUE,8,5,1,1,1,1,TRUE,TRUE,TRUE,TRUE,TRUE,concordancia_estable_panel,CONSENSO_PANEL_1386,clase_ocupacional,consenso_clasificaciones_panel_ENOE,Misma categoria en ambas mediciones; destino historico oficial; empleo continuo
5244,clase_ocu_damian,3,3,28,6767,7149,TRUE,0.9668524074867838,TRUE,1,TRUE,16,12,0.9499244549967624,1,1,1,TRUE,TRUE,TRUE,TRUE,TRUE,concordancia_estable_panel,CONSENSO_PANEL_1387,clase_ocupacional,consenso_clasificaciones_panel_ENOE,Misma categoria en ambas mediciones; destino historico oficial; empleo continuo
5245,clase_ocu_damian,3,3,334,91421,92433,TRUE,0.8269427333496151,TRUE,1,TRUE,171,163,0.8638242208235384,0.7932877778738864,1,1,TRUE,TRUE,TRUE,TRUE,TRUE,concordancia_estable_panel,CONSENSO_PANEL_1388,clase_ocupacional,consenso_clasificaciones_panel_ENOE,Misma categoria en ambas mediciones; destino historico oficial; empleo continuo
5246,clase_ocu_damian,3,3,129,36448,36079,TRUE,0.6156444774758036,TRUE,1,TRUE,66,63,0.6826341056146942,0.5524181633122106,1,1,TRUE,TRUE,TRUE,TRUE,TRUE,concordancia_estable_panel,CONSENSO_PANEL_1389,clase_ocupacional,consenso_clasificaciones_panel_ENOE,Misma categoria en ambas mediciones; destino historico oficial; empleo continuo
5248,clase_ocu_damian,3,3,120,33688,33948,TRUE,0.9208145414787481,TRUE,1,TRUE,61,59,0.9090571295866233,0.9376286947857855,1,1,TRUE,TRUE,TRUE,TRUE,TRUE,concordancia_estable_panel,CONSENSO_PANEL_1390,clase_ocupacional,consenso_clasificaciones_panel_ENOE,Misma categoria en ambas mediciones; destino historico oficial; empleo continuo
5251,clase_ocu_damian,3,3,52,17449,18229,TRUE,0.9104617792851553,TRUE,1,TRUE,29,23,0.8595794166101366,0.9698168663802849,1,1,TRUE,TRUE,TRUE,TRUE,TRUE,concordancia_estable_panel,CONSENSO_PANEL_1391,clase_ocupacional,consenso_clasificaciones_panel_ENOE,Misma categoria en ambas mediciones; destino historico oficial; empleo continuo
5260,clase_ocu_damian,3,3,485,126598,127268,TRUE,0.7689523011230768,TRUE,1,TRUE,248,237,0.776661712109248,0.7604971918340316,1,1,TRUE,TRUE,TRUE,TRUE,TRUE,concordancia_estable_panel,CONSENSO_PANEL_1392,clase_ocupacional,consenso_clasificaciones_panel_ENOE,Misma categoria en ambas mediciones; destino historico oficial; empleo continuo
5261,clase_ocu_damian,3,3,126,29017,29313,TRUE,0.8742693582404338,TRUE,1,TRUE,57,69,0.8982050211700161,0.8498264417514159,1,1,TRUE,TRUE,TRUE,TRUE,TRUE,concordancia_estable_panel,CONSENSO_PANEL_1393,clase_ocupacional,consenso_clasificaciones_panel_ENOE,Misma categoria en ambas mediciones; destino historico oficial; empleo continuo
5262,clase_ocu_damian,3,3,24,5147,4947,TRUE,1,TRUE,1,TRUE,9,15,1,1,1,1,TRUE,TRUE,TRUE,TRUE,TRUE,concordancia_estable_panel,CONSENSO_PANEL_1394,clase_ocupacional,consenso_clasificaciones_panel_ENOE,Misma categoria en ambas mediciones; destino historico oficial; empleo continuo
5264,clase_ocu_damian,3,3,13,1793,1778,TRUE,0.9270941054808687,TRUE,1,TRUE,7,6,0.8537344398340249,1,1,1,TRUE,TRUE,TRUE,TRUE,TRUE,concordancia_estable_panel,CONSENSO_PANEL_1395,clase_ocupacional,consenso_clasificaciones_panel_ENOE,Misma categoria en ambas mediciones; destino historico oficial; empleo continuo
5266,clase_ocu_damian,3,3,23,8534,8638,TRUE,0.6997949979499795,TRUE,1,TRUE,11,12,0.6898345153664303,0.7105982905982906,1,1,TRUE,TRUE,TRUE,TRUE,TRUE,concordancia_estable_panel,CONSENSO_PANEL_1396,clase_ocupacional,consenso_clasificaciones_panel_ENOE,Misma categoria en ambas mediciones; destino historico oficial; empleo continuo
5267,clase_ocu_damian,3,3,134,30533,30779,TRUE,0.7419205909510619,TRUE,1,TRUE,67,67,0.6751346832621214,0.8152074202425849,1,1,TRUE,TRUE,TRUE,TRUE,TRUE,concordancia_estable_panel,CONSENSO_PANEL_1397,clase_ocupacional,consenso_clasificaciones_panel_ENOE,Misma categoria en ambas mediciones; destino historico oficial; empleo continuo
5270,clase_ocu_damian,3,3,184,44964,44224,TRUE,0.7051074973733319,TRUE,1,TRUE,73,111,0.6220448727601264,0.764413385297675,1,1,TRUE,TRUE,TRUE,TRUE,TRUE,concordancia_estable_panel,CONSENSO_PANEL_1398,clase_ocupacional,consenso_clasificaciones_panel_ENOE,Misma categoria en ambas mediciones; destino historico oficial; empleo continuo
5271,clase_ocu_damian,1,1,48,14481,14253,TRUE,0.791311475409836,TRUE,1,TRUE,22,26,0.8001545765706084,0.7826463269501244,1,1,TRUE,TRUE,TRUE,TRUE,TRUE,concordancia_estable_panel,CONSENSO_PANEL_1399,clase_ocupacional,consenso_clasificaciones_panel_ENOE,Misma categoria en ambas mediciones; destino historico oficial; empleo continuo
5272,clase_ocu_damian,1,1,29,9370,9666,TRUE,0.6204065417466729,TRUE,1,TRUE,12,17,0.6774378585086042,0.5901954826293933,1,1,TRUE,TRUE,TRUE,TRUE,TRUE,concordancia_estable_panel,CONSENSO_PANEL_1400,clase_ocupacional,consenso_clasificaciones_panel_ENOE,Misma categoria en ambas mediciones; destino historico oficial; empleo continuo
5280,clase_ocu_damian,3,3,64,21282,21263,TRUE,0.7682200483702126,TRUE,1,TRUE,32,32,0.768257347288747,0.7681616011860638,1,1,TRUE,TRUE,TRUE,TRUE,TRUE,concordancia_estable_panel,CONSENSO_PANEL_1401,clase_ocupacional,consenso_clasificaciones_panel_ENOE,Misma categoria en ambas mediciones; destino historico oficial; empleo continuo
5281,clase_ocu_damian,3,3,32,5341,5053,TRUE,0.829605467536502,TRUE,1,TRUE,6,26,0.948486799742434,0.7918116683725691,1,1,TRUE,TRUE,TRUE,TRUE,TRUE,concordancia_estable_panel,CONSENSO_PANEL_1402,clase_ocupacional,consenso_clasificaciones_panel_ENOE,Misma categoria en ambas mediciones; destino historico oficial; empleo continuo
5300,clase_ocu_damian,3,3,14,6198,6272,TRUE,0.6746489604876456,TRUE,1,TRUE,7,7,0.7746262935990801,0.5432098765432098,1,1,TRUE,TRUE,TRUE,TRUE,TRUE,concordancia_estable_panel,CONSENSO_PANEL_1403,clase_ocupacional,consenso_clasificaciones_panel_ENOE,Misma categoria en ambas mediciones; destino historico oficial; empleo continuo
5302,clase_ocu_damian,3,3,44,11531,11486,TRUE,0.7329180702980995,TRUE,1,TRUE,29,15,0.7473478503629257,0.7018247443352718,1,1,TRUE,TRUE,TRUE,TRUE,TRUE,concordancia_estable_panel,CONSENSO_PANEL_1404,clase_ocupacional,consenso_clasificaciones_panel_ENOE,Misma categoria en ambas mediciones; destino historico oficial; empleo continuo
5304,clase_ocu_damian,3,3,19,5174,5445,TRUE,0.7898030834987025,TRUE,1,TRUE,12,7,0.9044309296264118,0.6620400258231117,1,1,TRUE,TRUE,TRUE,TRUE,TRUE,concordancia_estable_panel,CONSENSO_PANEL_1405,clase_ocupacional,consenso_clasificaciones_panel_ENOE,Misma categoria en ambas mediciones; destino historico oficial; empleo continuo
5306,clase_ocu_damian,3,3,22,6683,6654,TRUE,0.6784082834230027,TRUE,1,TRUE,9,13,0.6821069348861831,0.6761073604478841,1,1,TRUE,TRUE,TRUE,TRUE,TRUE,concordancia_estable_panel,CONSENSO_PANEL_1406,clase_ocupacional,consenso_clasificaciones_panel_ENOE,Misma categoria en ambas mediciones; destino historico oficial; empleo continuo
5310,clase_ocu_damian,3,3,21,4684,4759,TRUE,0.9522260622077658,TRUE,1,TRUE,9,12,0.9629874421678783,0.9474456840869054,1,1,TRUE,TRUE,TRUE,TRUE,TRUE,concordancia_estable_panel,CONSENSO_PANEL_1407,clase_ocupacional,consenso_clasificaciones_panel_ENOE,Misma categoria en ambas mediciones; destino historico oficial; empleo continuo
5320,clase_ocu_damian,3,3,23,4889,4897,TRUE,0.8887475004544628,TRUE,1,TRUE,14,9,1,0.7485620377978636,1,1,TRUE,TRUE,TRUE,TRUE,TRUE,concordancia_estable_panel,CONSENSO_PANEL_1408,clase_ocupacional,consenso_clasificaciones_panel_ENOE,Misma categoria en ambas mediciones; destino historico oficial; empleo continuo
5321,clase_ocu_damian,3,3,30,15127,15074,TRUE,0.8872661153146812,TRUE,1,TRUE,18,12,0.8512492126810833,0.9328725242589393,1,1,TRUE,TRUE,TRUE,TRUE,TRUE,concordancia_estable_panel,CONSENSO_PANEL_1409,clase_ocupacional,consenso_clasificaciones_panel_ENOE,Misma categoria en ambas mediciones; destino historico oficial; empleo continuo
5322,clase_ocu_damian,3,3,269,69710,70216,TRUE,0.9511789105992795,TRUE,1,TRUE,134,135,0.9489081746920492,0.9533379471890971,1,1,TRUE,TRUE,TRUE,TRUE,TRUE,concordancia_estable_panel,CONSENSO_PANEL_1410,clase_ocupacional,consenso_clasificaciones_panel_ENOE,Misma categoria en ambas mediciones; destino historico oficial; empleo continuo
5323,clase_ocu_damian,3,3,139,19886,20105,TRUE,0.8208536283331958,TRUE,1,TRUE,59,80,0.8162078324932144,0.8242990654205608,1,1,TRUE,TRUE,TRUE,TRUE,TRUE,concordancia_estable_panel,CONSENSO_PANEL_1411,clase_ocupacional,consenso_clasificaciones_panel_ENOE,Misma categoria en ambas mediciones; destino historico oficial; empleo continuo
5324,clase_ocu_damian,3,3,19,4849,4873,TRUE,0.952839457653763,TRUE,1,TRUE,11,8,0.8742138364779874,1,1,1,TRUE,TRUE,TRUE,TRUE,TRUE,concordancia_estable_panel,CONSENSO_PANEL_1412,clase_ocupacional,consenso_clasificaciones_panel_ENOE,Misma categoria en ambas mediciones; destino historico oficial; empleo continuo
5331,clase_ocu_damian,3,3,12,4906,5081,TRUE,0.7344311377245509,TRUE,1,TRUE,5,7,0.5533527696793002,0.9255384615384615,1,1,TRUE,TRUE,TRUE,TRUE,TRUE,concordancia_estable_panel,CONSENSO_PANEL_1413,clase_ocupacional,consenso_clasificaciones_panel_ENOE,Misma categoria en ambas mediciones; destino historico oficial; empleo continuo
5332,clase_ocu_damian,3,3,17,5536,5453,TRUE,1,TRUE,1,TRUE,11,6,1,1,1,1,TRUE,TRUE,TRUE,TRUE,TRUE,concordancia_estable_panel,CONSENSO_PANEL_1414,clase_ocupacional,consenso_clasificaciones_panel_ENOE,Misma categoria en ambas mediciones; destino historico oficial; empleo continuo
5333,clase_ocu_damian,3,3,15,5673,6003,TRUE,0.8479820627802691,TRUE,1,TRUE,8,7,0.779296875,1,1,1,TRUE,TRUE,TRUE,TRUE,TRUE,concordancia_estable_panel,CONSENSO_PANEL_1415,clase_ocupacional,consenso_clasificaciones_panel_ENOE,Misma categoria en ambas mediciones; destino historico oficial; empleo continuo
5334,clase_ocu_damian,3,3,13,3947,4019,TRUE,0.8209234608985025,TRUE,1,TRUE,8,5,1,0.6921701823382195,1,1,TRUE,TRUE,TRUE,TRUE,TRUE,concordancia_estable_panel,CONSENSO_PANEL_1416,clase_ocupacional,consenso_clasificaciones_panel_ENOE,Misma categoria en ambas mediciones; destino historico oficial; empleo continuo
5340,clase_ocu_damian,3,3,25,6052,6081,TRUE,0.964308476736775,TRUE,1,TRUE,9,16,0.8095238095238095,1,1,1,TRUE,TRUE,TRUE,TRUE,TRUE,concordancia_estable_panel,CONSENSO_PANEL_1417,clase_ocupacional,consenso_clasificaciones_panel_ENOE,Misma categoria en ambas mediciones; destino historico oficial; empleo continuo
5342,clase_ocu_damian,3,3,41,11523,11592,TRUE,0.91977969348659006,TRUE,1,TRUE,24,17,1,0.8549992786033761,1,1,TRUE,TRUE,TRUE,TRUE,TRUE,concordancia_estable_panel,CONSENSO_PANEL_1418,clase_ocupacional,consenso_clasificaciones_panel_ENOE,Misma categoria en ambas mediciones; destino historico oficial; empleo continuo
5343,clase_ocu_damian,3,3,202,43477,43674,TRUE,0.8151224267876561,TRUE,1,TRUE,94,108,0.7913152496010941,0.8383180337577731,1,1,TRUE,TRUE,TRUE,TRUE,TRUE,concordancia_estable_panel,CONSENSO_PANEL_1419,clase_ocupacional,consenso_clasificaciones_panel_ENOE,Misma categoria en ambas mediciones; destino historico oficial; empleo continuo
5344,clase_ocu_damian,3,3,245,51182,51393,TRUE,0.869126662025166,TRUE,1,TRUE,123,122,0.8498125666334216,0.8879645780222729,1,1,TRUE,TRUE,TRUE,TRUE,TRUE,concordancia_estable_panel,CONSENSO_PANEL_1420,clase_ocupacional,consenso_clasificaciones_panel_ENOE,Misma categoria en ambas mediciones; destino historico oficial; empleo continuo
5345,clase_ocu_damian,3,3,350,107502,111562,TRUE,0.904891372968241,TRUE,1,TRUE,178,172,0.8950583926266175,0.9174443784374221,1,1,TRUE,TRUE,TRUE,TRUE,TRUE,concordancia_estable_panel,CONSENSO_PANEL_1421,clase_ocupacional,consenso_clasificaciones_panel_ENOE,Misma categoria en ambas mediciones; destino historico oficial; empleo continuo
5350,clase_ocu_damian,3,3,15,3517,3589,TRUE,1,TRUE,1,TRUE,10,5,1,1,1,1,TRUE,TRUE,TRUE,TRUE,TRUE,concordancia_estable_panel,CONSENSO_PANEL_1422,clase_ocupacional,consenso_clasificaciones_panel_ENOE,Misma categoria en ambas mediciones; destino historico oficial; empleo continuo
5353,clase_ocu_damian,3,3,10,4566,4542,TRUE,0.6257366040838701,TRUE,1,TRUE,5,5,0.8686070686070686,0.5063368765331153,1,1,TRUE,TRUE,TRUE,TRUE,TRUE,concordancia_estable_panel,CONSENSO_PANEL_1423,clase_ocupacional,consenso_clasificaciones_panel_ENOE,Misma categoria en ambas mediciones; destino historico oficial; empleo continuo
5371,clase_ocu_damian,3,3,16,5866,5874,TRUE,0.9569331158238172,TRUE,1,TRUE,5,11,1,0.9471683009805884,1,1,TRUE,TRUE,TRUE,TRUE,TRUE,concordancia_estable_panel,CONSENSO_PANEL_1424,clase_ocupacional,consenso_clasificaciones_panel_ENOE,Misma categoria en ambas mediciones; destino historico oficial; empleo continuo
5380,clase_ocu_damian,3,3,33,9375,9572,TRUE,0.7103887247101613,TRUE,1,TRUE,16,17,0.7754439151147683,0.6753700897540506,1,1,TRUE,TRUE,TRUE,TRUE,TRUE,concordancia_estable_panel,CONSENSO_PANEL_1425,clase_ocupacional,consenso_clasificaciones_panel_ENOE,Misma categoria en ambas mediciones; destino historico oficial; empleo continuo
5383,clase_ocu_damian,3,3,117,38232,38200,TRUE,0.8251748251748252,TRUE,1,TRUE,61,56,0.7738861611202037,0.9000371609067261,1,1,TRUE,TRUE,TRUE,TRUE,TRUE,concordancia_estable_panel,CONSENSO_PANEL_1426,clase_ocupacional,consenso_clasificaciones_panel_ENOE,Misma categoria en ambas mediciones; destino historico oficial; empleo continuo
5400,clase_ocu_damian,4,4,190,56966,57127,TRUE,0.5984577887969071,TRUE,1,TRUE,103,87,0.6644782376554806,0.5236334297048343,1,1,TRUE,TRUE,TRUE,TRUE,TRUE,concordancia_estable_panel,CONSENSO_PANEL_1427,clase_ocupacional,consenso_clasificaciones_panel_ENOE,Misma categoria en ambas mediciones; destino historico oficial; empleo continuo
5401,clase_ocu_damian,4,4,62,22683,22912,TRUE,0.6128884085382329,TRUE,1,TRUE,28,34,0.5567369496005287,0.6587929087069685,1,1,TRUE,TRUE,TRUE,TRUE,TRUE,concordancia_estable_panel,CONSENSO_PANEL_1428,clase_ocupacional,consenso_clasificaciones_panel_ENOE,Misma categoria en ambas mediciones; destino historico oficial; empleo continuo
5420,clase_ocu_damian,4,4,54,13530,13988,TRUE,0.5971400829729014,TRUE,1,TRUE,28,26,0.582135438304944,0.6141391320719194,1,1,TRUE,TRUE,TRUE,TRUE,TRUE,concordancia_estable_panel,CONSENSO_PANEL_1429,clase_ocupacional,consenso_clasificaciones_panel_ENOE,Misma categoria en ambas mediciones; destino historico oficial; empleo continuo
5430,clase_ocu_damian,4,4,39,11902,12144,TRUE,0.6397548914211998,TRUE,1,TRUE,16,23,0.8383190883190883,0.5194233425414365,1,1,TRUE,TRUE,TRUE,TRUE,TRUE,concordancia_estable_panel,CONSENSO_PANEL_1430,clase_ocupacional,consenso_clasificaciones_panel_ENOE,Misma categoria en ambas mediciones; destino historico oficial; empleo continuo
5440,clase_ocu_damian,4,4,212,57389,58009,TRUE,0.5680729331643966,TRUE,1,TRUE,109,103,0.5198871503738577,0.6324454310025898,1,1,TRUE,TRUE,TRUE,TRUE,TRUE,concordancia_estable_panel,CONSENSO_PANEL_1431,clase_ocupacional,consenso_clasificaciones_panel_ENOE,Misma categoria en ambas mediciones; destino historico oficial; empleo continuo
5460,clase_ocu_damian,4,4,711,223840,224695,TRUE,0.8548764698918038,TRUE,1,TRUE,352,359,0.8797930118179064,0.830789568561471,1,1,TRUE,TRUE,TRUE,TRUE,TRUE,concordancia_estable_panel,CONSENSO_PANEL_1432,clase_ocupacional,consenso_clasificaciones_panel_ENOE,Misma categoria en ambas mediciones; destino historico oficial; empleo continuo
5470,clase_ocu_damian,4,4,27,9365,9378,TRUE,0.7358950180732359,TRUE,1,TRUE,12,15,0.6719594041578,0.7949221701677497,1,1,TRUE,TRUE,TRUE,TRUE,TRUE,concordancia_estable_panel,CONSENSO_PANEL_1433,clase_ocupacional,consenso_clasificaciones_panel_ENOE,Misma categoria en ambas mediciones; destino historico oficial; empleo continuo
5500,clase_ocu_damian,3,3,17,7006,7066,TRUE,0.6156414762741652,TRUE,1,TRUE,12,5,0.6013198757763976,0.6274887604367373,1,1,TRUE,TRUE,TRUE,TRUE,TRUE,concordancia_estable_panel,CONSENSO_PANEL_1434,clase_ocupacional,consenso_clasificaciones_panel_ENOE,Misma categoria en ambas mediciones; destino historico oficial; empleo continuo
5501,clase_ocu_damian,3,3,66,16726,16747,TRUE,0.9643680811808119,TRUE,1,TRUE,34,32,0.9710064430126638,0.9572045073123951,1,1,TRUE,TRUE,TRUE,TRUE,TRUE,concordancia_estable_panel,CONSENSO_PANEL_1435,clase_ocupacional,consenso_clasificaciones_panel_ENOE,Misma categoria en ambas mediciones; destino historico oficial; empleo continuo
5502,clase_ocu_damian,3,3,105,21958,22238,TRUE,0.6592014410087061,TRUE,1,TRUE,52,53,0.6510490028912447,0.6647495080974724,1,1,TRUE,TRUE,TRUE,TRUE,TRUE,concordancia_estable_panel,CONSENSO_PANEL_1436,clase_ocupacional,consenso_clasificaciones_panel_ENOE,Misma categoria en ambas mediciones; destino historico oficial; empleo continuo
5520,clase_ocu_damian,3,3,1222,373033,371215,TRUE,0.958579167009292,TRUE,1,TRUE,583,639,0.9565219716456942,0.9604819920756229,1,1,TRUE,TRUE,TRUE,TRUE,TRUE,concordancia_estable_panel,CONSENSO_PANEL_1437,clase_ocupacional,consenso_clasificaciones_panel_ENOE,Misma categoria en ambas mediciones; destino historico oficial; empleo continuo
5521,clase_ocu_damian,3,3,393,124700,124341,TRUE,0.8218762769729644,TRUE,1,TRUE,206,187,0.82458553358713,0.818737908273586,1,1,TRUE,TRUE,TRUE,TRUE,TRUE,concordancia_estable_panel,CONSENSO_PANEL_1438,clase_ocupacional,consenso_clasificaciones_panel_ENOE,Misma categoria en ambas mediciones; destino historico oficial; empleo continuo
5550,clase_ocu_damian,3,3,43,15139,15279,TRUE,1,TRUE,1,TRUE,24,19,1,1,1,1,TRUE,TRUE,TRUE,TRUE,TRUE,concordancia_estable_panel,CONSENSO_PANEL_1439,clase_ocupacional,consenso_clasificaciones_panel_ENOE,Misma categoria en ambas mediciones; destino historico oficial; empleo continuo
6100,clase_ocu_damian,1,1,84,19235,19201,TRUE,0.8430117894552307,TRUE,1,TRUE,37,47,0.851975051975052,0.8364779874213837,1,1,TRUE,TRUE,TRUE,TRUE,TRUE,concordancia_estable_panel,CONSENSO_PANEL_1440,clase_ocupacional,consenso_clasificaciones_panel_ENOE,Misma categoria en ambas mediciones; destino historico oficial; empleo continuo
6101,clase_ocu_damian,1,1,166,36832,38919,TRUE,0.7973157268102609,TRUE,1,TRUE,75,91,0.7320976400283602,0.8460055200574691,1,1,TRUE,TRUE,TRUE,TRUE,TRUE,concordancia_estable_panel,CONSENSO_PANEL_1441,clase_ocupacional,consenso_clasificaciones_panel_ENOE,Misma categoria en ambas mediciones; destino historico oficial; empleo continuo
6102,clase_ocu_damian,1,1,96,16217,16598,TRUE,0.8011164353109717,TRUE,1,TRUE,51,45,0.8260459856765925,0.7736475963036029,1,1,TRUE,TRUE,TRUE,TRUE,TRUE,concordancia_estable_panel,CONSENSO_PANEL_1442,clase_ocupacional,consenso_clasificaciones_panel_ENOE,Misma categoria en ambas mediciones; destino historico oficial; empleo continuo
6130,clase_ocu_damian,1,1,46,14459,16862,TRUE,0.8326039387308534,TRUE,1,TRUE,21,25,0.8490833697075513,0.8141916605705926,1,1,TRUE,TRUE,TRUE,TRUE,TRUE,concordancia_estable_panel,CONSENSO_PANEL_1443,clase_ocupacional,consenso_clasificaciones_panel_ENOE,Misma categoria en ambas mediciones; destino historico oficial; empleo continuo
6150,clase_ocu_damian,1,1,28,8223,8619,TRUE,0.6128791831258851,TRUE,1,TRUE,14,14,0.5214651437573848,0.668545389135388,1,1,TRUE,TRUE,TRUE,TRUE,TRUE,concordancia_estable_panel,CONSENSO_PANEL_1444,clase_ocupacional,consenso_clasificaciones_panel_ENOE,Misma categoria en ambas mediciones; destino historico oficial; empleo continuo
6170,clase_ocu_damian,1,1,39,4406,4548,TRUE,0.8548700038804812,TRUE,1,TRUE,22,17,0.8317430025445293,0.891044776119403,1,1,TRUE,TRUE,TRUE,TRUE,TRUE,concordancia_estable_panel,CONSENSO_PANEL_1445,clase_ocupacional,consenso_clasificaciones_panel_ENOE,Misma categoria en ambas mediciones; destino historico oficial; empleo continuo
6190,clase_ocu_damian,1,1,19,6067,6347,TRUE,0.801453104359313,TRUE,1,TRUE,10,9,0.931237721021611,0.602542656406825,1,1,TRUE,TRUE,TRUE,TRUE,TRUE,concordancia_estable_panel,CONSENSO_PANEL_1446,clase_ocupacional,consenso_clasificaciones_panel_ENOE,Misma categoria en ambas mediciones; destino historico oficial; empleo continuo
6200,clase_ocu_damian,2,2,1000,235610,234440,TRUE,0.9288893619873289,TRUE,1,TRUE,476,524,0.958515461237224,0.9009612070616169,1,1,TRUE,TRUE,TRUE,TRUE,TRUE,concordancia_estable_panel,CONSENSO_PANEL_1447,clase_ocupacional,consenso_clasificaciones_panel_ENOE,Misma categoria en ambas mediciones; destino historico oficial; empleo continuo
6202,clase_ocu_damian,2,2,149,39973,40166,TRUE,0.7787908897851034,TRUE,1,TRUE,77,72,0.7772826880934989,0.7805153046310602,1,1,TRUE,TRUE,TRUE,TRUE,TRUE,concordancia_estable_panel,CONSENSO_PANEL_1448,clase_ocupacional,consenso_clasificaciones_panel_ENOE,Misma categoria en ambas mediciones; destino historico oficial; empleo continuo
6210,clase_ocu_damian,2,2,415,108552,108455,TRUE,0.8794762938717309,TRUE,1,TRUE,214,201,0.87355179897899915,0.8861590979621392,1,1,TRUE,TRUE,TRUE,TRUE,TRUE,concordancia_estable_panel,CONSENSO_PANEL_1449,clase_ocupacional,consenso_clasificaciones_panel_ENOE,Misma categoria en ambas mediciones; destino historico oficial; empleo continuo
6211,clase_ocu_damian,2,2,25,8550,8738,TRUE,0.9922246721596844,TRUE,1,TRUE,10,15,1,0.9883821744407838,1,1,TRUE,TRUE,TRUE,TRUE,TRUE,concordancia_estable_panel,CONSENSO_PANEL_1450,clase_ocupacional,consenso_clasificaciones_panel_ENOE,Misma categoria en ambas mediciones; destino historico oficial; empleo continuo
6220,clase_ocu_damian,2,2,57,14724,15272,TRUE,0.8414195096862678,TRUE,1,TRUE,26,31,0.7033329407608055,0.9715808170515098,1,1,TRUE,TRUE,TRUE,TRUE,TRUE,concordancia_estable_panel,CONSENSO_PANEL_1451,clase_ocupacional,consenso_clasificaciones_panel_ENOE,Misma categoria en ambas mediciones; destino historico oficial; empleo continuo
6221,clase_ocu_damian,2,2,219,60180,60540,TRUE,0.6018662052825811,TRUE,1,TRUE,100,119,0.5796798886569241,0.6186817630408411,1,1,TRUE,TRUE,TRUE,TRUE,TRUE,concordancia_estable_panel,CONSENSO_PANEL_1452,clase_ocupacional,consenso_clasificaciones_panel_ENOE,Misma categoria en ambas mediciones; destino historico oficial; empleo continuo
6230,clase_ocu_damian,2,2,236,61049,61838,TRUE,0.8490938677867564,TRUE,1,TRUE,118,118,0.8445079747216371,0.8530347306628049,1,1,TRUE,TRUE,TRUE,TRUE,TRUE,concordancia_estable_panel,CONSENSO_PANEL_1453,clase_ocupacional,consenso_clasificaciones_panel_ENOE,Misma categoria en ambas mediciones; destino historico oficial; empleo continuo
6231,clase_ocu_damian,2,2,10,1522,1574,TRUE,0.7384764677341097,TRUE,1,TRUE,5,5,0.8802395209580839,0.6043437204910292,1,1,TRUE,TRUE,TRUE,TRUE,TRUE,concordancia_estable_panel,CONSENSO_PANEL_1454,clase_ocupacional,consenso_clasificaciones_panel_ENOE,Misma categoria en ambas mediciones; destino historico oficial; empleo continuo
6232,clase_ocu_damian,2,2,33,7722,7813,TRUE,0.8113901439529263,TRUE,1,TRUE,17,16,0.7833910034602076,0.8546962804388547,1,1,TRUE,TRUE,TRUE,TRUE,TRUE,concordancia_estable_panel,CONSENSO_PANEL_1455,clase_ocupacional,consenso_clasificaciones_panel_ENOE,Misma categoria en ambas mediciones; destino historico oficial; empleo continuo
6240,clase_ocu_damian,2,2,28,8413,8965,TRUE,0.6891947243384943,TRUE,1,TRUE,13,15,0.7325795424664738,0.6695621132793907,1,1,TRUE,TRUE,TRUE,TRUE,TRUE,concordancia_estable_panel,CONSENSO_PANEL_1456,clase_ocupacional,consenso_clasificaciones_panel_ENOE,Misma categoria en ambas mediciones; destino historico oficial; empleo continuo
6250,clase_ocu_damian,2,2,21,6516,6542,TRUE,0.7623727623727624,TRUE,1,TRUE,7,14,1,0.7303146992431284,1,1,TRUE,TRUE,TRUE,TRUE,TRUE,concordancia_estable_panel,CONSENSO_PANEL_1457,clase_ocupacional,consenso_clasificaciones_panel_ENOE,Misma categoria en ambas mediciones; destino historico oficial; empleo continuo
6270,clase_ocu_damian,2,2,1022,216265,219063,TRUE,0.7416876725483136,TRUE,1,TRUE,518,504,0.7183196492845983,0.7648993040838927,1,1,TRUE,TRUE,TRUE,TRUE,TRUE,concordancia_estable_panel,CONSENSO_PANEL_1458,clase_ocupacional,consenso_clasificaciones_panel_ENOE,Misma categoria en ambas mediciones; destino historico oficial; empleo continuo
7100,clase_ocu_damian,2,2,1371,428414,427977,TRUE,0.8505644434385188,TRUE,1,TRUE,684,687,0.8512403337566921,0.8499046602688345,1,1,TRUE,TRUE,TRUE,TRUE,TRUE,concordancia_estable_panel,CONSENSO_PANEL_1459,clase_ocupacional,consenso_clasificaciones_panel_ENOE,Misma categoria en ambas mediciones; destino historico oficial; empleo continuo
7110,clase_ocu_damian,2,2,100,20350,20317,TRUE,0.772765246449457,TRUE,1,TRUE,49,51,0.8262946847538606,0.7298296037774584,1,1,TRUE,TRUE,TRUE,TRUE,TRUE,concordancia_estable_panel,CONSENSO_PANEL_1460,clase_ocupacional,consenso_clasificaciones_panel_ENOE,Misma categoria en ambas mediciones; destino historico oficial; empleo continuo
7111,clase_ocu_damian,2,2,1891,505282,508173,TRUE,0.7900882841354379,TRUE,1,TRUE,940,951,0.8051883484404992,0.7764311047714908,1,1,TRUE,TRUE,TRUE,TRUE,TRUE,concordancia_estable_panel,CONSENSO_PANEL_1461,clase_ocupacional,consenso_clasificaciones_panel_ENOE,Misma categoria en ambas mediciones; destino historico oficial; empleo continuo
7120,clase_ocu_damian,2,2,23,6563,6734,TRUE,1,TRUE,1,TRUE,11,12,1,1,1,1,TRUE,TRUE,TRUE,TRUE,TRUE,concordancia_estable_panel,CONSENSO_PANEL_1462,clase_ocupacional,consenso_clasificaciones_panel_ENOE,Misma categoria en ambas mediciones; destino historico oficial; empleo continuo
7130,clase_ocu_damian,2,2,188,45764,46622,TRUE,0.8098389665545921,TRUE,1,TRUE,89,99,0.8015449632811418,0.8185008320671442,1,1,TRUE,TRUE,TRUE,TRUE,TRUE,concordancia_estable_panel,CONSENSO_PANEL_1463,clase_ocupacional,consenso_clasificaciones_panel_ENOE,Misma categoria en ambas mediciones; destino historico oficial; empleo continuo
7131,clase_ocu_damian,2,2,52,14853,15100,TRUE,0.8542589290849485,TRUE,1,TRUE,30,22,0.7461823734729494,0.9748144543131768,1,1,TRUE,TRUE,TRUE,TRUE,TRUE,concordancia_estable_panel,CONSENSO_PANEL_1464,clase_ocupacional,consenso_clasificaciones_panel_ENOE,Misma categoria en ambas mediciones; destino historico oficial; empleo continuo
7133,clase_ocu_damian,2,2,37,10462,11173,TRUE,0.8255346011204924,TRUE,1,TRUE,20,17,0.7530849825378347,0.9779573842762674,1,1,TRUE,TRUE,TRUE,TRUE,TRUE,concordancia_estable_panel,CONSENSO_PANEL_1465,clase_ocupacional,consenso_clasificaciones_panel_ENOE,Misma categoria en ambas mediciones; destino historico oficial; empleo continuo
7200,clase_ocu_damian,4,4,13,4167,4178,TRUE,0.8407990314769975,TRUE,1,TRUE,8,5,0.8361062825925006,0.8611410118406889,1,1,TRUE,TRUE,TRUE,TRUE,TRUE,concordancia_estable_panel,CONSENSO_PANEL_1466,clase_ocupacional,consenso_clasificaciones_panel_ENOE,Misma categoria en ambas mediciones; destino historico oficial; empleo continuo
7201,clase_ocu_damian,2,2,548,157298,159838,TRUE,0.5440917046578716,TRUE,1,TRUE,271,277,0.5201650709353335,0.5685431135169915,1,1,TRUE,TRUE,TRUE,TRUE,TRUE,concordancia_estable_panel,CONSENSO_PANEL_1467,clase_ocupacional,consenso_clasificaciones_panel_ENOE,Misma categoria en ambas mediciones; destino historico oficial; empleo continuo
7210,clase_ocu_damian,4,4,495,148642,150853,TRUE,0.662917439703154,TRUE,1,TRUE,234,261,0.6026160817479682,0.7199798621599569,1,1,TRUE,TRUE,TRUE,TRUE,TRUE,concordancia_estable_panel,CONSENSO_PANEL_1468,clase_ocupacional,consenso_clasificaciones_panel_ENOE,Misma categoria en ambas mediciones; destino historico oficial; empleo continuo
7211,clase_ocu_damian,4,4,35,12893,12756,TRUE,0.9556033204862141,TRUE,1,TRUE,14,21,0.9697663765460376,0.9422439867492438,1,1,TRUE,TRUE,TRUE,TRUE,TRUE,concordancia_estable_panel,CONSENSO_PANEL_1469,clase_ocupacional,consenso_clasificaciones_panel_ENOE,Misma categoria en ambas mediciones; destino historico oficial; empleo continuo
7212,clase_ocu_damian,4,4,33,7252,7375,TRUE,1,TRUE,1,TRUE,11,22,1,1,1,1,TRUE,TRUE,TRUE,TRUE,TRUE,concordancia_estable_panel,CONSENSO_PANEL_1470,clase_ocupacional,consenso_clasificaciones_panel_ENOE,Misma categoria en ambas mediciones; destino historico oficial; empleo continuo
8100,clase_ocu_damian,2,2,555,141294,141522,TRUE,0.7252317452496073,TRUE,1,TRUE,283,272,0.7177246936929529,0.7327195554553098,1,1,TRUE,TRUE,TRUE,TRUE,TRUE,concordancia_estable_panel,CONSENSO_PANEL_1471,clase_ocupacional,consenso_clasificaciones_panel_ENOE,Misma categoria en ambas mediciones; destino historico oficial; empleo continuo
8101,clase_ocu_damian,2,2,316,76583,78124,TRUE,0.8595559845559846,TRUE,1,TRUE,170,146,0.867215230719587,0.8499443207126949,1,1,TRUE,TRUE,TRUE,TRUE,TRUE,concordancia_estable_panel,CONSENSO_PANEL_1472,clase_ocupacional,consenso_clasificaciones_panel_ENOE,Misma categoria en ambas mediciones; destino historico oficial; empleo continuo
8110,clase_ocu_damian,4,4,82,13490,13756,TRUE,0.874327564975047,TRUE,1,TRUE,45,37,0.8615737388365918,0.8891222175556489,1,1,TRUE,TRUE,TRUE,TRUE,TRUE,concordancia_estable_panel,CONSENSO_PANEL_1473,clase_ocupacional,consenso_clasificaciones_panel_ENOE,Misma categoria en ambas mediciones; destino historico oficial; empleo continuo
8111,clase_ocu_damian,4,4,32,12251,12399,TRUE,0.9762530878954498,TRUE,1,TRUE,13,19,0.9436566458687843,1,1,1,TRUE,TRUE,TRUE,TRUE,TRUE,concordancia_estable_panel,CONSENSO_PANEL_1474,clase_ocupacional,consenso_clasificaciones_panel_ENOE,Misma categoria en ambas mediciones; destino historico oficial; empleo continuo
8120,clase_ocu_damian,2,2,12,8424,9723,TRUE,0.7754050073637703,TRUE,1,TRUE,7,5,0.7369013179042109,0.8270142180094787,1,1,TRUE,TRUE,TRUE,TRUE,TRUE,concordancia_estable_panel,CONSENSO_PANEL_1475,clase_ocupacional,consenso_clasificaciones_panel_ENOE,Misma categoria en ambas mediciones; destino historico oficial; empleo continuo
8122,clase_ocu_damian,4,4,73,18252,17853,TRUE,0.9748437750360519,TRUE,1,TRUE,34,39,0.9531593071480849,0.9917339667458432,1,1,TRUE,TRUE,TRUE,TRUE,TRUE,concordancia_estable_panel,CONSENSO_PANEL_1476,clase_ocupacional,consenso_clasificaciones_panel_ENOE,Misma categoria en ambas mediciones; destino historico oficial; empleo continuo
8123,clase_ocu_damian,4,4,90,21461,22030,TRUE,0.9899441856174178,TRUE,1,TRUE,40,50,0.9669145545606314,1,1,1,TRUE,TRUE,TRUE,TRUE,TRUE,concordancia_estable_panel,CONSENSO_PANEL_1477,clase_ocupacional,consenso_clasificaciones_panel_ENOE,Misma categoria en ambas mediciones; destino historico oficial; empleo continuo
8124,clase_ocu_damian,4,4,898,223467,225936,TRUE,0.8325180778100237,TRUE,1,TRUE,453,445,0.8251901663814485,0.8396771152486449,1,1,TRUE,TRUE,TRUE,TRUE,TRUE,concordancia_estable_panel,CONSENSO_PANEL_1478,clase_ocupacional,consenso_clasificaciones_panel_ENOE,Misma categoria en ambas mediciones; destino historico oficial; empleo continuo
8125,clase_ocu_damian,4,4,179,52513,52121,TRUE,0.9400823487289652,TRUE,1,TRUE,85,94,0.9675662633991658,0.9103810481618058,1,1,TRUE,TRUE,TRUE,TRUE,TRUE,concordancia_estable_panel,CONSENSO_PANEL_1479,clase_ocupacional,consenso_clasificaciones_panel_ENOE,Misma categoria en ambas mediciones; destino historico oficial; empleo continuo
8126,clase_ocu_damian,4,4,98,23558,23883,TRUE,0.6025218036266912,TRUE,1,TRUE,45,53,0.6001071524243236,0.604727415092493,1,1,TRUE,TRUE,TRUE,TRUE,TRUE,concordancia_estable_panel,CONSENSO_PANEL_1480,clase_ocupacional,consenso_clasificaciones_panel_ENOE,Misma categoria en ambas mediciones; destino historico oficial; empleo continuo
8130,clase_ocu_damian,2,2,387,106211,105026,TRUE,0.9953517576166512,TRUE,1,TRUE,191,196,0.9910842680471671,1,1,1,TRUE,TRUE,TRUE,TRUE,TRUE,concordancia_estable_panel,CONSENSO_PANEL_1481,clase_ocupacional,consenso_clasificaciones_panel_ENOE,Misma categoria en ambas mediciones; destino historico oficial; empleo continuo
8131,clase_ocu_damian,2,2,42,12324,12110,TRUE,0.9841092390002396,TRUE,1,TRUE,21,21,0.9676790644794543,1,1,1,TRUE,TRUE,TRUE,TRUE,TRUE,concordancia_estable_panel,CONSENSO_PANEL_1482,clase_ocupacional,consenso_clasificaciones_panel_ENOE,Misma categoria en ambas mediciones; destino historico oficial; empleo continuo
8132,clase_ocu_damian,2,2,14,2667,2761,TRUE,0.7553101104502974,TRUE,1,TRUE,6,8,0.634628493524199,0.8410852713178295,1,1,TRUE,TRUE,TRUE,TRUE,TRUE,concordancia_estable_panel,CONSENSO_PANEL_1483,clase_ocupacional,consenso_clasificaciones_panel_ENOE,Misma categoria en ambas mediciones; destino historico oficial; empleo continuo
8140,clase_ocu_damian,2,2,33,5875,6074,TRUE,0.6702795208214489,TRUE,1,TRUE,20,13,0.6628912685337727,0.6794576618060885,1,1,TRUE,TRUE,TRUE,TRUE,TRUE,concordancia_estable_panel,CONSENSO_PANEL_1484,clase_ocupacional,consenso_clasificaciones_panel_ENOE,Misma categoria en ambas mediciones; destino historico oficial; empleo continuo
8201,clase_ocu_damian,2,2,101,32130,31696,TRUE,0.6889084242801089,TRUE,1,TRUE,48,53,0.5900627670235772,0.7566112716763006,1,1,TRUE,TRUE,TRUE,TRUE,TRUE,concordancia_estable_panel,CONSENSO_PANEL_1485,clase_ocupacional,consenso_clasificaciones_panel_ENOE,Misma categoria en ambas mediciones; destino historico oficial; empleo continuo
8202,clase_ocu_damian,3,3,23,9642,8972,TRUE,0.9407747097277783,TRUE,1,TRUE,13,10,1,0.8922230113636364,1,1,TRUE,TRUE,TRUE,TRUE,TRUE,concordancia_estable_panel,CONSENSO_PANEL_1486,clase_ocupacional,consenso_clasificaciones_panel_ENOE,Misma categoria en ambas mediciones; destino historico oficial; empleo continuo
8203,clase_ocu_damian,4,4,53,13155,12893,TRUE,0.9771224838446112,TRUE,1,TRUE,26,27,0.9628385056335245,0.985721085197525,1,1,TRUE,TRUE,TRUE,TRUE,TRUE,concordancia_estable_panel,CONSENSO_PANEL_1487,clase_ocupacional,consenso_clasificaciones_panel_ENOE,Misma categoria en ambas mediciones; destino historico oficial; empleo continuo
8204,clase_ocu_damian,2,2,13,3220,3146,TRUE,0.8372334893395735,TRUE,1,TRUE,8,5,0.7817351598173516,0.9106280193236715,1,1,TRUE,TRUE,TRUE,TRUE,TRUE,concordancia_estable_panel,CONSENSO_PANEL_1488,clase_ocupacional,consenso_clasificaciones_panel_ENOE,Misma categoria en ambas mediciones; destino historico oficial; empleo continuo
8300,clase_ocu_damian,2,2,21,3697,3634,TRUE,0.9155522535908865,TRUE,1,TRUE,11,10,0.9404414827155352,0.8790470372632865,1,1,TRUE,TRUE,TRUE,TRUE,TRUE,concordancia_estable_panel,CONSENSO_PANEL_1489,clase_ocupacional,consenso_clasificaciones_panel_ENOE,Misma categoria en ambas mediciones; destino historico oficial; empleo continuo
8303,clase_ocu_damian,2,2,481,146111,145785,TRUE,0.9178460823298092,TRUE,1,TRUE,236,245,0.9260956823605988,0.9107261981391538,1,1,TRUE,TRUE,TRUE,TRUE,TRUE,concordancia_estable_panel,CONSENSO_PANEL_1490,clase_ocupacional,consenso_clasificaciones_panel_ENOE,Misma categoria en ambas mediciones; destino historico oficial; empleo continuo
8311,clase_ocu_damian,2,2,22,4965,4928,TRUE,0.7248175182481752,TRUE,1,TRUE,9,13,0.6283261802575107,0.7745575221238938,1,1,TRUE,TRUE,TRUE,TRUE,TRUE,concordancia_estable_panel,CONSENSO_PANEL_1491,clase_ocupacional,consenso_clasificaciones_panel_ENOE,Misma categoria en ambas mediciones; destino historico oficial; empleo continuo
1100,egp3_damian,1,1,49,12594,13194,TRUE,0.9126748315095297,TRUE,1,TRUE,22,27,0.9337115970107943,0.8895481515289821,1,1,TRUE,TRUE,TRUE,TRUE,TRUE,concordancia_estable_panel,CONSENSO_PANEL_1492,egp,consenso_clasificaciones_panel_ENOE,Misma categoria en ambas mediciones; destino historico oficial; empleo continuo
1101,egp3_damian,1,1,39,6149,6090,TRUE,0.6192970087622117,TRUE,1,TRUE,17,22,0.5625846391952022,0.6808823529411765,1,1,TRUE,TRUE,TRUE,TRUE,TRUE,concordancia_estable_panel,CONSENSO_PANEL_1493,egp,consenso_clasificaciones_panel_ENOE,Misma categoria en ambas mediciones; destino historico oficial; empleo continuo
1103,egp3_damian,1,1,12,2549,2552,TRUE,1,TRUE,1,TRUE,6,6,1,1,1,1,TRUE,TRUE,TRUE,TRUE,TRUE,concordancia_estable_panel,CONSENSO_PANEL_1494,egp,consenso_clasificaciones_panel_ENOE,Misma categoria en ambas mediciones; destino historico oficial; empleo continuo
1104,egp3_damian,1,1,73,19320,19465,TRUE,0.7298828862863619,TRUE,1,TRUE,41,32,0.7937979539641944,0.6725891961599083,1,1,TRUE,TRUE,TRUE,TRUE,TRUE,concordancia_estable_panel,CONSENSO_PANEL_1495,egp,consenso_clasificaciones_panel_ENOE,Misma categoria en ambas mediciones; destino historico oficial; empleo continuo
1105,egp3_damian,1,1,171,44004,44980,TRUE,0.8411032742703136,TRUE,1,TRUE,91,80,0.7913621843959218,0.8796836817811566,1,1,TRUE,TRUE,TRUE,TRUE,TRUE,concordancia_estable_panel,CONSENSO_PANEL_1496,egp,consenso_clasificaciones_panel_ENOE,Misma categoria en ambas mediciones; destino historico oficial; empleo continuo
1120,egp3_damian,1,1,43,10381,10088,TRUE,0.9347199711867459,TRUE,1,TRUE,18,25,1,0.88631017719931,1,1,TRUE,TRUE,TRUE,TRUE,TRUE,concordancia_estable_panel,CONSENSO_PANEL_1497,egp,consenso_clasificaciones_panel_ENOE,Misma categoria en ambas mediciones; destino historico oficial; empleo continuo
1121,egp3_damian,1,1,28,7418,7203,TRUE,0.9393440547043181,TRUE,1,TRUE,15,13,1,0.8401735068401736,1,1,TRUE,TRUE,TRUE,TRUE,TRUE,concordancia_estable_panel,CONSENSO_PANEL_1498,egp,consenso_clasificaciones_panel_ENOE,Misma categoria en ambas mediciones; destino historico oficial; empleo continuo
1130,egp3_damian,1,1,364,84685,86991,TRUE,0.9919993440164933,TRUE,1,TRUE,172,192,0.9935184135977337,0.9903741240937856,1,1,TRUE,TRUE,TRUE,TRUE,TRUE,concordancia_estable_panel,CONSENSO_PANEL_1499,egp,consenso_clasificaciones_panel_ENOE,Misma categoria en ambas mediciones; destino historico oficial; empleo continuo
1131,egp3_damian,1,1,254,56833,57769,TRUE,0.9976302485605955,TRUE,1,TRUE,126,128,0.9978954127131341,0.9973733324116956,1,1,TRUE,TRUE,TRUE,TRUE,TRUE,concordancia_estable_panel,CONSENSO_PANEL_1500,egp,consenso_clasificaciones_panel_ENOE,Misma categoria en ambas mediciones; destino historico oficial; empleo continuo
1132,egp3_damian,1,1,123,33731,33542,TRUE,0.9972209903917221,TRUE,1,TRUE,61,62,1,0.9941975308641975,1,1,TRUE,TRUE,TRUE,TRUE,TRUE,concordancia_estable_panel,CONSENSO_PANEL_1501,egp,consenso_clasificaciones_panel_ENOE,Misma categoria en ambas mediciones; destino historico oficial; empleo continuo
1134,egp3_damian,1,1,16,5260,5340,TRUE,0.9872372372372372,TRUE,1,TRUE,11,5,0.9425190194420964,1,1,1,TRUE,TRUE,TRUE,TRUE,TRUE,concordancia_estable_panel,CONSENSO_PANEL_1502,egp,consenso_clasificaciones_panel_ENOE,Misma categoria en ambas mediciones; destino historico oficial; empleo continuo
1150,egp3_damian,1,1,27,3837,3881,TRUE,0.8931564245810056,TRUE,1,TRUE,14,13,0.8890027322404371,0.902046783625731,1,1,TRUE,TRUE,TRUE,TRUE,TRUE,concordancia_estable_panel,CONSENSO_PANEL_1503,egp,consenso_clasificaciones_panel_ENOE,Misma categoria en ambas mediciones; destino historico oficial; empleo continuo
1151,egp3_damian,1,1,35,9220,9329,TRUE,0.933765444601985,TRUE,1,TRUE,18,17,0.9401955146635997,0.9265621644835731,1,1,TRUE,TRUE,TRUE,TRUE,TRUE,concordancia_estable_panel,CONSENSO_PANEL_1504,egp,consenso_clasificaciones_panel_ENOE,Misma categoria en ambas mediciones; destino historico oficial; empleo continuo
1160,egp3_damian,1,1,323,82784,84710,TRUE,0.8748362007016951,TRUE,1,TRUE,164,159,0.8711762256894193,0.8790141896938013,1,1,TRUE,TRUE,TRUE,TRUE,TRUE,concordancia_estable_panel,CONSENSO_PANEL_1505,egp,consenso_clasificaciones_panel_ENOE,Misma categoria en ambas mediciones; destino historico oficial; empleo continuo
1161,egp3_damian,1,1,31,7257,7310,TRUE,0.9544916480336709,TRUE,1,TRUE,17,14,0.9520975056689343,0.9565644171779141,1,1,TRUE,TRUE,TRUE,TRUE,TRUE,concordancia_estable_panel,CONSENSO_PANEL_1506,egp,consenso_clasificaciones_panel_ENOE,Misma categoria en ambas mediciones; destino historico oficial; empleo continuo
1164,egp3_damian,1,1,67,21000,19475,TRUE,0.9288747346072187,TRUE,1,TRUE,33,34,0.9361381389612169,0.9156476166708261,1,1,TRUE,TRUE,TRUE,TRUE,TRUE,concordancia_estable_panel,CONSENSO_PANEL_1507,egp,consenso_clasificaciones_panel_ENOE,Misma categoria en ambas mediciones; destino historico oficial; empleo continuo
1171,egp3_damian,1,1,23,12965,13005,TRUE,0.7758827049670856,TRUE,1,TRUE,14,9,0.8079887876664331,0.7066490366452588,1,1,TRUE,TRUE,TRUE,TRUE,TRUE,concordancia_estable_panel,CONSENSO_PANEL_1508,egp,consenso_clasificaciones_panel_ENOE,Misma categoria en ambas mediciones; destino historico oficial; empleo continuo
1172,egp3_damian,1,1,359,82325,82314,TRUE,0.8651764508060618,TRUE,1,TRUE,195,164,0.8537888398520557,0.8814402735601092,1,1,TRUE,TRUE,TRUE,TRUE,TRUE,concordancia_estable_panel,CONSENSO_PANEL_1509,egp,consenso_clasificaciones_panel_ENOE,Misma categoria en ambas mediciones; destino historico oficial; empleo continuo
1200,egp3_damian,1,1,29,8535,8595,TRUE,0.8389030862984077,TRUE,1,TRUE,16,13,0.8497571131158917,0.8247165532879819,1,1,TRUE,TRUE,TRUE,TRUE,TRUE,concordancia_estable_panel,CONSENSO_PANEL_1510,egp,consenso_clasificaciones_panel_ENOE,Misma categoria en ambas mediciones; destino historico oficial; empleo continuo
1203,egp3_damian,1,1,26,4317,4545,TRUE,0.6866550023858756,TRUE,1,TRUE,13,13,0.687624254473161,0.684931506849315,1,1,TRUE,TRUE,TRUE,TRUE,TRUE,concordancia_estable_panel,CONSENSO_PANEL_1511,egp,consenso_clasificaciones_panel_ENOE,Misma categoria en ambas mediciones; destino historico oficial; empleo continuo
1205,egp3_damian,1,1,274,71748,71127,TRUE,0.7452324566870248,TRUE,1,TRUE,133,141,0.7851749614354144,0.720353982300885,1,1,TRUE,TRUE,TRUE,TRUE,TRUE,concordancia_estable_panel,CONSENSO_PANEL_1512,egp,consenso_clasificaciones_panel_ENOE,Misma categoria en ambas mediciones; destino historico oficial; empleo continuo
1206,egp3_damian,2,2,70,17406,17641,TRUE,0.9017251204475988,TRUE,1,TRUE,38,32,0.9775,0.8267546119756777,1,1,TRUE,TRUE,TRUE,TRUE,TRUE,concordancia_estable_panel,CONSENSO_PANEL_1513,egp,consenso_clasificaciones_panel_ENOE,Misma categoria en ambas mediciones; destino historico oficial; empleo continuo
1220,egp3_damian,1,1,400,123646,124108,TRUE,0.938411214243972,TRUE,1,TRUE,210,190,0.9358317079966565,0.941498141078008,1,1,TRUE,TRUE,TRUE,TRUE,TRUE,concordancia_estable_panel,CONSENSO_PANEL_1514,egp,consenso_clasificaciones_panel_ENOE,Misma categoria en ambas mediciones; destino historico oficial; empleo continuo
1221,egp3_damian,1,1,24,5553,5645,TRUE,0.818905766111193,TRUE,1,TRUE,15,9,0.8662264612374664,0.7470282317979198,1,1,TRUE,TRUE,TRUE,TRUE,TRUE,concordancia_estable_panel,CONSENSO_PANEL_1515,egp,consenso_clasificaciones_panel_ENOE,Misma categoria en ambas mediciones; destino historico oficial; empleo continuo
1230,egp3_damian,1,1,50,11465,11590,TRUE,0.7057990642698843,TRUE,1,TRUE,27,23,0.8464583048996861,0.5902209263205114,1,1,TRUE,TRUE,TRUE,TRUE,TRUE,concordancia_estable_panel,CONSENSO_PANEL_1516,egp,consenso_clasificaciones_panel_ENOE,Misma categoria en ambas mediciones; destino historico oficial; empleo continuo
1250,egp3_damian,2,2,97,16715,16732,TRUE,0.5443206981893969,TRUE,1,TRUE,57,40,0.5561128526645768,0.5248098201936376,1,1,TRUE,TRUE,TRUE,TRUE,TRUE,concordancia_estable_panel,CONSENSO_PANEL_1517,egp,consenso_clasificaciones_panel_ENOE,Misma categoria en ambas mediciones; destino historico oficial; empleo continuo
1251,egp3_damian,1,1,191,56535,56891,TRUE,0.5850183157764026,TRUE,1,TRUE,98,93,0.5408525208619523,0.6300219366969602,1,1,TRUE,TRUE,TRUE,TRUE,TRUE,concordancia_estable_panel,CONSENSO_PANEL_1518,egp,consenso_clasificaciones_panel_ENOE,Misma categoria en ambas mediciones; destino historico oficial; empleo continuo
1252,egp3_damian,2,2,42,7706,7519,TRUE,0.7368521705871104,TRUE,1,TRUE,16,26,0.6103896103896104,0.822914992768761,1,1,TRUE,TRUE,TRUE,TRUE,TRUE,concordancia_estable_panel,CONSENSO_PANEL_1519,egp,consenso_clasificaciones_panel_ENOE,Misma categoria en ambas mediciones; destino historico oficial; empleo continuo
1300,egp3_damian,1,1,337,81624,80800,TRUE,0.9920633956026593,TRUE,1,TRUE,172,165,0.9951440329218108,0.9896131101752242,1,1,TRUE,TRUE,TRUE,TRUE,TRUE,concordancia_estable_panel,CONSENSO_PANEL_1520,egp,consenso_clasificaciones_panel_ENOE,Misma categoria en ambas mediciones; destino historico oficial; empleo continuo
1310,egp3_damian,1,1,205,56119,56633,TRUE,0.9289533363129231,TRUE,1,TRUE,114,91,0.9255344775669979,0.933127458549318,1,1,TRUE,TRUE,TRUE,TRUE,TRUE,concordancia_estable_panel,CONSENSO_PANEL_1521,egp,consenso_clasificaciones_panel_ENOE,Misma categoria en ambas mediciones; destino historico oficial; empleo continuo
1320,egp3_damian,1,1,449,125353,124182,TRUE,0.9828447322821681,TRUE,1,TRUE,199,250,0.9744231835299065,0.9887010155793056,1,1,TRUE,TRUE,TRUE,TRUE,TRUE,concordancia_estable_panel,CONSENSO_PANEL_1522,egp,consenso_clasificaciones_panel_ENOE,Misma categoria en ambas mediciones; destino historico oficial; empleo continuo
1330,egp3_damian,1,1,730,198218,198565,TRUE,0.9966713596138375,TRUE,1,TRUE,342,388,0.9975169834035601,0.9959281233466858,1,1,TRUE,TRUE,TRUE,TRUE,TRUE,concordancia_estable_panel,CONSENSO_PANEL_1523,egp,consenso_clasificaciones_panel_ENOE,Misma categoria en ambas mediciones; destino historico oficial; empleo continuo
1340,egp3_damian,1,1,263,69777,71371,TRUE,0.9560457628279784,TRUE,1,TRUE,139,124,0.9398206706580093,0.9714766894781864,1,1,TRUE,TRUE,TRUE,TRUE,TRUE,concordancia_estable_panel,CONSENSO_PANEL_1524,egp,consenso_clasificaciones_panel_ENOE,Misma categoria en ambas mediciones; destino historico oficial; empleo continuo
1360,egp3_damian,1,1,25,9877,9547,TRUE,1,TRUE,1,TRUE,18,7,1,1,1,1,TRUE,TRUE,TRUE,TRUE,TRUE,concordancia_estable_panel,CONSENSO_PANEL_1525,egp,consenso_clasificaciones_panel_ENOE,Misma categoria en ambas mediciones; destino historico oficial; empleo continuo
1364,egp3_damian,1,1,33,7560,7532,TRUE,0.9020403293163107,TRUE,1,TRUE,14,19,0.8401336196611787,0.9639618138424821,1,1,TRUE,TRUE,TRUE,TRUE,TRUE,concordancia_estable_panel,CONSENSO_PANEL_1526,egp,consenso_clasificaciones_panel_ENOE,Misma categoria en ambas mediciones; destino historico oficial; empleo continuo
1390,egp3_damian,1,1,32,4289,4395,TRUE,0.960152227445713,TRUE,1,TRUE,19,13,0.9839921594250245,0.9082503556187767,1,1,TRUE,TRUE,TRUE,TRUE,TRUE,concordancia_estable_panel,CONSENSO_PANEL_1527,egp,consenso_clasificaciones_panel_ENOE,Misma categoria en ambas mediciones; destino historico oficial; empleo continuo
1401,egp3_damian,1,1,29,8751,9659,TRUE,0.9098565190268247,TRUE,1,TRUE,12,17,0.8632445141065831,0.962560921577315,1,1,TRUE,TRUE,TRUE,TRUE,TRUE,concordancia_estable_panel,CONSENSO_PANEL_1528,egp,consenso_clasificaciones_panel_ENOE,Misma categoria en ambas mediciones; destino historico oficial; empleo continuo
1412,egp3_damian,1,1,74,17343,18402,TRUE,0.9274827530884004,TRUE,1,TRUE,33,41,1,0.8738839285714286,1,1,TRUE,TRUE,TRUE,TRUE,TRUE,concordancia_estable_panel,CONSENSO_PANEL_1529,egp,consenso_clasificaciones_panel_ENOE,Misma categoria en ambas mediciones; destino historico oficial; empleo continuo
1420,egp3_damian,1,1,17,3308,3104,TRUE,0.957452966714906,TRUE,1,TRUE,11,6,0.8799019607843137,1,1,1,TRUE,TRUE,TRUE,TRUE,TRUE,concordancia_estable_panel,CONSENSO_PANEL_1530,egp,consenso_clasificaciones_panel_ENOE,Misma categoria en ambas mediciones; destino historico oficial; empleo continuo
1423,egp3_damian,2,2,78,23595,23730,TRUE,0.8358425732402848,TRUE,1,TRUE,47,31,0.7923359048943974,0.8912605718888441,1,1,TRUE,TRUE,TRUE,TRUE,TRUE,concordancia_estable_panel,CONSENSO_PANEL_1531,egp,consenso_clasificaciones_panel_ENOE,Misma categoria en ambas mediciones; destino historico oficial; empleo continuo
2101,egp3_damian,1,1,23,6374,6261,TRUE,0.8538513060951105,TRUE,1,TRUE,9,14,0.832823259372609,0.865182436611008,1,1,TRUE,TRUE,TRUE,TRUE,TRUE,concordancia_estable_panel,CONSENSO_PANEL_1532,egp,consenso_clasificaciones_panel_ENOE,Misma categoria en ambas mediciones; destino historico oficial; empleo continuo
2110,egp3_damian,1,1,19,3080,2937,TRUE,0.8997955010224948,TRUE,1,TRUE,8,11,0.8998555609051516,0.899702823179792,1,1,TRUE,TRUE,TRUE,TRUE,TRUE,concordancia_estable_panel,CONSENSO_PANEL_1533,egp,consenso_clasificaciones_panel_ENOE,Misma categoria en ambas mediciones; destino historico oficial; empleo continuo
2111,egp3_damian,1,1,29,8543,8232,TRUE,0.752289538569919,TRUE,1,TRUE,18,11,0.7799073030189152,0.6869255855321672,1,1,TRUE,TRUE,TRUE,TRUE,TRUE,concordancia_estable_panel,CONSENSO_PANEL_1534,egp,consenso_clasificaciones_panel_ENOE,Misma categoria en ambas mediciones; destino historico oficial; empleo continuo
2120,egp3_damian,1,1,13,2029,1990,TRUE,0.7741320106829455,TRUE,1,TRUE,5,8,0.7118863049095607,0.863932898415657,1,1,TRUE,TRUE,TRUE,TRUE,TRUE,concordancia_estable_panel,CONSENSO_PANEL_1535,egp,consenso_clasificaciones_panel_ENOE,Misma categoria en ambas mediciones; destino historico oficial; empleo continuo
2121,egp3_damian,1,1,138,40923,42094,TRUE,0.7996834329933169,TRUE,1,TRUE,71,67,0.8444324483486284,0.7700750073059064,1,1,TRUE,TRUE,TRUE,TRUE,TRUE,concordancia_estable_panel,CONSENSO_PANEL_1536,egp,consenso_clasificaciones_panel_ENOE,Misma categoria en ambas mediciones; destino historico oficial; empleo continuo
2123,egp3_damian,1,1,16,6218,5850,TRUE,0.8123856806898354,TRUE,1,TRUE,9,7,0.9459616502033701,0.7032288698955366,1,1,TRUE,TRUE,TRUE,TRUE,TRUE,concordancia_estable_panel,CONSENSO_PANEL_1537,egp,consenso_clasificaciones_panel_ENOE,Misma categoria en ambas mediciones; destino historico oficial; empleo continuo
2124,egp3_damian,1,1,58,17913,18345,TRUE,0.5984365082016504,TRUE,1,TRUE,30,28,0.506439393939394,0.7018377918115376,1,1,TRUE,TRUE,TRUE,TRUE,TRUE,concordancia_estable_panel,CONSENSO_PANEL_1538,egp,consenso_clasificaciones_panel_ENOE,Misma categoria en ambas mediciones; destino historico oficial; empleo continuo
2125,egp3_damian,1,1,128,36350,34478,TRUE,0.9832296456586421,TRUE,1,TRUE,69,59,0.9789419619928095,0.9891339291455025,1,1,TRUE,TRUE,TRUE,TRUE,TRUE,concordancia_estable_panel,CONSENSO_PANEL_1539,egp,consenso_clasificaciones_panel_ENOE,Misma categoria en ambas mediciones; destino historico oficial; empleo continuo
2127,egp3_damian,1,1,51,10651,10123,TRUE,0.6564965483234714,TRUE,1,TRUE,21,30,0.6775327193407659,0.6347215253386854,1,1,TRUE,TRUE,TRUE,TRUE,TRUE,concordancia_estable_panel,CONSENSO_PANEL_1540,egp,consenso_clasificaciones_panel_ENOE,Misma categoria en ambas mediciones; destino historico oficial; empleo continuo
4100,egp3_damian,2,2,1599,634397,643066,TRUE,1,TRUE,0.9966338002411513,TRUE,774,825,1,1,0.9949052805624355,0.9981131804127418,TRUE,TRUE,TRUE,TRUE,TRUE,concordancia_estable_panel,CONSENSO_PANEL_1541,egp,consenso_clasificaciones_panel_ENOE,Misma categoria en ambas mediciones; destino historico oficial; empleo continuo
4100,egp3_damian,3,3,1167,547084,547906,TRUE,0.9956739422816178,TRUE,1,TRUE,608,559,0.994928035792169,0.9964737340328037,1,1,TRUE,TRUE,TRUE,TRUE,TRUE,concordancia_estable_panel,CONSENSO_PANEL_1542,egp,consenso_clasificaciones_panel_ENOE,Misma categoria en ambas mediciones; destino historico oficial; empleo continuo
4101,egp3_damian,2,2,39,10747,10806,TRUE,1,TRUE,0.9630157739951876,TRUE,20,19,1,1,0.92472338109922,1,TRUE,TRUE,TRUE,TRUE,TRUE,concordancia_estable_panel,CONSENSO_PANEL_1543,egp,consenso_clasificaciones_panel_ENOE,Misma categoria en ambas mediciones; destino historico oficial; empleo continuo
4101,egp3_damian,3,3,31,11411,11456,TRUE,0.9653159631164876,TRUE,1,TRUE,17,14,0.9276257722859664,1,1,1,TRUE,TRUE,TRUE,TRUE,TRUE,concordancia_estable_panel,CONSENSO_PANEL_1544,egp,consenso_clasificaciones_panel_ENOE,Misma categoria en ambas mediciones; destino historico oficial; empleo continuo
4103,egp3_damian,2,2,53,17827,17536,TRUE,1,TRUE,0.8734372665238831,TRUE,23,30,1,1,0.8523513965146813,0.8885374818360544,TRUE,TRUE,TRUE,TRUE,TRUE,concordancia_estable_panel,CONSENSO_PANEL_1545,egp,consenso_clasificaciones_panel_ENOE,Misma categoria en ambas mediciones; destino historico oficial; empleo continuo
4103,egp3_damian,3,3,288,84839,85074,TRUE,0.9573887039440275,TRUE,1,TRUE,142,146,0.9589946414901761,0.9561153262518968,1,1,TRUE,TRUE,TRUE,TRUE,TRUE,concordancia_estable_panel,CONSENSO_PANEL_1546,egp,consenso_clasificaciones_panel_ENOE,Misma categoria en ambas mediciones; destino historico oficial; empleo continuo
4104,egp3_damian,2,2,73,50116,50172,TRUE,1,TRUE,1,TRUE,50,23,1,1,1,1,TRUE,TRUE,TRUE,TRUE,TRUE,concordancia_estable_panel,CONSENSO_PANEL_1547,egp,consenso_clasificaciones_panel_ENOE,Misma categoria en ambas mediciones; destino historico oficial; empleo continuo
4104,egp3_damian,3,3,70,54177,54380,TRUE,1,TRUE,1,TRUE,52,18,1,1,1,1,TRUE,TRUE,TRUE,TRUE,TRUE,concordancia_estable_panel,CONSENSO_PANEL_1548,egp,consenso_clasificaciones_panel_ENOE,Misma categoria en ambas mediciones; destino historico oficial; empleo continuo
4106,egp3_damian,2,2,78,23586,23731,TRUE,0.9876057281634704,TRUE,0.9467783762218233,TRUE,42,36,1,0.9760866052674099,0.928784338999436,0.9644325007903889,TRUE,TRUE,TRUE,TRUE,TRUE,concordancia_estable_panel,CONSENSO_PANEL_1549,egp,consenso_clasificaciones_panel_ENOE,Misma categoria en ambas mediciones; destino historico oficial; empleo continuo
4106,egp3_damian,3,3,232,71002,71143,TRUE,0.9787979046043562,TRUE,1,TRUE,135,97,0.9704364023416711,0.9877860411899313,1,1,TRUE,TRUE,TRUE,TRUE,TRUE,concordancia_estable_panel,CONSENSO_PANEL_1550,egp,consenso_clasificaciones_panel_ENOE,Misma categoria en ambas mediciones; destino historico oficial; empleo continuo
4107,egp3_damian,2,2,16,8782,8558,TRUE,1,TRUE,1,TRUE,5,11,1,1,1,1,TRUE,TRUE,TRUE,TRUE,TRUE,concordancia_estable_panel,CONSENSO_PANEL_1551,egp,consenso_clasificaciones_panel_ENOE,Misma categoria en ambas mediciones; destino historico oficial; empleo continuo
4107,egp3_damian,3,3,27,15088,14980,TRUE,1,TRUE,1,TRUE,10,17,1,1,1,1,TRUE,TRUE,TRUE,TRUE,TRUE,concordancia_estable_panel,CONSENSO_PANEL_1552,egp,consenso_clasificaciones_panel_ENOE,Misma categoria en ambas mediciones; destino historico oficial; empleo continuo
4108,egp3_damian,2,2,51,15494,16046,TRUE,1,TRUE,0.9806270243842816,TRUE,21,30,1,1,1,0.974789247653889,TRUE,TRUE,TRUE,TRUE,TRUE,concordancia_estable_panel,CONSENSO_PANEL_1553,egp,consenso_clasificaciones_panel_ENOE,Misma categoria en ambas mediciones; destino historico oficial; empleo continuo
4108,egp3_damian,3,3,99,42515,42834,TRUE,0.992645342049965,TRUE,1,TRUE,35,64,1,0.9902070509233352,1,1,TRUE,TRUE,TRUE,TRUE,TRUE,concordancia_estable_panel,CONSENSO_PANEL_1554,egp,consenso_clasificaciones_panel_ENOE,Misma categoria en ambas mediciones; destino historico oficial; empleo continuo
4109,egp3_damian,3,3,43,8196,8215,TRUE,0.9795625672283973,TRUE,1,TRUE,19,24,1,0.9644490644490644,1,1,TRUE,TRUE,TRUE,TRUE,TRUE,concordancia_estable_panel,CONSENSO_PANEL_1555,egp,consenso_clasificaciones_panel_ENOE,Misma categoria en ambas mediciones; destino historico oficial; empleo continuo
4110,egp3_damian,2,2,86,27576,27870,TRUE,0.9756235627100655,TRUE,0.9232756907175512,TRUE,57,29,0.9719255942128833,0.9815617221351526,0.9737320900614055,0.852833783140181,TRUE,TRUE,TRUE,TRUE,TRUE,concordancia_estable_panel,CONSENSO_PANEL_1556,egp,consenso_clasificaciones_panel_ENOE,Misma categoria en ambas mediciones; destino historico oficial; empleo continuo
4110,egp3_damian,3,3,201,54234,54362,TRUE,0.9490594102721148,TRUE,1,TRUE,128,73,0.9792100903212014,0.8918521523094863,1,1,TRUE,TRUE,TRUE,TRUE,TRUE,concordancia_estable_panel,CONSENSO_PANEL_1557,egp,consenso_clasificaciones_panel_ENOE,Misma categoria en ambas mediciones; destino historico oficial; empleo continuo
4111,egp3_damian,3,3,22,6386,6471,TRUE,0.8103032610074864,TRUE,1,TRUE,14,8,0.7468602825745683,0.926391382405745,1,1,TRUE,TRUE,TRUE,TRUE,TRUE,concordancia_estable_panel,CONSENSO_PANEL_1558,egp,consenso_clasificaciones_panel_ENOE,Misma categoria en ambas mediciones; destino historico oficial; empleo continuo
4112,egp3_damian,3,3,45,11593,11565,TRUE,0.8942456032088861,TRUE,1,TRUE,14,31,0.8535825545171339,0.9429007116231786,1,1,TRUE,TRUE,TRUE,TRUE,TRUE,concordancia_estable_panel,CONSENSO_PANEL_1559,egp,consenso_clasificaciones_panel_ENOE,Misma categoria en ambas mediciones; destino historico oficial; empleo continuo
4113,egp3_damian,2,2,37,12461,12460,TRUE,1,TRUE,1,TRUE,16,21,1,1,1,1,TRUE,TRUE,TRUE,TRUE,TRUE,concordancia_estable_panel,CONSENSO_PANEL_1560,egp,consenso_clasificaciones_panel_ENOE,Misma categoria en ambas mediciones; destino historico oficial; empleo continuo
4113,egp3_damian,3,3,30,9440,9527,TRUE,1,TRUE,1,TRUE,20,10,1,1,1,1,TRUE,TRUE,TRUE,TRUE,TRUE,concordancia_estable_panel,CONSENSO_PANEL_1561,egp,consenso_clasificaciones_panel_ENOE,Misma categoria en ambas mediciones; destino historico oficial; empleo continuo
4120,egp3_damian,2,2,151,37893,37737,TRUE,1,TRUE,1,TRUE,93,58,1,1,1,1,TRUE,TRUE,TRUE,TRUE,TRUE,concordancia_estable_panel,CONSENSO_PANEL_1562,egp,consenso_clasificaciones_panel_ENOE,Misma categoria en ambas mediciones; destino historico oficial; empleo continuo
4120,egp3_damian,3,3,50,10918,10881,TRUE,1,TRUE,1,TRUE,36,14,1,1,1,1,TRUE,TRUE,TRUE,TRUE,TRUE,concordancia_estable_panel,CONSENSO_PANEL_1563,egp,consenso_clasificaciones_panel_ENOE,Misma categoria en ambas mediciones; destino historico oficial; empleo continuo
4132,egp3_damian,3,3,32,7165,7187,TRUE,0.920005136106831,TRUE,1,TRUE,22,10,0.8895781637717122,1,1,1,TRUE,TRUE,TRUE,TRUE,TRUE,concordancia_estable_panel,CONSENSO_PANEL_1564,egp,consenso_clasificaciones_panel_ENOE,Misma categoria en ambas mediciones; destino historico oficial; empleo continuo
4135,egp3_damian,2,2,16,4488,4537,TRUE,1,TRUE,1,TRUE,11,5,1,1,1,1,TRUE,TRUE,TRUE,TRUE,TRUE,concordancia_estable_panel,CONSENSO_PANEL_1565,egp,consenso_clasificaciones_panel_ENOE,Misma categoria en ambas mediciones; destino historico oficial; empleo continuo
4150,egp3_damian,2,2,103,24259,24675,TRUE,1,TRUE,1,TRUE,55,48,1,1,1,1,TRUE,TRUE,TRUE,TRUE,TRUE,concordancia_estable_panel,CONSENSO_PANEL_1566,egp,consenso_clasificaciones_panel_ENOE,Misma categoria en ambas mediciones; destino historico oficial; empleo continuo
4150,egp3_damian,3,3,36,8459,8366,TRUE,1,TRUE,1,TRUE,17,19,1,1,1,1,TRUE,TRUE,TRUE,TRUE,TRUE,concordancia_estable_panel,CONSENSO_PANEL_1567,egp,consenso_clasificaciones_panel_ENOE,Misma categoria en ambas mediciones; destino historico oficial; empleo continuo
5101,egp3_damian,2,2,23,9886,9694,TRUE,0.7249395028232016,TRUE,1,TRUE,14,9,0.7838712941414551,0.5697922216302611,1,1,TRUE,TRUE,TRUE,TRUE,TRUE,concordancia_estable_panel,CONSENSO_PANEL_1568,egp,consenso_clasificaciones_panel_ENOE,Misma categoria en ambas mediciones; destino historico oficial; empleo continuo
5121,egp3_damian,2,2,41,8537,8563,TRUE,0.8746030119864768,TRUE,1,TRUE,27,14,0.8909252669039146,0.8524510987684134,1,1,TRUE,TRUE,TRUE,TRUE,TRUE,concordancia_estable_panel,CONSENSO_PANEL_1569,egp,consenso_clasificaciones_panel_ENOE,Misma categoria en ambas mediciones; destino historico oficial; empleo continuo
5131,egp3_damian,2,2,17,4910,5042,TRUE,0.6847022730442058,TRUE,1,TRUE,7,10,0.7726934523809523,0.6319428953825563,1,1,TRUE,TRUE,TRUE,TRUE,TRUE,concordancia_estable_panel,CONSENSO_PANEL_1570,egp,consenso_clasificaciones_panel_ENOE,Misma categoria en ambas mediciones; destino historico oficial; empleo continuo
5161,egp3_damian,2,2,45,10008,9476,TRUE,0.5811509203878985,TRUE,1,TRUE,18,27,0.5851666666666666,0.579003653863292,1,1,TRUE,TRUE,TRUE,TRUE,TRUE,concordancia_estable_panel,CONSENSO_PANEL_1571,egp,consenso_clasificaciones_panel_ENOE,Misma categoria en ambas mediciones; destino historico oficial; empleo continuo
5200,egp3_damian,2,2,149,56170,55443,TRUE,0.8976715196650312,TRUE,1,TRUE,75,74,0.9011450812274369,0.8931297709923665,1,1,TRUE,TRUE,TRUE,TRUE,TRUE,concordancia_estable_panel,CONSENSO_PANEL_1572,egp,consenso_clasificaciones_panel_ENOE,Misma categoria en ambas mediciones; destino historico oficial; empleo continuo
5201,egp3_damian,2,2,20,6308,6315,TRUE,0.8459165884403915,TRUE,1,TRUE,8,12,1,0.7800114876507754,1,1,TRUE,TRUE,TRUE,TRUE,TRUE,concordancia_estable_panel,CONSENSO_PANEL_1573,egp,consenso_clasificaciones_panel_ENOE,Misma categoria en ambas mediciones; destino historico oficial; empleo continuo
5202,egp3_damian,2,2,480,145819,147244,TRUE,0.8870362372178187,TRUE,1,TRUE,253,227,0.9136304215580953,0.8634537691672023,1,1,TRUE,TRUE,TRUE,TRUE,TRUE,concordancia_estable_panel,CONSENSO_PANEL_1574,egp,consenso_clasificaciones_panel_ENOE,Misma categoria en ambas mediciones; destino historico oficial; empleo continuo
5204,egp3_damian,2,2,68,17301,17767,TRUE,0.9178736272481298,TRUE,1,TRUE,32,36,0.8911035933071226,0.9548786653185035,1,1,TRUE,TRUE,TRUE,TRUE,TRUE,concordancia_estable_panel,CONSENSO_PANEL_1575,egp,consenso_clasificaciones_panel_ENOE,Misma categoria en ambas mediciones; destino historico oficial; empleo continuo
5208,egp3_damian,2,2,325,92479,94286,TRUE,0.7817064511766297,TRUE,1,TRUE,164,161,0.7456859869266844,0.8132441301900851,1,1,TRUE,TRUE,TRUE,TRUE,TRUE,concordancia_estable_panel,CONSENSO_PANEL_1576,egp,consenso_clasificaciones_panel_ENOE,Misma categoria en ambas mediciones; destino historico oficial; empleo continuo
5210,egp3_damian,2,2,11,2072,2040,TRUE,0.783661119515885,TRUE,1,TRUE,6,5,1,0.5931721194879089,1,1,TRUE,TRUE,TRUE,TRUE,TRUE,concordancia_estable_panel,CONSENSO_PANEL_1577,egp,consenso_clasificaciones_panel_ENOE,Misma categoria en ambas mediciones; destino historico oficial; empleo continuo
5221,egp3_damian,2,2,116,34299,34586,TRUE,1,TRUE,1,TRUE,61,55,1,1,1,1,TRUE,TRUE,TRUE,TRUE,TRUE,concordancia_estable_panel,CONSENSO_PANEL_1578,egp,consenso_clasificaciones_panel_ENOE,Misma categoria en ambas mediciones; destino historico oficial; empleo continuo
5222,egp3_damian,2,2,275,69432,70484,TRUE,0.9853262566344052,TRUE,1,TRUE,126,149,0.9849468305482668,0.9857272116984326,1,1,TRUE,TRUE,TRUE,TRUE,TRUE,concordancia_estable_panel,CONSENSO_PANEL_1579,egp,consenso_clasificaciones_panel_ENOE,Misma categoria en ambas mediciones; destino historico oficial; empleo continuo
5223,egp3_damian,2,2,13,1991,2122,TRUE,0.6485342019543974,TRUE,1,TRUE,6,7,1,0.5453013063632532,1,1,TRUE,TRUE,TRUE,TRUE,TRUE,concordancia_estable_panel,CONSENSO_PANEL_1580,egp,consenso_clasificaciones_panel_ENOE,Misma categoria en ambas mediciones; destino historico oficial; empleo continuo
5224,egp3_damian,2,2,35,9495,9309,TRUE,0.9387048937221948,TRUE,1,TRUE,20,15,1,0.895234876647516,1,1,TRUE,TRUE,TRUE,TRUE,TRUE,concordancia_estable_panel,CONSENSO_PANEL_1581,egp,consenso_clasificaciones_panel_ENOE,Misma categoria en ambas mediciones; destino historico oficial; empleo continuo
5225,egp3_damian,2,2,19,3979,3705,TRUE,0.8725877192982456,TRUE,1,TRUE,10,9,0.8067885117493473,0.9664715274081959,1,1,TRUE,TRUE,TRUE,TRUE,TRUE,concordancia_estable_panel,CONSENSO_PANEL_1582,egp,consenso_clasificaciones_panel_ENOE,Misma categoria en ambas mediciones; destino historico oficial; empleo continuo
5227,egp3_damian,2,2,73,22002,21993,TRUE,1,TRUE,1,TRUE,33,40,1,1,1,1,TRUE,TRUE,TRUE,TRUE,TRUE,concordancia_estable_panel,CONSENSO_PANEL_1583,egp,consenso_clasificaciones_panel_ENOE,Misma categoria en ambas mediciones; destino historico oficial; empleo continuo
5230,egp3_damian,2,2,176,53329,53777,TRUE,0.8867328444821336,TRUE,1,TRUE,95,81,0.9455396584690446,0.8268863018753984,1,1,TRUE,TRUE,TRUE,TRUE,TRUE,concordancia_estable_panel,CONSENSO_PANEL_1584,egp,consenso_clasificaciones_panel_ENOE,Misma categoria en ambas mediciones; destino historico oficial; empleo continuo
5231,egp3_damian,2,2,41,15719,15454,TRUE,1,TRUE,1,TRUE,24,17,1,1,1,1,TRUE,TRUE,TRUE,TRUE,TRUE,concordancia_estable_panel,CONSENSO_PANEL_1585,egp,consenso_clasificaciones_panel_ENOE,Misma categoria en ambas mediciones; destino historico oficial; empleo continuo
5232,egp3_damian,2,2,11,3349,3306,TRUE,1,TRUE,1,TRUE,5,6,1,1,1,1,TRUE,TRUE,TRUE,TRUE,TRUE,concordancia_estable_panel,CONSENSO_PANEL_1586,egp,consenso_clasificaciones_panel_ENOE,Misma categoria en ambas mediciones; destino historico oficial; empleo continuo
5233,egp3_damian,2,2,25,3835,3881,TRUE,0.7606108687028956,TRUE,1,TRUE,12,13,0.812992125984252,0.725249169435216,1,1,TRUE,TRUE,TRUE,TRUE,TRUE,concordancia_estable_panel,CONSENSO_PANEL_1587,egp,consenso_clasificaciones_panel_ENOE,Misma categoria en ambas mediciones; destino historico oficial; empleo continuo
5240,egp3_damian,2,2,25,9403,9348,TRUE,0.9339491458085022,TRUE,1,TRUE,13,12,0.9530346820809249,0.8919949174078781,1,1,TRUE,TRUE,TRUE,TRUE,TRUE,concordancia_estable_panel,CONSENSO_PANEL_1588,egp,consenso_clasificaciones_panel_ENOE,Misma categoria en ambas mediciones; destino historico oficial; empleo continuo
5241,egp3_damian,2,2,81,22939,24037,TRUE,0.8831863858622415,TRUE,1,TRUE,35,46,0.8051313851639408,0.9602203182374541,1,1,TRUE,TRUE,TRUE,TRUE,TRUE,concordancia_estable_panel,CONSENSO_PANEL_1589,egp,consenso_clasificaciones_panel_ENOE,Misma categoria en ambas mediciones; destino historico oficial; empleo continuo
5242,egp3_damian,2,2,128,34558,35015,TRUE,0.9137010205700385,TRUE,1,TRUE,59,69,0.9107552738004153,0.9164617906166769,1,1,TRUE,TRUE,TRUE,TRUE,TRUE,concordancia_estable_panel,CONSENSO_PANEL_1590,egp,consenso_clasificaciones_panel_ENOE,Misma categoria en ambas mediciones; destino historico oficial; empleo continuo
5243,egp3_damian,2,2,13,3302,3441,TRUE,1,TRUE,1,TRUE,8,5,1,1,1,1,TRUE,TRUE,TRUE,TRUE,TRUE,concordancia_estable_panel,CONSENSO_PANEL_1591,egp,consenso_clasificaciones_panel_ENOE,Misma categoria en ambas mediciones; destino historico oficial; empleo continuo
5244,egp3_damian,2,2,28,6767,7149,TRUE,0.9668524074867838,TRUE,1,TRUE,16,12,0.9499244549967624,1,1,1,TRUE,TRUE,TRUE,TRUE,TRUE,concordancia_estable_panel,CONSENSO_PANEL_1592,egp,consenso_clasificaciones_panel_ENOE,Misma categoria en ambas mediciones; destino historico oficial; empleo continuo
5245,egp3_damian,2,2,340,92508,93564,TRUE,0.8367751214349678,TRUE,1,TRUE,174,166,0.8762417532418291,0.8007611798287345,1,1,TRUE,TRUE,TRUE,TRUE,TRUE,concordancia_estable_panel,CONSENSO_PANEL_1593,egp,consenso_clasificaciones_panel_ENOE,Misma categoria en ambas mediciones; destino historico oficial; empleo continuo
5246,egp3_damian,2,2,133,37557,37205,TRUE,0.6343766363191055,TRUE,1,TRUE,68,65,0.6984276073192792,0.5739238927011853,1,1,TRUE,TRUE,TRUE,TRUE,TRUE,concordancia_estable_panel,CONSENSO_PANEL_1594,egp,consenso_clasificaciones_panel_ENOE,Misma categoria en ambas mediciones; destino historico oficial; empleo continuo
5248,egp3_damian,2,2,120,33688,33948,TRUE,0.9208145414787481,TRUE,1,TRUE,61,59,0.9090571295866233,0.9376286947857855,1,1,TRUE,TRUE,TRUE,TRUE,TRUE,concordancia_estable_panel,CONSENSO_PANEL_1595,egp,consenso_clasificaciones_panel_ENOE,Misma categoria en ambas mediciones; destino historico oficial; empleo continuo
5251,egp3_damian,2,2,52,17449,18229,TRUE,0.9104617792851553,TRUE,1,TRUE,29,23,0.8595794166101366,0.9698168663802849,1,1,TRUE,TRUE,TRUE,TRUE,TRUE,concordancia_estable_panel,CONSENSO_PANEL_1596,egp,consenso_clasificaciones_panel_ENOE,Misma categoria en ambas mediciones; destino historico oficial; empleo continuo
5260,egp3_damian,2,2,485,126598,127268,TRUE,0.7689523011230768,TRUE,1,TRUE,248,237,0.776661712109248,0.7604971918340316,1,1,TRUE,TRUE,TRUE,TRUE,TRUE,concordancia_estable_panel,CONSENSO_PANEL_1597,egp,consenso_clasificaciones_panel_ENOE,Misma categoria en ambas mediciones; destino historico oficial; empleo continuo
5261,egp3_damian,2,2,126,29017,29313,TRUE,0.8742693582404338,TRUE,1,TRUE,57,69,0.8982050211700161,0.8498264417514159,1,1,TRUE,TRUE,TRUE,TRUE,TRUE,concordancia_estable_panel,CONSENSO_PANEL_1598,egp,consenso_clasificaciones_panel_ENOE,Misma categoria en ambas mediciones; destino historico oficial; empleo continuo
5262,egp3_damian,2,2,24,5147,4947,TRUE,1,TRUE,1,TRUE,9,15,1,1,1,1,TRUE,TRUE,TRUE,TRUE,TRUE,concordancia_estable_panel,CONSENSO_PANEL_1599,egp,consenso_clasificaciones_panel_ENOE,Misma categoria en ambas mediciones; destino historico oficial; empleo continuo
5264,egp3_damian,2,2,13,1793,1778,TRUE,0.9270941054808687,TRUE,1,TRUE,7,6,0.8537344398340249,1,1,1,TRUE,TRUE,TRUE,TRUE,TRUE,concordancia_estable_panel,CONSENSO_PANEL_1600,egp,consenso_clasificaciones_panel_ENOE,Misma categoria en ambas mediciones; destino historico oficial; empleo continuo
5266,egp3_damian,2,2,25,10557,10269,TRUE,0.8656826568265683,TRUE,1,TRUE,12,13,0.9796690307328605,0.742051282051282,1,1,TRUE,TRUE,TRUE,TRUE,TRUE,concordancia_estable_panel,CONSENSO_PANEL_1601,egp,consenso_clasificaciones_panel_ENOE,Misma categoria en ambas mediciones; destino historico oficial; empleo continuo
5267,egp3_damian,2,2,135,30593,30840,TRUE,0.7433785294260582,TRUE,1,TRUE,68,67,0.677921233512911,0.8152074202425849,1,1,TRUE,TRUE,TRUE,TRUE,TRUE,concordancia_estable_panel,CONSENSO_PANEL_1602,egp,consenso_clasificaciones_panel_ENOE,Misma categoria en ambas mediciones; destino historico oficial; empleo continuo
5270,egp3_damian,2,2,191,46532,45867,TRUE,0.7296962473929338,TRUE,1,TRUE,75,116,0.6279174823068815,0.8023652734847466,1,1,TRUE,TRUE,TRUE,TRUE,TRUE,concordancia_estable_panel,CONSENSO_PANEL_1603,egp,consenso_clasificaciones_panel_ENOE,Misma categoria en ambas mediciones; destino historico oficial; empleo continuo
5271,egp3_damian,1,1,47,14382,14150,TRUE,0.7859016393442623,TRUE,1,TRUE,22,25,0.8001545765706084,0.7719355187709618,1,1,TRUE,TRUE,TRUE,TRUE,TRUE,concordancia_estable_panel,CONSENSO_PANEL_1604,egp,consenso_clasificaciones_panel_ENOE,Misma categoria en ambas mediciones; destino historico oficial; empleo continuo
5272,egp3_damian,1,1,29,9370,9666,TRUE,0.6204065417466729,TRUE,1,TRUE,12,17,0.6774378585086042,0.5901954826293933,1,1,TRUE,TRUE,TRUE,TRUE,TRUE,concordancia_estable_panel,CONSENSO_PANEL_1605,egp,consenso_clasificaciones_panel_ENOE,Misma categoria en ambas mediciones; destino historico oficial; empleo continuo
5280,egp3_damian,2,2,65,22283,22261,TRUE,0.8043533191351118,TRUE,1,TRUE,33,32,0.8274495890248951,0.7681616011860638,1,1,TRUE,TRUE,TRUE,TRUE,TRUE,concordancia_estable_panel,CONSENSO_PANEL_1606,egp,consenso_clasificaciones_panel_ENOE,Misma categoria en ambas mediciones; destino historico oficial; empleo continuo
5281,egp3_damian,2,2,36,6192,5916,TRUE,0.961789375582479,TRUE,1,TRUE,7,29,1,0.9496417604912999,1,1,TRUE,TRUE,TRUE,TRUE,TRUE,concordancia_estable_panel,CONSENSO_PANEL_1607,egp,consenso_clasificaciones_panel_ENOE,Misma categoria en ambas mediciones; destino historico oficial; empleo continuo
5290,egp3_damian,2,2,39,12716,12794,TRUE,0.7932131495227995,TRUE,1,TRUE,15,24,0.8253538090936465,0.7848151062155783,1,1,TRUE,TRUE,TRUE,TRUE,TRUE,concordancia_estable_panel,CONSENSO_PANEL_1608,egp,consenso_clasificaciones_panel_ENOE,Misma categoria en ambas mediciones; destino historico oficial; empleo continuo
5300,egp3_damian,2,2,16,7471,7541,TRUE,0.8132143245890933,TRUE,1,TRUE,8,8,1,0.5676492819349962,1,1,TRUE,TRUE,TRUE,TRUE,TRUE,concordancia_estable_panel,CONSENSO_PANEL_1609,egp,consenso_clasificaciones_panel_ENOE,Misma categoria en ambas mediciones; destino historico oficial; empleo continuo
5302,egp3_damian,2,2,46,13812,14173,TRUE,0.877899955507532,TRUE,1,TRUE,30,16,0.9074074074074074,0.8143172247844396,1,1,TRUE,TRUE,TRUE,TRUE,TRUE,concordancia_estable_panel,CONSENSO_PANEL_1610,egp,consenso_clasificaciones_panel_ENOE,Misma categoria en ambas mediciones; destino historico oficial; empleo continuo
5304,egp3_damian,2,2,19,5174,5445,TRUE,0.7898030834987025,TRUE,1,TRUE,12,7,0.9044309296264118,0.6620400258231117,1,1,TRUE,TRUE,TRUE,TRUE,TRUE,concordancia_estable_panel,CONSENSO_PANEL_1611,egp,consenso_clasificaciones_panel_ENOE,Misma categoria en ambas mediciones; destino historico oficial; empleo continuo
5306,egp3_damian,2,2,24,8017,7993,TRUE,0.8138260075119277,TRUE,1,TRUE,10,14,0.6982530439385919,0.8857236950436358,1,1,TRUE,TRUE,TRUE,TRUE,TRUE,concordancia_estable_panel,CONSENSO_PANEL_1612,egp,consenso_clasificaciones_panel_ENOE,Misma categoria en ambas mediciones; destino historico oficial; empleo continuo
5310,egp3_damian,2,2,21,4684,4759,TRUE,0.9522260622077658,TRUE,1,TRUE,9,12,0.9629874421678783,0.9474456840869054,1,1,TRUE,TRUE,TRUE,TRUE,TRUE,concordancia_estable_panel,CONSENSO_PANEL_1613,egp,consenso_clasificaciones_panel_ENOE,Misma categoria en ambas mediciones; destino historico oficial; empleo continuo
5320,egp3_damian,2,2,23,4889,4897,TRUE,0.8887475004544628,TRUE,1,TRUE,14,9,1,0.7485620377978636,1,1,TRUE,TRUE,TRUE,TRUE,TRUE,concordancia_estable_panel,CONSENSO_PANEL_1614,egp,consenso_clasificaciones_panel_ENOE,Misma categoria en ambas mediciones; destino historico oficial; empleo continuo
5321,egp3_damian,2,2,31,15224,15172,TRUE,0.892955598568831,TRUE,1,TRUE,19,12,0.8614318706697459,0.9328725242589393,1,1,TRUE,TRUE,TRUE,TRUE,TRUE,concordancia_estable_panel,CONSENSO_PANEL_1615,egp,consenso_clasificaciones_panel_ENOE,Misma categoria en ambas mediciones; destino historico oficial; empleo continuo
5322,egp3_damian,2,2,272,70265,70777,TRUE,0.9587517738238184,TRUE,1,TRUE,136,136,0.9609182530795073,0.9566918654173765,1,1,TRUE,TRUE,TRUE,TRUE,TRUE,concordancia_estable_panel,CONSENSO_PANEL_1616,egp,consenso_clasificaciones_panel_ENOE,Misma categoria en ambas mediciones; destino historico oficial; empleo continuo
5323,egp3_damian,2,2,142,20314,20537,TRUE,0.8385205977049451,TRUE,1,TRUE,61,81,0.8439317564947654,0.8345075485262401,1,1,TRUE,TRUE,TRUE,TRUE,TRUE,concordancia_estable_panel,CONSENSO_PANEL_1617,egp,consenso_clasificaciones_panel_ENOE,Misma categoria en ambas mediciones; destino historico oficial; empleo continuo
5324,egp3_damian,2,2,19,4849,4873,TRUE,0.952839457653763,TRUE,1,TRUE,11,8,0.8742138364779874,1,1,1,TRUE,TRUE,TRUE,TRUE,TRUE,concordancia_estable_panel,CONSENSO_PANEL_1618,egp,consenso_clasificaciones_panel_ENOE,Misma categoria en ambas mediciones; destino historico oficial; empleo continuo
5331,egp3_damian,2,2,13,6438,6647,TRUE,0.9637724550898203,TRUE,1,TRUE,6,7,1,0.9255384615384615,1,1,TRUE,TRUE,TRUE,TRUE,TRUE,concordancia_estable_panel,CONSENSO_PANEL_1619,egp,consenso_clasificaciones_panel_ENOE,Misma categoria en ambas mediciones; destino historico oficial; empleo continuo
5332,egp3_damian,2,2,17,5536,5453,TRUE,1,TRUE,1,TRUE,11,6,1,1,1,1,TRUE,TRUE,TRUE,TRUE,TRUE,concordancia_estable_panel,CONSENSO_PANEL_1620,egp,consenso_clasificaciones_panel_ENOE,Misma categoria en ambas mediciones; destino historico oficial; empleo continuo
5333,egp3_damian,2,2,15,5673,6003,TRUE,0.8479820627802691,TRUE,1,TRUE,8,7,0.779296875,1,1,1,TRUE,TRUE,TRUE,TRUE,TRUE,concordancia_estable_panel,CONSENSO_PANEL_1621,egp,consenso_clasificaciones_panel_ENOE,Misma categoria en ambas mediciones; destino historico oficial; empleo continuo
5334,egp3_damian,2,2,13,3947,4019,TRUE,0.8209234608985025,TRUE,1,TRUE,8,5,1,0.6921701823382195,1,1,TRUE,TRUE,TRUE,TRUE,TRUE,concordancia_estable_panel,CONSENSO_PANEL_1622,egp,consenso_clasificaciones_panel_ENOE,Misma categoria en ambas mediciones; destino historico oficial; empleo continuo
5340,egp3_damian,2,2,25,6052,6081,TRUE,0.964308476736775,TRUE,1,TRUE,9,16,0.8095238095238095,1,1,1,TRUE,TRUE,TRUE,TRUE,TRUE,concordancia_estable_panel,CONSENSO_PANEL_1623,egp,consenso_clasificaciones_panel_ENOE,Misma categoria en ambas mediciones; destino historico oficial; empleo continuo
5342,egp3_damian,2,2,41,11523,11592,TRUE,0.91977969348659006,TRUE,1,TRUE,24,17,1,0.8549992786033761,1,1,TRUE,TRUE,TRUE,TRUE,TRUE,concordancia_estable_panel,CONSENSO_PANEL_1624,egp,consenso_clasificaciones_panel_ENOE,Misma categoria en ambas mediciones; destino historico oficial; empleo continuo
5343,egp3_damian,2,2,206,44535,44743,TRUE,0.8349581911582736,TRUE,1,TRUE,97,109,0.8234556644631867,0.8461652354160497,1,1,TRUE,TRUE,TRUE,TRUE,TRUE,concordancia_estable_panel,CONSENSO_PANEL_1625,egp,consenso_clasificaciones_panel_ENOE,Misma categoria en ambas mediciones; destino historico oficial; empleo continuo
5344,egp3_damian,2,2,250,52091,52345,TRUE,0.8845624819575812,TRUE,1,TRUE,126,124,0.8612993087319875,0.9072521132429894,1,1,TRUE,TRUE,TRUE,TRUE,TRUE,concordancia_estable_panel,CONSENSO_PANEL_1626,egp,consenso_clasificaciones_panel_ENOE,Misma categoria en ambas mediciones; destino historico oficial; empleo continuo
5345,egp3_damian,2,2,358,108886,112908,TRUE,0.9165411065563421,TRUE,1,TRUE,181,177,0.9043351646702092,0.9321234884924209,1,1,TRUE,TRUE,TRUE,TRUE,TRUE,concordancia_estable_panel,CONSENSO_PANEL_1627,egp,consenso_clasificaciones_panel_ENOE,Misma categoria en ambas mediciones; destino historico oficial; empleo continuo
5350,egp3_damian,2,2,15,3517,3589,TRUE,1,TRUE,1,TRUE,10,5,1,1,1,1,TRUE,TRUE,TRUE,TRUE,TRUE,concordancia_estable_panel,CONSENSO_PANEL_1628,egp,consenso_clasificaciones_panel_ENOE,Misma categoria en ambas mediciones; destino historico oficial; empleo continuo
5353,egp3_damian,2,2,10,4566,4542,TRUE,0.6257366040838701,TRUE,1,TRUE,5,5,0.8686070686070686,0.5063368765331153,1,1,TRUE,TRUE,TRUE,TRUE,TRUE,concordancia_estable_panel,CONSENSO_PANEL_1629,egp,consenso_clasificaciones_panel_ENOE,Misma categoria en ambas mediciones; destino historico oficial; empleo continuo
5371,egp3_damian,2,2,17,6130,6133,TRUE,1,TRUE,1,TRUE,5,12,1,1,1,1,TRUE,TRUE,TRUE,TRUE,TRUE,concordancia_estable_panel,CONSENSO_PANEL_1630,egp,consenso_clasificaciones_panel_ENOE,Misma categoria en ambas mediciones; destino historico oficial; empleo continuo
5380,egp3_damian,2,2,34,9659,9857,TRUE,0.7319087671440478,TRUE,1,TRUE,17,17,0.8369423993070594,0.6753700897540506,1,1,TRUE,TRUE,TRUE,TRUE,TRUE,concordancia_estable_panel,CONSENSO_PANEL_1631,egp,consenso_clasificaciones_panel_ENOE,Misma categoria en ambas mediciones; destino historico oficial; empleo continuo
5383,egp3_damian,2,2,122,40251,39999,TRUE,0.8687516187516188,TRUE,1,TRUE,64,58,0.8281505728314239,0.9280140149705367,1,1,TRUE,TRUE,TRUE,TRUE,TRUE,concordancia_estable_panel,CONSENSO_PANEL_1632,egp,consenso_clasificaciones_panel_ENOE,Misma categoria en ambas mediciones; destino historico oficial; empleo continuo
5400,egp3_damian,3,3,196,58588,58755,TRUE,0.615737091570241,TRUE,1,TRUE,107,89,0.6708224491411383,0.5533517111544409,1,1,TRUE,TRUE,TRUE,TRUE,TRUE,concordancia_estable_panel,CONSENSO_PANEL_1633,egp,consenso_clasificaciones_panel_ENOE,Misma categoria en ambas mediciones; destino historico oficial; empleo continuo
5401,egp3_damian,3,3,63,22891,23117,TRUE,0.6185085112131856,TRUE,1,TRUE,29,34,0.5692316933982099,0.6587929087069685,1,1,TRUE,TRUE,TRUE,TRUE,TRUE,concordancia_estable_panel,CONSENSO_PANEL_1634,egp,consenso_clasificaciones_panel_ENOE,Misma categoria en ambas mediciones; destino historico oficial; empleo continuo
5420,egp3_damian,3,3,54,13530,13988,TRUE,0.5971400829729014,TRUE,1,TRUE,28,26,0.582135438304944,0.6141391320719194,1,1,TRUE,TRUE,TRUE,TRUE,TRUE,concordancia_estable_panel,CONSENSO_PANEL_1635,egp,consenso_clasificaciones_panel_ENOE,Misma categoria en ambas mediciones; destino historico oficial; empleo continuo
5430,egp3_damian,3,3,39,11902,12144,TRUE,0.6397548914211998,TRUE,1,TRUE,16,23,0.8383190883190883,0.5194233425414365,1,1,TRUE,TRUE,TRUE,TRUE,TRUE,concordancia_estable_panel,CONSENSO_PANEL_1636,egp,consenso_clasificaciones_panel_ENOE,Misma categoria en ambas mediciones; destino historico oficial; empleo continuo
5440,egp3_damian,3,3,214,58113,58697,TRUE,0.5752395470383276,TRUE,1,TRUE,110,104,0.5238680420936028,0.6438679245283019,1,1,TRUE,TRUE,TRUE,TRUE,TRUE,concordancia_estable_panel,CONSENSO_PANEL_1637,egp,consenso_clasificaciones_panel_ENOE,Misma categoria en ambas mediciones; destino historico oficial; empleo continuo
5460,egp3_damian,3,3,711,224053,224906,TRUE,0.8556899468757518,TRUE,1,TRUE,353,358,0.8819297141480773,0.8303238793414253,1,1,TRUE,TRUE,TRUE,TRUE,TRUE,concordancia_estable_panel,CONSENSO_PANEL_1638,egp,consenso_clasificaciones_panel_ENOE,Misma categoria en ambas mediciones; destino historico oficial; empleo continuo
5470,egp3_damian,3,3,28,9705,9715,TRUE,0.7626119754832626,TRUE,1,TRUE,12,16,0.6719594041578,0.8463049720417107,1,1,TRUE,TRUE,TRUE,TRUE,TRUE,concordancia_estable_panel,CONSENSO_PANEL_1639,egp,consenso_clasificaciones_panel_ENOE,Misma categoria en ambas mediciones; destino historico oficial; empleo continuo
5500,egp3_damian,2,2,19,7499,7565,TRUE,0.65896309314587,TRUE,1,TRUE,12,7,0.6013198757763976,0.7066473988439307,1,1,TRUE,TRUE,TRUE,TRUE,TRUE,concordancia_estable_panel,CONSENSO_PANEL_1640,egp,consenso_clasificaciones_panel_ENOE,Misma categoria en ambas mediciones; destino historico oficial; empleo continuo
5501,egp3_damian,2,2,66,16726,16747,TRUE,0.9643680811808119,TRUE,1,TRUE,34,32,0.9710064430126638,0.9572045073123951,1,1,TRUE,TRUE,TRUE,TRUE,TRUE,concordancia_estable_panel,CONSENSO_PANEL_1641,egp,consenso_clasificaciones_panel_ENOE,Misma categoria en ambas mediciones; destino historico oficial; empleo continuo
5502,egp3_damian,2,2,116,27125,27328,TRUE,0.8143200240168118,TRUE,1,TRUE,56,60,0.7395655719475128,0.8651934816608647,1,1,TRUE,TRUE,TRUE,TRUE,TRUE,concordancia_estable_panel,CONSENSO_PANEL_1642,egp,consenso_clasificaciones_panel_ENOE,Misma categoria en ambas mediciones; destino historico oficial; empleo continuo
5520,egp3_damian,2,2,1236,375703,374113,TRUE,0.9654402392895322,TRUE,1,TRUE,592,644,0.9670518901979239,0.9639495253782876,1,1,TRUE,TRUE,TRUE,TRUE,TRUE,concordancia_estable_panel,CONSENSO_PANEL_1643,egp,consenso_clasificaciones_panel_ENOE,Misma categoria en ambas mediciones; destino historico oficial; empleo continuo
5521,egp3_damian,2,2,424,136584,135629,TRUE,0.9002016793430262,TRUE,1,TRUE,225,199,0.9010192803635024,0.8992545806304768,1,1,TRUE,TRUE,TRUE,TRUE,TRUE,concordancia_estable_panel,CONSENSO_PANEL_1644,egp,consenso_clasificaciones_panel_ENOE,Misma categoria en ambas mediciones; destino historico oficial; empleo continuo
5550,egp3_damian,2,2,43,15139,15279,TRUE,1,TRUE,1,TRUE,24,19,1,1,1,1,TRUE,TRUE,TRUE,TRUE,TRUE,concordancia_estable_panel,CONSENSO_PANEL_1645,egp,consenso_clasificaciones_panel_ENOE,Misma categoria en ambas mediciones; destino historico oficial; empleo continuo
6100,egp3_damian,1,1,84,19129,19127,TRUE,0.83836613051672,TRUE,1,TRUE,38,46,0.856029106029106,0.8254906418125332,1,1,TRUE,TRUE,TRUE,TRUE,TRUE,concordancia_estable_panel,CONSENSO_PANEL_1646,egp,consenso_clasificaciones_panel_ENOE,Misma categoria en ambas mediciones; destino historico oficial; empleo continuo
6101,egp3_damian,1,1,169,37084,39271,TRUE,0.8027708626474727,TRUE,1,TRUE,77,92,0.7416691988250785,0.8483874626639949,1,1,TRUE,TRUE,TRUE,TRUE,TRUE,concordancia_estable_panel,CONSENSO_PANEL_1647,egp,consenso_clasificaciones_panel_ENOE,Misma categoria en ambas mediciones; destino historico oficial; empleo continuo
6102,egp3_damian,1,1,82,15040,15380,TRUE,0.742972879513906,TRUE,1,TRUE,42,40,0.7063701470033924,0.7833039144429447,1,1,TRUE,TRUE,TRUE,TRUE,TRUE,concordancia_estable_panel,CONSENSO_PANEL_1648,egp,consenso_clasificaciones_panel_ENOE,Misma categoria en ambas mediciones; destino historico oficial; empleo continuo
6110,egp3_damian,1,1,81,23500,24390,TRUE,0.6201018550281024,TRUE,1,TRUE,42,39,0.5995796111403048,0.6338817095223394,1,1,TRUE,TRUE,TRUE,TRUE,TRUE,concordancia_estable_panel,CONSENSO_PANEL_1649,egp,consenso_clasificaciones_panel_ENOE,Misma categoria en ambas mediciones; destino historico oficial; empleo continuo
6111,egp3_damian,1,1,236,58552,60382,TRUE,0.5840889819941144,TRUE,1,TRUE,143,93,0.5921022258862325,0.571814623058467,1,1,TRUE,TRUE,TRUE,TRUE,TRUE,concordancia_estable_panel,CONSENSO_PANEL_1650,egp,consenso_clasificaciones_panel_ENOE,Misma categoria en ambas mediciones; destino historico oficial; empleo continuo
6130,egp3_damian,1,1,50,15403,17855,TRUE,0.8869630312104112,TRUE,1,TRUE,23,27,0.9038629419467481,0.8680809558644234,1,1,TRUE,TRUE,TRUE,TRUE,TRUE,concordancia_estable_panel,CONSENSO_PANEL_1651,egp,consenso_clasificaciones_panel_ENOE,Misma categoria en ambas mediciones; destino historico oficial; empleo continuo
6150,egp3_damian,1,1,27,8154,8563,TRUE,0.6077364537527018,TRUE,1,TRUE,13,14,0.5078771169751871,0.668545389135388,1,1,TRUE,TRUE,TRUE,TRUE,TRUE,concordancia_estable_panel,CONSENSO_PANEL_1652,egp,consenso_clasificaciones_panel_ENOE,Misma categoria en ambas mediciones; destino historico oficial; empleo continuo
6170,egp3_damian,1,1,40,4445,4592,TRUE,0.8624369421808304,TRUE,1,TRUE,22,18,0.8317430025445293,0.9104477611940298,1,1,TRUE,TRUE,TRUE,TRUE,TRUE,concordancia_estable_panel,CONSENSO_PANEL_1653,egp,consenso_clasificaciones_panel_ENOE,Misma categoria en ambas mediciones; destino historico oficial; empleo continuo
6190,egp3_damian,1,1,19,6096,6375,TRUE,0.8052840158520476,TRUE,1,TRUE,9,10,0.9118096485483519,0.6420207427233189,1,1,TRUE,TRUE,TRUE,TRUE,TRUE,concordancia_estable_panel,CONSENSO_PANEL_1654,egp,consenso_clasificaciones_panel_ENOE,Misma categoria en ambas mediciones; destino historico oficial; empleo continuo
6200,egp3_damian,2,2,981,227665,226431,TRUE,0.8975663027751166,TRUE,1,TRUE,468,513,0.9236362750036561,0.872990464519588,1,1,TRUE,TRUE,TRUE,TRUE,TRUE,concordancia_estable_panel,CONSENSO_PANEL_1655,egp,consenso_clasificaciones_panel_ENOE,Misma categoria en ambas mediciones; destino historico oficial; empleo continuo
6202,egp3_damian,2,2,146,40281,40710,TRUE,0.7847916301361856,TRUE,1,TRUE,73,73,0.7508765522279036,0.8235687142439554,1,1,TRUE,TRUE,TRUE,TRUE,TRUE,concordancia_estable_panel,CONSENSO_PANEL_1656,egp,consenso_clasificaciones_panel_ENOE,Misma categoria en ambas mediciones; destino historico oficial; empleo continuo
6210,egp3_damian,2,2,399,107950,107493,TRUE,0.8745989564766503,TRUE,1,TRUE,208,191,0.8875064958884847,0.8600393089893452,1,1,TRUE,TRUE,TRUE,TRUE,TRUE,concordancia_estable_panel,CONSENSO_PANEL_1657,egp,consenso_clasificaciones_panel_ENOE,Misma categoria en ambas mediciones; destino historico oficial; empleo continuo
6211,egp3_damian,2,2,23,8248,8278,TRUE,0.9571776720436347,TRUE,1,TRUE,9,14,0.9178947368421052,0.9765909485000867,1,1,TRUE,TRUE,TRUE,TRUE,TRUE,concordancia_estable_panel,CONSENSO_PANEL_1658,egp,consenso_clasificaciones_panel_ENOE,Misma categoria en ambas mediciones; destino historico oficial; empleo continuo
6220,egp3_damian,2,2,53,11410,11564,TRUE,0.6520372592719584,TRUE,1,TRUE,24,29,0.5523495465787304,0.7460035523978685,1,1,TRUE,TRUE,TRUE,TRUE,TRUE,concordancia_estable_panel,CONSENSO_PANEL_1659,egp,consenso_clasificaciones_panel_ENOE,Misma categoria en ambas mediciones; destino historico oficial; empleo continuo
6221,egp3_damian,2,2,258,76930,75895,TRUE,0.769384632309554,TRUE,1,TRUE,118,140,0.7755509162607284,0.7647110532885599,1,1,TRUE,TRUE,TRUE,TRUE,TRUE,concordancia_estable_panel,CONSENSO_PANEL_1660,egp,consenso_clasificaciones_panel_ENOE,Misma categoria en ambas mediciones; destino historico oficial; empleo continuo
6230,egp3_damian,2,2,229,58000,58800,TRUE,0.8066871583749426,TRUE,1,TRUE,114,115,0.8272043334336443,0.7890558328376736,1,1,TRUE,TRUE,TRUE,TRUE,TRUE,concordancia_estable_panel,CONSENSO_PANEL_1661,egp,consenso_clasificaciones_panel_ENOE,Misma categoria en ambas mediciones; destino historico oficial; empleo continuo
6231,egp3_damian,2,2,10,1144,1221,TRUE,0.6341463414634146,TRUE,1,TRUE,5,5,0.5029940119760479,0.7980049875311721,1,1,TRUE,TRUE,TRUE,TRUE,TRUE,concordancia_estable_panel,CONSENSO_PANEL_1662,egp,consenso_clasificaciones_panel_ENOE,Misma categoria en ambas mediciones; destino historico oficial; empleo continuo
6232,egp3_damian,2,2,31,8150,8164,TRUE,0.8563622990438163,TRUE,1,TRUE,17,14,0.9069204152249135,0.7781643029167782,1,1,TRUE,TRUE,TRUE,TRUE,TRUE,concordancia_estable_panel,CONSENSO_PANEL_1663,egp,consenso_clasificaciones_panel_ENOE,Misma categoria en ambas mediciones; destino historico oficial; empleo continuo
6240,egp3_damian,2,2,31,9559,10138,TRUE,0.7830752846727288,TRUE,1,TRUE,15,16,0.7883250065737576,0.7806996668253213,1,1,TRUE,TRUE,TRUE,TRUE,TRUE,concordancia_estable_panel,CONSENSO_PANEL_1664,egp,consenso_clasificaciones_panel_ENOE,Misma categoria en ambas mediciones; destino historico oficial; empleo continuo
6250,egp3_damian,2,2,23,8028,8069,TRUE,0.9392769392769392,TRUE,1,TRUE,6,17,0.8238188976377953,0.9548532731376975,1,1,TRUE,TRUE,TRUE,TRUE,TRUE,concordancia_estable_panel,CONSENSO_PANEL_1665,egp,consenso_clasificaciones_panel_ENOE,Misma categoria en ambas mediciones; destino historico oficial; empleo continuo
6270,egp3_damian,2,2,980,208906,211898,TRUE,0.7165873720967725,TRUE,1,TRUE,496,484,0.7131438170840018,0.7200065626666302,1,1,TRUE,TRUE,TRUE,TRUE,TRUE,concordancia_estable_panel,CONSENSO_PANEL_1666,egp,consenso_clasificaciones_panel_ENOE,Misma categoria en ambas mediciones; destino historico oficial; empleo continuo
7100,egp3_damian,2,2,1406,440508,439092,TRUE,0.8748969705877095,TRUE,1,TRUE,695,711,0.8628680359218343,0.8866334963075739,1,1,TRUE,TRUE,TRUE,TRUE,TRUE,concordancia_estable_panel,CONSENSO_PANEL_1667,egp,consenso_clasificaciones_panel_ENOE,Misma categoria en ambas mediciones; destino historico oficial; empleo continuo
7111,egp3_damian,2,2,1954,533337,535714,TRUE,0.8340910477102013,TRUE,1,TRUE,964,990,0.8396708799910444,0.8290428472702143,1,1,TRUE,TRUE,TRUE,TRUE,TRUE,concordancia_estable_panel,CONSENSO_PANEL_1668,egp,consenso_clasificaciones_panel_ENOE,Misma categoria en ambas mediciones; destino historico oficial; empleo continuo
7120,egp3_damian,2,2,22,6464,6636,TRUE,0.9849154350144751,TRUE,1,TRUE,11,11,1,0.9698630136986301,1,1,TRUE,TRUE,TRUE,TRUE,TRUE,concordancia_estable_panel,CONSENSO_PANEL_1669,egp,consenso_clasificaciones_panel_ENOE,Misma categoria en ambas mediciones; destino historico oficial; empleo continuo
7130,egp3_damian,2,2,194,45167,45858,TRUE,0.7992744646965139,TRUE,1,TRUE,92,102,0.8119370929749203,0.7860502134433109,1,1,TRUE,TRUE,TRUE,TRUE,TRUE,concordancia_estable_panel,CONSENSO_PANEL_1670,egp,consenso_clasificaciones_panel_ENOE,Misma categoria en ambas mediciones; destino historico oficial; empleo continuo
7131,egp3_damian,2,2,58,17334,17626,TRUE,0.9969517455570254,TRUE,1,TRUE,34,24,0.9942190226876091,1,1,1,TRUE,TRUE,TRUE,TRUE,TRUE,concordancia_estable_panel,CONSENSO_PANEL_1671,egp,consenso_clasificaciones_panel_ENOE,Misma categoria en ambas mediciones; destino historico oficial; empleo continuo
7133,egp3_damian,2,2,36,9807,10532,TRUE,0.7738499171466898,TRUE,1,TRUE,19,17,0.6768335273573923,0.9779573842762674,1,1,TRUE,TRUE,TRUE,TRUE,TRUE,concordancia_estable_panel,CONSENSO_PANEL_1672,egp,consenso_clasificaciones_panel_ENOE,Misma categoria en ambas mediciones; destino historico oficial; empleo continuo
7200,egp3_damian,3,3,13,4167,4178,TRUE,0.8407990314769975,TRUE,1,TRUE,8,5,0.8361062825925006,0.8611410118406889,1,1,TRUE,TRUE,TRUE,TRUE,TRUE,concordancia_estable_panel,CONSENSO_PANEL_1673,egp,consenso_clasificaciones_panel_ENOE,Misma categoria en ambas mediciones; destino historico oficial; empleo continuo
7201,egp3_damian,2,2,556,161057,163536,TRUE,0.5570940360149705,TRUE,1,TRUE,274,282,0.5305949260534222,0.5841743424043417,1,1,TRUE,TRUE,TRUE,TRUE,TRUE,concordancia_estable_panel,CONSENSO_PANEL_1674,egp,consenso_clasificaciones_panel_ENOE,Misma categoria en ambas mediciones; destino historico oficial; empleo continuo
7210,egp3_damian,3,3,483,148919,150969,TRUE,0.6970199062957815,TRUE,1,TRUE,230,253,0.6519174898314933,0.7392088123125979,1,1,TRUE,TRUE,TRUE,TRUE,TRUE,concordancia_estable_panel,CONSENSO_PANEL_1675,egp,consenso_clasificaciones_panel_ENOE,Misma categoria en ambas mediciones; destino historico oficial; empleo continuo
7211,egp3_damian,3,3,35,12893,12756,TRUE,0.9556033204862141,TRUE,1,TRUE,14,21,0.9697663765460376,0.9422439867492438,1,1,TRUE,TRUE,TRUE,TRUE,TRUE,concordancia_estable_panel,CONSENSO_PANEL_1676,egp,consenso_clasificaciones_panel_ENOE,Misma categoria en ambas mediciones; destino historico oficial; empleo continuo
7212,egp3_damian,3,3,33,7252,7375,TRUE,1,TRUE,1,TRUE,11,22,1,1,1,1,TRUE,TRUE,TRUE,TRUE,TRUE,concordancia_estable_panel,CONSENSO_PANEL_1677,egp,consenso_clasificaciones_panel_ENOE,Misma categoria en ambas mediciones; destino historico oficial; empleo continuo
8100,egp3_damian,2,2,549,140259,140127,TRUE,0.7199193126174125,TRUE,1,TRUE,277,272,0.7067983718444207,0.7330066230597305,1,1,TRUE,TRUE,TRUE,TRUE,TRUE,concordancia_estable_panel,CONSENSO_PANEL_1678,egp,consenso_clasificaciones_panel_ENOE,Misma categoria en ambas mediciones; destino historico oficial; empleo continuo
8101,egp3_damian,3,3,299,72971,74404,TRUE,0.8373611493619756,TRUE,0.9894675248683441,TRUE,163,136,0.8303456714591618,0.846387992337768,1,0.9766914859177728,TRUE,TRUE,TRUE,TRUE,TRUE,concordancia_estable_panel,CONSENSO_PANEL_1679,egp,consenso_clasificaciones_panel_ENOE,Misma categoria en ambas mediciones; destino historico oficial; empleo continuo
8110,egp3_damian,3,3,75,12767,12995,TRUE,0.8995913190529876,TRUE,1,TRUE,44,31,0.8715914724838869,0.9364794252122796,1,1,TRUE,TRUE,TRUE,TRUE,TRUE,concordancia_estable_panel,CONSENSO_PANEL_1680,egp,consenso_clasificaciones_panel_ENOE,Misma categoria en ambas mediciones; destino historico oficial; empleo continuo
8111,egp3_damian,3,3,27,9834,9977,TRUE,0.8048121777559538,TRUE,1,TRUE,12,15,0.9396946564885497,0.7035391889955581,1,1,TRUE,TRUE,TRUE,TRUE,TRUE,concordancia_estable_panel,CONSENSO_PANEL_1681,egp,consenso_clasificaciones_panel_ENOE,Misma categoria en ambas mediciones; destino historico oficial; empleo continuo
8120,egp3_damian,3,3,24,10864,12215,TRUE,1,TRUE,1,TRUE,13,11,1,1,1,1,TRUE,TRUE,TRUE,TRUE,TRUE,concordancia_estable_panel,CONSENSO_PANEL_1682,egp,consenso_clasificaciones_panel_ENOE,Misma categoria en ambas mediciones; destino historico oficial; empleo continuo
8122,egp3_damian,3,3,73,18252,17853,TRUE,0.9748437750360519,TRUE,1,TRUE,34,39,0.9531593071480849,0.9917339667458432,1,1,TRUE,TRUE,TRUE,TRUE,TRUE,concordancia_estable_panel,CONSENSO_PANEL_1683,egp,consenso_clasificaciones_panel_ENOE,Misma categoria en ambas mediciones; destino historico oficial; empleo continuo
8123,egp3_damian,3,3,89,21404,21938,TRUE,0.9873149130494949,TRUE,1,TRUE,40,49,0.9849749582637729,0.988336646785951,1,1,TRUE,TRUE,TRUE,TRUE,TRUE,concordancia_estable_panel,CONSENSO_PANEL_1684,egp,consenso_clasificaciones_panel_ENOE,Misma categoria en ambas mediciones; destino historico oficial; empleo continuo
8124,egp3_damian,3,3,900,224652,227120,TRUE,0.8426240576122426,TRUE,1,TRUE,454,446,0.8332980092347286,0.8517843866171003,1,1,TRUE,TRUE,TRUE,TRUE,TRUE,concordancia_estable_panel,CONSENSO_PANEL_1685,egp,consenso_clasificaciones_panel_ENOE,Misma categoria en ambas mediciones; destino historico oficial; empleo continuo
8125,egp3_damian,2,2,53,15759,15789,TRUE,0.9590433300876339,TRUE,0.8333245368659946,TRUE,34,19,0.9614627498485766,0.9491315136476427,0.9278884752937742,0.5863515059092642,TRUE,TRUE,TRUE,TRUE,TRUE,concordancia_estable_panel,CONSENSO_PANEL_1686,egp,consenso_clasificaciones_panel_ENOE,Misma categoria en ambas mediciones; destino historico oficial; empleo continuo
8125,egp3_damian,3,3,123,36218,35784,TRUE,0.918585776605458,TRUE,0.9811631159003044,TRUE,48,75,0.9404618791521671,0.9039495407018584,0.9649053105548934,0.9926529084187374,TRUE,TRUE,TRUE,TRUE,TRUE,concordancia_estable_panel,CONSENSO_PANEL_1687,egp,consenso_clasificaciones_panel_ENOE,Misma categoria en ambas mediciones; destino historico oficial; empleo continuo
8126,egp3_damian,3,3,99,23608,23935,TRUE,0.6038006087112202,TRUE,1,TRUE,45,54,0.6001071524243236,0.6071743173142802,1,1,TRUE,TRUE,TRUE,TRUE,TRUE,concordancia_estable_panel,CONSENSO_PANEL_1688,egp,consenso_clasificaciones_panel_ENOE,Misma categoria en ambas mediciones; destino historico oficial; empleo continuo
8130,egp3_damian,2,2,388,106548,105368,TRUE,0.9985099384295313,TRUE,1,TRUE,192,196,0.9971419327006039,1,1,1,TRUE,TRUE,TRUE,TRUE,TRUE,concordancia_estable_panel,CONSENSO_PANEL_1689,egp,consenso_clasificaciones_panel_ENOE,Misma categoria en ambas mediciones; destino historico oficial; empleo continuo
8131,egp3_damian,2,2,42,12324,12110,TRUE,0.9841092390002396,TRUE,1,TRUE,21,21,0.9676790644794543,1,1,1,TRUE,TRUE,TRUE,TRUE,TRUE,concordancia_estable_panel,CONSENSO_PANEL_1690,egp,consenso_clasificaciones_panel_ENOE,Misma categoria en ambas mediciones; destino historico oficial; empleo continuo
8140,egp3_damian,2,2,32,5885,6206,TRUE,0.6714204221334854,TRUE,1,TRUE,20,12,0.7098434925864909,0.6236889229982092,1,1,TRUE,TRUE,TRUE,TRUE,TRUE,concordancia_estable_panel,CONSENSO_PANEL_1691,egp,consenso_clasificaciones_panel_ENOE,Misma categoria en ambas mediciones; destino historico oficial; empleo continuo
8201,egp3_damian,2,2,101,32130,31696,TRUE,0.6889084242801089,TRUE,1,TRUE,48,53,0.5900627670235772,0.7566112716763006,1,1,TRUE,TRUE,TRUE,TRUE,TRUE,concordancia_estable_panel,CONSENSO_PANEL_1692,egp,consenso_clasificaciones_panel_ENOE,Misma categoria en ambas mediciones; destino historico oficial; empleo continuo
8202,egp3_damian,2,2,24,9742,9071,TRUE,0.9505317591960192,TRUE,1,TRUE,13,11,1,0.9099786931818182,1,1,TRUE,TRUE,TRUE,TRUE,TRUE,concordancia_estable_panel,CONSENSO_PANEL_1693,egp,consenso_clasificaciones_panel_ENOE,Misma categoria en ambas mediciones; destino historico oficial; empleo continuo
8203,egp3_damian,3,3,53,13155,12893,TRUE,0.9771224838446112,TRUE,1,TRUE,26,27,0.9628385056335245,0.985721085197525,1,1,TRUE,TRUE,TRUE,TRUE,TRUE,concordancia_estable_panel,CONSENSO_PANEL_1694,egp,consenso_clasificaciones_panel_ENOE,Misma categoria en ambas mediciones; destino historico oficial; empleo continuo
8204,egp3_damian,2,2,13,3220,3146,TRUE,0.8372334893395735,TRUE,1,TRUE,8,5,0.7817351598173516,0.9106280193236715,1,1,TRUE,TRUE,TRUE,TRUE,TRUE,concordancia_estable_panel,CONSENSO_PANEL_1695,egp,consenso_clasificaciones_panel_ENOE,Misma categoria en ambas mediciones; destino historico oficial; empleo continuo
8300,egp3_damian,2,2,23,3793,3730,TRUE,0.9393263992075285,TRUE,1,TRUE,12,11,0.9625156184922948,0.9053145998778253,1,1,TRUE,TRUE,TRUE,TRUE,TRUE,concordancia_estable_panel,CONSENSO_PANEL_1696,egp,consenso_clasificaciones_panel_ENOE,Misma categoria en ambas mediciones; destino historico oficial; empleo continuo
8303,egp3_damian,3,3,425,129163,128931,TRUE,0.8124481066800855,TRUE,1,TRUE,206,219,0.8360372611681512,0.7921469951430745,1,1,TRUE,TRUE,TRUE,TRUE,TRUE,concordancia_estable_panel,CONSENSO_PANEL_1697,egp,consenso_clasificaciones_panel_ENOE,Misma categoria en ambas mediciones; destino historico oficial; empleo continuo
1100,grupo_ocu9_damian,2,2,46,11450,12049,TRUE,0.8297702732082035,TRUE,1,TRUE,22,24,0.810545253252145,0.8509052183173589,1,1,TRUE,TRUE,TRUE,TRUE,TRUE,concordancia_estable_panel,CONSENSO_PANEL_1698,clase_ocupacional,consenso_clasificaciones_panel_ENOE,Misma categoria en ambas mediciones; destino historico oficial; empleo continuo
1101,grupo_ocu9_damian,2,2,30,6489,6208,TRUE,0.6535401349582033,TRUE,1,TRUE,16,14,0.7444379957438576,0.5548319327731093,1,1,TRUE,TRUE,TRUE,TRUE,TRUE,concordancia_estable_panel,CONSENSO_PANEL_1699,clase_ocupacional,consenso_clasificaciones_panel_ENOE,Misma categoria en ambas mediciones; destino historico oficial; empleo continuo
1103,grupo_ocu9_damian,2,2,11,2068,2068,TRUE,0.8112985484503727,TRUE,1,TRUE,6,5,1,0.6778298727394507,1,1,TRUE,TRUE,TRUE,TRUE,TRUE,concordancia_estable_panel,CONSENSO_PANEL_1700,clase_ocupacional,consenso_clasificaciones_panel_ENOE,Misma categoria en ambas mediciones; destino historico oficial; empleo continuo
1104,grupo_ocu9_damian,2,2,69,18061,18150,TRUE,0.68231960710238,TRUE,1,TRUE,41,28,0.7742167519181585,0.5999426851984525,1,1,TRUE,TRUE,TRUE,TRUE,TRUE,concordancia_estable_panel,CONSENSO_PANEL_1701,clase_ocupacional,consenso_clasificaciones_panel_ENOE,Misma categoria en ambas mediciones; destino historico oficial; empleo continuo
1105,grupo_ocu9_damian,2,2,158,42583,43389,TRUE,0.8139419309211156,TRUE,1,TRUE,83,75,0.7052465759418894,0.898248710290524,1,1,TRUE,TRUE,TRUE,TRUE,TRUE,concordancia_estable_panel,CONSENSO_PANEL_1702,clase_ocupacional,consenso_clasificaciones_panel_ENOE,Misma categoria en ambas mediciones; destino historico oficial; empleo continuo
1120,grupo_ocu9_damian,2,2,44,11106,10829,TRUE,1,TRUE,1,TRUE,18,26,1,1,1,1,TRUE,TRUE,TRUE,TRUE,TRUE,concordancia_estable_panel,CONSENSO_PANEL_1703,clase_ocupacional,consenso_clasificaciones_panel_ENOE,Misma categoria en ambas mediciones; destino historico oficial; empleo continuo
1121,grupo_ocu9_damian,2,2,28,7418,7203,TRUE,0.9393440547043181,TRUE,1,TRUE,15,13,1,0.8401735068401736,1,1,TRUE,TRUE,TRUE,TRUE,TRUE,concordancia_estable_panel,CONSENSO_PANEL_1704,clase_ocupacional,consenso_clasificaciones_panel_ENOE,Misma categoria en ambas mediciones; destino historico oficial; empleo continuo
1130,grupo_ocu9_damian,2,2,362,82506,84880,TRUE,0.966474557211133,TRUE,1,TRUE,170,192,0.9454050991501416,0.9890163179206168,1,1,TRUE,TRUE,TRUE,TRUE,TRUE,concordancia_estable_panel,CONSENSO_PANEL_1705,clase_ocupacional,consenso_clasificaciones_panel_ENOE,Misma categoria en ambas mediciones; destino historico oficial; empleo continuo
1131,grupo_ocu9_damian,2,2,248,54870,55687,TRUE,0.9631723072602163,TRUE,1,TRUE,123,125,0.9402154526646215,0.9854150826017833,1,1,TRUE,TRUE,TRUE,TRUE,TRUE,concordancia_estable_panel,CONSENSO_PANEL_1706,clase_ocupacional,consenso_clasificaciones_panel_ENOE,Misma categoria en ambas mediciones; destino historico oficial; empleo continuo
1132,grupo_ocu9_damian,2,2,122,33662,33487,TRUE,0.9951810790835182,TRUE,1,TRUE,60,62,0.9960851063829788,0.9941975308641975,1,1,TRUE,TRUE,TRUE,TRUE,TRUE,concordancia_estable_panel,CONSENSO_PANEL_1707,clase_ocupacional,consenso_clasificaciones_panel_ENOE,Misma categoria en ambas mediciones; destino historico oficial; empleo continuo
1134,grupo_ocu9_damian,2,2,16,5260,5340,TRUE,0.9872372372372372,TRUE,1,TRUE,11,5,0.9425190194420964,1,1,1,TRUE,TRUE,TRUE,TRUE,TRUE,concordancia_estable_panel,CONSENSO_PANEL_1708,clase_ocupacional,consenso_clasificaciones_panel_ENOE,Misma categoria en ambas mediciones; destino historico oficial; empleo continuo
1150,grupo_ocu9_damian,2,2,21,2385,2377,TRUE,0.5551675977653632,TRUE,1,TRUE,11,10,0.5457650273224044,0.5752923976608187,1,1,TRUE,TRUE,TRUE,TRUE,TRUE,concordancia_estable_panel,CONSENSO_PANEL_1709,clase_ocupacional,consenso_clasificaciones_panel_ENOE,Misma categoria en ambas mediciones; destino historico oficial; empleo continuo
1151,grupo_ocu9_damian,2,2,33,8767,8867,TRUE,0.8878873810006077,TRUE,1,TRUE,17,16,0.917193789534215,0.8550569035859996,1,1,TRUE,TRUE,TRUE,TRUE,TRUE,concordancia_estable_panel,CONSENSO_PANEL_1710,clase_ocupacional,consenso_clasificaciones_panel_ENOE,Misma categoria en ambas mediciones; destino historico oficial; empleo continuo
1160,grupo_ocu9_damian,2,2,317,81585,83217,TRUE,0.8621655324005579,TRUE,1,TRUE,161,156,0.8927459804524097,0.8272568855093126,1,1,TRUE,TRUE,TRUE,TRUE,TRUE,concordancia_estable_panel,CONSENSO_PANEL_1711,clase_ocupacional,consenso_clasificaciones_panel_ENOE,Misma categoria en ambas mediciones; destino historico oficial; empleo continuo
1161,grupo_ocu9_damian,2,2,32,7359,7413,TRUE,0.9679074049717217,TRUE,1,TRUE,17,15,0.9520975056689343,0.9815950920245399,1,1,TRUE,TRUE,TRUE,TRUE,TRUE,concordancia_estable_panel,CONSENSO_PANEL_1712,clase_ocupacional,consenso_clasificaciones_panel_ENOE,Misma categoria en ambas mediciones; destino historico oficial; empleo continuo
1164,grupo_ocu9_damian,2,2,66,21650,19968,TRUE,0.957625619249823,TRUE,1,TRUE,32,34,0.9828696724681376,0.9116546044422261,1,1,TRUE,TRUE,TRUE,TRUE,TRUE,concordancia_estable_panel,CONSENSO_PANEL_1713,clase_ocupacional,consenso_clasificaciones_panel_ENOE,Misma categoria en ambas mediciones; destino historico oficial; empleo continuo
1167,grupo_ocu9_damian,2,2,11,2704,2731,TRUE,0.8770677911125527,TRUE,1,TRUE,6,5,0.7703814510097232,0.9587628865979382,1,1,TRUE,TRUE,TRUE,TRUE,TRUE,concordancia_estable_panel,CONSENSO_PANEL_1714,clase_ocupacional,consenso_clasificaciones_panel_ENOE,Misma categoria en ambas mediciones; destino historico oficial; empleo continuo
1171,grupo_ocu9_damian,2,2,18,9974,9979,TRUE,0.5968880909634949,TRUE,1,TRUE,10,8,0.5607042747021724,0.6749149981110691,1,1,TRUE,TRUE,TRUE,TRUE,TRUE,concordancia_estable_panel,CONSENSO_PANEL_1715,clase_ocupacional,consenso_clasificaciones_panel_ENOE,Misma categoria en ambas mediciones; destino historico oficial; empleo continuo
1172,grupo_ocu9_damian,2,2,334,80755,80446,TRUE,0.8486768816865292,TRUE,1,TRUE,184,150,0.8302571158003824,0.8749840508331844,1,1,TRUE,TRUE,TRUE,TRUE,TRUE,concordancia_estable_panel,CONSENSO_PANEL_1716,clase_ocupacional,consenso_clasificaciones_panel_ENOE,Misma categoria en ambas mediciones; destino historico oficial; empleo continuo
1200,grupo_ocu9_damian,2,2,28,8371,8428,TRUE,0.8227835659524277,TRUE,1,TRUE,16,12,0.8825468424705066,0.744671201814059,1,1,TRUE,TRUE,TRUE,TRUE,TRUE,concordancia_estable_panel,CONSENSO_PANEL_1717,clase_ocupacional,consenso_clasificaciones_panel_ENOE,Misma categoria en ambas mediciones; destino historico oficial; empleo continuo
1203,grupo_ocu9_damian,2,2,27,4437,4667,TRUE,0.7057420073166852,TRUE,1,TRUE,13,14,0.687624254473161,0.7379584622182943,1,1,TRUE,TRUE,TRUE,TRUE,TRUE,concordancia_estable_panel,CONSENSO_PANEL_1718,clase_ocupacional,consenso_clasificaciones_panel_ENOE,Misma categoria en ambas mediciones; destino historico oficial; empleo continuo
1204,grupo_ocu9_damian,2,2,121,35000,35350,TRUE,0.6601905121192115,TRUE,1,TRUE,58,63,0.6096864035880928,0.7152317880794702,1,1,TRUE,TRUE,TRUE,TRUE,TRUE,concordancia_estable_panel,CONSENSO_PANEL_1719,clase_ocupacional,consenso_clasificaciones_panel_ENOE,Misma categoria en ambas mediciones; destino historico oficial; empleo continuo
1205,grupo_ocu9_damian,2,2,299,83383,82708,TRUE,0.8660829282479539,TRUE,1,TRUE,142,157,0.8814917052312522,0.8564854614412136,1,1,TRUE,TRUE,TRUE,TRUE,TRUE,concordancia_estable_panel,CONSENSO_PANEL_1720,clase_ocupacional,consenso_clasificaciones_panel_ENOE,Misma categoria en ambas mediciones; destino historico oficial; empleo continuo
1206,grupo_ocu9_damian,2,2,64,14621,14839,TRUE,0.7574470289592291,TRUE,1,TRUE,37,27,0.9432291666666667,0.5736370194785118,1,1,TRUE,TRUE,TRUE,TRUE,TRUE,concordancia_estable_panel,CONSENSO_PANEL_1721,clase_ocupacional,consenso_clasificaciones_panel_ENOE,Misma categoria en ambas mediciones; destino historico oficial; empleo continuo
1220,grupo_ocu9_damian,2,2,406,125248,125820,TRUE,0.9505695919126297,TRUE,1,TRUE,213,193,0.9491919754806353,0.9522182024307697,1,1,TRUE,TRUE,TRUE,TRUE,TRUE,concordancia_estable_panel,CONSENSO_PANEL_1722,clase_ocupacional,consenso_clasificaciones_panel_ENOE,Misma categoria en ambas mediciones; destino historico oficial; empleo continuo
1221,grupo_ocu9_damian,2,2,25,5654,5747,TRUE,0.8338003244359239,TRUE,1,TRUE,15,10,0.8662264612374664,0.7845468053491828,1,1,TRUE,TRUE,TRUE,TRUE,TRUE,concordancia_estable_panel,CONSENSO_PANEL_1723,clase_ocupacional,consenso_clasificaciones_panel_ENOE,Misma categoria en ambas mediciones; destino historico oficial; empleo continuo
1230,grupo_ocu9_damian,2,2,59,13884,13932,TRUE,0.8547155872937701,TRUE,1,TRUE,31,28,0.9009144260952641,0.8167545138499496,1,1,TRUE,TRUE,TRUE,TRUE,TRUE,concordancia_estable_panel,CONSENSO_PANEL_1724,clase_ocupacional,consenso_clasificaciones_panel_ENOE,Misma categoria en ambas mediciones; destino historico oficial; empleo continuo
1250,grupo_ocu9_damian,2,2,101,22034,21936,TRUE,0.7175328904519995,TRUE,1,TRUE,59,42,0.7328108672936259,0.6922544951590595,1,1,TRUE,TRUE,TRUE,TRUE,TRUE,concordancia_estable_panel,CONSENSO_PANEL_1725,clase_ocupacional,consenso_clasificaciones_panel_ENOE,Misma categoria en ambas mediciones; destino historico oficial; empleo continuo
1260,grupo_ocu9_damian,2,2,16,7591,7357,TRUE,1,TRUE,1,TRUE,8,8,1,1,1,1,TRUE,TRUE,TRUE,TRUE,TRUE,concordancia_estable_panel,CONSENSO_PANEL_1726,clase_ocupacional,consenso_clasificaciones_panel_ENOE,Misma categoria en ambas mediciones; destino historico oficial; empleo continuo
1300,grupo_ocu9_damian,2,2,327,80011,79204,TRUE,0.9724588888753843,TRUE,1,TRUE,168,159,0.9677366255144033,0.9762148951491478,1,1,TRUE,TRUE,TRUE,TRUE,TRUE,concordancia_estable_panel,CONSENSO_PANEL_1727,clase_ocupacional,consenso_clasificaciones_panel_ENOE,Misma categoria en ambas mediciones; destino historico oficial; empleo continuo
1310,grupo_ocu9_damian,2,2,202,57842,57915,TRUE,0.9574746321034249,TRUE,1,TRUE,113,89,0.9858777476663656,0.9227969559942649,1,1,TRUE,TRUE,TRUE,TRUE,TRUE,concordancia_estable_panel,CONSENSO_PANEL_1728,clase_ocupacional,consenso_clasificaciones_panel_ENOE,Misma categoria en ambas mediciones; destino historico oficial; empleo continuo
1320,grupo_ocu9_damian,2,2,432,121916,120650,TRUE,0.9558965352318078,TRUE,1,TRUE,191,241,0.941926480989429,0.9656112085925453,1,1,TRUE,TRUE,TRUE,TRUE,TRUE,concordancia_estable_panel,CONSENSO_PANEL_1729,clase_ocupacional,consenso_clasificaciones_panel_ENOE,Misma categoria en ambas mediciones; destino historico oficial; empleo continuo
1330,grupo_ocu9_damian,2,2,717,194496,194866,TRUE,0.9779565567176187,TRUE,1,TRUE,339,378,0.9900786826038352,0.9673021691482125,1,1,TRUE,TRUE,TRUE,TRUE,TRUE,concordancia_estable_panel,CONSENSO_PANEL_1730,clase_ocupacional,consenso_clasificaciones_panel_ENOE,Misma categoria en ambas mediciones; destino historico oficial; empleo continuo
1340,grupo_ocu9_damian,2,2,260,69561,71168,TRUE,0.9530862505994382,TRUE,1,TRUE,137,123,0.9352671669899092,0.9700331479897348,1,1,TRUE,TRUE,TRUE,TRUE,TRUE,concordancia_estable_panel,CONSENSO_PANEL_1731,clase_ocupacional,consenso_clasificaciones_panel_ENOE,Misma categoria en ambas mediciones; destino historico oficial; empleo continuo
1360,grupo_ocu9_damian,2,2,25,9877,9547,TRUE,1,TRUE,1,TRUE,18,7,1,1,1,1,TRUE,TRUE,TRUE,TRUE,TRUE,concordancia_estable_panel,CONSENSO_PANEL_1732,clase_ocupacional,consenso_clasificaciones_panel_ENOE,Misma categoria en ambas mediciones; destino historico oficial; empleo continuo
1364,grupo_ocu9_damian,2,2,31,7327,7229,TRUE,0.8742393509127789,TRUE,1,TRUE,14,17,0.8401336196611787,0.9083532219570406,1,1,TRUE,TRUE,TRUE,TRUE,TRUE,concordancia_estable_panel,CONSENSO_PANEL_1733,clase_ocupacional,consenso_clasificaciones_panel_ENOE,Misma categoria en ambas mediciones; destino historico oficial; empleo continuo
1390,grupo_ocu9_damian,2,2,27,3975,4079,TRUE,0.8898589657488247,TRUE,1,TRUE,16,11,0.9101600784057498,0.8456614509246089,1,1,TRUE,TRUE,TRUE,TRUE,TRUE,concordancia_estable_panel,CONSENSO_PANEL_1734,clase_ocupacional,consenso_clasificaciones_panel_ENOE,Misma categoria en ambas mediciones; destino historico oficial; empleo continuo
1401,grupo_ocu9_damian,2,2,31,8158,9064,TRUE,0.8482012892493241,TRUE,1,TRUE,15,16,0.9719827586206896,0.708241027913159,1,1,TRUE,TRUE,TRUE,TRUE,TRUE,concordancia_estable_panel,CONSENSO_PANEL_1735,clase_ocupacional,consenso_clasificaciones_panel_ENOE,Misma categoria en ambas mediciones; destino historico oficial; empleo continuo
1412,grupo_ocu9_damian,2,2,73,17270,18329,TRUE,0.9235788010054014,TRUE,1,TRUE,33,40,1,0.8670944940476191,1,1,TRUE,TRUE,TRUE,TRUE,TRUE,concordancia_estable_panel,CONSENSO_PANEL_1736,clase_ocupacional,consenso_clasificaciones_panel_ENOE,Misma categoria en ambas mediciones; destino historico oficial; empleo continuo
1420,grupo_ocu9_damian,2,2,17,3308,3104,TRUE,0.957452966714906,TRUE,1,TRUE,11,6,0.8799019607843137,1,1,1,TRUE,TRUE,TRUE,TRUE,TRUE,concordancia_estable_panel,CONSENSO_PANEL_1737,clase_ocupacional,consenso_clasificaciones_panel_ENOE,Misma categoria en ambas mediciones; destino historico oficial; empleo continuo
1423,grupo_ocu9_damian,2,2,70,22849,22367,TRUE,0.8094158489496617,TRUE,1,TRUE,39,31,0.7313140255469837,0.9089005235602095,1,1,TRUE,TRUE,TRUE,TRUE,TRUE,concordancia_estable_panel,CONSENSO_PANEL_1738,clase_ocupacional,consenso_clasificaciones_panel_ENOE,Misma categoria en ambas mediciones; destino historico oficial; empleo continuo
1432,grupo_ocu9_damian,2,2,13,2865,2781,TRUE,0.9617321248741189,TRUE,1,TRUE,7,6,0.9476343592099219,1,1,1,TRUE,TRUE,TRUE,TRUE,TRUE,concordancia_estable_panel,CONSENSO_PANEL_1739,clase_ocupacional,consenso_clasificaciones_panel_ENOE,Misma categoria en ambas mediciones; destino historico oficial; empleo continuo
2101,grupo_ocu9_damian,1,1,20,5650,5638,TRUE,0.7568653717347622,TRUE,1,TRUE,7,13,0.6656465187452181,0.8060193774479488,1,1,TRUE,TRUE,TRUE,TRUE,TRUE,concordancia_estable_panel,CONSENSO_PANEL_1740,clase_ocupacional,consenso_clasificaciones_panel_ENOE,Misma categoria en ambas mediciones; destino historico oficial; empleo continuo
2110,grupo_ocu9_damian,1,1,14,2513,2271,TRUE,0.7341513292433538,TRUE,1,TRUE,6,8,0.830524795377949,0.5854383358098069,1,1,TRUE,TRUE,TRUE,TRUE,TRUE,concordancia_estable_panel,CONSENSO_PANEL_1741,clase_ocupacional,consenso_clasificaciones_panel_ENOE,Misma categoria en ambas mediciones; destino historico oficial; empleo continuo
2111,grupo_ocu9_damian,1,1,34,7641,7637,TRUE,0.6728601620288834,TRUE,1,TRUE,18,16,0.5668295127145183,0.9238067002668248,1,1,TRUE,TRUE,TRUE,TRUE,TRUE,concordancia_estable_panel,CONSENSO_PANEL_1742,clase_ocupacional,consenso_clasificaciones_panel_ENOE,Misma categoria en ambas mediciones; destino historico oficial; empleo continuo
2121,grupo_ocu9_damian,1,1,111,32021,33306,TRUE,0.6257279087036386,TRUE,1,TRUE,57,54,0.628355498846739,0.6239893496119752,1,1,TRUE,TRUE,TRUE,TRUE,TRUE,concordancia_estable_panel,CONSENSO_PANEL_1743,clase_ocupacional,consenso_clasificaciones_panel_ENOE,Misma categoria en ambas mediciones; destino historico oficial; empleo continuo
2122,grupo_ocu9_damian,1,1,55,25237,22655,TRUE,0.6411350760866804,TRUE,1,TRUE,27,28,0.6423689272704948,0.6391158740790355,1,1,TRUE,TRUE,TRUE,TRUE,TRUE,concordancia_estable_panel,CONSENSO_PANEL_1744,clase_ocupacional,consenso_clasificaciones_panel_ENOE,Misma categoria en ambas mediciones; destino historico oficial; empleo continuo
2127,grupo_ocu9_damian,1,1,48,10375,9821,TRUE,0.6394847140039448,TRUE,1,TRUE,22,26,0.7211585070285992,0.554942298043151,1,1,TRUE,TRUE,TRUE,TRUE,TRUE,concordancia_estable_panel,CONSENSO_PANEL_1745,clase_ocupacional,consenso_clasificaciones_panel_ENOE,Misma categoria en ambas mediciones; destino historico oficial; empleo continuo
4100,grupo_ocu9_damian,6,6,1700,680654,689159,TRUE,0.5749456438187688,TRUE,1,TRUE,833,867,0.5518086279171837,0.5970730353046938,1,1,TRUE,TRUE,TRUE,TRUE,TRUE,concordancia_estable_panel,CONSENSO_PANEL_1746,clase_ocupacional,consenso_clasificaciones_panel_ENOE,Misma categoria en ambas mediciones; destino historico oficial; empleo continuo
4101,grupo_ocu9_damian,6,6,48,14251,14332,TRUE,0.6314693371144984,TRUE,1,TRUE,25,23,0.62994482371645,0.6328421052631579,1,1,TRUE,TRUE,TRUE,TRUE,TRUE,concordancia_estable_panel,CONSENSO_PANEL_1747,clase_ocupacional,consenso_clasificaciones_panel_ENOE,Misma categoria en ambas mediciones; destino historico oficial; empleo continuo
4110,grupo_ocu9_damian,6,6,204,57944,58172,TRUE,0.678421730476525,TRUE,1,TRUE,127,77,0.6717177242888402,0.6904481517827936,1,1,TRUE,TRUE,TRUE,TRUE,TRUE,concordancia_estable_panel,CONSENSO_PANEL_1748,clase_ocupacional,consenso_clasificaciones_panel_ENOE,Misma categoria en ambas mediciones; destino historico oficial; empleo continuo
4111,grupo_ocu9_damian,6,6,25,8751,8560,TRUE,0.7985946340573097,TRUE,1,TRUE,18,7,0.8972043757596805,0.6893633391036738,1,1,TRUE,TRUE,TRUE,TRUE,TRUE,concordancia_estable_panel,CONSENSO_PANEL_1749,clase_ocupacional,consenso_clasificaciones_panel_ENOE,Misma categoria en ambas mediciones; destino historico oficial; empleo continuo
4112,grupo_ocu9_damian,6,6,47,11211,11355,TRUE,0.8084661426408019,TRUE,1,TRUE,15,32,0.7256765676567657,0.9081373172282263,1,1,TRUE,TRUE,TRUE,TRUE,TRUE,concordancia_estable_panel,CONSENSO_PANEL_1750,clase_ocupacional,consenso_clasificaciones_panel_ENOE,Misma categoria en ambas mediciones; destino historico oficial; empleo continuo
4113,grupo_ocu9_damian,6,6,55,18991,19004,TRUE,0.8671293548239807,TRUE,1,TRUE,28,27,0.7813087813087813,0.9405932203389831,1,1,TRUE,TRUE,TRUE,TRUE,TRUE,concordancia_estable_panel,CONSENSO_PANEL_1751,clase_ocupacional,consenso_clasificaciones_panel_ENOE,Misma categoria en ambas mediciones; destino historico oficial; empleo continuo
4120,grupo_ocu9_damian,6,6,160,40100,39941,TRUE,0.8215361291512159,TRUE,1,TRUE,100,60,0.843566524032242,0.78595156450921555,1,1,TRUE,TRUE,TRUE,TRUE,TRUE,concordancia_estable_panel,CONSENSO_PANEL_1752,clase_ocupacional,consenso_clasificaciones_panel_ENOE,Misma categoria en ambas mediciones; destino historico oficial; empleo continuo
4132,grupo_ocu9_damian,6,6,23,4990,4962,TRUE,0.6060974128507227,TRUE,1,TRUE,16,7,0.6310169213077049,0.5354147250698975,1,1,TRUE,TRUE,TRUE,TRUE,TRUE,concordancia_estable_panel,CONSENSO_PANEL_1753,clase_ocupacional,consenso_clasificaciones_panel_ENOE,Misma categoria en ambas mediciones; destino historico oficial; empleo continuo
4150,grupo_ocu9_damian,6,6,132,32044,32383,TRUE,0.9793997188092182,TRUE,1,TRUE,68,64,0.9852182880715022,0.9698097936058276,1,1,TRUE,TRUE,TRUE,TRUE,TRUE,concordancia_estable_panel,CONSENSO_PANEL_1754,clase_ocupacional,consenso_clasificaciones_panel_ENOE,Misma categoria en ambas mediciones; destino historico oficial; empleo continuo
4170,grupo_ocu9_damian,6,6,20,4070,4156,TRUE,0.6892464013547841,TRUE,1,TRUE,11,9,0.7554209183673469,0.6143011917659805,1,1,TRUE,TRUE,TRUE,TRUE,TRUE,concordancia_estable_panel,CONSENSO_PANEL_1755,clase_ocupacional,consenso_clasificaciones_panel_ENOE,Misma categoria en ambas mediciones; destino historico oficial; empleo continuo
5200,grupo_ocu9_damian,7,7,137,53979,53222,TRUE,0.8626564173045882,TRUE,1,TRUE,70,67,0.8691617779783394,0.8541505328760556,1,1,TRUE,TRUE,TRUE,TRUE,TRUE,concordancia_estable_panel,CONSENSO_PANEL_1756,clase_ocupacional,consenso_clasificaciones_panel_ENOE,Misma categoria en ambas mediciones; destino historico oficial; empleo continuo
5201,grupo_ocu9_damian,7,7,20,6308,6315,TRUE,0.8459165884403915,TRUE,1,TRUE,8,12,1,0.7800114876507754,1,1,TRUE,TRUE,TRUE,TRUE,TRUE,concordancia_estable_panel,CONSENSO_PANEL_1757,clase_ocupacional,consenso_clasificaciones_panel_ENOE,Misma categoria en ambas mediciones; destino historico oficial; empleo continuo
5202,grupo_ocu9_damian,7,7,431,127675,128388,TRUE,0.7766638887030154,TRUE,1,TRUE,228,203,0.8197149920399684,0.7384882012671012,1,1,TRUE,TRUE,TRUE,TRUE,TRUE,concordancia_estable_panel,CONSENSO_PANEL_1758,clase_ocupacional,consenso_clasificaciones_panel_ENOE,Misma categoria en ambas mediciones; destino historico oficial; empleo continuo
5204,grupo_ocu9_damian,7,7,63,16581,17050,TRUE,0.8796753143402833,TRUE,1,TRUE,27,36,0.8252720124348542,0.9548786653185035,1,1,TRUE,TRUE,TRUE,TRUE,TRUE,concordancia_estable_panel,CONSENSO_PANEL_1759,clase_ocupacional,consenso_clasificaciones_panel_ENOE,Misma categoria en ambas mediciones; destino historico oficial; empleo continuo
5208,grupo_ocu9_damian,5,5,328,95215,96853,TRUE,0.8048333107925345,TRUE,1,TRUE,166,162,0.7609502598366741,0.8432550692011351,1,1,TRUE,TRUE,TRUE,TRUE,TRUE,concordancia_estable_panel,CONSENSO_PANEL_1760,clase_ocupacional,consenso_clasificaciones_panel_ENOE,Misma categoria en ambas mediciones; destino historico oficial; empleo continuo
5221,grupo_ocu9_damian,7,7,116,34299,34586,TRUE,1,TRUE,1,TRUE,61,55,1,1,1,1,TRUE,TRUE,TRUE,TRUE,TRUE,concordancia_estable_panel,CONSENSO_PANEL_1761,clase_ocupacional,consenso_clasificaciones_panel_ENOE,Misma categoria en ambas mediciones; destino historico oficial; empleo continuo
5222,grupo_ocu9_damian,7,7,249,62782,63685,TRUE,0.890954502880822,TRUE,1,TRUE,113,136,0.9064217649495926,0.8746096144304019,1,1,TRUE,TRUE,TRUE,TRUE,TRUE,concordancia_estable_panel,CONSENSO_PANEL_1762,clase_ocupacional,consenso_clasificaciones_panel_ENOE,Misma categoria en ambas mediciones; destino historico oficial; empleo continuo
5224,grupo_ocu9_damian,7,7,34,9372,9208,TRUE,0.9265447355412754,TRUE,1,TRUE,19,15,0.9706933523945676,0.895234876647516,1,1,TRUE,TRUE,TRUE,TRUE,TRUE,concordancia_estable_panel,CONSENSO_PANEL_1763,clase_ocupacional,consenso_clasificaciones_panel_ENOE,Misma categoria en ambas mediciones; destino historico oficial; empleo continuo
5225,grupo_ocu9_damian,7,7,17,3741,3468,TRUE,0.8203947368421053,TRUE,1,TRUE,8,9,0.7180156657963447,0.9664715274081959,1,1,TRUE,TRUE,TRUE,TRUE,TRUE,concordancia_estable_panel,CONSENSO_PANEL_1764,clase_ocupacional,consenso_clasificaciones_panel_ENOE,Misma categoria en ambas mediciones; destino historico oficial; empleo continuo
5227,grupo_ocu9_damian,7,7,55,19484,19395,TRUE,0.8855558585583129,TRUE,1,TRUE,19,36,0.811963058419244,0.939558707643814,1,1,TRUE,TRUE,TRUE,TRUE,TRUE,concordancia_estable_panel,CONSENSO_PANEL_1765,clase_ocupacional,consenso_clasificaciones_panel_ENOE,Misma categoria en ambas mediciones; destino historico oficial; empleo continuo
5230,grupo_ocu9_damian,7,7,168,51156,51393,TRUE,0.8506010874445055,TRUE,1,TRUE,91,77,0.910298674754401,0.7898480222766464,1,1,TRUE,TRUE,TRUE,TRUE,TRUE,concordancia_estable_panel,CONSENSO_PANEL_1766,clase_ocupacional,consenso_clasificaciones_panel_ENOE,Misma categoria en ambas mediciones; destino historico oficial; empleo continuo
5231,grupo_ocu9_damian,7,7,41,15719,15454,TRUE,1,TRUE,1,TRUE,24,17,1,1,1,1,TRUE,TRUE,TRUE,TRUE,TRUE,concordancia_estable_panel,CONSENSO_PANEL_1767,clase_ocupacional,consenso_clasificaciones_panel_ENOE,Misma categoria en ambas mediciones; destino historico oficial; empleo continuo
5233,grupo_ocu9_damian,7,7,20,3118,3150,TRUE,0.618405394684649,TRUE,1,TRUE,9,11,0.6633858267716536,0.5880398671096345,1,1,TRUE,TRUE,TRUE,TRUE,TRUE,concordancia_estable_panel,CONSENSO_PANEL_1768,clase_ocupacional,consenso_clasificaciones_panel_ENOE,Misma categoria en ambas mediciones; destino historico oficial; empleo continuo
5242,grupo_ocu9_damian,7,7,118,32561,33052,TRUE,0.8609010628734599,TRUE,1,TRUE,54,64,0.8674172040660182,0.8547940995697603,1,1,TRUE,TRUE,TRUE,TRUE,TRUE,concordancia_estable_panel,CONSENSO_PANEL_1769,clase_ocupacional,consenso_clasificaciones_panel_ENOE,Misma categoria en ambas mediciones; destino historico oficial; empleo continuo
5243,grupo_ocu9_damian,7,7,13,3302,3441,TRUE,1,TRUE,1,TRUE,8,5,1,1,1,1,TRUE,TRUE,TRUE,TRUE,TRUE,concordancia_estable_panel,CONSENSO_PANEL_1770,clase_ocupacional,consenso_clasificaciones_panel_ENOE,Misma categoria en ambas mediciones; destino historico oficial; empleo continuo
5244,grupo_ocu9_damian,7,7,26,5867,5963,TRUE,0.8382626089441348,TRUE,1,TRUE,15,11,0.7934383768616448,0.9260355029585798,1,1,TRUE,TRUE,TRUE,TRUE,TRUE,concordancia_estable_panel,CONSENSO_PANEL_1771,clase_ocupacional,consenso_clasificaciones_panel_ENOE,Misma categoria en ambas mediciones; destino historico oficial; empleo continuo
5245,grupo_ocu9_damian,2,2,347,92988,93775,TRUE,0.8411169303411034,TRUE,1,TRUE,172,175,0.864677333737772,0.8196176801314765,1,1,TRUE,TRUE,TRUE,TRUE,TRUE,concordancia_estable_panel,CONSENSO_PANEL_1772,clase_ocupacional,consenso_clasificaciones_panel_ENOE,Misma categoria en ambas mediciones; destino historico oficial; empleo continuo
5246,grupo_ocu9_damian,2,2,140,40888,41070,TRUE,0.6906406769927199,TRUE,1,TRUE,67,73,0.722883183747304,0.660209475654201,1,1,TRUE,TRUE,TRUE,TRUE,TRUE,concordancia_estable_panel,CONSENSO_PANEL_1773,clase_ocupacional,consenso_clasificaciones_panel_ENOE,Misma categoria en ambas mediciones; destino historico oficial; empleo continuo
5248,grupo_ocu9_damian,7,7,119,33608,33867,TRUE,0.9186278529451961,TRUE,1,TRUE,60,59,0.9053413841151882,0.9376286947857855,1,1,TRUE,TRUE,TRUE,TRUE,TRUE,concordancia_estable_panel,CONSENSO_PANEL_1774,clase_ocupacional,consenso_clasificaciones_panel_ENOE,Misma categoria en ambas mediciones; destino historico oficial; empleo continuo
5251,grupo_ocu9_damian,7,7,47,15780,16362,TRUE,0.8233759457344116,TRUE,1,TRUE,26,21,0.7748812869464096,0.879945738186751,1,1,TRUE,TRUE,TRUE,TRUE,TRUE,concordancia_estable_panel,CONSENSO_PANEL_1775,clase_ocupacional,consenso_clasificaciones_panel_ENOE,Misma categoria en ambas mediciones; destino historico oficial; empleo continuo
5260,grupo_ocu9_damian,7,7,476,125193,125843,TRUE,0.7604183749703894,TRUE,1,TRUE,242,234,0.7648752844999768,0.7555303676723424,1,1,TRUE,TRUE,TRUE,TRUE,TRUE,concordancia_estable_panel,CONSENSO_PANEL_1776,clase_ocupacional,consenso_clasificaciones_panel_ENOE,Misma categoria en ambas mediciones; destino historico oficial; empleo continuo
5261,grupo_ocu9_damian,7,7,115,26199,26609,TRUE,0.7893642663452847,TRUE,1,TRUE,48,67,0.782157552626871,0.7967237074477803,1,1,TRUE,TRUE,TRUE,TRUE,TRUE,concordancia_estable_panel,CONSENSO_PANEL_1777,clase_ocupacional,consenso_clasificaciones_panel_ENOE,Misma categoria en ambas mediciones; destino historico oficial; empleo continuo
5262,grupo_ocu9_damian,7,7,24,5147,4947,TRUE,1,TRUE,1,TRUE,9,15,1,1,1,1,TRUE,TRUE,TRUE,TRUE,TRUE,concordancia_estable_panel,CONSENSO_PANEL_1778,clase_ocupacional,consenso_clasificaciones_panel_ENOE,Misma categoria en ambas mediciones; destino historico oficial; empleo continuo
5264,grupo_ocu9_damian,7,7,13,1793,1778,TRUE,0.9270941054808687,TRUE,1,TRUE,7,6,0.8537344398340249,1,1,1,TRUE,TRUE,TRUE,TRUE,TRUE,concordancia_estable_panel,CONSENSO_PANEL_1779,clase_ocupacional,consenso_clasificaciones_panel_ENOE,Misma categoria en ambas mediciones; destino historico oficial; empleo continuo
5266,grupo_ocu9_damian,7,7,22,8267,8356,TRUE,0.6779007790077901,TRUE,1,TRUE,11,11,0.6898345153664303,0.6649572649572649,1,1,TRUE,TRUE,TRUE,TRUE,TRUE,concordancia_estable_panel,CONSENSO_PANEL_1780,clase_ocupacional,consenso_clasificaciones_panel_ENOE,Misma categoria en ambas mediciones; destino historico oficial; empleo continuo
5267,grupo_ocu9_damian,7,7,101,25713,25836,TRUE,0.624799533459688,TRUE,1,TRUE,50,51,0.5374326583689393,0.7206706757720925,1,1,TRUE,TRUE,TRUE,TRUE,TRUE,concordancia_estable_panel,CONSENSO_PANEL_1781,clase_ocupacional,consenso_clasificaciones_panel_ENOE,Misma categoria en ambas mediciones; destino historico oficial; empleo continuo
5271,grupo_ocu9_damian,2,2,53,16099,15942,TRUE,0.8797267759562841,TRUE,1,TRUE,24,29,0.8874903389643369,0.8721194417396949,1,1,TRUE,TRUE,TRUE,TRUE,TRUE,concordancia_estable_panel,CONSENSO_PANEL_1782,clase_ocupacional,consenso_clasificaciones_panel_ENOE,Misma categoria en ambas mediciones; destino historico oficial; empleo continuo
5272,grupo_ocu9_damian,2,2,45,14048,14471,TRUE,0.9301463285439979,TRUE,1,TRUE,20,25,1,0.8931429150207637,1,1,TRUE,TRUE,TRUE,TRUE,TRUE,concordancia_estable_panel,CONSENSO_PANEL_1783,clase_ocupacional,consenso_clasificaciones_panel_ENOE,Misma categoria en ambas mediciones; destino historico oficial; empleo continuo
5280,grupo_ocu9_damian,7,7,54,16401,16431,TRUE,0.5920297440710393,TRUE,1,TRUE,27,27,0.5102004612382472,0.7202557449962935,1,1,TRUE,TRUE,TRUE,TRUE,TRUE,concordancia_estable_panel,CONSENSO_PANEL_1784,clase_ocupacional,consenso_clasificaciones_panel_ENOE,Misma categoria en ambas mediciones; destino historico oficial; empleo continuo
5281,grupo_ocu9_damian,7,7,30,4536,4274,TRUE,0.7045666356011183,TRUE,1,TRUE,5,25,0.6188023180940115,0.7318321392016377,1,1,TRUE,TRUE,TRUE,TRUE,TRUE,concordancia_estable_panel,CONSENSO_PANEL_1785,clase_ocupacional,consenso_clasificaciones_panel_ENOE,Misma categoria en ambas mediciones; destino historico oficial; empleo continuo
5302,grupo_ocu9_damian,8,8,32,9677,9646,TRUE,0.6150765906057332,TRUE,1,TRUE,21,11,0.6383770705378745,0.5648686585121315,1,1,TRUE,TRUE,TRUE,TRUE,TRUE,concordancia_estable_panel,CONSENSO_PANEL_1786,clase_ocupacional,consenso_clasificaciones_panel_ENOE,Misma categoria en ambas mediciones; destino historico oficial; empleo continuo
5304,grupo_ocu9_damian,8,8,16,4585,4748,TRUE,0.6998931460845672,TRUE,1,TRUE,10,6,0.7593397046046916,0.6336346029696578,1,1,TRUE,TRUE,TRUE,TRUE,TRUE,concordancia_estable_panel,CONSENSO_PANEL_1787,clase_ocupacional,consenso_clasificaciones_panel_ENOE,Misma categoria en ambas mediciones; destino historico oficial; empleo continuo
5306,grupo_ocu9_damian,8,8,21,6462,6420,TRUE,0.6559740127905797,TRUE,1,TRUE,8,13,0.6236103758602435,0.6761073604478841,1,1,TRUE,TRUE,TRUE,TRUE,TRUE,concordancia_estable_panel,CONSENSO_PANEL_1788,clase_ocupacional,consenso_clasificaciones_panel_ENOE,Misma categoria en ambas mediciones; destino historico oficial; empleo continuo
5310,grupo_ocu9_damian,8,8,15,3477,3527,TRUE,0.7068509859727586,TRUE,1,TRUE,8,7,0.651685393258427,0.7313564298297123,1,1,TRUE,TRUE,TRUE,TRUE,TRUE,concordancia_estable_panel,CONSENSO_PANEL_1789,clase_ocupacional,consenso_clasificaciones_panel_ENOE,Misma categoria en ambas mediciones; destino historico oficial; empleo continuo
5320,grupo_ocu9_damian,8,8,21,4123,4125,TRUE,0.749500090892565,TRUE,1,TRUE,12,9,0.7502445386371046,0.7485620377978636,1,1,TRUE,TRUE,TRUE,TRUE,TRUE,concordancia_estable_panel,CONSENSO_PANEL_1790,clase_ocupacional,consenso_clasificaciones_panel_ENOE,Misma categoria en ambas mediciones; destino historico oficial; empleo continuo
5321,grupo_ocu9_damian,8,8,23,13965,13865,TRUE,0.8191096251979588,TRUE,1,TRUE,13,10,0.744068864161243,0.9141300013292569,1,1,TRUE,TRUE,TRUE,TRUE,TRUE,concordancia_estable_panel,CONSENSO_PANEL_1791,clase_ocupacional,consenso_clasificaciones_panel_ENOE,Misma categoria en ambas mediciones; destino historico oficial; empleo continuo
5322,grupo_ocu9_damian,8,8,220,55278,56112,TRUE,0.754257177164065,TRUE,1,TRUE,110,110,0.7526035834266518,0.7558294293015332,1,1,TRUE,TRUE,TRUE,TRUE,TRUE,concordancia_estable_panel,CONSENSO_PANEL_1792,clase_ocupacional,consenso_clasificaciones_panel_ENOE,Misma categoria en ambas mediciones; destino historico oficial; empleo continuo
5323,grupo_ocu9_damian,8,8,122,17337,17554,TRUE,0.7156360934533146,TRUE,1,TRUE,52,70,0.7056998836758434,0.7230050323508267,1,1,TRUE,TRUE,TRUE,TRUE,TRUE,concordancia_estable_panel,CONSENSO_PANEL_1793,clase_ocupacional,consenso_clasificaciones_panel_ENOE,Misma categoria en ambas mediciones; destino historico oficial; empleo continuo
5324,grupo_ocu9_damian,8,8,14,4091,4153,TRUE,0.8038907447435646,TRUE,1,TRUE,7,7,0.5550314465408805,0.9531593838415593,1,1,TRUE,TRUE,TRUE,TRUE,TRUE,concordancia_estable_panel,CONSENSO_PANEL_1794,clase_ocupacional,consenso_clasificaciones_panel_ENOE,Misma categoria en ambas mediciones; destino historico oficial; empleo continuo
5331,grupo_ocu9_damian,8,8,11,4140,4318,TRUE,0.6197604790419161,TRUE,1,TRUE,5,6,0.5533527696793002,0.6898461538461539,1,1,TRUE,TRUE,TRUE,TRUE,TRUE,concordancia_estable_panel,CONSENSO_PANEL_1795,clase_ocupacional,consenso_clasificaciones_panel_ENOE,Misma categoria en ambas mediciones; destino historico oficial; empleo continuo
5334,grupo_ocu9_damian,8,8,12,3652,3721,TRUE,0.759567387687188,TRUE,1,TRUE,7,5,0.8533068125310791,0.6921701823382195,1,1,TRUE,TRUE,TRUE,TRUE,TRUE,concordancia_estable_panel,CONSENSO_PANEL_1796,clase_ocupacional,consenso_clasificaciones_panel_ENOE,Misma categoria en ambas mediciones; destino historico oficial; empleo continuo
5340,grupo_ocu9_damian,8,8,20,4219,4262,TRUE,0.6722434671765456,TRUE,1,TRUE,8,12,0.7465986394557823,0.6550980392156863,1,1,TRUE,TRUE,TRUE,TRUE,TRUE,concordancia_estable_panel,CONSENSO_PANEL_1797,clase_ocupacional,consenso_clasificaciones_panel_ENOE,Misma categoria en ambas mediciones; destino historico oficial; empleo continuo
5342,grupo_ocu9_damian,8,8,38,10599,10553,TRUE,0.8460249042145593,TRUE,1,TRUE,22,16,0.8958370555654815,0.805800028855865,1,1,TRUE,TRUE,TRUE,TRUE,TRUE,concordancia_estable_panel,CONSENSO_PANEL_1798,clase_ocupacional,consenso_clasificaciones_panel_ENOE,Misma categoria en ambas mediciones; destino historico oficial; empleo continuo
5343,grupo_ocu9_damian,8,8,168,34441,34701,TRUE,0.6457122501781094,TRUE,1,TRUE,77,91,0.6107818554821062,0.6797453360971276,1,1,TRUE,TRUE,TRUE,TRUE,TRUE,concordancia_estable_panel,CONSENSO_PANEL_1799,clase_ocupacional,consenso_clasificaciones_panel_ENOE,Misma categoria en ambas mediciones; destino historico oficial; empleo continuo
5344,grupo_ocu9_damian,8,8,230,48559,48856,TRUE,0.824585236631629,TRUE,1,TRUE,118,112,0.8069264367025484,0.8418086676506105,1,1,TRUE,TRUE,TRUE,TRUE,TRUE,concordancia_estable_panel,CONSENSO_PANEL_1800,clase_ocupacional,consenso_clasificaciones_panel_ENOE,Misma categoria en ambas mediciones; destino historico oficial; empleo continuo
5345,grupo_ocu9_damian,8,8,338,101312,105252,TRUE,0.852787434449205,TRUE,1,TRUE,172,166,0.8589420276802066,0.8449303412988904,1,1,TRUE,TRUE,TRUE,TRUE,TRUE,concordancia_estable_panel,CONSENSO_PANEL_1801,clase_ocupacional,consenso_clasificaciones_panel_ENOE,Misma categoria en ambas mediciones; destino historico oficial; empleo continuo
5350,grupo_ocu9_damian,8,8,13,2902,2932,TRUE,0.8251350582883139,TRUE,1,TRUE,8,5,0.5537010159651669,1,1,1,TRUE,TRUE,TRUE,TRUE,TRUE,concordancia_estable_panel,CONSENSO_PANEL_1802,clase_ocupacional,consenso_clasificaciones_panel_ENOE,Misma categoria en ambas mediciones; destino historico oficial; empleo continuo
5371,grupo_ocu9_damian,8,8,14,4329,4334,TRUE,0.7061990212071778,TRUE,1,TRUE,5,9,1,0.6395837502501501,1,1,TRUE,TRUE,TRUE,TRUE,TRUE,concordancia_estable_panel,CONSENSO_PANEL_1803,clase_ocupacional,consenso_clasificaciones_panel_ENOE,Misma categoria en ambas mediciones; destino historico oficial; empleo continuo
5380,grupo_ocu9_damian,8,8,33,9375,9572,TRUE,0.7103887247101613,TRUE,1,TRUE,16,17,0.7754439151147683,0.6753700897540506,1,1,TRUE,TRUE,TRUE,TRUE,TRUE,concordancia_estable_panel,CONSENSO_PANEL_1804,clase_ocupacional,consenso_clasificaciones_panel_ENOE,Misma categoria en ambas mediciones; destino historico oficial; empleo continuo
5383,grupo_ocu9_damian,8,8,108,36339,36324,TRUE,0.7843175343175344,TRUE,1,TRUE,56,52,0.7361702127659574,0.8545946806816372,1,1,TRUE,TRUE,TRUE,TRUE,TRUE,concordancia_estable_panel,CONSENSO_PANEL_1805,clase_ocupacional,consenso_clasificaciones_panel_ENOE,Misma categoria en ambas mediciones; destino historico oficial; empleo continuo
5400,grupo_ocu9_damian,9,9,187,56523,56689,TRUE,0.5938038408202715,TRUE,1,TRUE,102,85,0.6620063675374241,0.5165064210313992,1,1,TRUE,TRUE,TRUE,TRUE,TRUE,concordancia_estable_panel,CONSENSO_PANEL_1806,clase_ocupacional,consenso_clasificaciones_panel_ENOE,Misma categoria en ambas mediciones; destino historico oficial; empleo continuo
5420,grupo_ocu9_damian,9,9,54,13530,13988,TRUE,0.5971400829729014,TRUE,1,TRUE,28,26,0.582135438304944,0.6141391320719194,1,1,TRUE,TRUE,TRUE,TRUE,TRUE,concordancia_estable_panel,CONSENSO_PANEL_1807,clase_ocupacional,consenso_clasificaciones_panel_ENOE,Misma categoria en ambas mediciones; destino historico oficial; empleo continuo
5430,grupo_ocu9_damian,9,9,39,11902,12144,TRUE,0.6397548914211998,TRUE,1,TRUE,16,23,0.8383190883190883,0.5194233425414365,1,1,TRUE,TRUE,TRUE,TRUE,TRUE,concordancia_estable_panel,CONSENSO_PANEL_1808,clase_ocupacional,consenso_clasificaciones_panel_ENOE,Misma categoria en ambas mediciones; destino historico oficial; empleo continuo
5440,grupo_ocu9_damian,9,9,211,57284,57895,TRUE,0.5670335761799177,TRUE,1,TRUE,109,102,0.5198871503738577,0.6300175730669626,1,1,TRUE,TRUE,TRUE,TRUE,TRUE,concordancia_estable_panel,CONSENSO_PANEL_1809,clase_ocupacional,consenso_clasificaciones_panel_ENOE,Misma categoria en ambas mediciones; destino historico oficial; empleo continuo
5460,grupo_ocu9_damian,9,9,709,223716,224569,TRUE,0.8544028964363597,TRUE,1,TRUE,352,357,0.8797930118179064,0.8298581901213796,1,1,TRUE,TRUE,TRUE,TRUE,TRUE,concordancia_estable_panel,CONSENSO_PANEL_1810,clase_ocupacional,consenso_clasificaciones_panel_ENOE,Misma categoria en ambas mediciones; destino historico oficial; empleo continuo
5470,grupo_ocu9_damian,9,9,27,9365,9378,TRUE,0.7358950180732359,TRUE,1,TRUE,12,15,0.6719594041578,0.7949221701677497,1,1,TRUE,TRUE,TRUE,TRUE,TRUE,concordancia_estable_panel,CONSENSO_PANEL_1811,clase_ocupacional,consenso_clasificaciones_panel_ENOE,Misma categoria en ambas mediciones; destino historico oficial; empleo continuo
5500,grupo_ocu9_damian,6,6,24,8909,8950,TRUE,0.7828646748681898,TRUE,1,TRUE,17,7,0.875,0.7066473988439307,1,1,TRUE,TRUE,TRUE,TRUE,TRUE,concordancia_estable_panel,CONSENSO_PANEL_1812,clase_ocupacional,consenso_clasificaciones_panel_ENOE,Misma categoria en ambas mediciones; destino historico oficial; empleo continuo
5501,grupo_ocu9_damian,8,8,59,15883,15923,TRUE,0.9157633763837638,TRUE,1,TRUE,32,27,0.9511219728949123,0.8776072884200432,1,1,TRUE,TRUE,TRUE,TRUE,TRUE,concordancia_estable_panel,CONSENSO_PANEL_1813,clase_ocupacional,consenso_clasificaciones_panel_ENOE,Misma categoria en ambas mediciones; destino historico oficial; empleo continuo
5502,grupo_ocu9_damian,8,8,103,21871,22148,TRUE,0.6565896127289103,TRUE,1,TRUE,51,52,0.6451182444955149,0.6643963473084102,1,1,TRUE,TRUE,TRUE,TRUE,TRUE,concordancia_estable_panel,CONSENSO_PANEL_1814,clase_ocupacional,consenso_clasificaciones_panel_ENOE,Misma categoria en ambas mediciones; destino historico oficial; empleo continuo
5520,grupo_ocu9_damian,8,8,1215,371037,369210,TRUE,0.9534500657840638,TRUE,1,TRUE,580,635,0.948179324138595,0.9583252951855205,1,1,TRUE,TRUE,TRUE,TRUE,TRUE,concordancia_estable_panel,CONSENSO_PANEL_1815,clase_ocupacional,consenso_clasificaciones_panel_ENOE,Misma categoria en ambas mediciones; destino historico oficial; empleo continuo
5521,grupo_ocu9_damian,8,8,384,122701,122362,TRUE,0.8087012113942238,TRUE,1,TRUE,203,181,0.8084858160383152,0.8089507226584728,1,1,TRUE,TRUE,TRUE,TRUE,TRUE,concordancia_estable_panel,CONSENSO_PANEL_1816,clase_ocupacional,consenso_clasificaciones_panel_ENOE,Misma categoria en ambas mediciones; destino historico oficial; empleo continuo
5550,grupo_ocu9_damian,9,9,38,10416,10557,TRUE,0.6880243080784728,TRUE,1,TRUE,22,16,0.7979905617293348,0.6037339556592766,1,1,TRUE,TRUE,TRUE,TRUE,TRUE,concordancia_estable_panel,CONSENSO_PANEL_1817,clase_ocupacional,consenso_clasificaciones_panel_ENOE,Misma categoria en ambas mediciones; destino historico oficial; empleo continuo
6200,grupo_ocu9_damian,3,3,939,219884,218958,TRUE,0.8668898114308468,TRUE,1,TRUE,448,491,0.887424643733446,0.847531880672462,1,1,TRUE,TRUE,TRUE,TRUE,TRUE,concordancia_estable_panel,CONSENSO_PANEL_1818,clase_ocupacional,consenso_clasificaciones_panel_ENOE,Misma categoria en ambas mediciones; destino historico oficial; empleo continuo
6202,grupo_ocu9_damian,3,3,131,33527,33293,TRUE,0.6532039667231672,TRUE,1,TRUE,68,63,0.6496347699050402,0.657284837349146,1,1,TRUE,TRUE,TRUE,TRUE,TRUE,concordancia_estable_panel,CONSENSO_PANEL_1819,clase_ocupacional,consenso_clasificaciones_panel_ENOE,Misma categoria en ambas mediciones; destino historico oficial; empleo continuo
6210,grupo_ocu9_damian,3,3,331,87975,88286,TRUE,0.7127637164986875,TRUE,1,TRUE,172,159,0.7212728884541314,0.7031654080893762,1,1,TRUE,TRUE,TRUE,TRUE,TRUE,concordancia_estable_panel,CONSENSO_PANEL_1820,clase_ocupacional,consenso_clasificaciones_panel_ENOE,Misma categoria en ambas mediciones; destino historico oficial; empleo continuo
6211,grupo_ocu9_damian,3,3,19,6224,6252,TRUE,0.7222931414645468,TRUE,1,TRUE,7,12,0.7329824561403508,0.7170105774232703,1,1,TRUE,TRUE,TRUE,TRUE,TRUE,concordancia_estable_panel,CONSENSO_PANEL_1821,clase_ocupacional,consenso_clasificaciones_panel_ENOE,Misma categoria en ambas mediciones; destino historico oficial; empleo continuo
6221,grupo_ocu9_damian,3,3,198,56367,56635,TRUE,0.5637320105211573,TRUE,1,TRUE,89,109,0.5407098121085595,0.5811811037465497,1,1,TRUE,TRUE,TRUE,TRUE,TRUE,concordancia_estable_panel,CONSENSO_PANEL_1822,clase_ocupacional,consenso_clasificaciones_panel_ENOE,Misma categoria en ambas mediciones; destino historico oficial; empleo continuo
6230,grupo_ocu9_damian,3,3,208,51388,51717,TRUE,0.7147248223201992,TRUE,1,TRUE,105,103,0.7837195305446886,0.6554345858439576,1,1,TRUE,TRUE,TRUE,TRUE,TRUE,concordancia_estable_panel,CONSENSO_PANEL_1823,clase_ocupacional,consenso_clasificaciones_panel_ENOE,Misma categoria en ambas mediciones; destino historico oficial; empleo continuo
6240,grupo_ocu9_damian,3,3,25,7765,8423,TRUE,0.6361104284426968,TRUE,1,TRUE,11,14,0.576912963449908,0.6628986197049024,1,1,TRUE,TRUE,TRUE,TRUE,TRUE,concordancia_estable_panel,CONSENSO_PANEL_1824,clase_ocupacional,consenso_clasificaciones_panel_ENOE,Misma categoria en ambas mediciones; destino historico oficial; empleo continuo
6250,grupo_ocu9_damian,9,9,17,5821,5842,TRUE,0.681057681057681,TRUE,1,TRUE,5,12,0.7874015748031497,0.6667109281635905,1,1,TRUE,TRUE,TRUE,TRUE,TRUE,concordancia_estable_panel,CONSENSO_PANEL_1825,clase_ocupacional,consenso_clasificaciones_panel_ENOE,Misma categoria en ambas mediciones; destino historico oficial; empleo continuo
6270,grupo_ocu9_damian,3,3,798,171080,173371,TRUE,0.5867242827991838,TRUE,1,TRUE,400,398,0.5575177387941062,0.6157353604681369,1,1,TRUE,TRUE,TRUE,TRUE,TRUE,concordancia_estable_panel,CONSENSO_PANEL_1826,clase_ocupacional,consenso_clasificaciones_panel_ENOE,Misma categoria en ambas mediciones; destino historico oficial; empleo continuo
7100,grupo_ocu9_damian,4,4,1370,427825,427321,TRUE,0.8493950548163325,TRUE,1,TRUE,682,688,0.8484268741660101,0.8503401627445287,1,1,TRUE,TRUE,TRUE,TRUE,TRUE,concordancia_estable_panel,CONSENSO_PANEL_1827,clase_ocupacional,consenso_clasificaciones_panel_ENOE,Misma categoria en ambas mediciones; destino historico oficial; empleo continuo
7110,grupo_ocu9_damian,4,4,94,19756,19698,TRUE,0.7502088554720133,TRUE,1,TRUE,46,48,0.7893524443306885,0.7188120166974612,1,1,TRUE,TRUE,TRUE,TRUE,TRUE,concordancia_estable_panel,CONSENSO_PANEL_1828,clase_ocupacional,consenso_clasificaciones_panel_ENOE,Misma categoria en ambas mediciones; destino historico oficial; empleo continuo
7111,grupo_ocu9_damian,4,4,1944,521994,524076,TRUE,0.8162201380397357,TRUE,1,TRUE,985,959,0.8387061724818006,0.7958827540819577,1,1,TRUE,TRUE,TRUE,TRUE,TRUE,concordancia_estable_panel,CONSENSO_PANEL_1829,clase_ocupacional,consenso_clasificaciones_panel_ENOE,Misma categoria en ambas mediciones; destino historico oficial; empleo continuo
7120,grupo_ocu9_damian,4,4,22,6337,6508,TRUE,0.9655645284168826,TRUE,1,TRUE,10,12,0.9310555216595485,1,1,1,TRUE,TRUE,TRUE,TRUE,TRUE,concordancia_estable_panel,CONSENSO_PANEL_1830,clase_ocupacional,consenso_clasificaciones_panel_ENOE,Misma categoria en ambas mediciones; destino historico oficial; empleo continuo
7130,grupo_ocu9_damian,4,4,175,44678,45421,TRUE,0.7906211290037162,TRUE,1,TRUE,87,88,0.8695441319107663,0.7081976702119962,1,1,TRUE,TRUE,TRUE,TRUE,TRUE,concordancia_estable_panel,CONSENSO_PANEL_1831,clase_ocupacional,consenso_clasificaciones_panel_ENOE,Misma categoria en ambas mediciones; destino historico oficial; empleo continuo
7131,grupo_ocu9_damian,4,4,45,13809,14058,TRUE,0.7942140679818255,TRUE,1,TRUE,26,19,0.6817190226876091,0.9196982601289695,1,1,TRUE,TRUE,TRUE,TRUE,TRUE,concordancia_estable_panel,CONSENSO_PANEL_1832,clase_ocupacional,consenso_clasificaciones_panel_ENOE,Misma categoria en ambas mediciones; destino historico oficial; empleo continuo
7133,grupo_ocu9_damian,4,4,33,8406,8755,TRUE,0.6632999289828769,TRUE,1,TRUE,18,15,0.6938300349243306,0.5990693117805536,1,1,TRUE,TRUE,TRUE,TRUE,TRUE,concordancia_estable_panel,CONSENSO_PANEL_1833,clase_ocupacional,consenso_clasificaciones_panel_ENOE,Misma categoria en ambas mediciones; destino historico oficial; empleo continuo
7134,grupo_ocu9_damian,2,2,17,5780,5340,TRUE,0.9108099590293098,TRUE,1,TRUE,6,11,0.9757391963608795,0.8032649644202595,1,1,TRUE,TRUE,TRUE,TRUE,TRUE,concordancia_estable_panel,CONSENSO_PANEL_1834,clase_ocupacional,consenso_clasificaciones_panel_ENOE,Misma categoria en ambas mediciones; destino historico oficial; empleo continuo
7200,grupo_ocu9_damian,9,9,13,4167,4178,TRUE,0.8407990314769975,TRUE,1,TRUE,8,5,0.8361062825925006,0.8611410118406889,1,1,TRUE,TRUE,TRUE,TRUE,TRUE,concordancia_estable_panel,CONSENSO_PANEL_1835,clase_ocupacional,consenso_clasificaciones_panel_ENOE,Misma categoria en ambas mediciones; destino historico oficial; empleo continuo
7201,grupo_ocu9_damian,4,4,548,157298,159838,TRUE,0.5440917046578716,TRUE,1,TRUE,271,277,0.5201650709353335,0.5685431135169915,1,1,TRUE,TRUE,TRUE,TRUE,TRUE,concordancia_estable_panel,CONSENSO_PANEL_1836,clase_ocupacional,consenso_clasificaciones_panel_ENOE,Misma categoria en ambas mediciones; destino historico oficial; empleo continuo
7210,grupo_ocu9_damian,9,9,493,147841,150044,TRUE,0.6593451191665477,TRUE,1,TRUE,232,261,0.5952686712286045,0.7199798621599569,1,1,TRUE,TRUE,TRUE,TRUE,TRUE,concordancia_estable_panel,CONSENSO_PANEL_1837,clase_ocupacional,consenso_clasificaciones_panel_ENOE,Misma categoria en ambas mediciones; destino historico oficial; empleo continuo
7211,grupo_ocu9_damian,9,9,35,12893,12756,TRUE,0.9556033204862141,TRUE,1,TRUE,14,21,0.9697663765460376,0.9422439867492438,1,1,TRUE,TRUE,TRUE,TRUE,TRUE,concordancia_estable_panel,CONSENSO_PANEL_1838,clase_ocupacional,consenso_clasificaciones_panel_ENOE,Misma categoria en ambas mediciones; destino historico oficial; empleo continuo
7212,grupo_ocu9_damian,9,9,33,7252,7375,TRUE,1,TRUE,1,TRUE,11,22,1,1,1,1,TRUE,TRUE,TRUE,TRUE,TRUE,concordancia_estable_panel,CONSENSO_PANEL_1839,clase_ocupacional,consenso_clasificaciones_panel_ENOE,Misma categoria en ambas mediciones; destino historico oficial; empleo continuo
8100,grupo_ocu9_damian,5,5,544,139783,139896,TRUE,0.717476106885118,TRUE,1,TRUE,277,267,0.7094605706767536,0.7254710984436835,1,1,TRUE,TRUE,TRUE,TRUE,TRUE,concordancia_estable_panel,CONSENSO_PANEL_1840,clase_ocupacional,consenso_clasificaciones_panel_ENOE,Misma categoria en ambas mediciones; destino historico oficial; empleo continuo
8101,grupo_ocu9_damian,5,5,294,71358,72715,TRUE,0.8009113764927719,TRUE,1,TRUE,160,134,0.8137504033559213,0.7847995545657016,1,1,TRUE,TRUE,TRUE,TRUE,TRUE,concordancia_estable_panel,CONSENSO_PANEL_1841,clase_ocupacional,consenso_clasificaciones_panel_ENOE,Misma categoria en ambas mediciones; destino historico oficial; empleo continuo
8110,grupo_ocu9_damian,9,9,82,13490,13756,TRUE,0.874327564975047,TRUE,1,TRUE,45,37,0.8615737388365918,0.8891222175556489,1,1,TRUE,TRUE,TRUE,TRUE,TRUE,concordancia_estable_panel,CONSENSO_PANEL_1842,clase_ocupacional,consenso_clasificaciones_panel_ENOE,Misma categoria en ambas mediciones; destino historico oficial; empleo continuo
8111,grupo_ocu9_damian,9,9,32,12251,12399,TRUE,0.9762530878954498,TRUE,1,TRUE,13,19,0.9436566458687843,1,1,1,TRUE,TRUE,TRUE,TRUE,TRUE,concordancia_estable_panel,CONSENSO_PANEL_1843,clase_ocupacional,consenso_clasificaciones_panel_ENOE,Misma categoria en ambas mediciones; destino historico oficial; empleo continuo
8120,grupo_ocu9_damian,5,5,12,8424,9723,TRUE,0.7754050073637703,TRUE,1,TRUE,7,5,0.7369013179042109,0.8270142180094787,1,1,TRUE,TRUE,TRUE,TRUE,TRUE,concordancia_estable_panel,CONSENSO_PANEL_1844,clase_ocupacional,consenso_clasificaciones_panel_ENOE,Misma categoria en ambas mediciones; destino historico oficial; empleo continuo
8122,grupo_ocu9_damian,9,9,73,18252,17853,TRUE,0.9748437750360519,TRUE,1,TRUE,34,39,0.9531593071480849,0.9917339667458432,1,1,TRUE,TRUE,TRUE,TRUE,TRUE,concordancia_estable_panel,CONSENSO_PANEL_1845,clase_ocupacional,consenso_clasificaciones_panel_ENOE,Misma categoria en ambas mediciones; destino historico oficial; empleo continuo
8123,grupo_ocu9_damian,9,9,90,21461,22030,TRUE,0.9899441856174178,TRUE,1,TRUE,40,50,0.9669145545606314,1,1,1,TRUE,TRUE,TRUE,TRUE,TRUE,concordancia_estable_panel,CONSENSO_PANEL_1846,clase_ocupacional,consenso_clasificaciones_panel_ENOE,Misma categoria en ambas mediciones; destino historico oficial; empleo continuo
8124,grupo_ocu9_damian,9,9,873,218168,220793,TRUE,0.8127768484816875,TRUE,1,TRUE,441,432,0.8094265230272829,0.816049964647655,1,1,TRUE,TRUE,TRUE,TRUE,TRUE,concordancia_estable_panel,CONSENSO_PANEL_1847,clase_ocupacional,consenso_clasificaciones_panel_ENOE,Misma categoria en ambas mediciones; destino historico oficial; empleo continuo
8125,grupo_ocu9_damian,5,5,140,42159,41578,TRUE,0.7547261009667025,TRUE,1,TRUE,72,68,0.8527901285630579,0.6487503259209595,1,1,TRUE,TRUE,TRUE,TRUE,TRUE,concordancia_estable_panel,CONSENSO_PANEL_1848,clase_ocupacional,consenso_clasificaciones_panel_ENOE,Misma categoria en ambas mediciones; destino historico oficial; empleo continuo
8126,grupo_ocu9_damian,9,9,89,21943,22253,TRUE,0.561216399396404,TRUE,1,TRUE,43,46,0.5848915081703724,0.5395908779485171,1,1,TRUE,TRUE,TRUE,TRUE,TRUE,concordancia_estable_panel,CONSENSO_PANEL_1849,clase_ocupacional,consenso_clasificaciones_panel_ENOE,Misma categoria en ambas mediciones; destino historico oficial; empleo continuo
8130,grupo_ocu9_damian,5,5,388,106548,105368,TRUE,0.9985099384295313,TRUE,1,TRUE,192,196,0.9971419327006039,1,1,1,TRUE,TRUE,TRUE,TRUE,TRUE,concordancia_estable_panel,CONSENSO_PANEL_1850,clase_ocupacional,consenso_clasificaciones_panel_ENOE,Misma categoria en ambas mediciones; destino historico oficial; empleo continuo
8131,grupo_ocu9_damian,5,5,42,12324,12110,TRUE,0.9841092390002396,TRUE,1,TRUE,21,21,0.9676790644794543,1,1,1,TRUE,TRUE,TRUE,TRUE,TRUE,concordancia_estable_panel,CONSENSO_PANEL_1851,clase_ocupacional,consenso_clasificaciones_panel_ENOE,Misma categoria en ambas mediciones; destino historico oficial; empleo continuo
8132,grupo_ocu9_damian,5,5,13,2504,2599,TRUE,0.7091475502690456,TRUE,1,TRUE,5,8,0.523517382413088,0.8410852713178295,1,1,TRUE,TRUE,TRUE,TRUE,TRUE,concordancia_estable_panel,CONSENSO_PANEL_1852,clase_ocupacional,consenso_clasificaciones_panel_ENOE,Misma categoria en ambas mediciones; destino historico oficial; empleo continuo
8140,grupo_ocu9_damian,4,4,32,5618,5811,TRUE,0.6409583571021107,TRUE,1,TRUE,19,13,0.6099670510708401,0.6794576618060885,1,1,TRUE,TRUE,TRUE,TRUE,TRUE,concordancia_estable_panel,CONSENSO_PANEL_1853,clase_ocupacional,consenso_clasificaciones_panel_ENOE,Misma categoria en ambas mediciones; destino historico oficial; empleo continuo
8201,grupo_ocu9_damian,5,5,101,32130,31696,TRUE,0.6889084242801089,TRUE,1,TRUE,48,53,0.5900627670235772,0.7566112716763006,1,1,TRUE,TRUE,TRUE,TRUE,TRUE,concordancia_estable_panel,CONSENSO_PANEL_1854,clase_ocupacional,consenso_clasificaciones_panel_ENOE,Misma categoria en ambas mediciones; destino historico oficial; empleo continuo
8202,grupo_ocu9_damian,8,8,23,9642,8972,TRUE,0.9407747097277783,TRUE,1,TRUE,13,10,1,0.8922230113636364,1,1,TRUE,TRUE,TRUE,TRUE,TRUE,concordancia_estable_panel,CONSENSO_PANEL_1855,clase_ocupacional,consenso_clasificaciones_panel_ENOE,Misma categoria en ambas mediciones; destino historico oficial; empleo continuo
8203,grupo_ocu9_damian,5,5,45,9891,9584,TRUE,0.7346802347173735,TRUE,1,TRUE,24,21,0.7758450286617908,0.7099000475963827,1,1,TRUE,TRUE,TRUE,TRUE,TRUE,concordancia_estable_panel,CONSENSO_PANEL_1856,clase_ocupacional,consenso_clasificaciones_panel_ENOE,Misma categoria en ambas mediciones; destino historico oficial; empleo continuo
8204,grupo_ocu9_damian,5,5,17,3597,3543,TRUE,0.9352574102964119,TRUE,1,TRUE,11,6,0.9200913242009132,0.9553140096618358,1,1,TRUE,TRUE,TRUE,TRUE,TRUE,concordancia_estable_panel,CONSENSO_PANEL_1857,clase_ocupacional,consenso_clasificaciones_panel_ENOE,Misma categoria en ambas mediciones; destino historico oficial; empleo continuo
8300,grupo_ocu9_damian,5,5,21,3697,3634,TRUE,0.9155522535908865,TRUE,1,TRUE,11,10,0.9404414827155352,0.8790470372632865,1,1,TRUE,TRUE,TRUE,TRUE,TRUE,concordancia_estable_panel,CONSENSO_PANEL_1858,clase_ocupacional,consenso_clasificaciones_panel_ENOE,Misma categoria en ambas mediciones; destino historico oficial; empleo continuo
8303,grupo_ocu9_damian,5,5,459,139020,138925,TRUE,0.8733015472174585,TRUE,1,TRUE,226,233,0.8771832284660447,0.8699514307449236,1,1,TRUE,TRUE,TRUE,TRUE,TRUE,concordancia_estable_panel,CONSENSO_PANEL_1859,clase_ocupacional,consenso_clasificaciones_panel_ENOE,Misma categoria en ambas mediciones; destino historico oficial; empleo continuo
8311,grupo_ocu9_damian,5,5,20,5005,4974,TRUE,0.7306569343065693,TRUE,1,TRUE,9,11,0.6776824034334764,0.7579646017699115,1,1,TRUE,TRUE,TRUE,TRUE,TRUE,concordancia_estable_panel,CONSENSO_PANEL_1860,clase_ocupacional,consenso_clasificaciones_panel_ENOE,Misma categoria en ambas mediciones; destino historico oficial; empleo continuo
1100,isco88_damian,2141,2141,39,9772,10338,TRUE,0.7081672584969926,TRUE,1,TRUE,18,21,0.6206753390534182,0.8043511334246158,1,1,TRUE,TRUE,TRUE,TRUE,TRUE,concordancia_estable_panel,CONSENSO_PANEL_1861,isco88,consenso_clasificaciones_panel_ENOE,Misma categoria en ambas mediciones; destino historico oficial; empleo continuo
1120,isco88_damian,2121,2121,36,9004,8731,TRUE,0.8107329371510895,TRUE,1,TRUE,14,22,0.850285472615775,0.7814019131252941,1,1,TRUE,TRUE,TRUE,TRUE,TRUE,concordancia_estable_panel,CONSENSO_PANEL_1862,isco88,consenso_clasificaciones_panel_ENOE,Misma categoria en ambas mediciones; destino historico oficial; empleo continuo
1121,isco88_damian,2212,2212,15,4347,4136,TRUE,0.5504622008357604,TRUE,1,TRUE,7,8,0.5240816326530612,0.5935935935935935,1,1,TRUE,TRUE,TRUE,TRUE,TRUE,concordancia_estable_panel,CONSENSO_PANEL_1863,isco88,consenso_clasificaciones_panel_ENOE,Misma categoria en ambas mediciones; destino historico oficial; empleo continuo
1130,isco88_damian,2221,2221,341,78555,80671,TRUE,0.9201925780151813,TRUE,1,TRUE,162,179,0.9231728045325779,0.9170040976650583,1,1,TRUE,TRUE,TRUE,TRUE,TRUE,concordancia_estable_panel,CONSENSO_PANEL_1864,isco88,consenso_clasificaciones_panel_ENOE,Misma categoria en ambas mediciones; destino historico oficial; empleo continuo
1131,isco88_damian,3231,3231,242,54158,54964,TRUE,0.9506740626316529,TRUE,1,TRUE,120,122,0.9293001355496897,0.9713831478537361,1,1,TRUE,TRUE,TRUE,TRUE,TRUE,concordancia_estable_panel,CONSENSO_PANEL_1865,isco88,consenso_clasificaciones_panel_ENOE,Misma categoria en ambas mediciones; destino historico oficial; empleo continuo
1132,isco88_damian,2222,2222,119,33388,33211,TRUE,0.987080561714708,TRUE,1,TRUE,58,61,0.9850212765957447,0.989320987654321,1,1,TRUE,TRUE,TRUE,TRUE,TRUE,concordancia_estable_panel,CONSENSO_PANEL_1866,isco88,consenso_clasificaciones_panel_ENOE,Misma categoria en ambas mediciones; destino historico oficial; empleo continuo
1134,isco88_damian,3223,3223,16,5260,5340,TRUE,0.9872372372372372,TRUE,1,TRUE,11,5,0.9425190194420964,1,1,1,TRUE,TRUE,TRUE,TRUE,TRUE,concordancia_estable_panel,CONSENSO_PANEL_1867,isco88,consenso_clasificaciones_panel_ENOE,Misma categoria en ambas mediciones; destino historico oficial; empleo continuo
1150,isco88_damian,2213,2213,18,2207,2196,TRUE,0.513733705772812,TRUE,1,TRUE,9,9,0.5010245901639344,0.5409356725146199,1,1,TRUE,TRUE,TRUE,TRUE,TRUE,concordancia_estable_panel,CONSENSO_PANEL_1868,isco88,consenso_clasificaciones_panel_ENOE,Misma categoria en ambas mediciones; destino historico oficial; empleo continuo
1151,isco88_damian,2223,2223,32,8666,8785,TRUE,0.8776584970629937,TRUE,1,TRUE,17,15,0.917193789534215,0.833369121752201,1,1,TRUE,TRUE,TRUE,TRUE,TRUE,concordancia_estable_panel,CONSENSO_PANEL_1869,isco88,consenso_clasificaciones_panel_ENOE,Misma categoria en ambas mediciones; destino historico oficial; empleo continuo
1160,isco88_damian,2421,2421,284,74179,75847,TRUE,0.7839011709007905,TRUE,1,TRUE,141,143,0.7644574849824548,0.8060968158055537,1,1,TRUE,TRUE,TRUE,TRUE,TRUE,concordancia_estable_panel,CONSENSO_PANEL_1870,isco88,consenso_clasificaciones_panel_ENOE,Misma categoria en ambas mediciones; destino historico oficial; empleo continuo
1164,isco88_damian,2445,2445,53,17453,15788,TRUE,0.7719833687190375,TRUE,1,TRUE,27,26,0.8438399342195423,0.6411280259545795,1,1,TRUE,TRUE,TRUE,TRUE,TRUE,concordancia_estable_panel,CONSENSO_PANEL_1871,isco88,consenso_clasificaciones_panel_ENOE,Misma categoria en ambas mediciones; destino historico oficial; empleo continuo
1172,isco88_damian,2411,2411,297,67913,68256,TRUE,0.7137167118565694,TRUE,1,TRUE,163,134,0.6995550949666768,0.7339423788501289,1,1,TRUE,TRUE,TRUE,TRUE,TRUE,concordancia_estable_panel,CONSENSO_PANEL_1872,isco88,consenso_clasificaciones_panel_ENOE,Misma categoria en ambas mediciones; destino historico oficial; empleo continuo
1200,isco88_damian,3112,3112,25,7067,7108,TRUE,0.6946137212502457,TRUE,1,TRUE,13,12,0.6563150589868147,0.744671201814059,1,1,TRUE,TRUE,TRUE,TRUE,TRUE,concordancia_estable_panel,CONSENSO_PANEL_1873,isco88,consenso_clasificaciones_panel_ENOE,Misma categoria en ambas mediciones; destino historico oficial; empleo continuo
1206,isco88_damian,3131,3131,61,14381,14602,TRUE,0.7450137284359944,TRUE,1,TRUE,34,27,0.9182291666666667,0.5736370194785118,1,1,TRUE,TRUE,TRUE,TRUE,TRUE,concordancia_estable_panel,CONSENSO_PANEL_1874,isco88,consenso_clasificaciones_panel_ENOE,Misma categoria en ambas mediciones; destino historico oficial; empleo continuo
1220,isco88_damian,3231,3231,301,97064,97509,TRUE,0.7366671473349473,TRUE,1,TRUE,164,137,0.8017414321538033,0.6587919507844151,1,1,TRUE,TRUE,TRUE,TRUE,TRUE,concordancia_estable_panel,CONSENSO_PANEL_1875,isco88,consenso_clasificaciones_panel_ENOE,Misma categoria en ambas mediciones; destino historico oficial; empleo continuo
1300,isco88_damian,2310,2310,300,72444,71773,TRUE,0.8804890795726631,TRUE,1,TRUE,160,140,0.9426886145404664,0.8310166495733956,1,1,TRUE,TRUE,TRUE,TRUE,TRUE,concordancia_estable_panel,CONSENSO_PANEL_1876,isco88,consenso_clasificaciones_panel_ENOE,Misma categoria en ambas mediciones; destino historico oficial; empleo continuo
1310,isco88_damian,2320,2320,172,49548,50110,TRUE,0.820181754978398,TRUE,1,TRUE,95,77,0.817675398976212,0.8232417925811552,1,1,TRUE,TRUE,TRUE,TRUE,TRUE,concordancia_estable_panel,CONSENSO_PANEL_1877,isco88,consenso_clasificaciones_panel_ENOE,Misma categoria en ambas mediciones; destino historico oficial; empleo continuo
1320,isco88_damian,2320,2320,386,103265,103974,TRUE,0.8096612069844207,TRUE,1,TRUE,172,214,0.7632137327241795,0.8419604402616048,1,1,TRUE,TRUE,TRUE,TRUE,TRUE,concordancia_estable_panel,CONSENSO_PANEL_1878,isco88,consenso_clasificaciones_panel_ENOE,Misma categoria en ambas mediciones; destino historico oficial; empleo continuo
1330,isco88_damian,2331,2331,651,183117,183325,TRUE,0.9207411504424778,TRUE,1,TRUE,307,344,0.9265199071287299,0.9156620814753231,1,1,TRUE,TRUE,TRUE,TRUE,TRUE,concordancia_estable_panel,CONSENSO_PANEL_1879,isco88,consenso_clasificaciones_panel_ENOE,Misma categoria en ambas mediciones; destino historico oficial; empleo continuo
1340,isco88_damian,2332,2332,227,60980,62942,TRUE,0.8355141467424814,TRUE,1,TRUE,120,107,0.8177193130393231,0.8524379811804962,1,1,TRUE,TRUE,TRUE,TRUE,TRUE,concordancia_estable_panel,CONSENSO_PANEL_1880,isco88,consenso_clasificaciones_panel_ENOE,Misma categoria en ambas mediciones; destino historico oficial; empleo continuo
1360,isco88_damian,2359,2359,19,7812,7543,TRUE,0.7909284195605953,TRUE,1,TRUE,13,6,0.8674356138410492,0.6544532130777903,1,1,TRUE,TRUE,TRUE,TRUE,TRUE,concordancia_estable_panel,CONSENSO_PANEL_1881,isco88,consenso_clasificaciones_panel_ENOE,Misma categoria en ambas mediciones; destino historico oficial; empleo continuo
1364,isco88_damian,2320,2320,26,5774,5708,TRUE,0.6889392673905262,TRUE,1,TRUE,13,13,0.8305893581484133,0.547255369928401,1,1,TRUE,TRUE,TRUE,TRUE,TRUE,concordancia_estable_panel,CONSENSO_PANEL_1882,isco88,consenso_clasificaciones_panel_ENOE,Misma categoria en ambas mediciones; destino historico oficial; empleo continuo
1401,isco88_damian,2451,2451,24,6669,7676,TRUE,0.6933873986275733,TRUE,1,TRUE,10,14,0.7848746081504702,0.5899424014178113,1,1,TRUE,TRUE,TRUE,TRUE,TRUE,concordancia_estable_panel,CONSENSO_PANEL_1883,isco88,consenso_clasificaciones_panel_ENOE,Misma categoria en ambas mediciones; destino historico oficial; empleo continuo
1412,isco88_damian,2453,2453,72,17197,18256,TRUE,0.9196748489224023,TRUE,1,TRUE,33,39,1,0.8603050595238095,1,1,TRUE,TRUE,TRUE,TRUE,TRUE,concordancia_estable_panel,CONSENSO_PANEL_1884,isco88,consenso_clasificaciones_panel_ENOE,Misma categoria en ambas mediciones; destino historico oficial; empleo continuo
1420,isco88_damian,2444,2444,13,2927,2713,TRUE,0.847178002894356,TRUE,1,TRUE,8,5,0.6086601307189542,0.9780367548184671,1,1,TRUE,TRUE,TRUE,TRUE,TRUE,concordancia_estable_panel,CONSENSO_PANEL_1885,isco88,consenso_clasificaciones_panel_ENOE,Misma categoria en ambas mediciones; destino historico oficial; empleo continuo
1423,isco88_damian,3471,3471,58,17052,17172,TRUE,0.6040596549647526,TRUE,1,TRUE,32,26,0.5167573036549893,0.7152637937978252,1,1,TRUE,TRUE,TRUE,TRUE,TRUE,concordancia_estable_panel,CONSENSO_PANEL_1886,isco88,consenso_clasificaciones_panel_ENOE,Misma categoria en ambas mediciones; destino historico oficial; empleo continuo
4101,isco88_damian,6111,6111,41,12106,12119,TRUE,0.5364232541651897,TRUE,1,TRUE,20,21,0.5272608248386795,0.5446736842105263,1,1,TRUE,TRUE,TRUE,TRUE,TRUE,concordancia_estable_panel,CONSENSO_PANEL_1887,isco88,consenso_clasificaciones_panel_ENOE,Misma categoria en ambas mediciones; destino historico oficial; empleo continuo
4110,isco88_damian,6121,6121,185,53213,53365,TRUE,0.6230300901533778,TRUE,1,TRUE,117,68,0.6209700948212983,0.6267255479228001,1,1,TRUE,TRUE,TRUE,TRUE,TRUE,concordancia_estable_panel,CONSENSO_PANEL_1888,isco88,consenso_clasificaciones_panel_ENOE,Misma categoria en ambas mediciones; destino historico oficial; empleo continuo
4111,isco88_damian,6121,6121,24,7724,7476,TRUE,0.7048731520350429,TRUE,1,TRUE,17,7,0.7188748046535857,0.6893633391036738,1,1,TRUE,TRUE,TRUE,TRUE,TRUE,concordancia_estable_panel,CONSENSO_PANEL_1889,isco88,consenso_clasificaciones_panel_ENOE,Misma categoria en ambas mediciones; destino historico oficial; empleo continuo
4112,isco88_damian,6122,6122,40,8967,9069,TRUE,0.6466431095406361,TRUE,1,TRUE,12,28,0.5027062706270627,0.8199300699300699,1,1,TRUE,TRUE,TRUE,TRUE,TRUE,concordancia_estable_panel,CONSENSO_PANEL_1890,isco88,consenso_clasificaciones_panel_ENOE,Misma categoria en ambas mediciones; destino historico oficial; empleo continuo
4113,isco88_damian,6121,6121,53,18656,18653,TRUE,0.8518332496233049,TRUE,1,TRUE,26,27,0.7481437481437482,0.9405932203389831,1,1,TRUE,TRUE,TRUE,TRUE,TRUE,concordancia_estable_panel,CONSENSO_PANEL_1891,isco88,consenso_clasificaciones_panel_ENOE,Misma categoria en ambas mediciones; destino historico oficial; empleo continuo
4150,isco88_damian,6153,6153,132,32044,32383,TRUE,0.9793997188092182,TRUE,1,TRUE,68,64,0.9852182880715022,0.9698097936058276,1,1,TRUE,TRUE,TRUE,TRUE,TRUE,concordancia_estable_panel,CONSENSO_PANEL_1892,isco88,consenso_clasificaciones_panel_ENOE,Misma categoria en ambas mediciones; destino historico oficial; empleo continuo
5200,isco88_damian,7411,7411,136,53547,52872,TRUE,0.8557524811020728,TRUE,1,TRUE,69,67,0.8569776624548736,0.8541505328760556,1,1,TRUE,TRUE,TRUE,TRUE,TRUE,concordancia_estable_panel,CONSENSO_PANEL_1893,isco88,consenso_clasificaciones_panel_ENOE,Misma categoria en ambas mediciones; destino historico oficial; empleo continuo
5201,isco88_damian,7411,7411,20,6308,6315,TRUE,0.8459165884403915,TRUE,1,TRUE,8,12,1,0.7800114876507754,1,1,TRUE,TRUE,TRUE,TRUE,TRUE,concordancia_estable_panel,CONSENSO_PANEL_1894,isco88,consenso_clasificaciones_panel_ENOE,Misma categoria en ambas mediciones; destino historico oficial; empleo continuo
5202,isco88_damian,7412,7412,419,123268,123939,TRUE,0.7498555256130276,TRUE,1,TRUE,222,197,0.8103571012541904,0.6962055825911303,1,1,TRUE,TRUE,TRUE,TRUE,TRUE,concordancia_estable_panel,CONSENSO_PANEL_1895,isco88,consenso_clasificaciones_panel_ENOE,Misma categoria en ambas mediciones; destino historico oficial; empleo continuo
5204,isco88_damian,7412,7412,61,16452,16940,TRUE,0.8728314499442942,TRUE,1,TRUE,25,36,0.8134771875285728,0.9548786653185035,1,1,TRUE,TRUE,TRUE,TRUE,TRUE,concordancia_estable_panel,CONSENSO_PANEL_1896,isco88,consenso_clasificaciones_panel_ENOE,Misma categoria en ambas mediciones; destino historico oficial; empleo continuo
5208,isco88_damian,5122,5122,298,81806,82225,TRUE,0.6914897213957263,TRUE,1,TRUE,153,145,0.7085664620566028,0.6765381993436593,1,1,TRUE,TRUE,TRUE,TRUE,TRUE,concordancia_estable_panel,CONSENSO_PANEL_1897,isco88,consenso_clasificaciones_panel_ENOE,Misma categoria en ambas mediciones; destino historico oficial; empleo continuo
5221,isco88_damian,7423,7423,92,26529,26352,TRUE,0.7734627831715211,TRUE,1,TRUE,47,45,0.72330956354625,0.8417320666391298,1,1,TRUE,TRUE,TRUE,TRUE,TRUE,concordancia_estable_panel,CONSENSO_PANEL_1898,isco88,consenso_clasificaciones_panel_ENOE,Misma categoria en ambas mediciones; destino historico oficial; empleo continuo
5222,isco88_damian,7433,7433,238,60129,60949,TRUE,0.8533051400675503,TRUE,1,TRUE,110,128,0.8868112139207291,0.8178979014039287,1,1,TRUE,TRUE,TRUE,TRUE,TRUE,concordancia_estable_panel,CONSENSO_PANEL_1899,isco88,consenso_clasificaciones_panel_ENOE,Misma categoria en ambas mediciones; destino historico oficial; empleo continuo
5224,isco88_damian,7436,7436,31,7492,7361,TRUE,0.7406821552150272,TRUE,1,TRUE,18,13,0.8656182987848463,0.6520784048665089,1,1,TRUE,TRUE,TRUE,TRUE,TRUE,concordancia_estable_panel,CONSENSO_PANEL_1900,isco88,consenso_clasificaciones_panel_ENOE,Misma categoria en ambas mediciones; destino historico oficial; empleo continuo
5225,isco88_damian,7435,7435,16,3652,3376,TRUE,0.8008771929824562,TRUE,1,TRUE,8,8,0.7180156657963447,0.9191059073975519,1,1,TRUE,TRUE,TRUE,TRUE,TRUE,concordancia_estable_panel,CONSENSO_PANEL_1901,isco88,consenso_clasificaciones_panel_ENOE,Misma categoria en ambas mediciones; destino historico oficial; empleo continuo
5227,isco88_damian,7442,7442,52,19214,19120,TRUE,0.8732842468866466,TRUE,1,TRUE,19,33,0.811963058419244,0.9182821118991332,1,1,TRUE,TRUE,TRUE,TRUE,TRUE,concordancia_estable_panel,CONSENSO_PANEL_1902,isco88,consenso_clasificaciones_panel_ENOE,Misma categoria en ambas mediciones; destino historico oficial; empleo continuo
5230,isco88_damian,7124,7124,154,47751,47995,TRUE,0.7939841372773981,TRUE,1,TRUE,85,69,0.8602887848618712,0.726507196296172,1,1,TRUE,TRUE,TRUE,TRUE,TRUE,concordancia_estable_panel,CONSENSO_PANEL_1903,isco88,consenso_clasificaciones_panel_ENOE,Misma categoria en ambas mediciones; destino historico oficial; empleo continuo
5231,isco88_damian,7331,7331,39,14478,14275,TRUE,0.9210509574400407,TRUE,1,TRUE,23,16,0.9678571428571429,0.8776810883686726,1,1,TRUE,TRUE,TRUE,TRUE,TRUE,concordancia_estable_panel,CONSENSO_PANEL_1904,isco88,consenso_clasificaciones_panel_ENOE,Misma categoria en ambas mediciones; destino historico oficial; empleo continuo
5233,isco88_damian,7345,7345,18,2903,2931,TRUE,0.5757635858786196,TRUE,1,TRUE,8,10,0.6131889763779528,0.5504983388704319,1,1,TRUE,TRUE,TRUE,TRUE,TRUE,concordancia_estable_panel,CONSENSO_PANEL_1905,isco88,consenso_clasificaciones_panel_ENOE,Misma categoria en ambas mediciones; destino historico oficial; empleo continuo
5242,isco88_damian,7213,7213,111,31083,31558,TRUE,0.8218232774575643,TRUE,1,TRUE,51,60,0.8162094217947317,0.8270846138086457,1,1,TRUE,TRUE,TRUE,TRUE,TRUE,concordancia_estable_panel,CONSENSO_PANEL_1906,isco88,consenso_clasificaciones_panel_ENOE,Misma categoria en ambas mediciones; destino historico oficial; empleo continuo
5244,isco88_damian,7222,7222,26,5867,5963,TRUE,0.8382626089441348,TRUE,1,TRUE,15,11,0.7934383768616448,0.9260355029585798,1,1,TRUE,TRUE,TRUE,TRUE,TRUE,concordancia_estable_panel,CONSENSO_PANEL_1907,isco88,consenso_clasificaciones_panel_ENOE,Misma categoria en ambas mediciones; destino historico oficial; empleo continuo
5245,isco88_damian,7231,7231,309,85674,86199,TRUE,0.7749586171338634,TRUE,1,TRUE,157,152,0.8003905361340714,0.7517515785831675,1,1,TRUE,TRUE,TRUE,TRUE,TRUE,concordancia_estable_panel,CONSENSO_PANEL_1908,isco88,consenso_clasificaciones_panel_ENOE,Misma categoria en ambas mediciones; destino historico oficial; empleo continuo
5248,isco88_damian,7221,7221,109,31926,32156,TRUE,0.8726527265272652,TRUE,1,TRUE,56,53,0.8617278216442174,0.8882763201594155,1,1,TRUE,TRUE,TRUE,TRUE,TRUE,concordancia_estable_panel,CONSENSO_PANEL_1909,isco88,consenso_clasificaciones_panel_ENOE,Misma categoria en ambas mediciones; destino historico oficial; empleo continuo
5251,isco88_damian,7321,7321,46,15665,16267,TRUE,0.8173754239499087,TRUE,1,TRUE,25,21,0.7637367962011823,0.879945738186751,1,1,TRUE,TRUE,TRUE,TRUE,TRUE,concordancia_estable_panel,CONSENSO_PANEL_1910,isco88,consenso_clasificaciones_panel_ENOE,Misma categoria en ambas mediciones; destino historico oficial; empleo continuo
5260,isco88_damian,7122,7122,454,119100,119709,TRUE,0.7234096831210481,TRUE,1,TRUE,228,226,0.7104254726183288,0.7376498006902612,1,1,TRUE,TRUE,TRUE,TRUE,TRUE,concordancia_estable_panel,CONSENSO_PANEL_1911,isco88,consenso_clasificaciones_panel_ENOE,Misma categoria en ambas mediciones; destino historico oficial; empleo continuo
5261,isco88_damian,7141,7141,101,23481,23889,TRUE,0.7074721301596867,TRUE,1,TRUE,43,58,0.732840360188443,0.681566287071433,1,1,TRUE,TRUE,TRUE,TRUE,TRUE,concordancia_estable_panel,CONSENSO_PANEL_1912,isco88,consenso_clasificaciones_panel_ENOE,Misma categoria en ambas mediciones; destino historico oficial; empleo continuo
5271,isco88_damian,3114,3114,36,10790,10457,TRUE,0.5896174863387978,TRUE,1,TRUE,18,18,0.6106878657392072,0.5689711132749108,1,1,TRUE,TRUE,TRUE,TRUE,TRUE,concordancia_estable_panel,CONSENSO_PANEL_1913,isco88,consenso_clasificaciones_panel_ENOE,Misma categoria en ambas mediciones; destino historico oficial; empleo continuo
5272,isco88_damian,3114,3114,28,9311,9606,TRUE,0.6165000331060054,TRUE,1,TRUE,11,17,0.6661567877629063,0.5901954826293933,1,1,TRUE,TRUE,TRUE,TRUE,TRUE,concordancia_estable_panel,CONSENSO_PANEL_1914,isco88,consenso_clasificaciones_panel_ENOE,Misma categoria en ambas mediciones; destino historico oficial; empleo continuo
5280,isco88_damian,7331,7331,51,15976,15996,TRUE,0.5766884452947334,TRUE,1,TRUE,26,25,0.505055880787653,0.6889362490733877,1,1,TRUE,TRUE,TRUE,TRUE,TRUE,concordancia_estable_panel,CONSENSO_PANEL_1915,isco88,consenso_clasificaciones_panel_ENOE,Misma categoria en ambas mediciones; destino historico oficial; empleo continuo
5281,isco88_damian,7346,7346,29,3935,3662,TRUE,0.6112146629388009,TRUE,1,TRUE,5,24,0.6188023180940115,0.6088024564994883,1,1,TRUE,TRUE,TRUE,TRUE,TRUE,concordancia_estable_panel,CONSENSO_PANEL_1916,isco88,consenso_clasificaciones_panel_ENOE,Misma categoria en ambas mediciones; destino historico oficial; empleo continuo
5302,isco88_damian,8273,8273,28,8333,8312,TRUE,0.5296510519290663,TRUE,1,TRUE,18,10,0.5230783547366462,0.5438139161820734,1,1,TRUE,TRUE,TRUE,TRUE,TRUE,concordancia_estable_panel,CONSENSO_PANEL_1917,isco88,consenso_clasificaciones_panel_ENOE,Misma categoria en ambas mediciones; destino historico oficial; empleo continuo
5304,isco88_damian,8273,8273,12,3753,3893,TRUE,0.572889635170203,TRUE,1,TRUE,6,6,0.5183898059658268,0.6336346029696578,1,1,TRUE,TRUE,TRUE,TRUE,TRUE,concordancia_estable_panel,CONSENSO_PANEL_1918,isco88,consenso_clasificaciones_panel_ENOE,Misma categoria en ambas mediciones; destino historico oficial; empleo continuo
5306,isco88_damian,8279,8279,16,4987,4870,TRUE,0.5062430210130952,TRUE,1,TRUE,6,10,0.5082053996823717,0.5050222295405895,1,1,TRUE,TRUE,TRUE,TRUE,TRUE,concordancia_estable_panel,CONSENSO_PANEL_1919,isco88,consenso_clasificaciones_panel_ENOE,Misma categoria en ambas mediciones; destino historico oficial; empleo continuo
5320,isco88_damian,8269,8269,17,3318,3404,TRUE,0.6031630612615888,TRUE,1,TRUE,9,8,0.6403651776980763,0.5562859490550535,1,1,TRUE,TRUE,TRUE,TRUE,TRUE,concordancia_estable_panel,CONSENSO_PANEL_1920,isco88,consenso_clasificaciones_panel_ENOE,Misma categoria en ambas mediciones; destino historico oficial; empleo continuo
5322,isco88_damian,8269,8269,196,50987,51815,TRUE,0.6957073463595678,TRUE,1,TRUE,100,96,0.6879619260918253,0.7030717632027257,1,1,TRUE,TRUE,TRUE,TRUE,TRUE,concordancia_estable_panel,CONSENSO_PANEL_1921,isco88,consenso_clasificaciones_panel_ENOE,Misma categoria en ambas mediciones; destino historico oficial; empleo continuo
5323,isco88_damian,8263,8263,111,15279,15433,TRUE,0.630686039791959,TRUE,1,TRUE,49,62,0.67429236138038,0.5983465132997843,1,1,TRUE,TRUE,TRUE,TRUE,TRUE,concordancia_estable_panel,CONSENSO_PANEL_1922,isco88,consenso_clasificaciones_panel_ENOE,Misma categoria en ambas mediciones; destino historico oficial; empleo continuo
5383,isco88_damian,8232,8232,79,28711,28857,TRUE,0.6196797030130363,TRUE,1,TRUE,41,38,0.5685397344971813,0.6943249986728247,1,1,TRUE,TRUE,TRUE,TRUE,TRUE,concordancia_estable_panel,CONSENSO_PANEL_1923,isco88,consenso_clasificaciones_panel_ENOE,Misma categoria en ambas mediciones; destino historico oficial; empleo continuo
5420,isco88_damian,9322,9322,53,12961,13427,TRUE,0.5720275399417424,TRUE,1,TRUE,28,25,0.582135438304944,0.5605761084439423,1,1,TRUE,TRUE,TRUE,TRUE,TRUE,concordancia_estable_panel,CONSENSO_PANEL_1924,isco88,consenso_clasificaciones_panel_ENOE,Misma categoria en ambas mediciones; destino historico oficial; empleo continuo
5460,isco88_damian,9313,9313,688,216716,217633,TRUE,0.8276689110483924,TRUE,1,TRUE,343,345,0.8474316837991345,0.8085641749789688,1,1,TRUE,TRUE,TRUE,TRUE,TRUE,concordancia_estable_panel,CONSENSO_PANEL_1925,isco88,consenso_clasificaciones_panel_ENOE,Misma categoria en ambas mediciones; destino historico oficial; empleo continuo
5470,isco88_damian,9322,9322,25,9237,9243,TRUE,0.7258368694012258,TRUE,1,TRUE,10,15,0.6510067114093959,0.7949221701677497,1,1,TRUE,TRUE,TRUE,TRUE,TRUE,concordancia_estable_panel,CONSENSO_PANEL_1926,isco88,consenso_clasificaciones_panel_ENOE,Misma categoria en ambas mediciones; destino historico oficial; empleo continuo
5500,isco88_damian,8331,8331,17,7006,7066,TRUE,0.6156414762741652,TRUE,1,TRUE,12,5,0.6013198757763976,0.6274887604367373,1,1,TRUE,TRUE,TRUE,TRUE,TRUE,concordancia_estable_panel,CONSENSO_PANEL_1927,isco88,consenso_clasificaciones_panel_ENOE,Misma categoria en ambas mediciones; destino historico oficial; empleo continuo
5501,isco88_damian,8332,8332,39,11920,11954,TRUE,0.6872693726937269,TRUE,1,TRUE,21,18,0.7268384803377027,0.6445696475665308,1,1,TRUE,TRUE,TRUE,TRUE,TRUE,concordancia_estable_panel,CONSENSO_PANEL_1928,isco88,consenso_clasificaciones_panel_ENOE,Misma categoria en ambas mediciones; destino historico oficial; empleo continuo
5520,isco88_damian,8322,8322,1155,355095,353846,TRUE,0.9124840679220458,TRUE,1,TRUE,554,601,0.9187287088683412,0.9067080198455686,1,1,TRUE,TRUE,TRUE,TRUE,TRUE,concordancia_estable_panel,CONSENSO_PANEL_1929,isco88,consenso_clasificaciones_panel_ENOE,Misma categoria en ambas mediciones; destino historico oficial; empleo continuo
5521,isco88_damian,8324,8324,343,112187,112113,TRUE,0.7394052436629187,TRUE,1,TRUE,186,157,0.7467763723443448,0.7308666211448731,1,1,TRUE,TRUE,TRUE,TRUE,TRUE,concordancia_estable_panel,CONSENSO_PANEL_1930,isco88,consenso_clasificaciones_panel_ENOE,Misma categoria en ambas mediciones; destino historico oficial; empleo continuo
5550,isco88_damian,8311,8311,38,10416,10557,TRUE,0.6880243080784728,TRUE,1,TRUE,22,16,0.7979905617293348,0.6037339556592766,1,1,TRUE,TRUE,TRUE,TRUE,TRUE,concordancia_estable_panel,CONSENSO_PANEL_1931,isco88,consenso_clasificaciones_panel_ENOE,Misma categoria en ambas mediciones; destino historico oficial; empleo continuo
6200,isco88_damian,4115,4115,756,175795,175101,TRUE,0.6930695021033169,TRUE,1,TRUE,358,398,0.6831786938788775,0.702393443878528,1,1,TRUE,TRUE,TRUE,TRUE,TRUE,concordancia_estable_panel,CONSENSO_PANEL_1932,isco88,consenso_clasificaciones_panel_ENOE,Misma categoria en ambas mediciones; destino historico oficial; empleo continuo
6210,isco88_damian,4212,4212,257,72116,72261,TRUE,0.5842758531289497,TRUE,1,TRUE,137,120,0.5658606670131141,0.6050481017895935,1,1,TRUE,TRUE,TRUE,TRUE,TRUE,concordancia_estable_panel,CONSENSO_PANEL_1933,isco88,consenso_clasificaciones_panel_ENOE,Misma categoria en ambas mediciones; destino historico oficial; empleo continuo
6250,isco88_damian,4142,4142,17,5821,5842,TRUE,0.681057681057681,TRUE,1,TRUE,5,12,0.7874015748031497,0.6667109281635905,1,1,TRUE,TRUE,TRUE,TRUE,TRUE,concordancia_estable_panel,CONSENSO_PANEL_1934,isco88,consenso_clasificaciones_panel_ENOE,Misma categoria en ambas mediciones; destino historico oficial; empleo continuo
7100,isco88_damian,5220,5220,1331,418881,418620,TRUE,0.8316378191001466,TRUE,1,TRUE,658,673,0.8232986607932349,0.8397782468475113,1,1,TRUE,TRUE,TRUE,TRUE,TRUE,concordancia_estable_panel,CONSENSO_PANEL_1935,isco88,consenso_clasificaciones_panel_ENOE,Misma categoria en ambas mediciones; destino historico oficial; empleo continuo
7111,isco88_damian,5220,5220,1684,445930,451125,TRUE,0.6972820495179242,TRUE,1,TRUE,839,845,0.71209242753993,0.6838868754969373,1,1,TRUE,TRUE,TRUE,TRUE,TRUE,concordancia_estable_panel,CONSENSO_PANEL_1936,isco88,consenso_clasificaciones_panel_ENOE,Misma categoria en ambas mediciones; destino historico oficial; empleo continuo
7120,isco88_damian,5220,5220,21,6238,6410,TRUE,0.9504799634313577,TRUE,1,TRUE,10,11,0.9310555216595485,0.9698630136986301,1,1,TRUE,TRUE,TRUE,TRUE,TRUE,concordancia_estable_panel,CONSENSO_PANEL_1937,isco88,consenso_clasificaciones_panel_ENOE,Misma categoria en ambas mediciones; destino historico oficial; empleo continuo
7131,isco88_damian,3413,3413,39,11681,11911,TRUE,0.6718237763846552,TRUE,1,TRUE,21,18,0.5383944153577661,0.8206594476213651,1,1,TRUE,TRUE,TRUE,TRUE,TRUE,concordancia_estable_panel,CONSENSO_PANEL_1938,isco88,consenso_clasificaciones_panel_ENOE,Misma categoria en ambas mediciones; destino historico oficial; empleo continuo
7133,isco88_damian,3412,3412,30,7402,7771,TRUE,0.584076382861201,TRUE,1,TRUE,16,14,0.5934807916181607,0.5642909625275533,1,1,TRUE,TRUE,TRUE,TRUE,TRUE,concordancia_estable_panel,CONSENSO_PANEL_1939,isco88,consenso_clasificaciones_panel_ENOE,Misma categoria en ambas mediciones; destino historico oficial; empleo continuo
7200,isco88_damian,9112,9112,13,4167,4178,TRUE,0.8407990314769975,TRUE,1,TRUE,8,5,0.8361062825925006,0.8611410118406889,1,1,TRUE,TRUE,TRUE,TRUE,TRUE,concordancia_estable_panel,CONSENSO_PANEL_1940,isco88,consenso_clasificaciones_panel_ENOE,Misma categoria en ambas mediciones; destino historico oficial; empleo continuo
7210,isco88_damian,9111,9111,423,125815,127880,TRUE,0.5611129941487084,TRUE,1,TRUE,198,225,0.5190885908749014,0.6008801624915369,1,1,TRUE,TRUE,TRUE,TRUE,TRUE,concordancia_estable_panel,CONSENSO_PANEL_1941,isco88,consenso_clasificaciones_panel_ENOE,Misma categoria en ambas mediciones; destino historico oficial; empleo continuo
7211,isco88_damian,9120,9120,34,12765,12652,TRUE,0.9461162170174918,TRUE,1,TRUE,14,20,0.9697663765460376,0.9238081520956359,1,1,TRUE,TRUE,TRUE,TRUE,TRUE,concordancia_estable_panel,CONSENSO_PANEL_1942,isco88,consenso_clasificaciones_panel_ENOE,Misma categoria en ambas mediciones; destino historico oficial; empleo continuo
7212,isco88_damian,9142,9142,32,6558,6689,TRUE,0.9043022614451186,TRUE,1,TRUE,10,22,0.7964212378996773,1,1,1,TRUE,TRUE,TRUE,TRUE,TRUE,concordancia_estable_panel,CONSENSO_PANEL_1943,isco88,consenso_clasificaciones_panel_ENOE,Misma categoria en ambas mediciones; destino historico oficial; empleo continuo
8100,isco88_damian,5122,5122,499,129064,128813,TRUE,0.6624577828421258,TRUE,1,TRUE,248,251,0.6338911273743936,0.6909512190120773,1,1,TRUE,TRUE,TRUE,TRUE,TRUE,concordancia_estable_panel,CONSENSO_PANEL_1944,isco88,consenso_clasificaciones_panel_ENOE,Misma categoria en ambas mediciones; destino historico oficial; empleo continuo
8101,isco88_damian,5123,5123,263,63563,65025,TRUE,0.7134214779563617,TRUE,1,TRUE,142,121,0.7039367537915456,0.725323952217048,1,1,TRUE,TRUE,TRUE,TRUE,TRUE,concordancia_estable_panel,CONSENSO_PANEL_1945,isco88,consenso_clasificaciones_panel_ENOE,Misma categoria en ambas mediciones; destino historico oficial; empleo continuo
8110,isco88_damian,9133,9133,75,12792,13047,TRUE,0.829088080886642,TRUE,1,TRUE,43,32,0.8375573256094617,0.8192636147277055,1,1,TRUE,TRUE,TRUE,TRUE,TRUE,concordancia_estable_panel,CONSENSO_PANEL_1946,isco88,consenso_clasificaciones_panel_ENOE,Misma categoria en ambas mediciones; destino historico oficial; empleo continuo
8111,isco88_damian,9133,9133,28,9758,9903,TRUE,0.77759183998725,TRUE,1,TRUE,12,16,0.9309888447721687,0.6658402203856749,1,1,TRUE,TRUE,TRUE,TRUE,TRUE,concordancia_estable_panel,CONSENSO_PANEL_1947,isco88,consenso_clasificaciones_panel_ENOE,Misma categoria en ambas mediciones; destino historico oficial; empleo continuo
8120,isco88_damian,5169,5169,12,8424,9723,TRUE,0.7754050073637703,TRUE,1,TRUE,7,5,0.7369013179042109,0.8270142180094787,1,1,TRUE,TRUE,TRUE,TRUE,TRUE,concordancia_estable_panel,CONSENSO_PANEL_1948,isco88,consenso_clasificaciones_panel_ENOE,Misma categoria en ambas mediciones; destino historico oficial; empleo continuo
8123,isco88_damian,9131,9131,69,18236,18749,TRUE,0.8411827113796762,TRUE,1,TRUE,32,37,0.7740173015632115,0.8705102717031147,1,1,TRUE,TRUE,TRUE,TRUE,TRUE,concordancia_estable_panel,CONSENSO_PANEL_1949,isco88,consenso_clasificaciones_panel_ENOE,Misma categoria en ambas mediciones; destino historico oficial; empleo continuo
8124,isco88_damian,9162,9162,647,159656,162650,TRUE,0.5947925475834783,TRUE,1,TRUE,327,320,0.593100484745226,0.5964456163092152,1,1,TRUE,TRUE,TRUE,TRUE,TRUE,concordancia_estable_panel,CONSENSO_PANEL_1950,isco88,consenso_clasificaciones_panel_ENOE,Misma categoria en ambas mediciones; destino historico oficial; empleo continuo
8125,isco88_damian,6113,6113,144,41547,41122,TRUE,0.7437701396348013,TRUE,1,TRUE,72,72,0.8527901285630579,0.6259544828099974,1,1,TRUE,TRUE,TRUE,TRUE,TRUE,concordancia_estable_panel,CONSENSO_PANEL_1951,isco88,consenso_clasificaciones_panel_ENOE,Misma categoria en ambas mediciones; destino historico oficial; empleo continuo
8130,isco88_damian,5141,5141,384,105910,104696,TRUE,0.9925309492348205,TRUE,1,TRUE,189,195,0.9875431406384815,0.9979637787567303,1,1,TRUE,TRUE,TRUE,TRUE,TRUE,concordancia_estable_panel,CONSENSO_PANEL_1952,isco88,consenso_clasificaciones_panel_ENOE,Misma categoria en ambas mediciones; destino historico oficial; empleo continuo
8131,isco88_damian,5141,5141,41,12284,12069,TRUE,0.9809151161862174,TRUE,1,TRUE,20,21,0.9611823940230632,1,1,1,TRUE,TRUE,TRUE,TRUE,TRUE,concordancia_estable_panel,CONSENSO_PANEL_1953,isco88,consenso_clasificaciones_panel_ENOE,Misma categoria en ambas mediciones; destino historico oficial; empleo continuo
8132,isco88_damian,5169,5169,13,2504,2599,TRUE,0.7091475502690456,TRUE,1,TRUE,5,8,0.523517382413088,0.8410852713178295,1,1,TRUE,TRUE,TRUE,TRUE,TRUE,concordancia_estable_panel,CONSENSO_PANEL_1954,isco88,consenso_clasificaciones_panel_ENOE,Misma categoria en ambas mediciones; destino historico oficial; empleo continuo
8201,isco88_damian,5133,5133,99,31875,31439,TRUE,0.6834408971032827,TRUE,1,TRUE,46,53,0.5766126905427501,0.7566112716763006,1,1,TRUE,TRUE,TRUE,TRUE,TRUE,concordancia_estable_panel,CONSENSO_PANEL_1955,isco88,consenso_clasificaciones_panel_ENOE,Misma categoria en ambas mediciones; destino historico oficial; empleo continuo
8202,isco88_damian,8322,8322,22,9464,8797,TRUE,0.9234071616743097,TRUE,1,TRUE,12,10,0.9614468269439029,0.8922230113636364,1,1,TRUE,TRUE,TRUE,TRUE,TRUE,concordancia_estable_panel,CONSENSO_PANEL_1956,isco88,consenso_clasificaciones_panel_ENOE,Misma categoria en ambas mediciones; destino historico oficial; empleo continuo
8203,isco88_damian,6113,6113,42,9583,9246,TRUE,0.7118027185619847,TRUE,1,TRUE,22,20,0.7386835342953153,0.6956211327939077,1,1,TRUE,TRUE,TRUE,TRUE,TRUE,concordancia_estable_panel,CONSENSO_PANEL_1957,isco88,consenso_clasificaciones_panel_ENOE,Misma categoria en ambas mediciones; destino historico oficial; empleo continuo
8204,isco88_damian,5162,5162,13,3220,3146,TRUE,0.8372334893395735,TRUE,1,TRUE,8,5,0.7817351598173516,0.9106280193236715,1,1,TRUE,TRUE,TRUE,TRUE,TRUE,concordancia_estable_panel,CONSENSO_PANEL_1958,isco88,consenso_clasificaciones_panel_ENOE,Misma categoria en ambas mediciones; destino historico oficial; empleo continuo
8300,isco88_damian,5161,5161,21,3697,3634,TRUE,0.9155522535908865,TRUE,1,TRUE,11,10,0.9404414827155352,0.8790470372632865,1,1,TRUE,TRUE,TRUE,TRUE,TRUE,concordancia_estable_panel,CONSENSO_PANEL_1959,isco88,consenso_clasificaciones_panel_ENOE,Misma categoria en ambas mediciones; destino historico oficial; empleo continuo
8303,isco88_damian,5169,5169,408,125972,125824,TRUE,0.7913360847797273,TRUE,1,TRUE,201,207,0.8136933174224343,0.7720404938849552,1,1,TRUE,TRUE,TRUE,TRUE,TRUE,concordancia_estable_panel,CONSENSO_PANEL_1960,isco88,consenso_clasificaciones_panel_ENOE,Misma categoria en ambas mediciones; destino historico oficial; empleo continuo
8311,isco88_damian,5169,5169,19,4788,4752,TRUE,0.6989781021897811,TRUE,1,TRUE,8,11,0.5845493562231759,0.7579646017699115,1,1,TRUE,TRUE,TRUE,TRUE,TRUE,concordancia_estable_panel,CONSENSO_PANEL_1961,isco88,consenso_clasificaciones_panel_ENOE,Misma categoria en ambas mediciones; destino historico oficial; empleo continuo
1100,macro_egp4_damian,1,1,49,12594,13194,TRUE,0.9126748315095297,TRUE,1,TRUE,22,27,0.9337115970107943,0.8895481515289821,1,1,TRUE,TRUE,TRUE,TRUE,TRUE,concordancia_estable_panel,CONSENSO_PANEL_1962,egp,consenso_clasificaciones_panel_ENOE,Misma categoria en ambas mediciones; destino historico oficial; empleo continuo
1101,macro_egp4_damian,1,1,39,6149,6090,TRUE,0.6192970087622117,TRUE,1,TRUE,17,22,0.5625846391952022,0.6808823529411765,1,1,TRUE,TRUE,TRUE,TRUE,TRUE,concordancia_estable_panel,CONSENSO_PANEL_1963,egp,consenso_clasificaciones_panel_ENOE,Misma categoria en ambas mediciones; destino historico oficial; empleo continuo
1103,macro_egp4_damian,1,1,12,2549,2552,TRUE,1,TRUE,1,TRUE,6,6,1,1,1,1,TRUE,TRUE,TRUE,TRUE,TRUE,concordancia_estable_panel,CONSENSO_PANEL_1964,egp,consenso_clasificaciones_panel_ENOE,Misma categoria en ambas mediciones; destino historico oficial; empleo continuo
1104,macro_egp4_damian,1,1,73,19320,19465,TRUE,0.7298828862863619,TRUE,1,TRUE,41,32,0.7937979539641944,0.6725891961599083,1,1,TRUE,TRUE,TRUE,TRUE,TRUE,concordancia_estable_panel,CONSENSO_PANEL_1965,egp,consenso_clasificaciones_panel_ENOE,Misma categoria en ambas mediciones; destino historico oficial; empleo continuo
1105,macro_egp4_damian,1,1,171,44004,44980,TRUE,0.8411032742703136,TRUE,1,TRUE,91,80,0.7913621843959218,0.8796836817811566,1,1,TRUE,TRUE,TRUE,TRUE,TRUE,concordancia_estable_panel,CONSENSO_PANEL_1966,egp,consenso_clasificaciones_panel_ENOE,Misma categoria en ambas mediciones; destino historico oficial; empleo continuo
1120,macro_egp4_damian,1,1,43,10381,10088,TRUE,0.9347199711867459,TRUE,1,TRUE,18,25,1,0.88631017719931,1,1,TRUE,TRUE,TRUE,TRUE,TRUE,concordancia_estable_panel,CONSENSO_PANEL_1967,egp,consenso_clasificaciones_panel_ENOE,Misma categoria en ambas mediciones; destino historico oficial; empleo continuo
1121,macro_egp4_damian,1,1,28,7418,7203,TRUE,0.9393440547043181,TRUE,1,TRUE,15,13,1,0.8401735068401736,1,1,TRUE,TRUE,TRUE,TRUE,TRUE,concordancia_estable_panel,CONSENSO_PANEL_1968,egp,consenso_clasificaciones_panel_ENOE,Misma categoria en ambas mediciones; destino historico oficial; empleo continuo
1130,macro_egp4_damian,1,1,364,84685,86991,TRUE,0.9919993440164933,TRUE,1,TRUE,172,192,0.9935184135977337,0.9903741240937856,1,1,TRUE,TRUE,TRUE,TRUE,TRUE,concordancia_estable_panel,CONSENSO_PANEL_1969,egp,consenso_clasificaciones_panel_ENOE,Misma categoria en ambas mediciones; destino historico oficial; empleo continuo
1131,macro_egp4_damian,1,1,254,56833,57769,TRUE,0.9976302485605955,TRUE,1,TRUE,126,128,0.9978954127131341,0.9973733324116956,1,1,TRUE,TRUE,TRUE,TRUE,TRUE,concordancia_estable_panel,CONSENSO_PANEL_1970,egp,consenso_clasificaciones_panel_ENOE,Misma categoria en ambas mediciones; destino historico oficial; empleo continuo
1132,macro_egp4_damian,1,1,123,33731,33542,TRUE,0.9972209903917221,TRUE,1,TRUE,61,62,1,0.9941975308641975,1,1,TRUE,TRUE,TRUE,TRUE,TRUE,concordancia_estable_panel,CONSENSO_PANEL_1971,egp,consenso_clasificaciones_panel_ENOE,Misma categoria en ambas mediciones; destino historico oficial; empleo continuo
1134,macro_egp4_damian,1,1,16,5260,5340,TRUE,0.9872372372372372,TRUE,1,TRUE,11,5,0.9425190194420964,1,1,1,TRUE,TRUE,TRUE,TRUE,TRUE,concordancia_estable_panel,CONSENSO_PANEL_1972,egp,consenso_clasificaciones_panel_ENOE,Misma categoria en ambas mediciones; destino historico oficial; empleo continuo
1150,macro_egp4_damian,1,1,27,3837,3881,TRUE,0.8931564245810056,TRUE,1,TRUE,14,13,0.8890027322404371,0.902046783625731,1,1,TRUE,TRUE,TRUE,TRUE,TRUE,concordancia_estable_panel,CONSENSO_PANEL_1973,egp,consenso_clasificaciones_panel_ENOE,Misma categoria en ambas mediciones; destino historico oficial; empleo continuo
1151,macro_egp4_damian,1,1,35,9220,9329,TRUE,0.933765444601985,TRUE,1,TRUE,18,17,0.9401955146635997,0.9265621644835731,1,1,TRUE,TRUE,TRUE,TRUE,TRUE,concordancia_estable_panel,CONSENSO_PANEL_1974,egp,consenso_clasificaciones_panel_ENOE,Misma categoria en ambas mediciones; destino historico oficial; empleo continuo
1160,macro_egp4_damian,1,1,323,82784,84710,TRUE,0.8748362007016951,TRUE,1,TRUE,164,159,0.8711762256894193,0.8790141896938013,1,1,TRUE,TRUE,TRUE,TRUE,TRUE,concordancia_estable_panel,CONSENSO_PANEL_1975,egp,consenso_clasificaciones_panel_ENOE,Misma categoria en ambas mediciones; destino historico oficial; empleo continuo
1161,macro_egp4_damian,1,1,31,7257,7310,TRUE,0.9544916480336709,TRUE,1,TRUE,17,14,0.9520975056689343,0.9565644171779141,1,1,TRUE,TRUE,TRUE,TRUE,TRUE,concordancia_estable_panel,CONSENSO_PANEL_1976,egp,consenso_clasificaciones_panel_ENOE,Misma categoria en ambas mediciones; destino historico oficial; empleo continuo
1164,macro_egp4_damian,1,1,67,21000,19475,TRUE,0.9288747346072187,TRUE,1,TRUE,33,34,0.9361381389612169,0.9156476166708261,1,1,TRUE,TRUE,TRUE,TRUE,TRUE,concordancia_estable_panel,CONSENSO_PANEL_1977,egp,consenso_clasificaciones_panel_ENOE,Misma categoria en ambas mediciones; destino historico oficial; empleo continuo
1171,macro_egp4_damian,1,1,23,12965,13005,TRUE,0.7758827049670856,TRUE,1,TRUE,14,9,0.8079887876664331,0.7066490366452588,1,1,TRUE,TRUE,TRUE,TRUE,TRUE,concordancia_estable_panel,CONSENSO_PANEL_1978,egp,consenso_clasificaciones_panel_ENOE,Misma categoria en ambas mediciones; destino historico oficial; empleo continuo
1172,macro_egp4_damian,1,1,359,82325,82314,TRUE,0.8651764508060618,TRUE,1,TRUE,195,164,0.8537888398520557,0.8814402735601092,1,1,TRUE,TRUE,TRUE,TRUE,TRUE,concordancia_estable_panel,CONSENSO_PANEL_1979,egp,consenso_clasificaciones_panel_ENOE,Misma categoria en ambas mediciones; destino historico oficial; empleo continuo
1200,macro_egp4_damian,1,1,29,8535,8595,TRUE,0.8389030862984077,TRUE,1,TRUE,16,13,0.8497571131158917,0.8247165532879819,1,1,TRUE,TRUE,TRUE,TRUE,TRUE,concordancia_estable_panel,CONSENSO_PANEL_1980,egp,consenso_clasificaciones_panel_ENOE,Misma categoria en ambas mediciones; destino historico oficial; empleo continuo
1203,macro_egp4_damian,1,1,26,4317,4545,TRUE,0.6866550023858756,TRUE,1,TRUE,13,13,0.687624254473161,0.684931506849315,1,1,TRUE,TRUE,TRUE,TRUE,TRUE,concordancia_estable_panel,CONSENSO_PANEL_1981,egp,consenso_clasificaciones_panel_ENOE,Misma categoria en ambas mediciones; destino historico oficial; empleo continuo
1205,macro_egp4_damian,1,1,274,71748,71127,TRUE,0.7452324566870248,TRUE,1,TRUE,133,141,0.7851749614354144,0.720353982300885,1,1,TRUE,TRUE,TRUE,TRUE,TRUE,concordancia_estable_panel,CONSENSO_PANEL_1982,egp,consenso_clasificaciones_panel_ENOE,Misma categoria en ambas mediciones; destino historico oficial; empleo continuo
1206,macro_egp4_damian,2,2,70,17406,17641,TRUE,0.9017251204475988,TRUE,1,TRUE,38,32,0.9775,0.8267546119756777,1,1,TRUE,TRUE,TRUE,TRUE,TRUE,concordancia_estable_panel,CONSENSO_PANEL_1983,egp,consenso_clasificaciones_panel_ENOE,Misma categoria en ambas mediciones; destino historico oficial; empleo continuo
1220,macro_egp4_damian,1,1,400,123646,124108,TRUE,0.938411214243972,TRUE,1,TRUE,210,190,0.9358317079966565,0.941498141078008,1,1,TRUE,TRUE,TRUE,TRUE,TRUE,concordancia_estable_panel,CONSENSO_PANEL_1984,egp,consenso_clasificaciones_panel_ENOE,Misma categoria en ambas mediciones; destino historico oficial; empleo continuo
1221,macro_egp4_damian,1,1,24,5553,5645,TRUE,0.818905766111193,TRUE,1,TRUE,15,9,0.8662264612374664,0.7470282317979198,1,1,TRUE,TRUE,TRUE,TRUE,TRUE,concordancia_estable_panel,CONSENSO_PANEL_1985,egp,consenso_clasificaciones_panel_ENOE,Misma categoria en ambas mediciones; destino historico oficial; empleo continuo
1230,macro_egp4_damian,1,1,50,11465,11590,TRUE,0.7057990642698843,TRUE,1,TRUE,27,23,0.8464583048996861,0.5902209263205114,1,1,TRUE,TRUE,TRUE,TRUE,TRUE,concordancia_estable_panel,CONSENSO_PANEL_1986,egp,consenso_clasificaciones_panel_ENOE,Misma categoria en ambas mediciones; destino historico oficial; empleo continuo
1250,macro_egp4_damian,2,2,97,16715,16732,TRUE,0.5443206981893969,TRUE,1,TRUE,57,40,0.5561128526645768,0.5248098201936376,1,1,TRUE,TRUE,TRUE,TRUE,TRUE,concordancia_estable_panel,CONSENSO_PANEL_1987,egp,consenso_clasificaciones_panel_ENOE,Misma categoria en ambas mediciones; destino historico oficial; empleo continuo
1251,macro_egp4_damian,1,1,191,56535,56891,TRUE,0.5850183157764026,TRUE,1,TRUE,98,93,0.5408525208619523,0.6300219366969602,1,1,TRUE,TRUE,TRUE,TRUE,TRUE,concordancia_estable_panel,CONSENSO_PANEL_1988,egp,consenso_clasificaciones_panel_ENOE,Misma categoria en ambas mediciones; destino historico oficial; empleo continuo
1252,macro_egp4_damian,2,2,42,7706,7519,TRUE,0.7368521705871104,TRUE,1,TRUE,16,26,0.6103896103896104,0.822914992768761,1,1,TRUE,TRUE,TRUE,TRUE,TRUE,concordancia_estable_panel,CONSENSO_PANEL_1989,egp,consenso_clasificaciones_panel_ENOE,Misma categoria en ambas mediciones; destino historico oficial; empleo continuo
1300,macro_egp4_damian,1,1,337,81624,80800,TRUE,0.9920633956026593,TRUE,1,TRUE,172,165,0.9951440329218108,0.9896131101752242,1,1,TRUE,TRUE,TRUE,TRUE,TRUE,concordancia_estable_panel,CONSENSO_PANEL_1990,egp,consenso_clasificaciones_panel_ENOE,Misma categoria en ambas mediciones; destino historico oficial; empleo continuo
1310,macro_egp4_damian,1,1,205,56119,56633,TRUE,0.9289533363129231,TRUE,1,TRUE,114,91,0.9255344775669979,0.933127458549318,1,1,TRUE,TRUE,TRUE,TRUE,TRUE,concordancia_estable_panel,CONSENSO_PANEL_1991,egp,consenso_clasificaciones_panel_ENOE,Misma categoria en ambas mediciones; destino historico oficial; empleo continuo
1320,macro_egp4_damian,1,1,449,125353,124182,TRUE,0.9828447322821681,TRUE,1,TRUE,199,250,0.9744231835299065,0.9887010155793056,1,1,TRUE,TRUE,TRUE,TRUE,TRUE,concordancia_estable_panel,CONSENSO_PANEL_1992,egp,consenso_clasificaciones_panel_ENOE,Misma categoria en ambas mediciones; destino historico oficial; empleo continuo
1330,macro_egp4_damian,1,1,730,198218,198565,TRUE,0.9966713596138375,TRUE,1,TRUE,342,388,0.9975169834035601,0.9959281233466858,1,1,TRUE,TRUE,TRUE,TRUE,TRUE,concordancia_estable_panel,CONSENSO_PANEL_1993,egp,consenso_clasificaciones_panel_ENOE,Misma categoria en ambas mediciones; destino historico oficial; empleo continuo
1340,macro_egp4_damian,1,1,263,69777,71371,TRUE,0.9560457628279784,TRUE,1,TRUE,139,124,0.9398206706580093,0.9714766894781864,1,1,TRUE,TRUE,TRUE,TRUE,TRUE,concordancia_estable_panel,CONSENSO_PANEL_1994,egp,consenso_clasificaciones_panel_ENOE,Misma categoria en ambas mediciones; destino historico oficial; empleo continuo
1360,macro_egp4_damian,1,1,25,9877,9547,TRUE,1,TRUE,1,TRUE,18,7,1,1,1,1,TRUE,TRUE,TRUE,TRUE,TRUE,concordancia_estable_panel,CONSENSO_PANEL_1995,egp,consenso_clasificaciones_panel_ENOE,Misma categoria en ambas mediciones; destino historico oficial; empleo continuo
1364,macro_egp4_damian,1,1,33,7560,7532,TRUE,0.9020403293163107,TRUE,1,TRUE,14,19,0.8401336196611787,0.9639618138424821,1,1,TRUE,TRUE,TRUE,TRUE,TRUE,concordancia_estable_panel,CONSENSO_PANEL_1996,egp,consenso_clasificaciones_panel_ENOE,Misma categoria en ambas mediciones; destino historico oficial; empleo continuo
1390,macro_egp4_damian,1,1,32,4289,4395,TRUE,0.960152227445713,TRUE,1,TRUE,19,13,0.9839921594250245,0.9082503556187767,1,1,TRUE,TRUE,TRUE,TRUE,TRUE,concordancia_estable_panel,CONSENSO_PANEL_1997,egp,consenso_clasificaciones_panel_ENOE,Misma categoria en ambas mediciones; destino historico oficial; empleo continuo
1401,macro_egp4_damian,1,1,29,8751,9659,TRUE,0.9098565190268247,TRUE,1,TRUE,12,17,0.8632445141065831,0.962560921577315,1,1,TRUE,TRUE,TRUE,TRUE,TRUE,concordancia_estable_panel,CONSENSO_PANEL_1998,egp,consenso_clasificaciones_panel_ENOE,Misma categoria en ambas mediciones; destino historico oficial; empleo continuo
1412,macro_egp4_damian,1,1,74,17343,18402,TRUE,0.9274827530884004,TRUE,1,TRUE,33,41,1,0.8738839285714286,1,1,TRUE,TRUE,TRUE,TRUE,TRUE,concordancia_estable_panel,CONSENSO_PANEL_1999,egp,consenso_clasificaciones_panel_ENOE,Misma categoria en ambas mediciones; destino historico oficial; empleo continuo
1420,macro_egp4_damian,1,1,17,3308,3104,TRUE,0.957452966714906,TRUE,1,TRUE,11,6,0.8799019607843137,1,1,1,TRUE,TRUE,TRUE,TRUE,TRUE,concordancia_estable_panel,CONSENSO_PANEL_2000,egp,consenso_clasificaciones_panel_ENOE,Misma categoria en ambas mediciones; destino historico oficial; empleo continuo
1423,macro_egp4_damian,2,2,78,23595,23730,TRUE,0.8358425732402848,TRUE,1,TRUE,47,31,0.7923359048943974,0.8912605718888441,1,1,TRUE,TRUE,TRUE,TRUE,TRUE,concordancia_estable_panel,CONSENSO_PANEL_2001,egp,consenso_clasificaciones_panel_ENOE,Misma categoria en ambas mediciones; destino historico oficial; empleo continuo
2101,macro_egp4_damian,1,1,23,6374,6261,TRUE,0.8538513060951105,TRUE,1,TRUE,9,14,0.832823259372609,0.865182436611008,1,1,TRUE,TRUE,TRUE,TRUE,TRUE,concordancia_estable_panel,CONSENSO_PANEL_2002,egp,consenso_clasificaciones_panel_ENOE,Misma categoria en ambas mediciones; destino historico oficial; empleo continuo
2110,macro_egp4_damian,1,1,19,3080,2937,TRUE,0.8997955010224948,TRUE,1,TRUE,8,11,0.8998555609051516,0.899702823179792,1,1,TRUE,TRUE,TRUE,TRUE,TRUE,concordancia_estable_panel,CONSENSO_PANEL_2003,egp,consenso_clasificaciones_panel_ENOE,Misma categoria en ambas mediciones; destino historico oficial; empleo continuo
2111,macro_egp4_damian,1,1,29,8543,8232,TRUE,0.752289538569919,TRUE,1,TRUE,18,11,0.7799073030189152,0.6869255855321672,1,1,TRUE,TRUE,TRUE,TRUE,TRUE,concordancia_estable_panel,CONSENSO_PANEL_2004,egp,consenso_clasificaciones_panel_ENOE,Misma categoria en ambas mediciones; destino historico oficial; empleo continuo
2120,macro_egp4_damian,1,1,13,2029,1990,TRUE,0.7741320106829455,TRUE,1,TRUE,5,8,0.7118863049095607,0.863932898415657,1,1,TRUE,TRUE,TRUE,TRUE,TRUE,concordancia_estable_panel,CONSENSO_PANEL_2005,egp,consenso_clasificaciones_panel_ENOE,Misma categoria en ambas mediciones; destino historico oficial; empleo continuo
2121,macro_egp4_damian,1,1,138,40923,42094,TRUE,0.7996834329933169,TRUE,1,TRUE,71,67,0.8444324483486284,0.7700750073059064,1,1,TRUE,TRUE,TRUE,TRUE,TRUE,concordancia_estable_panel,CONSENSO_PANEL_2006,egp,consenso_clasificaciones_panel_ENOE,Misma categoria en ambas mediciones; destino historico oficial; empleo continuo
2123,macro_egp4_damian,1,1,16,6218,5850,TRUE,0.8123856806898354,TRUE,1,TRUE,9,7,0.9459616502033701,0.7032288698955366,1,1,TRUE,TRUE,TRUE,TRUE,TRUE,concordancia_estable_panel,CONSENSO_PANEL_2007,egp,consenso_clasificaciones_panel_ENOE,Misma categoria en ambas mediciones; destino historico oficial; empleo continuo
2124,macro_egp4_damian,1,1,58,17913,18345,TRUE,0.5984365082016504,TRUE,1,TRUE,30,28,0.506439393939394,0.7018377918115376,1,1,TRUE,TRUE,TRUE,TRUE,TRUE,concordancia_estable_panel,CONSENSO_PANEL_2008,egp,consenso_clasificaciones_panel_ENOE,Misma categoria en ambas mediciones; destino historico oficial; empleo continuo
2125,macro_egp4_damian,1,1,128,36350,34478,TRUE,0.9832296456586421,TRUE,1,TRUE,69,59,0.9789419619928095,0.9891339291455025,1,1,TRUE,TRUE,TRUE,TRUE,TRUE,concordancia_estable_panel,CONSENSO_PANEL_2009,egp,consenso_clasificaciones_panel_ENOE,Misma categoria en ambas mediciones; destino historico oficial; empleo continuo
2127,macro_egp4_damian,1,1,51,10651,10123,TRUE,0.6564965483234714,TRUE,1,TRUE,21,30,0.6775327193407659,0.6347215253386854,1,1,TRUE,TRUE,TRUE,TRUE,TRUE,concordancia_estable_panel,CONSENSO_PANEL_2010,egp,consenso_clasificaciones_panel_ENOE,Misma categoria en ambas mediciones; destino historico oficial; empleo continuo
4100,macro_egp4_damian,4,4,1697,679212,687643,TRUE,0.5737275923294854,TRUE,1,TRUE,830,867,0.5493169479166307,0.5970730353046938,1,1,TRUE,TRUE,TRUE,TRUE,TRUE,concordancia_estable_panel,CONSENSO_PANEL_2011,egp,consenso_clasificaciones_panel_ENOE,Misma categoria en ambas mediciones; destino historico oficial; empleo continuo
4101,macro_egp4_damian,4,4,45,13417,13485,TRUE,0.5945143566111308,TRUE,1,TRUE,22,23,0.5519498737491817,0.6328421052631579,1,1,TRUE,TRUE,TRUE,TRUE,TRUE,concordancia_estable_panel,CONSENSO_PANEL_2012,egp,consenso_clasificaciones_panel_ENOE,Misma categoria en ambas mediciones; destino historico oficial; empleo continuo
4110,macro_egp4_damian,4,4,196,56210,56528,TRUE,0.6581196581196581,TRUE,1,TRUE,126,70,0.6670131291028446,0.642165521753353,1,1,TRUE,TRUE,TRUE,TRUE,TRUE,concordancia_estable_panel,CONSENSO_PANEL_2013,egp,consenso_clasificaciones_panel_ENOE,Misma categoria en ambas mediciones; destino historico oficial; empleo continuo
4111,macro_egp4_damian,4,4,24,7724,7476,TRUE,0.7048731520350429,TRUE,1,TRUE,17,7,0.7188748046535857,0.6893633391036738,1,1,TRUE,TRUE,TRUE,TRUE,TRUE,concordancia_estable_panel,CONSENSO_PANEL_2014,egp,consenso_clasificaciones_panel_ENOE,Misma categoria en ambas mediciones; destino historico oficial; empleo continuo
4112,macro_egp4_damian,4,4,44,9913,10000,TRUE,0.7148626234946275,TRUE,1,TRUE,13,31,0.5891749174917492,0.8661792752701843,1,1,TRUE,TRUE,TRUE,TRUE,TRUE,concordancia_estable_panel,CONSENSO_PANEL_2015,egp,consenso_clasificaciones_panel_ENOE,Misma categoria en ambas mediciones; destino historico oficial; empleo continuo
4113,macro_egp4_damian,4,4,55,18991,19004,TRUE,0.8671293548239807,TRUE,1,TRUE,28,27,0.7813087813087813,0.9405932203389831,1,1,TRUE,TRUE,TRUE,TRUE,TRUE,concordancia_estable_panel,CONSENSO_PANEL_2016,egp,consenso_clasificaciones_panel_ENOE,Misma categoria en ambas mediciones; destino historico oficial; empleo continuo
4120,macro_egp4_damian,4,4,160,40100,39941,TRUE,0.8215361291512159,TRUE,1,TRUE,100,60,0.843566524032242,0.78595156450921555,1,1,TRUE,TRUE,TRUE,TRUE,TRUE,concordancia_estable_panel,CONSENSO_PANEL_2017,egp,consenso_clasificaciones_panel_ENOE,Misma categoria en ambas mediciones; destino historico oficial; empleo continuo
4132,macro_egp4_damian,4,4,22,4430,4387,TRUE,0.5380784647151706,TRUE,1,TRUE,14,8,0.5286676523739117,0.5647716682199441,1,1,TRUE,TRUE,TRUE,TRUE,TRUE,concordancia_estable_panel,CONSENSO_PANEL_2018,egp,consenso_clasificaciones_panel_ENOE,Misma categoria en ambas mediciones; destino historico oficial; empleo continuo
4150,macro_egp4_damian,4,4,132,32044,32383,TRUE,0.9793997188092182,TRUE,1,TRUE,68,64,0.9852182880715022,0.9698097936058276,1,1,TRUE,TRUE,TRUE,TRUE,TRUE,concordancia_estable_panel,CONSENSO_PANEL_2019,egp,consenso_clasificaciones_panel_ENOE,Misma categoria en ambas mediciones; destino historico oficial; empleo continuo
5101,macro_egp4_damian,2,2,23,9886,9694,TRUE,0.7249395028232016,TRUE,1,TRUE,14,9,0.7838712941414551,0.5697922216302611,1,1,TRUE,TRUE,TRUE,TRUE,TRUE,concordancia_estable_panel,CONSENSO_PANEL_2020,egp,consenso_clasificaciones_panel_ENOE,Misma categoria en ambas mediciones; destino historico oficial; empleo continuo
5121,macro_egp4_damian,2,2,41,8537,8563,TRUE,0.8746030119864768,TRUE,1,TRUE,27,14,0.8909252669039146,0.8524510987684134,1,1,TRUE,TRUE,TRUE,TRUE,TRUE,concordancia_estable_panel,CONSENSO_PANEL_2021,egp,consenso_clasificaciones_panel_ENOE,Misma categoria en ambas mediciones; destino historico oficial; empleo continuo
5131,macro_egp4_damian,2,2,17,4910,5042,TRUE,0.6847022730442058,TRUE,1,TRUE,7,10,0.7726934523809523,0.6319428953825563,1,1,TRUE,TRUE,TRUE,TRUE,TRUE,concordancia_estable_panel,CONSENSO_PANEL_2022,egp,consenso_clasificaciones_panel_ENOE,Misma categoria en ambas mediciones; destino historico oficial; empleo continuo
5161,macro_egp4_damian,2,2,45,10008,9476,TRUE,0.5811509203878985,TRUE,1,TRUE,18,27,0.5851666666666666,0.579003653863292,1,1,TRUE,TRUE,TRUE,TRUE,TRUE,concordancia_estable_panel,CONSENSO_PANEL_2023,egp,consenso_clasificaciones_panel_ENOE,Misma categoria en ambas mediciones; destino historico oficial; empleo continuo
5200,macro_egp4_damian,2,2,149,56170,55443,TRUE,0.8976715196650312,TRUE,1,TRUE,75,74,0.9011450812274369,0.8931297709923665,1,1,TRUE,TRUE,TRUE,TRUE,TRUE,concordancia_estable_panel,CONSENSO_PANEL_2024,egp,consenso_clasificaciones_panel_ENOE,Misma categoria en ambas mediciones; destino historico oficial; empleo continuo
5201,macro_egp4_damian,2,2,20,6308,6315,TRUE,0.8459165884403915,TRUE,1,TRUE,8,12,1,0.7800114876507754,1,1,TRUE,TRUE,TRUE,TRUE,TRUE,concordancia_estable_panel,CONSENSO_PANEL_2025,egp,consenso_clasificaciones_panel_ENOE,Misma categoria en ambas mediciones; destino historico oficial; empleo continuo
5202,macro_egp4_damian,2,2,480,145819,147244,TRUE,0.8870362372178187,TRUE,1,TRUE,253,227,0.9136304215580953,0.8634537691672023,1,1,TRUE,TRUE,TRUE,TRUE,TRUE,concordancia_estable_panel,CONSENSO_PANEL_2026,egp,consenso_clasificaciones_panel_ENOE,Misma categoria en ambas mediciones; destino historico oficial; empleo continuo
5204,macro_egp4_damian,2,2,68,17301,17767,TRUE,0.9178736272481298,TRUE,1,TRUE,32,36,0.8911035933071226,0.9548786653185035,1,1,TRUE,TRUE,TRUE,TRUE,TRUE,concordancia_estable_panel,CONSENSO_PANEL_2027,egp,consenso_clasificaciones_panel_ENOE,Misma categoria en ambas mediciones; destino historico oficial; empleo continuo
5208,macro_egp4_damian,2,2,325,92479,94286,TRUE,0.7817064511766297,TRUE,1,TRUE,164,161,0.7456859869266844,0.8132441301900851,1,1,TRUE,TRUE,TRUE,TRUE,TRUE,concordancia_estable_panel,CONSENSO_PANEL_2028,egp,consenso_clasificaciones_panel_ENOE,Misma categoria en ambas mediciones; destino historico oficial; empleo continuo
5210,macro_egp4_damian,2,2,11,2072,2040,TRUE,0.783661119515885,TRUE,1,TRUE,6,5,1,0.5931721194879089,1,1,TRUE,TRUE,TRUE,TRUE,TRUE,concordancia_estable_panel,CONSENSO_PANEL_2029,egp,consenso_clasificaciones_panel_ENOE,Misma categoria en ambas mediciones; destino historico oficial; empleo continuo
5221,macro_egp4_damian,2,2,116,34299,34586,TRUE,1,TRUE,1,TRUE,61,55,1,1,1,1,TRUE,TRUE,TRUE,TRUE,TRUE,concordancia_estable_panel,CONSENSO_PANEL_2030,egp,consenso_clasificaciones_panel_ENOE,Misma categoria en ambas mediciones; destino historico oficial; empleo continuo
5222,macro_egp4_damian,2,2,275,69432,70484,TRUE,0.9853262566344052,TRUE,1,TRUE,126,149,0.9849468305482668,0.9857272116984326,1,1,TRUE,TRUE,TRUE,TRUE,TRUE,concordancia_estable_panel,CONSENSO_PANEL_2031,egp,consenso_clasificaciones_panel_ENOE,Misma categoria en ambas mediciones; destino historico oficial; empleo continuo
5223,macro_egp4_damian,2,2,13,1991,2122,TRUE,0.6485342019543974,TRUE,1,TRUE,6,7,1,0.5453013063632532,1,1,TRUE,TRUE,TRUE,TRUE,TRUE,concordancia_estable_panel,CONSENSO_PANEL_2032,egp,consenso_clasificaciones_panel_ENOE,Misma categoria en ambas mediciones; destino historico oficial; empleo continuo
5224,macro_egp4_damian,2,2,35,9495,9309,TRUE,0.9387048937221948,TRUE,1,TRUE,20,15,1,0.895234876647516,1,1,TRUE,TRUE,TRUE,TRUE,TRUE,concordancia_estable_panel,CONSENSO_PANEL_2033,egp,consenso_clasificaciones_panel_ENOE,Misma categoria en ambas mediciones; destino historico oficial; empleo continuo
5225,macro_egp4_damian,2,2,19,3979,3705,TRUE,0.8725877192982456,TRUE,1,TRUE,10,9,0.8067885117493473,0.9664715274081959,1,1,TRUE,TRUE,TRUE,TRUE,TRUE,concordancia_estable_panel,CONSENSO_PANEL_2034,egp,consenso_clasificaciones_panel_ENOE,Misma categoria en ambas mediciones; destino historico oficial; empleo continuo
5227,macro_egp4_damian,2,2,73,22002,21993,TRUE,1,TRUE,1,TRUE,33,40,1,1,1,1,TRUE,TRUE,TRUE,TRUE,TRUE,concordancia_estable_panel,CONSENSO_PANEL_2035,egp,consenso_clasificaciones_panel_ENOE,Misma categoria en ambas mediciones; destino historico oficial; empleo continuo
5230,macro_egp4_damian,2,2,176,53329,53777,TRUE,0.8867328444821336,TRUE,1,TRUE,95,81,0.9455396584690446,0.8268863018753984,1,1,TRUE,TRUE,TRUE,TRUE,TRUE,concordancia_estable_panel,CONSENSO_PANEL_2036,egp,consenso_clasificaciones_panel_ENOE,Misma categoria en ambas mediciones; destino historico oficial; empleo continuo
5231,macro_egp4_damian,2,2,41,15719,15454,TRUE,1,TRUE,1,TRUE,24,17,1,1,1,1,TRUE,TRUE,TRUE,TRUE,TRUE,concordancia_estable_panel,CONSENSO_PANEL_2037,egp,consenso_clasificaciones_panel_ENOE,Misma categoria en ambas mediciones; destino historico oficial; empleo continuo
5232,macro_egp4_damian,2,2,11,3349,3306,TRUE,1,TRUE,1,TRUE,5,6,1,1,1,1,TRUE,TRUE,TRUE,TRUE,TRUE,concordancia_estable_panel,CONSENSO_PANEL_2038,egp,consenso_clasificaciones_panel_ENOE,Misma categoria en ambas mediciones; destino historico oficial; empleo continuo
5233,macro_egp4_damian,2,2,25,3835,3881,TRUE,0.7606108687028956,TRUE,1,TRUE,12,13,0.812992125984252,0.725249169435216,1,1,TRUE,TRUE,TRUE,TRUE,TRUE,concordancia_estable_panel,CONSENSO_PANEL_2039,egp,consenso_clasificaciones_panel_ENOE,Misma categoria en ambas mediciones; destino historico oficial; empleo continuo
5240,macro_egp4_damian,2,2,25,9403,9348,TRUE,0.9339491458085022,TRUE,1,TRUE,13,12,0.9530346820809249,0.8919949174078781,1,1,TRUE,TRUE,TRUE,TRUE,TRUE,concordancia_estable_panel,CONSENSO_PANEL_2040,egp,consenso_clasificaciones_panel_ENOE,Misma categoria en ambas mediciones; destino historico oficial; empleo continuo
5241,macro_egp4_damian,2,2,81,22939,24037,TRUE,0.8831863858622415,TRUE,1,TRUE,35,46,0.8051313851639408,0.9602203182374541,1,1,TRUE,TRUE,TRUE,TRUE,TRUE,concordancia_estable_panel,CONSENSO_PANEL_2041,egp,consenso_clasificaciones_panel_ENOE,Misma categoria en ambas mediciones; destino historico oficial; empleo continuo
5242,macro_egp4_damian,2,2,128,34558,35015,TRUE,0.9137010205700385,TRUE,1,TRUE,59,69,0.9107552738004153,0.9164617906166769,1,1,TRUE,TRUE,TRUE,TRUE,TRUE,concordancia_estable_panel,CONSENSO_PANEL_2042,egp,consenso_clasificaciones_panel_ENOE,Misma categoria en ambas mediciones; destino historico oficial; empleo continuo
5243,macro_egp4_damian,2,2,13,3302,3441,TRUE,1,TRUE,1,TRUE,8,5,1,1,1,1,TRUE,TRUE,TRUE,TRUE,TRUE,concordancia_estable_panel,CONSENSO_PANEL_2043,egp,consenso_clasificaciones_panel_ENOE,Misma categoria en ambas mediciones; destino historico oficial; empleo continuo
5244,macro_egp4_damian,2,2,28,6767,7149,TRUE,0.9668524074867838,TRUE,1,TRUE,16,12,0.9499244549967624,1,1,1,TRUE,TRUE,TRUE,TRUE,TRUE,concordancia_estable_panel,CONSENSO_PANEL_2044,egp,consenso_clasificaciones_panel_ENOE,Misma categoria en ambas mediciones; destino historico oficial; empleo continuo
5245,macro_egp4_damian,2,2,340,92508,93564,TRUE,0.8367751214349678,TRUE,1,TRUE,174,166,0.8762417532418291,0.8007611798287345,1,1,TRUE,TRUE,TRUE,TRUE,TRUE,concordancia_estable_panel,CONSENSO_PANEL_2045,egp,consenso_clasificaciones_panel_ENOE,Misma categoria en ambas mediciones; destino historico oficial; empleo continuo
5246,macro_egp4_damian,2,2,133,37557,37205,TRUE,0.6343766363191055,TRUE,1,TRUE,68,65,0.6984276073192792,0.5739238927011853,1,1,TRUE,TRUE,TRUE,TRUE,TRUE,concordancia_estable_panel,CONSENSO_PANEL_2046,egp,consenso_clasificaciones_panel_ENOE,Misma categoria en ambas mediciones; destino historico oficial; empleo continuo
5248,macro_egp4_damian,2,2,120,33688,33948,TRUE,0.9208145414787481,TRUE,1,TRUE,61,59,0.9090571295866233,0.9376286947857855,1,1,TRUE,TRUE,TRUE,TRUE,TRUE,concordancia_estable_panel,CONSENSO_PANEL_2047,egp,consenso_clasificaciones_panel_ENOE,Misma categoria en ambas mediciones; destino historico oficial; empleo continuo
5251,macro_egp4_damian,2,2,52,17449,18229,TRUE,0.9104617792851553,TRUE,1,TRUE,29,23,0.8595794166101366,0.9698168663802849,1,1,TRUE,TRUE,TRUE,TRUE,TRUE,concordancia_estable_panel,CONSENSO_PANEL_2048,egp,consenso_clasificaciones_panel_ENOE,Misma categoria en ambas mediciones; destino historico oficial; empleo continuo
5260,macro_egp4_damian,2,2,485,126598,127268,TRUE,0.7689523011230768,TRUE,1,TRUE,248,237,0.776661712109248,0.7604971918340316,1,1,TRUE,TRUE,TRUE,TRUE,TRUE,concordancia_estable_panel,CONSENSO_PANEL_2049,egp,consenso_clasificaciones_panel_ENOE,Misma categoria en ambas mediciones; destino historico oficial; empleo continuo
5261,macro_egp4_damian,2,2,126,29017,29313,TRUE,0.8742693582404338,TRUE,1,TRUE,57,69,0.8982050211700161,0.8498264417514159,1,1,TRUE,TRUE,TRUE,TRUE,TRUE,concordancia_estable_panel,CONSENSO_PANEL_2050,egp,consenso_clasificaciones_panel_ENOE,Misma categoria en ambas mediciones; destino historico oficial; empleo continuo
5262,macro_egp4_damian,2,2,24,5147,4947,TRUE,1,TRUE,1,TRUE,9,15,1,1,1,1,TRUE,TRUE,TRUE,TRUE,TRUE,concordancia_estable_panel,CONSENSO_PANEL_2051,egp,consenso_clasificaciones_panel_ENOE,Misma categoria en ambas mediciones; destino historico oficial; empleo continuo
5264,macro_egp4_damian,2,2,13,1793,1778,TRUE,0.9270941054808687,TRUE,1,TRUE,7,6,0.8537344398340249,1,1,1,TRUE,TRUE,TRUE,TRUE,TRUE,concordancia_estable_panel,CONSENSO_PANEL_2052,egp,consenso_clasificaciones_panel_ENOE,Misma categoria en ambas mediciones; destino historico oficial; empleo continuo
5266,macro_egp4_damian,2,2,24,10373,10107,TRUE,0.8505945059450595,TRUE,1,TRUE,12,12,0.9796690307328605,0.7105982905982906,1,1,TRUE,TRUE,TRUE,TRUE,TRUE,concordancia_estable_panel,CONSENSO_PANEL_2053,egp,consenso_clasificaciones_panel_ENOE,Misma categoria en ambas mediciones; destino historico oficial; empleo continuo
5267,macro_egp4_damian,2,2,135,30593,30840,TRUE,0.7433785294260582,TRUE,1,TRUE,68,67,0.677921233512911,0.8152074202425849,1,1,TRUE,TRUE,TRUE,TRUE,TRUE,concordancia_estable_panel,CONSENSO_PANEL_2054,egp,consenso_clasificaciones_panel_ENOE,Misma categoria en ambas mediciones; destino historico oficial; empleo continuo
5270,macro_egp4_damian,2,2,191,46532,45867,TRUE,0.7296962473929338,TRUE,1,TRUE,75,116,0.6279174823068815,0.8023652734847466,1,1,TRUE,TRUE,TRUE,TRUE,TRUE,concordancia_estable_panel,CONSENSO_PANEL_2055,egp,consenso_clasificaciones_panel_ENOE,Misma categoria en ambas mediciones; destino historico oficial; empleo continuo
5271,macro_egp4_damian,1,1,47,14382,14150,TRUE,0.7859016393442623,TRUE,1,TRUE,22,25,0.8001545765706084,0.7719355187709618,1,1,TRUE,TRUE,TRUE,TRUE,TRUE,concordancia_estable_panel,CONSENSO_PANEL_2056,egp,consenso_clasificaciones_panel_ENOE,Misma categoria en ambas mediciones; destino historico oficial; empleo continuo
5272,macro_egp4_damian,1,1,29,9370,9666,TRUE,0.6204065417466729,TRUE,1,TRUE,12,17,0.6774378585086042,0.5901954826293933,1,1,TRUE,TRUE,TRUE,TRUE,TRUE,concordancia_estable_panel,CONSENSO_PANEL_2057,egp,consenso_clasificaciones_panel_ENOE,Misma categoria en ambas mediciones; destino historico oficial; empleo continuo
5280,macro_egp4_damian,2,2,65,22283,22261,TRUE,0.8043533191351118,TRUE,1,TRUE,33,32,0.8274495890248951,0.7681616011860638,1,1,TRUE,TRUE,TRUE,TRUE,TRUE,concordancia_estable_panel,CONSENSO_PANEL_2058,egp,consenso_clasificaciones_panel_ENOE,Misma categoria en ambas mediciones; destino historico oficial; empleo continuo
5281,macro_egp4_damian,2,2,36,6192,5916,TRUE,0.961789375582479,TRUE,1,TRUE,7,29,1,0.9496417604912999,1,1,TRUE,TRUE,TRUE,TRUE,TRUE,concordancia_estable_panel,CONSENSO_PANEL_2059,egp,consenso_clasificaciones_panel_ENOE,Misma categoria en ambas mediciones; destino historico oficial; empleo continuo
5290,macro_egp4_damian,2,2,39,12716,12794,TRUE,0.7932131495227995,TRUE,1,TRUE,15,24,0.8253538090936465,0.7848151062155783,1,1,TRUE,TRUE,TRUE,TRUE,TRUE,concordancia_estable_panel,CONSENSO_PANEL_2060,egp,consenso_clasificaciones_panel_ENOE,Misma categoria en ambas mediciones; destino historico oficial; empleo continuo
5300,macro_egp4_damian,2,2,16,7471,7541,TRUE,0.8132143245890933,TRUE,1,TRUE,8,8,1,0.5676492819349962,1,1,TRUE,TRUE,TRUE,TRUE,TRUE,concordancia_estable_panel,CONSENSO_PANEL_2061,egp,consenso_clasificaciones_panel_ENOE,Misma categoria en ambas mediciones; destino historico oficial; empleo continuo
5302,macro_egp4_damian,2,2,46,13812,14173,TRUE,0.877899955507532,TRUE,1,TRUE,30,16,0.9074074074074074,0.8143172247844396,1,1,TRUE,TRUE,TRUE,TRUE,TRUE,concordancia_estable_panel,CONSENSO_PANEL_2062,egp,consenso_clasificaciones_panel_ENOE,Misma categoria en ambas mediciones; destino historico oficial; empleo continuo
5304,macro_egp4_damian,2,2,19,5174,5445,TRUE,0.7898030834987025,TRUE,1,TRUE,12,7,0.9044309296264118,0.6620400258231117,1,1,TRUE,TRUE,TRUE,TRUE,TRUE,concordancia_estable_panel,CONSENSO_PANEL_2063,egp,consenso_clasificaciones_panel_ENOE,Misma categoria en ambas mediciones; destino historico oficial; empleo continuo
5306,macro_egp4_damian,2,2,24,8017,7993,TRUE,0.8138260075119277,TRUE,1,TRUE,10,14,0.6982530439385919,0.8857236950436358,1,1,TRUE,TRUE,TRUE,TRUE,TRUE,concordancia_estable_panel,CONSENSO_PANEL_2064,egp,consenso_clasificaciones_panel_ENOE,Misma categoria en ambas mediciones; destino historico oficial; empleo continuo
5310,macro_egp4_damian,2,2,21,4684,4759,TRUE,0.9522260622077658,TRUE,1,TRUE,9,12,0.9629874421678783,0.9474456840869054,1,1,TRUE,TRUE,TRUE,TRUE,TRUE,concordancia_estable_panel,CONSENSO_PANEL_2065,egp,consenso_clasificaciones_panel_ENOE,Misma categoria en ambas mediciones; destino historico oficial; empleo continuo
5320,macro_egp4_damian,2,2,23,4889,4897,TRUE,0.8887475004544628,TRUE,1,TRUE,14,9,1,0.7485620377978636,1,1,TRUE,TRUE,TRUE,TRUE,TRUE,concordancia_estable_panel,CONSENSO_PANEL_2066,egp,consenso_clasificaciones_panel_ENOE,Misma categoria en ambas mediciones; destino historico oficial; empleo continuo
5321,macro_egp4_damian,2,2,31,15224,15172,TRUE,0.892955598568831,TRUE,1,TRUE,19,12,0.8614318706697459,0.9328725242589393,1,1,TRUE,TRUE,TRUE,TRUE,TRUE,concordancia_estable_panel,CONSENSO_PANEL_2067,egp,consenso_clasificaciones_panel_ENOE,Misma categoria en ambas mediciones; destino historico oficial; empleo continuo
5322,macro_egp4_damian,2,2,272,70265,70777,TRUE,0.9587517738238184,TRUE,1,TRUE,136,136,0.9609182530795073,0.9566918654173765,1,1,TRUE,TRUE,TRUE,TRUE,TRUE,concordancia_estable_panel,CONSENSO_PANEL_2068,egp,consenso_clasificaciones_panel_ENOE,Misma categoria en ambas mediciones; destino historico oficial; empleo continuo
5323,macro_egp4_damian,2,2,142,20314,20537,TRUE,0.8385205977049451,TRUE,1,TRUE,61,81,0.8439317564947654,0.8345075485262401,1,1,TRUE,TRUE,TRUE,TRUE,TRUE,concordancia_estable_panel,CONSENSO_PANEL_2069,egp,consenso_clasificaciones_panel_ENOE,Misma categoria en ambas mediciones; destino historico oficial; empleo continuo
5324,macro_egp4_damian,2,2,19,4849,4873,TRUE,0.952839457653763,TRUE,1,TRUE,11,8,0.8742138364779874,1,1,1,TRUE,TRUE,TRUE,TRUE,TRUE,concordancia_estable_panel,CONSENSO_PANEL_2070,egp,consenso_clasificaciones_panel_ENOE,Misma categoria en ambas mediciones; destino historico oficial; empleo continuo
5331,macro_egp4_damian,2,2,13,6438,6647,TRUE,0.9637724550898203,TRUE,1,TRUE,6,7,1,0.9255384615384615,1,1,TRUE,TRUE,TRUE,TRUE,TRUE,concordancia_estable_panel,CONSENSO_PANEL_2071,egp,consenso_clasificaciones_panel_ENOE,Misma categoria en ambas mediciones; destino historico oficial; empleo continuo
5332,macro_egp4_damian,2,2,17,5536,5453,TRUE,1,TRUE,1,TRUE,11,6,1,1,1,1,TRUE,TRUE,TRUE,TRUE,TRUE,concordancia_estable_panel,CONSENSO_PANEL_2072,egp,consenso_clasificaciones_panel_ENOE,Misma categoria en ambas mediciones; destino historico oficial; empleo continuo
5333,macro_egp4_damian,2,2,15,5673,6003,TRUE,0.8479820627802691,TRUE,1,TRUE,8,7,0.779296875,1,1,1,TRUE,TRUE,TRUE,TRUE,TRUE,concordancia_estable_panel,CONSENSO_PANEL_2073,egp,consenso_clasificaciones_panel_ENOE,Misma categoria en ambas mediciones; destino historico oficial; empleo continuo
5334,macro_egp4_damian,2,2,13,3947,4019,TRUE,0.8209234608985025,TRUE,1,TRUE,8,5,1,0.6921701823382195,1,1,TRUE,TRUE,TRUE,TRUE,TRUE,concordancia_estable_panel,CONSENSO_PANEL_2074,egp,consenso_clasificaciones_panel_ENOE,Misma categoria en ambas mediciones; destino historico oficial; empleo continuo
5340,macro_egp4_damian,2,2,25,6052,6081,TRUE,0.964308476736775,TRUE,1,TRUE,9,16,0.8095238095238095,1,1,1,TRUE,TRUE,TRUE,TRUE,TRUE,concordancia_estable_panel,CONSENSO_PANEL_2075,egp,consenso_clasificaciones_panel_ENOE,Misma categoria en ambas mediciones; destino historico oficial; empleo continuo
5342,macro_egp4_damian,2,2,41,11523,11592,TRUE,0.91977969348659006,TRUE,1,TRUE,24,17,1,0.8549992786033761,1,1,TRUE,TRUE,TRUE,TRUE,TRUE,concordancia_estable_panel,CONSENSO_PANEL_2076,egp,consenso_clasificaciones_panel_ENOE,Misma categoria en ambas mediciones; destino historico oficial; empleo continuo
5343,macro_egp4_damian,2,2,206,44535,44743,TRUE,0.8349581911582736,TRUE,1,TRUE,97,109,0.8234556644631867,0.8461652354160497,1,1,TRUE,TRUE,TRUE,TRUE,TRUE,concordancia_estable_panel,CONSENSO_PANEL_2077,egp,consenso_clasificaciones_panel_ENOE,Misma categoria en ambas mediciones; destino historico oficial; empleo continuo
5344,macro_egp4_damian,2,2,250,52091,52345,TRUE,0.8845624819575812,TRUE,1,TRUE,126,124,0.8612993087319875,0.9072521132429894,1,1,TRUE,TRUE,TRUE,TRUE,TRUE,concordancia_estable_panel,CONSENSO_PANEL_2078,egp,consenso_clasificaciones_panel_ENOE,Misma categoria en ambas mediciones; destino historico oficial; empleo continuo
5345,macro_egp4_damian,2,2,358,108886,112908,TRUE,0.9165411065563421,TRUE,1,TRUE,181,177,0.9043351646702092,0.9321234884924209,1,1,TRUE,TRUE,TRUE,TRUE,TRUE,concordancia_estable_panel,CONSENSO_PANEL_2079,egp,consenso_clasificaciones_panel_ENOE,Misma categoria en ambas mediciones; destino historico oficial; empleo continuo
5350,macro_egp4_damian,2,2,15,3517,3589,TRUE,1,TRUE,1,TRUE,10,5,1,1,1,1,TRUE,TRUE,TRUE,TRUE,TRUE,concordancia_estable_panel,CONSENSO_PANEL_2080,egp,consenso_clasificaciones_panel_ENOE,Misma categoria en ambas mediciones; destino historico oficial; empleo continuo
5353,macro_egp4_damian,2,2,10,4566,4542,TRUE,0.6257366040838701,TRUE,1,TRUE,5,5,0.8686070686070686,0.5063368765331153,1,1,TRUE,TRUE,TRUE,TRUE,TRUE,concordancia_estable_panel,CONSENSO_PANEL_2081,egp,consenso_clasificaciones_panel_ENOE,Misma categoria en ambas mediciones; destino historico oficial; empleo continuo
5371,macro_egp4_damian,2,2,17,6130,6133,TRUE,1,TRUE,1,TRUE,5,12,1,1,1,1,TRUE,TRUE,TRUE,TRUE,TRUE,concordancia_estable_panel,CONSENSO_PANEL_2082,egp,consenso_clasificaciones_panel_ENOE,Misma categoria en ambas mediciones; destino historico oficial; empleo continuo
5380,macro_egp4_damian,2,2,34,9659,9857,TRUE,0.7319087671440478,TRUE,1,TRUE,17,17,0.8369423993070594,0.6753700897540506,1,1,TRUE,TRUE,TRUE,TRUE,TRUE,concordancia_estable_panel,CONSENSO_PANEL_2083,egp,consenso_clasificaciones_panel_ENOE,Misma categoria en ambas mediciones; destino historico oficial; empleo continuo
5383,macro_egp4_damian,2,2,122,40251,39999,TRUE,0.8687516187516188,TRUE,1,TRUE,64,58,0.8281505728314239,0.9280140149705367,1,1,TRUE,TRUE,TRUE,TRUE,TRUE,concordancia_estable_panel,CONSENSO_PANEL_2084,egp,consenso_clasificaciones_panel_ENOE,Misma categoria en ambas mediciones; destino historico oficial; empleo continuo
5400,macro_egp4_damian,3,3,193,58145,58317,TRUE,0.6110813338798331,TRUE,1,TRUE,106,87,0.66834876909681,0.5462247024810059,1,1,TRUE,TRUE,TRUE,TRUE,TRUE,concordancia_estable_panel,CONSENSO_PANEL_2085,egp,consenso_clasificaciones_panel_ENOE,Misma categoria en ambas mediciones; destino historico oficial; empleo continuo
5401,macro_egp4_damian,3,3,58,21638,21852,TRUE,0.5846527965414753,TRUE,1,TRUE,27,31,0.528383492521175,0.6306536364975691,1,1,TRUE,TRUE,TRUE,TRUE,TRUE,concordancia_estable_panel,CONSENSO_PANEL_2086,egp,consenso_clasificaciones_panel_ENOE,Misma categoria en ambas mediciones; destino historico oficial; empleo continuo
5420,macro_egp4_damian,3,3,54,13530,13988,TRUE,0.5971400829729014,TRUE,1,TRUE,28,26,0.582135438304944,0.6141391320719194,1,1,TRUE,TRUE,TRUE,TRUE,TRUE,concordancia_estable_panel,CONSENSO_PANEL_2087,egp,consenso_clasificaciones_panel_ENOE,Misma categoria en ambas mediciones; destino historico oficial; empleo continuo
5430,macro_egp4_damian,3,3,39,11902,12144,TRUE,0.6397548914211998,TRUE,1,TRUE,16,23,0.8383190883190883,0.5194233425414365,1,1,TRUE,TRUE,TRUE,TRUE,TRUE,concordancia_estable_panel,CONSENSO_PANEL_2088,egp,consenso_clasificaciones_panel_ENOE,Misma categoria en ambas mediciones; destino historico oficial; empleo continuo
5440,macro_egp4_damian,3,3,213,58008,58583,TRUE,0.5742001900538486,TRUE,1,TRUE,110,103,0.5238680420936028,0.6414400665926748,1,1,TRUE,TRUE,TRUE,TRUE,TRUE,concordancia_estable_panel,CONSENSO_PANEL_2089,egp,consenso_clasificaciones_panel_ENOE,Misma categoria en ambas mediciones; destino historico oficial; empleo continuo
5460,macro_egp4_damian,3,3,710,223991,224843,TRUE,0.8554531601480299,TRUE,1,TRUE,353,357,0.8819297141480773,0.8298581901213796,1,1,TRUE,TRUE,TRUE,TRUE,TRUE,concordancia_estable_panel,CONSENSO_PANEL_2090,egp,consenso_clasificaciones_panel_ENOE,Misma categoria en ambas mediciones; destino historico oficial; empleo continuo
5470,macro_egp4_damian,3,3,28,9705,9715,TRUE,0.7626119754832626,TRUE,1,TRUE,12,16,0.6719594041578,0.8463049720417107,1,1,TRUE,TRUE,TRUE,TRUE,TRUE,concordancia_estable_panel,CONSENSO_PANEL_2091,egp,consenso_clasificaciones_panel_ENOE,Misma categoria en ambas mediciones; destino historico oficial; empleo continuo
5500,macro_egp4_damian,2,2,17,7006,7066,TRUE,0.6156414762741652,TRUE,1,TRUE,12,5,0.6013198757763976,0.6274887604367373,1,1,TRUE,TRUE,TRUE,TRUE,TRUE,concordancia_estable_panel,CONSENSO_PANEL_2092,egp,consenso_clasificaciones_panel_ENOE,Misma categoria en ambas mediciones; destino historico oficial; empleo continuo
5501,macro_egp4_damian,2,2,66,16726,16747,TRUE,0.9643680811808119,TRUE,1,TRUE,34,32,0.9710064430126638,0.9572045073123951,1,1,TRUE,TRUE,TRUE,TRUE,TRUE,concordancia_estable_panel,CONSENSO_PANEL_2093,egp,consenso_clasificaciones_panel_ENOE,Misma categoria en ambas mediciones; destino historico oficial; empleo continuo
5502,macro_egp4_damian,2,2,116,27125,27328,TRUE,0.8143200240168118,TRUE,1,TRUE,56,60,0.7395655719475128,0.8651934816608647,1,1,TRUE,TRUE,TRUE,TRUE,TRUE,concordancia_estable_panel,CONSENSO_PANEL_2094,egp,consenso_clasificaciones_panel_ENOE,Misma categoria en ambas mediciones; destino historico oficial; empleo continuo
5520,macro_egp4_damian,2,2,1236,375703,374113,TRUE,0.9654402392895322,TRUE,1,TRUE,592,644,0.9670518901979239,0.9639495253782876,1,1,TRUE,TRUE,TRUE,TRUE,TRUE,concordancia_estable_panel,CONSENSO_PANEL_2095,egp,consenso_clasificaciones_panel_ENOE,Misma categoria en ambas mediciones; destino historico oficial; empleo continuo
5521,macro_egp4_damian,2,2,424,136584,135629,TRUE,0.9002016793430262,TRUE,1,TRUE,225,199,0.9010192803635024,0.8992545806304768,1,1,TRUE,TRUE,TRUE,TRUE,TRUE,concordancia_estable_panel,CONSENSO_PANEL_2096,egp,consenso_clasificaciones_panel_ENOE,Misma categoria en ambas mediciones; destino historico oficial; empleo continuo
5550,macro_egp4_damian,2,2,43,15139,15279,TRUE,1,TRUE,1,TRUE,24,19,1,1,1,1,TRUE,TRUE,TRUE,TRUE,TRUE,concordancia_estable_panel,CONSENSO_PANEL_2097,egp,consenso_clasificaciones_panel_ENOE,Misma categoria en ambas mediciones; destino historico oficial; empleo continuo
6100,macro_egp4_damian,1,1,84,19129,19127,TRUE,0.83836613051672,TRUE,1,TRUE,38,46,0.856029106029106,0.8254906418125332,1,1,TRUE,TRUE,TRUE,TRUE,TRUE,concordancia_estable_panel,CONSENSO_PANEL_2098,egp,consenso_clasificaciones_panel_ENOE,Misma categoria en ambas mediciones; destino historico oficial; empleo continuo
6101,macro_egp4_damian,1,1,169,37084,39271,TRUE,0.8027708626474727,TRUE,1,TRUE,77,92,0.7416691988250785,0.8483874626639949,1,1,TRUE,TRUE,TRUE,TRUE,TRUE,concordancia_estable_panel,CONSENSO_PANEL_2099,egp,consenso_clasificaciones_panel_ENOE,Misma categoria en ambas mediciones; destino historico oficial; empleo continuo
6102,macro_egp4_damian,1,1,82,15040,15380,TRUE,0.742972879513906,TRUE,1,TRUE,42,40,0.7063701470033924,0.7833039144429447,1,1,TRUE,TRUE,TRUE,TRUE,TRUE,concordancia_estable_panel,CONSENSO_PANEL_2100,egp,consenso_clasificaciones_panel_ENOE,Misma categoria en ambas mediciones; destino historico oficial; empleo continuo
6110,macro_egp4_damian,1,1,81,23500,24390,TRUE,0.6201018550281024,TRUE,1,TRUE,42,39,0.5995796111403048,0.6338817095223394,1,1,TRUE,TRUE,TRUE,TRUE,TRUE,concordancia_estable_panel,CONSENSO_PANEL_2101,egp,consenso_clasificaciones_panel_ENOE,Misma categoria en ambas mediciones; destino historico oficial; empleo continuo
6111,macro_egp4_damian,1,1,236,58552,60382,TRUE,0.5840889819941144,TRUE,1,TRUE,143,93,0.5921022258862325,0.571814623058467,1,1,TRUE,TRUE,TRUE,TRUE,TRUE,concordancia_estable_panel,CONSENSO_PANEL_2102,egp,consenso_clasificaciones_panel_ENOE,Misma categoria en ambas mediciones; destino historico oficial; empleo continuo
6130,macro_egp4_damian,1,1,50,15403,17855,TRUE,0.8869630312104112,TRUE,1,TRUE,23,27,0.9038629419467481,0.8680809558644234,1,1,TRUE,TRUE,TRUE,TRUE,TRUE,concordancia_estable_panel,CONSENSO_PANEL_2103,egp,consenso_clasificaciones_panel_ENOE,Misma categoria en ambas mediciones; destino historico oficial; empleo continuo
6150,macro_egp4_damian,1,1,27,8154,8563,TRUE,0.6077364537527018,TRUE,1,TRUE,13,14,0.5078771169751871,0.668545389135388,1,1,TRUE,TRUE,TRUE,TRUE,TRUE,concordancia_estable_panel,CONSENSO_PANEL_2104,egp,consenso_clasificaciones_panel_ENOE,Misma categoria en ambas mediciones; destino historico oficial; empleo continuo
6170,macro_egp4_damian,1,1,40,4445,4592,TRUE,0.8624369421808304,TRUE,1,TRUE,22,18,0.8317430025445293,0.9104477611940298,1,1,TRUE,TRUE,TRUE,TRUE,TRUE,concordancia_estable_panel,CONSENSO_PANEL_2105,egp,consenso_clasificaciones_panel_ENOE,Misma categoria en ambas mediciones; destino historico oficial; empleo continuo
6190,macro_egp4_damian,1,1,19,6096,6375,TRUE,0.8052840158520476,TRUE,1,TRUE,9,10,0.9118096485483519,0.6420207427233189,1,1,TRUE,TRUE,TRUE,TRUE,TRUE,concordancia_estable_panel,CONSENSO_PANEL_2106,egp,consenso_clasificaciones_panel_ENOE,Misma categoria en ambas mediciones; destino historico oficial; empleo continuo
6200,macro_egp4_damian,2,2,981,227665,226431,TRUE,0.8975663027751166,TRUE,1,TRUE,468,513,0.9236362750036561,0.872990464519588,1,1,TRUE,TRUE,TRUE,TRUE,TRUE,concordancia_estable_panel,CONSENSO_PANEL_2107,egp,consenso_clasificaciones_panel_ENOE,Misma categoria en ambas mediciones; destino historico oficial; empleo continuo
6202,macro_egp4_damian,2,2,146,40281,40710,TRUE,0.7847916301361856,TRUE,1,TRUE,73,73,0.7508765522279036,0.8235687142439554,1,1,TRUE,TRUE,TRUE,TRUE,TRUE,concordancia_estable_panel,CONSENSO_PANEL_2108,egp,consenso_clasificaciones_panel_ENOE,Misma categoria en ambas mediciones; destino historico oficial; empleo continuo
6210,macro_egp4_damian,2,2,399,107950,107493,TRUE,0.8745989564766503,TRUE,1,TRUE,208,191,0.8875064958884847,0.8600393089893452,1,1,TRUE,TRUE,TRUE,TRUE,TRUE,concordancia_estable_panel,CONSENSO_PANEL_2109,egp,consenso_clasificaciones_panel_ENOE,Misma categoria en ambas mediciones; destino historico oficial; empleo continuo
6211,macro_egp4_damian,2,2,23,8248,8278,TRUE,0.9571776720436347,TRUE,1,TRUE,9,14,0.9178947368421052,0.9765909485000867,1,1,TRUE,TRUE,TRUE,TRUE,TRUE,concordancia_estable_panel,CONSENSO_PANEL_2110,egp,consenso_clasificaciones_panel_ENOE,Misma categoria en ambas mediciones; destino historico oficial; empleo continuo
6220,macro_egp4_damian,2,2,53,11410,11564,TRUE,0.6520372592719584,TRUE,1,TRUE,24,29,0.5523495465787304,0.7460035523978685,1,1,TRUE,TRUE,TRUE,TRUE,TRUE,concordancia_estable_panel,CONSENSO_PANEL_2111,egp,consenso_clasificaciones_panel_ENOE,Misma categoria en ambas mediciones; destino historico oficial; empleo continuo
6221,macro_egp4_damian,2,2,258,76930,75895,TRUE,0.769384632309554,TRUE,1,TRUE,118,140,0.7755509162607284,0.7647110532885599,1,1,TRUE,TRUE,TRUE,TRUE,TRUE,concordancia_estable_panel,CONSENSO_PANEL_2112,egp,consenso_clasificaciones_panel_ENOE,Misma categoria en ambas mediciones; destino historico oficial; empleo continuo
6230,macro_egp4_damian,2,2,229,58000,58800,TRUE,0.8066871583749426,TRUE,1,TRUE,114,115,0.8272043334336443,0.7890558328376736,1,1,TRUE,TRUE,TRUE,TRUE,TRUE,concordancia_estable_panel,CONSENSO_PANEL_2113,egp,consenso_clasificaciones_panel_ENOE,Misma categoria en ambas mediciones; destino historico oficial; empleo continuo
6231,macro_egp4_damian,2,2,10,1144,1221,TRUE,0.6341463414634146,TRUE,1,TRUE,5,5,0.5029940119760479,0.7980049875311721,1,1,TRUE,TRUE,TRUE,TRUE,TRUE,concordancia_estable_panel,CONSENSO_PANEL_2114,egp,consenso_clasificaciones_panel_ENOE,Misma categoria en ambas mediciones; destino historico oficial; empleo continuo
6232,macro_egp4_damian,2,2,31,8150,8164,TRUE,0.8563622990438163,TRUE,1,TRUE,17,14,0.9069204152249135,0.7781643029167782,1,1,TRUE,TRUE,TRUE,TRUE,TRUE,concordancia_estable_panel,CONSENSO_PANEL_2115,egp,consenso_clasificaciones_panel_ENOE,Misma categoria en ambas mediciones; destino historico oficial; empleo continuo
6240,macro_egp4_damian,2,2,31,9559,10138,TRUE,0.7830752846727288,TRUE,1,TRUE,15,16,0.7883250065737576,0.7806996668253213,1,1,TRUE,TRUE,TRUE,TRUE,TRUE,concordancia_estable_panel,CONSENSO_PANEL_2116,egp,consenso_clasificaciones_panel_ENOE,Misma categoria en ambas mediciones; destino historico oficial; empleo continuo
6250,macro_egp4_damian,2,2,23,8028,8069,TRUE,0.9392769392769392,TRUE,1,TRUE,6,17,0.8238188976377953,0.9548532731376975,1,1,TRUE,TRUE,TRUE,TRUE,TRUE,concordancia_estable_panel,CONSENSO_PANEL_2117,egp,consenso_clasificaciones_panel_ENOE,Misma categoria en ambas mediciones; destino historico oficial; empleo continuo
6270,macro_egp4_damian,2,2,980,208906,211898,TRUE,0.7165873720967725,TRUE,1,TRUE,496,484,0.7131438170840018,0.7200065626666302,1,1,TRUE,TRUE,TRUE,TRUE,TRUE,concordancia_estable_panel,CONSENSO_PANEL_2118,egp,consenso_clasificaciones_panel_ENOE,Misma categoria en ambas mediciones; destino historico oficial; empleo continuo
7100,macro_egp4_damian,2,2,1406,440508,439092,TRUE,0.8748969705877095,TRUE,1,TRUE,695,711,0.8628680359218343,0.8866334963075739,1,1,TRUE,TRUE,TRUE,TRUE,TRUE,concordancia_estable_panel,CONSENSO_PANEL_2119,egp,consenso_clasificaciones_panel_ENOE,Misma categoria en ambas mediciones; destino historico oficial; empleo continuo
7111,macro_egp4_damian,2,2,1954,533337,535714,TRUE,0.8340910477102013,TRUE,1,TRUE,964,990,0.8396708799910444,0.8290428472702143,1,1,TRUE,TRUE,TRUE,TRUE,TRUE,concordancia_estable_panel,CONSENSO_PANEL_2120,egp,consenso_clasificaciones_panel_ENOE,Misma categoria en ambas mediciones; destino historico oficial; empleo continuo
7120,macro_egp4_damian,2,2,22,6464,6636,TRUE,0.9849154350144751,TRUE,1,TRUE,11,11,1,0.9698630136986301,1,1,TRUE,TRUE,TRUE,TRUE,TRUE,concordancia_estable_panel,CONSENSO_PANEL_2121,egp,consenso_clasificaciones_panel_ENOE,Misma categoria en ambas mediciones; destino historico oficial; empleo continuo
7130,macro_egp4_damian,2,2,194,45167,45858,TRUE,0.7992744646965139,TRUE,1,TRUE,92,102,0.8119370929749203,0.7860502134433109,1,1,TRUE,TRUE,TRUE,TRUE,TRUE,concordancia_estable_panel,CONSENSO_PANEL_2122,egp,consenso_clasificaciones_panel_ENOE,Misma categoria en ambas mediciones; destino historico oficial; empleo continuo
7131,macro_egp4_damian,2,2,58,17334,17626,TRUE,0.9969517455570254,TRUE,1,TRUE,34,24,0.9942190226876091,1,1,1,TRUE,TRUE,TRUE,TRUE,TRUE,concordancia_estable_panel,CONSENSO_PANEL_2123,egp,consenso_clasificaciones_panel_ENOE,Misma categoria en ambas mediciones; destino historico oficial; empleo continuo
7133,macro_egp4_damian,2,2,36,9807,10532,TRUE,0.7738499171466898,TRUE,1,TRUE,19,17,0.6768335273573923,0.9779573842762674,1,1,TRUE,TRUE,TRUE,TRUE,TRUE,concordancia_estable_panel,CONSENSO_PANEL_2124,egp,consenso_clasificaciones_panel_ENOE,Misma categoria en ambas mediciones; destino historico oficial; empleo continuo
7200,macro_egp4_damian,3,3,13,4167,4178,TRUE,0.8407990314769975,TRUE,1,TRUE,8,5,0.8361062825925006,0.8611410118406889,1,1,TRUE,TRUE,TRUE,TRUE,TRUE,concordancia_estable_panel,CONSENSO_PANEL_2125,egp,consenso_clasificaciones_panel_ENOE,Misma categoria en ambas mediciones; destino historico oficial; empleo continuo
7201,macro_egp4_damian,2,2,556,161057,163536,TRUE,0.5570940360149705,TRUE,1,TRUE,274,282,0.5305949260534222,0.5841743424043417,1,1,TRUE,TRUE,TRUE,TRUE,TRUE,concordancia_estable_panel,CONSENSO_PANEL_2126,egp,consenso_clasificaciones_panel_ENOE,Misma categoria en ambas mediciones; destino historico oficial; empleo continuo
7210,macro_egp4_damian,3,3,483,148919,150969,TRUE,0.6970199062957815,TRUE,1,TRUE,230,253,0.6519174898314933,0.7392088123125979,1,1,TRUE,TRUE,TRUE,TRUE,TRUE,concordancia_estable_panel,CONSENSO_PANEL_2127,egp,consenso_clasificaciones_panel_ENOE,Misma categoria en ambas mediciones; destino historico oficial; empleo continuo
7211,macro_egp4_damian,3,3,35,12893,12756,TRUE,0.9556033204862141,TRUE,1,TRUE,14,21,0.9697663765460376,0.9422439867492438,1,1,TRUE,TRUE,TRUE,TRUE,TRUE,concordancia_estable_panel,CONSENSO_PANEL_2128,egp,consenso_clasificaciones_panel_ENOE,Misma categoria en ambas mediciones; destino historico oficial; empleo continuo
7212,macro_egp4_damian,3,3,33,7252,7375,TRUE,1,TRUE,1,TRUE,11,22,1,1,1,1,TRUE,TRUE,TRUE,TRUE,TRUE,concordancia_estable_panel,CONSENSO_PANEL_2129,egp,consenso_clasificaciones_panel_ENOE,Misma categoria en ambas mediciones; destino historico oficial; empleo continuo
8100,macro_egp4_damian,2,2,549,140259,140127,TRUE,0.7199193126174125,TRUE,1,TRUE,277,272,0.7067983718444207,0.7330066230597305,1,1,TRUE,TRUE,TRUE,TRUE,TRUE,concordancia_estable_panel,CONSENSO_PANEL_2130,egp,consenso_clasificaciones_panel_ENOE,Misma categoria en ambas mediciones; destino historico oficial; empleo continuo
8101,macro_egp4_damian,3,3,299,72971,74404,TRUE,0.8373611493619756,TRUE,0.9894675248683441,TRUE,163,136,0.8303456714591618,0.846387992337768,1,0.9766914859177728,TRUE,TRUE,TRUE,TRUE,TRUE,concordancia_estable_panel,CONSENSO_PANEL_2131,egp,consenso_clasificaciones_panel_ENOE,Misma categoria en ambas mediciones; destino historico oficial; empleo continuo
8110,macro_egp4_damian,3,3,75,12767,12995,TRUE,0.8995913190529876,TRUE,1,TRUE,44,31,0.8715914724838869,0.9364794252122796,1,1,TRUE,TRUE,TRUE,TRUE,TRUE,concordancia_estable_panel,CONSENSO_PANEL_2132,egp,consenso_clasificaciones_panel_ENOE,Misma categoria en ambas mediciones; destino historico oficial; empleo continuo
8111,macro_egp4_damian,3,3,27,9834,9977,TRUE,0.8048121777559538,TRUE,1,TRUE,12,15,0.9396946564885497,0.7035391889955581,1,1,TRUE,TRUE,TRUE,TRUE,TRUE,concordancia_estable_panel,CONSENSO_PANEL_2133,egp,consenso_clasificaciones_panel_ENOE,Misma categoria en ambas mediciones; destino historico oficial; empleo continuo
8120,macro_egp4_damian,3,3,24,10864,12215,TRUE,1,TRUE,1,TRUE,13,11,1,1,1,1,TRUE,TRUE,TRUE,TRUE,TRUE,concordancia_estable_panel,CONSENSO_PANEL_2134,egp,consenso_clasificaciones_panel_ENOE,Misma categoria en ambas mediciones; destino historico oficial; empleo continuo
8122,macro_egp4_damian,3,3,73,18252,17853,TRUE,0.9748437750360519,TRUE,1,TRUE,34,39,0.9531593071480849,0.9917339667458432,1,1,TRUE,TRUE,TRUE,TRUE,TRUE,concordancia_estable_panel,CONSENSO_PANEL_2135,egp,consenso_clasificaciones_panel_ENOE,Misma categoria en ambas mediciones; destino historico oficial; empleo continuo
8123,macro_egp4_damian,3,3,89,21404,21938,TRUE,0.9873149130494949,TRUE,1,TRUE,40,49,0.9849749582637729,0.988336646785951,1,1,TRUE,TRUE,TRUE,TRUE,TRUE,concordancia_estable_panel,CONSENSO_PANEL_2136,egp,consenso_clasificaciones_panel_ENOE,Misma categoria en ambas mediciones; destino historico oficial; empleo continuo
8124,macro_egp4_damian,3,3,881,220819,223410,TRUE,0.828247252541165,TRUE,1,TRUE,447,434,0.8278328665506017,0.8286542750929368,1,1,TRUE,TRUE,TRUE,TRUE,TRUE,concordancia_estable_panel,CONSENSO_PANEL_2137,egp,consenso_clasificaciones_panel_ENOE,Misma categoria en ambas mediciones; destino historico oficial; empleo continuo
8125,macro_egp4_damian,4,4,145,41706,41285,TRUE,0.7466165413533835,TRUE,1,TRUE,72,73,0.8527901285630579,0.6318769322456885,1,1,TRUE,TRUE,TRUE,TRUE,TRUE,concordancia_estable_panel,CONSENSO_PANEL_2138,egp,consenso_clasificaciones_panel_ENOE,Misma categoria en ambas mediciones; destino historico oficial; empleo continuo
8126,macro_egp4_damian,3,3,97,23182,23503,TRUE,0.592905189391033,TRUE,1,TRUE,45,52,0.6001071524243236,0.586326710384653,1,1,TRUE,TRUE,TRUE,TRUE,TRUE,concordancia_estable_panel,CONSENSO_PANEL_2139,egp,consenso_clasificaciones_panel_ENOE,Misma categoria en ambas mediciones; destino historico oficial; empleo continuo
8130,macro_egp4_damian,2,2,387,106211,105026,TRUE,0.9953517576166512,TRUE,1,TRUE,191,196,0.9910842680471671,1,1,1,TRUE,TRUE,TRUE,TRUE,TRUE,concordancia_estable_panel,CONSENSO_PANEL_2140,egp,consenso_clasificaciones_panel_ENOE,Misma categoria en ambas mediciones; destino historico oficial; empleo continuo
8131,macro_egp4_damian,2,2,42,12324,12110,TRUE,0.9841092390002396,TRUE,1,TRUE,21,21,0.9676790644794543,1,1,1,TRUE,TRUE,TRUE,TRUE,TRUE,concordancia_estable_panel,CONSENSO_PANEL_2141,egp,consenso_clasificaciones_panel_ENOE,Misma categoria en ambas mediciones; destino historico oficial; empleo continuo
8140,macro_egp4_damian,2,2,32,5885,6206,TRUE,0.6714204221334854,TRUE,1,TRUE,20,12,0.7098434925864909,0.6236889229982092,1,1,TRUE,TRUE,TRUE,TRUE,TRUE,concordancia_estable_panel,CONSENSO_PANEL_2142,egp,consenso_clasificaciones_panel_ENOE,Misma categoria en ambas mediciones; destino historico oficial; empleo continuo
8201,macro_egp4_damian,2,2,101,32130,31696,TRUE,0.6889084242801089,TRUE,1,TRUE,48,53,0.5900627670235772,0.7566112716763006,1,1,TRUE,TRUE,TRUE,TRUE,TRUE,concordancia_estable_panel,CONSENSO_PANEL_2143,egp,consenso_clasificaciones_panel_ENOE,Misma categoria en ambas mediciones; destino historico oficial; empleo continuo
8202,macro_egp4_damian,2,2,24,9742,9071,TRUE,0.9505317591960192,TRUE,1,TRUE,13,11,1,0.9099786931818182,1,1,TRUE,TRUE,TRUE,TRUE,TRUE,concordancia_estable_panel,CONSENSO_PANEL_2144,egp,consenso_clasificaciones_panel_ENOE,Misma categoria en ambas mediciones; destino historico oficial; empleo continuo
8203,macro_egp4_damian,4,4,42,9583,9246,TRUE,0.7118027185619847,TRUE,1,TRUE,22,20,0.7386835342953153,0.6956211327939077,1,1,TRUE,TRUE,TRUE,TRUE,TRUE,concordancia_estable_panel,CONSENSO_PANEL_2145,egp,consenso_clasificaciones_panel_ENOE,Misma categoria en ambas mediciones; destino historico oficial; empleo continuo
8204,macro_egp4_damian,2,2,13,3220,3146,TRUE,0.8372334893395735,TRUE,1,TRUE,8,5,0.7817351598173516,0.9106280193236715,1,1,TRUE,TRUE,TRUE,TRUE,TRUE,concordancia_estable_panel,CONSENSO_PANEL_2146,egp,consenso_clasificaciones_panel_ENOE,Misma categoria en ambas mediciones; destino historico oficial; empleo continuo
8300,macro_egp4_damian,2,2,23,3793,3730,TRUE,0.9393263992075285,TRUE,1,TRUE,12,11,0.9625156184922948,0.9053145998778253,1,1,TRUE,TRUE,TRUE,TRUE,TRUE,concordancia_estable_panel,CONSENSO_PANEL_2147,egp,consenso_clasificaciones_panel_ENOE,Misma categoria en ambas mediciones; destino historico oficial; empleo continuo
8303,macro_egp4_damian,3,3,418,127214,126999,TRUE,0.8001887029815071,TRUE,1,TRUE,202,216,0.8158291969810294,0.7867283047574463,1,1,TRUE,TRUE,TRUE,TRUE,TRUE,concordancia_estable_panel,CONSENSO_PANEL_2148,egp,consenso_clasificaciones_panel_ENOE,Misma categoria en ambas mediciones; destino historico oficial; empleo continuo
1100,macro_solis4_damian,1,1,54,13332,13938,TRUE,0.9661569678962244,TRUE,1,TRUE,25,29,0.9743980071962358,0.9570972158831583,1,1,TRUE,TRUE,TRUE,TRUE,TRUE,concordancia_estable_panel,CONSENSO_PANEL_2149,egp,consenso_clasificaciones_panel_ENOE,Misma categoria en ambas mediciones; destino historico oficial; empleo continuo
1101,macro_solis4_damian,1,1,42,7522,7244,TRUE,0.7575788095477893,TRUE,1,TRUE,19,23,0.8131166569936158,0.6972689075630252,1,1,TRUE,TRUE,TRUE,TRUE,TRUE,concordancia_estable_panel,CONSENSO_PANEL_2150,egp,consenso_clasificaciones_panel_ENOE,Misma categoria en ambas mediciones; destino historico oficial; empleo continuo
1103,macro_solis4_damian,1,1,12,2549,2552,TRUE,1,TRUE,1,TRUE,6,6,1,1,1,1,TRUE,TRUE,TRUE,TRUE,TRUE,concordancia_estable_panel,CONSENSO_PANEL_2151,egp,consenso_clasificaciones_panel_ENOE,Misma categoria en ambas mediciones; destino historico oficial; empleo continuo
1104,macro_solis4_damian,1,1,82,22606,22799,TRUE,0.8540234227427276,TRUE,1,TRUE,46,36,0.916480179028133,0.7980369680469981,1,1,TRUE,TRUE,TRUE,TRUE,TRUE,concordancia_estable_panel,CONSENSO_PANEL_2152,egp,consenso_clasificaciones_panel_ENOE,Misma categoria en ambas mediciones; destino historico oficial; empleo continuo
1105,macro_solis4_damian,1,1,190,50147,51155,TRUE,0.9585220865110767,TRUE,1,TRUE,99,91,0.9665689406204875,0.952280749389085,1,1,TRUE,TRUE,TRUE,TRUE,TRUE,concordancia_estable_panel,CONSENSO_PANEL_2153,egp,consenso_clasificaciones_panel_ENOE,Misma categoria en ambas mediciones; destino historico oficial; empleo continuo
1120,macro_solis4_damian,1,1,43,10381,10088,TRUE,0.9347199711867459,TRUE,1,TRUE,18,25,1,0.88631017719931,1,1,TRUE,TRUE,TRUE,TRUE,TRUE,concordancia_estable_panel,CONSENSO_PANEL_2154,egp,consenso_clasificaciones_panel_ENOE,Misma categoria en ambas mediciones; destino historico oficial; empleo continuo
1121,macro_solis4_damian,1,1,29,7897,7674,TRUE,1,TRUE,1,TRUE,15,14,1,1,1,1,TRUE,TRUE,TRUE,TRUE,TRUE,concordancia_estable_panel,CONSENSO_PANEL_2155,egp,consenso_clasificaciones_panel_ENOE,Misma categoria en ambas mediciones; destino historico oficial; empleo continuo
1130,macro_solis4_damian,1,1,369,85070,87409,TRUE,0.9965092306250586,TRUE,1,TRUE,174,195,0.997371104815864,0.9955871299372014,1,1,TRUE,TRUE,TRUE,TRUE,TRUE,concordancia_estable_panel,CONSENSO_PANEL_2156,egp,consenso_clasificaciones_panel_ENOE,Misma categoria en ambas mediciones; destino historico oficial; empleo continuo
1131,macro_solis4_damian,1,1,257,56968,57932,TRUE,1,TRUE,1,TRUE,127,130,1,1,1,1,TRUE,TRUE,TRUE,TRUE,TRUE,concordancia_estable_panel,CONSENSO_PANEL_2157,egp,consenso_clasificaciones_panel_ENOE,Misma categoria en ambas mediciones; destino historico oficial; empleo continuo
1132,macro_solis4_damian,1,1,124,33825,33640,TRUE,1,TRUE,1,TRUE,61,63,1,1,1,1,TRUE,TRUE,TRUE,TRUE,TRUE,concordancia_estable_panel,CONSENSO_PANEL_2158,egp,consenso_clasificaciones_panel_ENOE,Misma categoria en ambas mediciones; destino historico oficial; empleo continuo
1134,macro_solis4_damian,1,1,16,5260,5340,TRUE,0.9872372372372372,TRUE,1,TRUE,11,5,0.9425190194420964,1,1,1,TRUE,TRUE,TRUE,TRUE,TRUE,concordancia_estable_panel,CONSENSO_PANEL_2159,egp,consenso_clasificaciones_panel_ENOE,Misma categoria en ambas mediciones; destino historico oficial; empleo continuo
1150,macro_solis4_damian,1,1,30,4188,4234,TRUE,0.9748603351955307,TRUE,1,TRUE,16,14,0.9631147540983607,1,1,1,TRUE,TRUE,TRUE,TRUE,TRUE,concordancia_estable_panel,CONSENSO_PANEL_2160,egp,consenso_clasificaciones_panel_ENOE,Misma categoria en ambas mediciones; destino historico oficial; empleo continuo
1151,macro_solis4_damian,1,1,35,9220,9329,TRUE,0.933765444601985,TRUE,1,TRUE,18,17,0.9401955146635997,0.9265621644835731,1,1,TRUE,TRUE,TRUE,TRUE,TRUE,concordancia_estable_panel,CONSENSO_PANEL_2161,egp,consenso_clasificaciones_panel_ENOE,Misma categoria en ambas mediciones; destino historico oficial; empleo continuo
1160,macro_solis4_damian,1,1,379,90548,92826,TRUE,0.9568837976074734,TRUE,1,TRUE,188,191,0.9476616244721556,0.9674112295471519,1,1,TRUE,TRUE,TRUE,TRUE,TRUE,concordancia_estable_panel,CONSENSO_PANEL_2162,egp,consenso_clasificaciones_panel_ENOE,Misma categoria en ambas mediciones; destino historico oficial; empleo continuo
1161,macro_solis4_damian,1,1,35,7603,7672,TRUE,1,TRUE,1,TRUE,19,16,1,1,1,1,TRUE,TRUE,TRUE,TRUE,TRUE,concordancia_estable_panel,CONSENSO_PANEL_2163,egp,consenso_clasificaciones_panel_ENOE,Misma categoria en ambas mediciones; destino historico oficial; empleo continuo
1164,macro_solis4_damian,1,1,71,21661,20143,TRUE,0.9581121726822364,TRUE,1,TRUE,34,37,0.9445662601068933,0.9827801347641627,1,1,TRUE,TRUE,TRUE,TRUE,TRUE,concordancia_estable_panel,CONSENSO_PANEL_2164,egp,consenso_clasificaciones_panel_ENOE,Misma categoria en ambas mediciones; destino historico oficial; empleo continuo
1167,macro_solis4_damian,1,1,14,2212,2264,TRUE,0.7174829711320143,TRUE,1,TRUE,9,5,1,0.5011454753722795,1,1,TRUE,TRUE,TRUE,TRUE,TRUE,concordancia_estable_panel,CONSENSO_PANEL_2165,egp,consenso_clasificaciones_panel_ENOE,Misma categoria en ambas mediciones; destino historico oficial; empleo continuo
1171,macro_solis4_damian,1,1,31,16056,16123,TRUE,0.9608617594254937,TRUE,1,TRUE,19,12,0.9895760336370008,0.898942198715527,1,1,TRUE,TRUE,TRUE,TRUE,TRUE,concordancia_estable_panel,CONSENSO_PANEL_2166,egp,consenso_clasificaciones_panel_ENOE,Misma categoria en ambas mediciones; destino historico oficial; empleo continuo
1172,macro_solis4_damian,1,1,399,93132,92707,TRUE,0.9787502364587931,TRUE,1,TRUE,214,185,0.9792198974395626,0.9780794651287417,1,1,TRUE,TRUE,TRUE,TRUE,TRUE,concordancia_estable_panel,CONSENSO_PANEL_2167,egp,consenso_clasificaciones_panel_ENOE,Misma categoria en ambas mediciones; destino historico oficial; empleo continuo
1200,macro_solis4_damian,1,1,32,8837,8878,TRUE,0.8685865932769805,TRUE,1,TRUE,18,14,0.878383067314365,0.85578231292517,1,1,TRUE,TRUE,TRUE,TRUE,TRUE,concordancia_estable_panel,CONSENSO_PANEL_2168,egp,consenso_clasificaciones_panel_ENOE,Misma categoria en ambas mediciones; destino historico oficial; empleo continuo
1203,macro_solis4_damian,1,1,33,5407,5580,TRUE,0.8600286305073962,TRUE,1,TRUE,17,16,0.8946322067594433,0.7984975695978789,1,1,TRUE,TRUE,TRUE,TRUE,TRUE,concordancia_estable_panel,CONSENSO_PANEL_2169,egp,consenso_clasificaciones_panel_ENOE,Misma categoria en ambas mediciones; destino historico oficial; empleo continuo
1205,macro_solis4_damian,1,1,305,79291,78457,TRUE,0.8235801238107109,TRUE,1,TRUE,148,157,0.8378663635625558,0.8146818373367046,1,1,TRUE,TRUE,TRUE,TRUE,TRUE,concordancia_estable_panel,CONSENSO_PANEL_2170,egp,consenso_clasificaciones_panel_ENOE,Misma categoria en ambas mediciones; destino historico oficial; empleo continuo
1206,macro_solis4_damian,2,2,64,14908,15137,TRUE,0.772315184168264,TRUE,1,TRUE,36,28,0.9532291666666667,0.5933216530969803,1,1,TRUE,TRUE,TRUE,TRUE,TRUE,concordancia_estable_panel,CONSENSO_PANEL_2171,egp,consenso_clasificaciones_panel_ENOE,Misma categoria en ambas mediciones; destino historico oficial; empleo continuo
1220,macro_solis4_damian,1,1,432,128975,129561,TRUE,0.9788556553153057,TRUE,1,TRUE,229,203,0.9739203120646419,0.9847618412497291,1,1,TRUE,TRUE,TRUE,TRUE,TRUE,concordancia_estable_panel,CONSENSO_PANEL_2172,egp,consenso_clasificaciones_panel_ENOE,Misma categoria en ambas mediciones; destino historico oficial; empleo continuo
1221,macro_solis4_damian,1,1,31,6497,6632,TRUE,0.9581182716413509,TRUE,1,TRUE,18,13,0.9633162142333089,0.950222882615156,1,1,TRUE,TRUE,TRUE,TRUE,TRUE,concordancia_estable_panel,CONSENSO_PANEL_2173,egp,consenso_clasificaciones_panel_ENOE,Misma categoria en ambas mediciones; destino historico oficial; empleo continuo
1230,macro_solis4_damian,1,1,58,13512,13570,TRUE,0.8318148239349914,TRUE,1,TRUE,29,29,0.9242527637505118,0.7558595940338679,1,1,TRUE,TRUE,TRUE,TRUE,TRUE,concordancia_estable_panel,CONSENSO_PANEL_2174,egp,consenso_clasificaciones_panel_ENOE,Misma categoria en ambas mediciones; destino historico oficial; empleo continuo
1250,macro_solis4_damian,1,1,146,29270,29322,TRUE,0.9531718119056923,TRUE,1,TRUE,85,61,0.9516718913270638,0.9556535269709544,1,1,TRUE,TRUE,TRUE,TRUE,TRUE,concordancia_estable_panel,CONSENSO_PANEL_2175,egp,consenso_clasificaciones_panel_ENOE,Misma categoria en ambas mediciones; destino historico oficial; empleo continuo
1251,macro_solis4_damian,1,1,337,94178,94823,TRUE,0.9745441751691881,TRUE,1,TRUE,171,166,0.9855452812006643,0.9633343779379505,1,1,TRUE,TRUE,TRUE,TRUE,TRUE,concordancia_estable_panel,CONSENSO_PANEL_2176,egp,consenso_clasificaciones_panel_ENOE,Misma categoria en ambas mediciones; destino historico oficial; empleo continuo
1252,macro_solis4_damian,1,1,55,9650,9506,TRUE,0.922738573340983,TRUE,1,TRUE,23,32,0.8625737898465171,0.9636831110396915,1,1,TRUE,TRUE,TRUE,TRUE,TRUE,concordancia_estable_panel,CONSENSO_PANEL_2177,egp,consenso_clasificaciones_panel_ENOE,Misma categoria en ambas mediciones; destino historico oficial; empleo continuo
1260,macro_solis4_damian,1,1,16,7591,7357,TRUE,1,TRUE,1,TRUE,8,8,1,1,1,1,TRUE,TRUE,TRUE,TRUE,TRUE,concordancia_estable_panel,CONSENSO_PANEL_2178,egp,consenso_clasificaciones_panel_ENOE,Misma categoria en ambas mediciones; destino historico oficial; empleo continuo
1300,macro_solis4_damian,1,1,339,82100,81289,TRUE,0.9978487305079183,TRUE,1,TRUE,172,167,0.9951440329218108,1,1,1,TRUE,TRUE,TRUE,TRUE,TRUE,concordancia_estable_panel,CONSENSO_PANEL_2179,egp,consenso_clasificaciones_panel_ENOE,Misma categoria en ambas mediciones; destino historico oficial; empleo continuo
1310,macro_solis4_damian,1,1,210,58283,58815,TRUE,0.9647746271374419,TRUE,1,TRUE,117,93,0.9359229147847034,1,1,1,TRUE,TRUE,TRUE,TRUE,TRUE,concordancia_estable_panel,CONSENSO_PANEL_2180,egp,consenso_clasificaciones_panel_ENOE,Misma categoria en ambas mediciones; destino historico oficial; empleo continuo
1320,macro_solis4_damian,1,1,456,126314,125137,TRUE,0.990379564218565,TRUE,1,TRUE,204,252,0.9888173111846004,0.9914659435316637,1,1,TRUE,TRUE,TRUE,TRUE,TRUE,concordancia_estable_panel,CONSENSO_PANEL_2181,egp,consenso_clasificaciones_panel_ENOE,Misma categoria en ambas mediciones; destino historico oficial; empleo continuo
1330,macro_solis4_damian,1,1,733,198880,199241,TRUE,1,TRUE,1,TRUE,343,390,1,1,1,1,TRUE,TRUE,TRUE,TRUE,TRUE,concordancia_estable_panel,CONSENSO_PANEL_2182,egp,consenso_clasificaciones_panel_ENOE,Misma categoria en ambas mediciones; destino historico oficial; empleo continuo
1340,macro_solis4_damian,1,1,274,72736,74401,TRUE,0.9965883400698774,TRUE,1,TRUE,148,126,0.9940410939652022,0.9990109067579127,1,1,TRUE,TRUE,TRUE,TRUE,TRUE,concordancia_estable_panel,CONSENSO_PANEL_2183,egp,consenso_clasificaciones_panel_ENOE,Misma categoria en ambas mediciones; destino historico oficial; empleo continuo
1360,macro_solis4_damian,1,1,25,9877,9547,TRUE,1,TRUE,1,TRUE,18,7,1,1,1,1,TRUE,TRUE,TRUE,TRUE,TRUE,concordancia_estable_panel,CONSENSO_PANEL_2184,egp,consenso_clasificaciones_panel_ENOE,Misma categoria en ambas mediciones; destino historico oficial; empleo continuo
1363,macro_solis4_damian,1,1,79,18428,18528,TRUE,0.9673998635098955,TRUE,1,TRUE,32,47,1,0.9268206457695027,1,1,TRUE,TRUE,TRUE,TRUE,TRUE,concordancia_estable_panel,CONSENSO_PANEL_2185,egp,consenso_clasificaciones_panel_ENOE,Misma categoria en ambas mediciones; destino historico oficial; empleo continuo
1364,macro_solis4_damian,1,1,34,7711,7682,TRUE,0.9200572724018613,TRUE,1,TRUE,14,20,0.8401336196611787,1,1,1,TRUE,TRUE,TRUE,TRUE,TRUE,concordancia_estable_panel,CONSENSO_PANEL_2186,egp,consenso_clasificaciones_panel_ENOE,Misma categoria en ambas mediciones; destino historico oficial; empleo continuo
1390,macro_solis4_damian,1,1,34,4418,4537,TRUE,0.9890306693530334,TRUE,1,TRUE,19,15,0.9839921594250245,1,1,1,TRUE,TRUE,TRUE,TRUE,TRUE,concordancia_estable_panel,CONSENSO_PANEL_2187,egp,consenso_clasificaciones_panel_ENOE,Misma categoria en ambas mediciones; destino historico oficial; empleo continuo
1401,macro_solis4_damian,1,1,33,9081,10014,TRUE,0.9441671865252651,TRUE,1,TRUE,15,18,0.9147727272727273,0.977403633141338,1,1,TRUE,TRUE,TRUE,TRUE,TRUE,concordancia_estable_panel,CONSENSO_PANEL_2188,egp,consenso_clasificaciones_panel_ENOE,Misma categoria en ambas mediciones; destino historico oficial; empleo continuo
1412,macro_solis4_damian,1,1,74,17343,18402,TRUE,0.9274827530884004,TRUE,1,TRUE,33,41,1,0.8738839285714286,1,1,TRUE,TRUE,TRUE,TRUE,TRUE,concordancia_estable_panel,CONSENSO_PANEL_2189,egp,consenso_clasificaciones_panel_ENOE,Misma categoria en ambas mediciones; destino historico oficial; empleo continuo
1420,macro_solis4_damian,1,1,18,3455,3248,TRUE,1,TRUE,1,TRUE,12,6,1,1,1,1,TRUE,TRUE,TRUE,TRUE,TRUE,concordancia_estable_panel,CONSENSO_PANEL_2190,egp,consenso_clasificaciones_panel_ENOE,Misma categoria en ambas mediciones; destino historico oficial; empleo continuo
1423,macro_solis4_damian,2,2,68,21393,21478,TRUE,0.7578376846505367,TRUE,1,TRUE,38,30,0.6596054129252561,0.8829641562625856,1,1,TRUE,TRUE,TRUE,TRUE,TRUE,concordancia_estable_panel,CONSENSO_PANEL_2191,egp,consenso_clasificaciones_panel_ENOE,Misma categoria en ambas mediciones; destino historico oficial; empleo continuo
2101,macro_solis4_damian,1,1,26,7465,7393,TRUE,1,TRUE,1,TRUE,11,15,1,1,1,1,TRUE,TRUE,TRUE,TRUE,TRUE,concordancia_estable_panel,CONSENSO_PANEL_2192,egp,consenso_clasificaciones_panel_ENOE,Misma categoria en ambas mediciones; destino historico oficial; empleo continuo
2110,macro_solis4_damian,1,1,21,3334,3190,TRUE,0.9739994157172072,TRUE,1,TRUE,9,12,0.9571497351949928,1,1,1,TRUE,TRUE,TRUE,TRUE,TRUE,concordancia_estable_panel,CONSENSO_PANEL_2193,egp,consenso_clasificaciones_panel_ENOE,Misma categoria en ambas mediciones; destino historico oficial; empleo continuo
2111,macro_solis4_damian,1,1,32,9747,9417,TRUE,0.8583127861923212,TRUE,1,TRUE,20,12,0.9143179255918827,0.7257634153572488,1,1,TRUE,TRUE,TRUE,TRUE,TRUE,concordancia_estable_panel,CONSENSO_PANEL_2194,egp,consenso_clasificaciones_panel_ENOE,Misma categoria en ambas mediciones; destino historico oficial; empleo continuo
2120,macro_solis4_damian,1,1,15,2621,2619,TRUE,1,TRUE,1,TRUE,6,9,1,1,1,1,TRUE,TRUE,TRUE,TRUE,TRUE,concordancia_estable_panel,CONSENSO_PANEL_2195,egp,consenso_clasificaciones_panel_ENOE,Misma categoria en ambas mediciones; destino historico oficial; empleo continuo
2121,macro_solis4_damian,1,1,175,49669,50237,TRUE,0.9705905342556768,TRUE,1,TRUE,88,87,0.9821367227756784,0.9629509367795565,1,1,TRUE,TRUE,TRUE,TRUE,TRUE,concordancia_estable_panel,CONSENSO_PANEL_2196,egp,consenso_clasificaciones_panel_ENOE,Misma categoria en ambas mediciones; destino historico oficial; empleo continuo
2123,macro_solis4_damian,1,1,18,6451,6083,TRUE,0.8428272798536712,TRUE,1,TRUE,10,8,1,0.7143874643874644,1,1,TRUE,TRUE,TRUE,TRUE,TRUE,concordancia_estable_panel,CONSENSO_PANEL_2197,egp,consenso_clasificaciones_panel_ENOE,Misma categoria en ambas mediciones; destino historico oficial; empleo continuo
2124,macro_solis4_damian,1,1,65,19217,19709,TRUE,0.6420004677112218,TRUE,1,TRUE,34,31,0.5395833333333333,0.7571134605832683,1,1,TRUE,TRUE,TRUE,TRUE,TRUE,concordancia_estable_panel,CONSENSO_PANEL_2198,egp,consenso_clasificaciones_panel_ENOE,Misma categoria en ambas mediciones; destino historico oficial; empleo continuo
2125,macro_solis4_damian,1,1,134,36970,35098,TRUE,1,TRUE,1,TRUE,73,61,1,1,1,1,TRUE,TRUE,TRUE,TRUE,TRUE,concordancia_estable_panel,CONSENSO_PANEL_2199,egp,consenso_clasificaciones_panel_ENOE,Misma categoria en ambas mediciones; destino historico oficial; empleo continuo
2127,macro_solis4_damian,1,1,59,12760,12405,TRUE,0.7864891518737672,TRUE,1,TRUE,24,35,0.8656083373727581,0.7045910687405921,1,1,TRUE,TRUE,TRUE,TRUE,TRUE,concordancia_estable_panel,CONSENSO_PANEL_2200,egp,consenso_clasificaciones_panel_ENOE,Misma categoria en ambas mediciones; destino historico oficial; empleo continuo
4100,macro_solis4_damian,4,4,1697,679212,687643,TRUE,0.5737275923294854,TRUE,1,TRUE,830,867,0.5493169479166307,0.5970730353046938,1,1,TRUE,TRUE,TRUE,TRUE,TRUE,concordancia_estable_panel,CONSENSO_PANEL_2201,egp,consenso_clasificaciones_panel_ENOE,Misma categoria en ambas mediciones; destino historico oficial; empleo continuo
4101,macro_solis4_damian,4,4,45,13417,13485,TRUE,0.5945143566111308,TRUE,1,TRUE,22,23,0.5519498737491817,0.6328421052631579,1,1,TRUE,TRUE,TRUE,TRUE,TRUE,concordancia_estable_panel,CONSENSO_PANEL_2202,egp,consenso_clasificaciones_panel_ENOE,Misma categoria en ambas mediciones; destino historico oficial; empleo continuo
4110,macro_solis4_damian,4,4,196,56210,56528,TRUE,0.6581196581196581,TRUE,1,TRUE,126,70,0.6670131291028446,0.642165521753353,1,1,TRUE,TRUE,TRUE,TRUE,TRUE,concordancia_estable_panel,CONSENSO_PANEL_2203,egp,consenso_clasificaciones_panel_ENOE,Misma categoria en ambas mediciones; destino historico oficial; empleo continuo
4111,macro_solis4_damian,4,4,24,7724,7476,TRUE,0.7048731520350429,TRUE,1,TRUE,17,7,0.7188748046535857,0.6893633391036738,1,1,TRUE,TRUE,TRUE,TRUE,TRUE,concordancia_estable_panel,CONSENSO_PANEL_2204,egp,consenso_clasificaciones_panel_ENOE,Misma categoria en ambas mediciones; destino historico oficial; empleo continuo
4112,macro_solis4_damian,4,4,44,9913,10000,TRUE,0.7148626234946275,TRUE,1,TRUE,13,31,0.5891749174917492,0.8661792752701843,1,1,TRUE,TRUE,TRUE,TRUE,TRUE,concordancia_estable_panel,CONSENSO_PANEL_2205,egp,consenso_clasificaciones_panel_ENOE,Misma categoria en ambas mediciones; destino historico oficial; empleo continuo
4113,macro_solis4_damian,4,4,55,18991,19004,TRUE,0.8671293548239807,TRUE,1,TRUE,28,27,0.7813087813087813,0.9405932203389831,1,1,TRUE,TRUE,TRUE,TRUE,TRUE,concordancia_estable_panel,CONSENSO_PANEL_2206,egp,consenso_clasificaciones_panel_ENOE,Misma categoria en ambas mediciones; destino historico oficial; empleo continuo
4120,macro_solis4_damian,4,4,160,40100,39941,TRUE,0.8215361291512159,TRUE,1,TRUE,100,60,0.843566524032242,0.78595156450921555,1,1,TRUE,TRUE,TRUE,TRUE,TRUE,concordancia_estable_panel,CONSENSO_PANEL_2207,egp,consenso_clasificaciones_panel_ENOE,Misma categoria en ambas mediciones; destino historico oficial; empleo continuo
4132,macro_solis4_damian,4,4,22,4430,4387,TRUE,0.5380784647151706,TRUE,1,TRUE,14,8,0.5286676523739117,0.5647716682199441,1,1,TRUE,TRUE,TRUE,TRUE,TRUE,concordancia_estable_panel,CONSENSO_PANEL_2208,egp,consenso_clasificaciones_panel_ENOE,Misma categoria en ambas mediciones; destino historico oficial; empleo continuo
4150,macro_solis4_damian,4,4,132,32044,32383,TRUE,0.9793997188092182,TRUE,1,TRUE,68,64,0.9852182880715022,0.9698097936058276,1,1,TRUE,TRUE,TRUE,TRUE,TRUE,concordancia_estable_panel,CONSENSO_PANEL_2209,egp,consenso_clasificaciones_panel_ENOE,Misma categoria en ambas mediciones; destino historico oficial; empleo continuo
5121,macro_solis4_damian,2,2,40,8459,8482,TRUE,0.8666120274562032,TRUE,1,TRUE,27,13,0.8909252669039146,0.8336150688239555,1,1,TRUE,TRUE,TRUE,TRUE,TRUE,concordancia_estable_panel,CONSENSO_PANEL_2210,egp,consenso_clasificaciones_panel_ENOE,Misma categoria en ambas mediciones; destino historico oficial; empleo continuo
5131,macro_solis4_damian,2,2,17,4910,5042,TRUE,0.6847022730442058,TRUE,1,TRUE,7,10,0.7726934523809523,0.6319428953825563,1,1,TRUE,TRUE,TRUE,TRUE,TRUE,concordancia_estable_panel,CONSENSO_PANEL_2211,egp,consenso_clasificaciones_panel_ENOE,Misma categoria en ambas mediciones; destino historico oficial; empleo continuo
5170,macro_solis4_damian,1,1,18,5212,5352,TRUE,0.7731790535528853,TRUE,1,TRUE,9,9,0.6714654061022776,1,1,1,TRUE,TRUE,TRUE,TRUE,TRUE,concordancia_estable_panel,CONSENSO_PANEL_2212,egp,consenso_clasificaciones_panel_ENOE,Misma categoria en ambas mediciones; destino historico oficial; empleo continuo
5200,macro_solis4_damian,2,2,145,55309,54583,TRUE,0.8839115912614067,TRUE,1,TRUE,73,72,0.890625,0.8751336799793488,1,1,TRUE,TRUE,TRUE,TRUE,TRUE,concordancia_estable_panel,CONSENSO_PANEL_2213,egp,consenso_clasificaciones_panel_ENOE,Misma categoria en ambas mediciones; destino historico oficial; empleo continuo
5201,macro_solis4_damian,2,2,20,6308,6315,TRUE,0.8459165884403915,TRUE,1,TRUE,8,12,1,0.7800114876507754,1,1,TRUE,TRUE,TRUE,TRUE,TRUE,concordancia_estable_panel,CONSENSO_PANEL_2214,egp,consenso_clasificaciones_panel_ENOE,Misma categoria en ambas mediciones; destino historico oficial; empleo continuo
5202,macro_solis4_damian,2,2,451,133749,135202,TRUE,0.8136128329754424,TRUE,1,TRUE,237,214,0.847128564217393,0.7838926636672482,1,1,TRUE,TRUE,TRUE,TRUE,TRUE,concordancia_estable_panel,CONSENSO_PANEL_2215,egp,consenso_clasificaciones_panel_ENOE,Misma categoria en ambas mediciones; destino historico oficial; empleo continuo
5204,macro_solis4_damian,2,2,67,17259,17724,TRUE,0.9156453923285055,TRUE,1,TRUE,31,36,0.8872634177562403,0.9548786653185035,1,1,TRUE,TRUE,TRUE,TRUE,TRUE,concordancia_estable_panel,CONSENSO_PANEL_2216,egp,consenso_clasificaciones_panel_ENOE,Misma categoria en ambas mediciones; destino historico oficial; empleo continuo
5208,macro_solis4_damian,1,1,243,60707,61390,TRUE,0.6948743189414404,TRUE,0.9300387831777966,TRUE,126,117,0.7555403764420158,0.6447445438581821,0.8734541020728096,0.9917939294087827,TRUE,TRUE,TRUE,TRUE,TRUE,concordancia_estable_panel,CONSENSO_PANEL_2217,egp,consenso_clasificaciones_panel_ENOE,Misma categoria en ambas mediciones; destino historico oficial; empleo continuo
5208,macro_solis4_damian,2,2,78,25553,25422,TRUE,0.8258888170652876,TRUE,0.7575315116660211,TRUE,38,40,0.7011274603477928,0.9543993176300768,0.9481019151846786,0.655582490966473,TRUE,TRUE,TRUE,TRUE,TRUE,concordancia_estable_panel,CONSENSO_PANEL_2218,egp,consenso_clasificaciones_panel_ENOE,Misma categoria en ambas mediciones; destino historico oficial; empleo continuo
5210,macro_solis4_damian,2,2,11,2072,2040,TRUE,0.783661119515885,TRUE,1,TRUE,6,5,1,0.5931721194879089,1,1,TRUE,TRUE,TRUE,TRUE,TRUE,concordancia_estable_panel,CONSENSO_PANEL_2219,egp,consenso_clasificaciones_panel_ENOE,Misma categoria en ambas mediciones; destino historico oficial; empleo continuo
5221,macro_solis4_damian,2,2,116,34299,34586,TRUE,1,TRUE,1,TRUE,61,55,1,1,1,1,TRUE,TRUE,TRUE,TRUE,TRUE,concordancia_estable_panel,CONSENSO_PANEL_2220,egp,consenso_clasificaciones_panel_ENOE,Misma categoria en ambas mediciones; destino historico oficial; empleo continuo
5222,macro_solis4_damian,2,2,274,69025,70085,TRUE,0.9795504214798626,TRUE,1,TRUE,125,149,0.9737052893246789,0.9857272116984326,1,1,TRUE,TRUE,TRUE,TRUE,TRUE,concordancia_estable_panel,CONSENSO_PANEL_2221,egp,consenso_clasificaciones_panel_ENOE,Misma categoria en ambas mediciones; destino historico oficial; empleo continuo
5223,macro_solis4_damian,2,2,13,1991,2122,TRUE,0.6485342019543974,TRUE,1,TRUE,6,7,1,0.5453013063632532,1,1,TRUE,TRUE,TRUE,TRUE,TRUE,concordancia_estable_panel,CONSENSO_PANEL_2222,egp,consenso_clasificaciones_panel_ENOE,Misma categoria en ambas mediciones; destino historico oficial; empleo continuo
5224,macro_solis4_damian,2,2,35,9495,9309,TRUE,0.9387048937221948,TRUE,1,TRUE,20,15,1,0.895234876647516,1,1,TRUE,TRUE,TRUE,TRUE,TRUE,concordancia_estable_panel,CONSENSO_PANEL_2223,egp,consenso_clasificaciones_panel_ENOE,Misma categoria en ambas mediciones; destino historico oficial; empleo continuo
5225,macro_solis4_damian,2,2,19,3979,3705,TRUE,0.8725877192982456,TRUE,1,TRUE,10,9,0.8067885117493473,0.9664715274081959,1,1,TRUE,TRUE,TRUE,TRUE,TRUE,concordancia_estable_panel,CONSENSO_PANEL_2224,egp,consenso_clasificaciones_panel_ENOE,Misma categoria en ambas mediciones; destino historico oficial; empleo continuo
5227,macro_solis4_damian,2,2,73,22002,21993,TRUE,1,TRUE,1,TRUE,33,40,1,1,1,1,TRUE,TRUE,TRUE,TRUE,TRUE,concordancia_estable_panel,CONSENSO_PANEL_2225,egp,consenso_clasificaciones_panel_ENOE,Misma categoria en ambas mediciones; destino historico oficial; empleo continuo
5230,macro_solis4_damian,2,2,174,52972,53382,TRUE,0.880796794200296,TRUE,1,TRUE,94,80,0.9374299465945803,0.8231623444157413,1,1,TRUE,TRUE,TRUE,TRUE,TRUE,concordancia_estable_panel,CONSENSO_PANEL_2226,egp,consenso_clasificaciones_panel_ENOE,Misma categoria en ambas mediciones; destino historico oficial; empleo continuo
5231,macro_solis4_damian,2,2,41,15719,15454,TRUE,1,TRUE,1,TRUE,24,17,1,1,1,1,TRUE,TRUE,TRUE,TRUE,TRUE,concordancia_estable_panel,CONSENSO_PANEL_2227,egp,consenso_clasificaciones_panel_ENOE,Misma categoria en ambas mediciones; destino historico oficial; empleo continuo
5232,macro_solis4_damian,2,2,11,3349,3306,TRUE,1,TRUE,1,TRUE,5,6,1,1,1,1,TRUE,TRUE,TRUE,TRUE,TRUE,concordancia_estable_panel,CONSENSO_PANEL_2228,egp,consenso_clasificaciones_panel_ENOE,Misma categoria en ambas mediciones; destino historico oficial; empleo continuo
5233,macro_solis4_damian,2,2,24,3703,3750,TRUE,0.7344307814359381,TRUE,1,TRUE,11,13,0.7480314960629921,0.725249169435216,1,1,TRUE,TRUE,TRUE,TRUE,TRUE,concordancia_estable_panel,CONSENSO_PANEL_2229,egp,consenso_clasificaciones_panel_ENOE,Misma categoria en ambas mediciones; destino historico oficial; empleo continuo
5240,macro_solis4_damian,2,2,24,9175,9120,TRUE,0.9113031386571315,TRUE,1,TRUE,12,12,0.9200867052023122,0.8919949174078781,1,1,TRUE,TRUE,TRUE,TRUE,TRUE,concordancia_estable_panel,CONSENSO_PANEL_2230,egp,consenso_clasificaciones_panel_ENOE,Misma categoria en ambas mediciones; destino historico oficial; empleo continuo
5241,macro_solis4_damian,2,2,79,21630,22713,TRUE,0.8327878951218574,TRUE,1,TRUE,34,45,0.7142857142857143,0.9497399020807834,1,1,TRUE,TRUE,TRUE,TRUE,TRUE,concordancia_estable_panel,CONSENSO_PANEL_2231,egp,consenso_clasificaciones_panel_ENOE,Misma categoria en ambas mediciones; destino historico oficial; empleo continuo
5242,macro_solis4_damian,2,2,126,34260,34726,TRUE,0.9058220083549257,TRUE,1,TRUE,58,68,0.9065471636244399,0.9051423888547429,1,1,TRUE,TRUE,TRUE,TRUE,TRUE,concordancia_estable_panel,CONSENSO_PANEL_2232,egp,consenso_clasificaciones_panel_ENOE,Misma categoria en ambas mediciones; destino historico oficial; empleo continuo
5243,macro_solis4_damian,2,2,13,3302,3441,TRUE,1,TRUE,1,TRUE,8,5,1,1,1,1,TRUE,TRUE,TRUE,TRUE,TRUE,concordancia_estable_panel,CONSENSO_PANEL_2233,egp,consenso_clasificaciones_panel_ENOE,Misma categoria en ambas mediciones; destino historico oficial; empleo continuo
5244,macro_solis4_damian,2,2,28,6767,7149,TRUE,0.9668524074867838,TRUE,1,TRUE,16,12,0.9499244549967624,1,1,1,TRUE,TRUE,TRUE,TRUE,TRUE,concordancia_estable_panel,CONSENSO_PANEL_2234,egp,consenso_clasificaciones_panel_ENOE,Misma categoria en ambas mediciones; destino historico oficial; empleo continuo
5245,macro_solis4_damian,2,2,335,91609,92620,TRUE,0.8286432751711849,TRUE,1,TRUE,172,163,0.8673883369985592,0.7932877778738864,1,1,TRUE,TRUE,TRUE,TRUE,TRUE,concordancia_estable_panel,CONSENSO_PANEL_2235,egp,consenso_clasificaciones_panel_ENOE,Misma categoria en ambas mediciones; destino historico oficial; empleo continuo
5246,macro_solis4_damian,2,2,129,36448,36079,TRUE,0.6156444774758036,TRUE,1,TRUE,66,63,0.6826341056146942,0.5524181633122106,1,1,TRUE,TRUE,TRUE,TRUE,TRUE,concordancia_estable_panel,CONSENSO_PANEL_2236,egp,consenso_clasificaciones_panel_ENOE,Misma categoria en ambas mediciones; destino historico oficial; empleo continuo
5248,macro_solis4_damian,2,2,120,33688,33948,TRUE,0.9208145414787481,TRUE,1,TRUE,61,59,0.9090571295866233,0.9376286947857855,1,1,TRUE,TRUE,TRUE,TRUE,TRUE,concordancia_estable_panel,CONSENSO_PANEL_2237,egp,consenso_clasificaciones_panel_ENOE,Misma categoria en ambas mediciones; destino historico oficial; empleo continuo
5251,macro_solis4_damian,2,2,52,17449,18229,TRUE,0.9104617792851553,TRUE,1,TRUE,29,23,0.8595794166101366,0.9698168663802849,1,1,TRUE,TRUE,TRUE,TRUE,TRUE,concordancia_estable_panel,CONSENSO_PANEL_2238,egp,consenso_clasificaciones_panel_ENOE,Misma categoria en ambas mediciones; destino historico oficial; empleo continuo
5260,macro_solis4_damian,2,2,485,126598,127268,TRUE,0.7689523011230768,TRUE,1,TRUE,248,237,0.776661712109248,0.7604971918340316,1,1,TRUE,TRUE,TRUE,TRUE,TRUE,concordancia_estable_panel,CONSENSO_PANEL_2239,egp,consenso_clasificaciones_panel_ENOE,Misma categoria en ambas mediciones; destino historico oficial; empleo continuo
5261,macro_solis4_damian,2,2,126,29017,29313,TRUE,0.8742693582404338,TRUE,1,TRUE,57,69,0.8982050211700161,0.8498264417514159,1,1,TRUE,TRUE,TRUE,TRUE,TRUE,concordancia_estable_panel,CONSENSO_PANEL_2240,egp,consenso_clasificaciones_panel_ENOE,Misma categoria en ambas mediciones; destino historico oficial; empleo continuo
5262,macro_solis4_damian,2,2,24,5147,4947,TRUE,1,TRUE,1,TRUE,9,15,1,1,1,1,TRUE,TRUE,TRUE,TRUE,TRUE,concordancia_estable_panel,CONSENSO_PANEL_2241,egp,consenso_clasificaciones_panel_ENOE,Misma categoria en ambas mediciones; destino historico oficial; empleo continuo
5264,macro_solis4_damian,2,2,13,1793,1778,TRUE,0.9270941054808687,TRUE,1,TRUE,7,6,0.8537344398340249,1,1,1,TRUE,TRUE,TRUE,TRUE,TRUE,concordancia_estable_panel,CONSENSO_PANEL_2242,egp,consenso_clasificaciones_panel_ENOE,Misma categoria en ambas mediciones; destino historico oficial; empleo continuo
5266,macro_solis4_damian,2,2,23,8534,8638,TRUE,0.6997949979499795,TRUE,1,TRUE,11,12,0.6898345153664303,0.7105982905982906,1,1,TRUE,TRUE,TRUE,TRUE,TRUE,concordancia_estable_panel,CONSENSO_PANEL_2243,egp,consenso_clasificaciones_panel_ENOE,Misma categoria en ambas mediciones; destino historico oficial; empleo continuo
5267,macro_solis4_damian,2,2,134,30533,30779,TRUE,0.7419205909510619,TRUE,1,TRUE,67,67,0.6751346832621214,0.8152074202425849,1,1,TRUE,TRUE,TRUE,TRUE,TRUE,concordancia_estable_panel,CONSENSO_PANEL_2244,egp,consenso_clasificaciones_panel_ENOE,Misma categoria en ambas mediciones; destino historico oficial; empleo continuo
5270,macro_solis4_damian,2,2,185,45060,44349,TRUE,0.7066129310480014,TRUE,1,TRUE,73,112,0.6220448727601264,0.7669936836446715,1,1,TRUE,TRUE,TRUE,TRUE,TRUE,concordancia_estable_panel,CONSENSO_PANEL_2245,egp,consenso_clasificaciones_panel_ENOE,Misma categoria en ambas mediciones; destino historico oficial; empleo continuo
5271,macro_solis4_damian,1,1,51,15490,15250,TRUE,0.846448087431694,TRUE,1,TRUE,25,26,0.9126642376062714,0.7815644271340474,1,1,TRUE,TRUE,TRUE,TRUE,TRUE,concordancia_estable_panel,CONSENSO_PANEL_2246,egp,consenso_clasificaciones_panel_ENOE,Misma categoria en ambas mediciones; destino historico oficial; empleo continuo
5272,macro_solis4_damian,1,1,31,9937,10141,TRUE,0.6579487519035954,TRUE,1,TRUE,12,19,0.6774378585086042,0.6476248354097033,1,1,TRUE,TRUE,TRUE,TRUE,TRUE,concordancia_estable_panel,CONSENSO_PANEL_2247,egp,consenso_clasificaciones_panel_ENOE,Misma categoria en ambas mediciones; destino historico oficial; empleo continuo
5280,macro_solis4_damian,2,2,64,21282,21263,TRUE,0.7682200483702126,TRUE,1,TRUE,32,32,0.768257347288747,0.7681616011860638,1,1,TRUE,TRUE,TRUE,TRUE,TRUE,concordancia_estable_panel,CONSENSO_PANEL_2248,egp,consenso_clasificaciones_panel_ENOE,Misma categoria en ambas mediciones; destino historico oficial; empleo continuo
5281,macro_solis4_damian,2,2,33,5678,5395,TRUE,0.8819509164336751,TRUE,1,TRUE,6,27,0.948486799742434,0.8607983623336745,1,1,TRUE,TRUE,TRUE,TRUE,TRUE,concordancia_estable_panel,CONSENSO_PANEL_2249,egp,consenso_clasificaciones_panel_ENOE,Misma categoria en ambas mediciones; destino historico oficial; empleo continuo
5290,macro_solis4_damian,2,2,36,12270,12348,TRUE,0.7653920528975111,TRUE,1,TRUE,12,24,0.6910569105691057,0.7848151062155783,1,1,TRUE,TRUE,TRUE,TRUE,TRUE,concordancia_estable_panel,CONSENSO_PANEL_2250,egp,consenso_clasificaciones_panel_ENOE,Misma categoria en ambas mediciones; destino historico oficial; empleo continuo
5300,macro_solis4_damian,2,2,14,6198,6272,TRUE,0.6746489604876456,TRUE,1,TRUE,7,7,0.7746262935990801,0.5432098765432098,1,1,TRUE,TRUE,TRUE,TRUE,TRUE,concordancia_estable_panel,CONSENSO_PANEL_2251,egp,consenso_clasificaciones_panel_ENOE,Misma categoria en ambas mediciones; destino historico oficial; empleo continuo
5302,macro_solis4_damian,2,2,44,11531,11486,TRUE,0.7329180702980995,TRUE,1,TRUE,29,15,0.7473478503629257,0.7018247443352718,1,1,TRUE,TRUE,TRUE,TRUE,TRUE,concordancia_estable_panel,CONSENSO_PANEL_2252,egp,consenso_clasificaciones_panel_ENOE,Misma categoria en ambas mediciones; destino historico oficial; empleo continuo
5304,macro_solis4_damian,2,2,19,5174,5445,TRUE,0.7898030834987025,TRUE,1,TRUE,12,7,0.9044309296264118,0.6620400258231117,1,1,TRUE,TRUE,TRUE,TRUE,TRUE,concordancia_estable_panel,CONSENSO_PANEL_2253,egp,consenso_clasificaciones_panel_ENOE,Misma categoria en ambas mediciones; destino historico oficial; empleo continuo
5306,macro_solis4_damian,2,2,22,6683,6654,TRUE,0.6784082834230027,TRUE,1,TRUE,9,13,0.6821069348861831,0.6761073604478841,1,1,TRUE,TRUE,TRUE,TRUE,TRUE,concordancia_estable_panel,CONSENSO_PANEL_2254,egp,consenso_clasificaciones_panel_ENOE,Misma categoria en ambas mediciones; destino historico oficial; empleo continuo
5310,macro_solis4_damian,2,2,21,4684,4759,TRUE,0.9522260622077658,TRUE,1,TRUE,9,12,0.9629874421678783,0.9474456840869054,1,1,TRUE,TRUE,TRUE,TRUE,TRUE,concordancia_estable_panel,CONSENSO_PANEL_2255,egp,consenso_clasificaciones_panel_ENOE,Misma categoria en ambas mediciones; destino historico oficial; empleo continuo
5320,macro_solis4_damian,2,2,23,4889,4897,TRUE,0.8887475004544628,TRUE,1,TRUE,14,9,1,0.7485620377978636,1,1,TRUE,TRUE,TRUE,TRUE,TRUE,concordancia_estable_panel,CONSENSO_PANEL_2256,egp,consenso_clasificaciones_panel_ENOE,Misma categoria en ambas mediciones; destino historico oficial; empleo continuo
5321,macro_solis4_damian,2,2,30,15127,15074,TRUE,0.8872661153146812,TRUE,1,TRUE,18,12,0.8512492126810833,0.9328725242589393,1,1,TRUE,TRUE,TRUE,TRUE,TRUE,concordancia_estable_panel,CONSENSO_PANEL_2257,egp,consenso_clasificaciones_panel_ENOE,Misma categoria en ambas mediciones; destino historico oficial; empleo continuo
5322,macro_solis4_damian,2,2,269,69710,70216,TRUE,0.9511789105992795,TRUE,1,TRUE,134,135,0.9489081746920492,0.9533379471890971,1,1,TRUE,TRUE,TRUE,TRUE,TRUE,concordancia_estable_panel,CONSENSO_PANEL_2258,egp,consenso_clasificaciones_panel_ENOE,Misma categoria en ambas mediciones; destino historico oficial; empleo continuo
5323,macro_solis4_damian,2,2,140,20028,20249,TRUE,0.8267150994798976,TRUE,1,TRUE,59,81,0.8162078324932144,0.8345075485262401,1,1,TRUE,TRUE,TRUE,TRUE,TRUE,concordancia_estable_panel,CONSENSO_PANEL_2259,egp,consenso_clasificaciones_panel_ENOE,Misma categoria en ambas mediciones; destino historico oficial; empleo continuo
5324,macro_solis4_damian,2,2,19,4849,4873,TRUE,0.952839457653763,TRUE,1,TRUE,11,8,0.8742138364779874,1,1,1,TRUE,TRUE,TRUE,TRUE,TRUE,concordancia_estable_panel,CONSENSO_PANEL_2260,egp,consenso_clasificaciones_panel_ENOE,Misma categoria en ambas mediciones; destino historico oficial; empleo continuo
5331,macro_solis4_damian,2,2,12,4906,5081,TRUE,0.7344311377245509,TRUE,1,TRUE,5,7,0.5533527696793002,0.9255384615384615,1,1,TRUE,TRUE,TRUE,TRUE,TRUE,concordancia_estable_panel,CONSENSO_PANEL_2261,egp,consenso_clasificaciones_panel_ENOE,Misma categoria en ambas mediciones; destino historico oficial; empleo continuo
5332,macro_solis4_damian,2,2,17,5536,5453,TRUE,1,TRUE,1,TRUE,11,6,1,1,1,1,TRUE,TRUE,TRUE,TRUE,TRUE,concordancia_estable_panel,CONSENSO_PANEL_2262,egp,consenso_clasificaciones_panel_ENOE,Misma categoria en ambas mediciones; destino historico oficial; empleo continuo
5333,macro_solis4_damian,2,2,15,5673,6003,TRUE,0.8479820627802691,TRUE,1,TRUE,8,7,0.779296875,1,1,1,TRUE,TRUE,TRUE,TRUE,TRUE,concordancia_estable_panel,CONSENSO_PANEL_2263,egp,consenso_clasificaciones_panel_ENOE,Misma categoria en ambas mediciones; destino historico oficial; empleo continuo
5334,macro_solis4_damian,2,2,13,3947,4019,TRUE,0.8209234608985025,TRUE,1,TRUE,8,5,1,0.6921701823382195,1,1,TRUE,TRUE,TRUE,TRUE,TRUE,concordancia_estable_panel,CONSENSO_PANEL_2264,egp,consenso_clasificaciones_panel_ENOE,Misma categoria en ambas mediciones; destino historico oficial; empleo continuo
5340,macro_solis4_damian,2,2,25,6052,6081,TRUE,0.964308476736775,TRUE,1,TRUE,9,16,0.8095238095238095,1,1,1,TRUE,TRUE,TRUE,TRUE,TRUE,concordancia_estable_panel,CONSENSO_PANEL_2265,egp,consenso_clasificaciones_panel_ENOE,Misma categoria en ambas mediciones; destino historico oficial; empleo continuo
5342,macro_solis4_damian,2,2,41,11523,11592,TRUE,0.91977969348659006,TRUE,1,TRUE,24,17,1,0.8549992786033761,1,1,TRUE,TRUE,TRUE,TRUE,TRUE,concordancia_estable_panel,CONSENSO_PANEL_2266,egp,consenso_clasificaciones_panel_ENOE,Misma categoria en ambas mediciones; destino historico oficial; empleo continuo
5343,macro_solis4_damian,2,2,201,43251,43447,TRUE,0.8108852975364655,TRUE,1,TRUE,94,107,0.7913152496010941,0.829952620669233,1,1,TRUE,TRUE,TRUE,TRUE,TRUE,concordancia_estable_panel,CONSENSO_PANEL_2267,egp,consenso_clasificaciones_panel_ENOE,Misma categoria en ambas mediciones; destino historico oficial; empleo continuo
5344,macro_solis4_damian,2,2,245,51182,51393,TRUE,0.869126662025166,TRUE,1,TRUE,123,122,0.8498125666334216,0.8879645780222729,1,1,TRUE,TRUE,TRUE,TRUE,TRUE,concordancia_estable_panel,CONSENSO_PANEL_2268,egp,consenso_clasificaciones_panel_ENOE,Misma categoria en ambas mediciones; destino historico oficial; empleo continuo
5345,macro_solis4_damian,2,2,350,107502,111562,TRUE,0.904891372968241,TRUE,1,TRUE,178,172,0.8950583926266175,0.9174443784374221,1,1,TRUE,TRUE,TRUE,TRUE,TRUE,concordancia_estable_panel,CONSENSO_PANEL_2269,egp,consenso_clasificaciones_panel_ENOE,Misma categoria en ambas mediciones; destino historico oficial; empleo continuo
5350,macro_solis4_damian,2,2,15,3517,3589,TRUE,1,TRUE,1,TRUE,10,5,1,1,1,1,TRUE,TRUE,TRUE,TRUE,TRUE,concordancia_estable_panel,CONSENSO_PANEL_2270,egp,consenso_clasificaciones_panel_ENOE,Misma categoria en ambas mediciones; destino historico oficial; empleo continuo
5353,macro_solis4_damian,2,2,10,4566,4542,TRUE,0.6257366040838701,TRUE,1,TRUE,5,5,0.8686070686070686,0.5063368765331153,1,1,TRUE,TRUE,TRUE,TRUE,TRUE,concordancia_estable_panel,CONSENSO_PANEL_2271,egp,consenso_clasificaciones_panel_ENOE,Misma categoria en ambas mediciones; destino historico oficial; empleo continuo
5371,macro_solis4_damian,2,2,16,5866,5874,TRUE,0.9569331158238172,TRUE,1,TRUE,5,11,1,0.9471683009805884,1,1,TRUE,TRUE,TRUE,TRUE,TRUE,concordancia_estable_panel,CONSENSO_PANEL_2272,egp,consenso_clasificaciones_panel_ENOE,Misma categoria en ambas mediciones; destino historico oficial; empleo continuo
5380,macro_solis4_damian,2,2,33,9375,9572,TRUE,0.7103887247101613,TRUE,1,TRUE,16,17,0.7754439151147683,0.6753700897540506,1,1,TRUE,TRUE,TRUE,TRUE,TRUE,concordancia_estable_panel,CONSENSO_PANEL_2273,egp,consenso_clasificaciones_panel_ENOE,Misma categoria en ambas mediciones; destino historico oficial; empleo continuo
5383,macro_solis4_damian,2,2,117,38232,38200,TRUE,0.8251748251748252,TRUE,1,TRUE,61,56,0.7738861611202037,0.9000371609067261,1,1,TRUE,TRUE,TRUE,TRUE,TRUE,concordancia_estable_panel,CONSENSO_PANEL_2274,egp,consenso_clasificaciones_panel_ENOE,Misma categoria en ambas mediciones; destino historico oficial; empleo continuo
5400,macro_solis4_damian,3,3,193,58145,58317,TRUE,0.6110813338798331,TRUE,1,TRUE,106,87,0.66834876909681,0.5462247024810059,1,1,TRUE,TRUE,TRUE,TRUE,TRUE,concordancia_estable_panel,CONSENSO_PANEL_2275,egp,consenso_clasificaciones_panel_ENOE,Misma categoria en ambas mediciones; destino historico oficial; empleo continuo
5401,macro_solis4_damian,3,3,58,21638,21852,TRUE,0.5846527965414753,TRUE,1,TRUE,27,31,0.528383492521175,0.6306536364975691,1,1,TRUE,TRUE,TRUE,TRUE,TRUE,concordancia_estable_panel,CONSENSO_PANEL_2276,egp,consenso_clasificaciones_panel_ENOE,Misma categoria en ambas mediciones; destino historico oficial; empleo continuo
5420,macro_solis4_damian,3,3,54,13530,13988,TRUE,0.5971400829729014,TRUE,1,TRUE,28,26,0.582135438304944,0.6141391320719194,1,1,TRUE,TRUE,TRUE,TRUE,TRUE,concordancia_estable_panel,CONSENSO_PANEL_2277,egp,consenso_clasificaciones_panel_ENOE,Misma categoria en ambas mediciones; destino historico oficial; empleo continuo
5430,macro_solis4_damian,3,3,39,11902,12144,TRUE,0.6397548914211998,TRUE,1,TRUE,16,23,0.8383190883190883,0.5194233425414365,1,1,TRUE,TRUE,TRUE,TRUE,TRUE,concordancia_estable_panel,CONSENSO_PANEL_2278,egp,consenso_clasificaciones_panel_ENOE,Misma categoria en ambas mediciones; destino historico oficial; empleo continuo
5440,macro_solis4_damian,3,3,213,58008,58583,TRUE,0.5742001900538486,TRUE,1,TRUE,110,103,0.5238680420936028,0.6414400665926748,1,1,TRUE,TRUE,TRUE,TRUE,TRUE,concordancia_estable_panel,CONSENSO_PANEL_2279,egp,consenso_clasificaciones_panel_ENOE,Misma categoria en ambas mediciones; destino historico oficial; empleo continuo
5460,macro_solis4_damian,3,3,710,223991,224843,TRUE,0.8554531601480299,TRUE,1,TRUE,353,357,0.8819297141480773,0.8298581901213796,1,1,TRUE,TRUE,TRUE,TRUE,TRUE,concordancia_estable_panel,CONSENSO_PANEL_2280,egp,consenso_clasificaciones_panel_ENOE,Misma categoria en ambas mediciones; destino historico oficial; empleo continuo
5470,macro_solis4_damian,3,3,28,9705,9715,TRUE,0.7626119754832626,TRUE,1,TRUE,12,16,0.6719594041578,0.8463049720417107,1,1,TRUE,TRUE,TRUE,TRUE,TRUE,concordancia_estable_panel,CONSENSO_PANEL_2281,egp,consenso_clasificaciones_panel_ENOE,Misma categoria en ambas mediciones; destino historico oficial; empleo continuo
5500,macro_solis4_damian,2,2,17,7006,7066,TRUE,0.6156414762741652,TRUE,1,TRUE,12,5,0.6013198757763976,0.6274887604367373,1,1,TRUE,TRUE,TRUE,TRUE,TRUE,concordancia_estable_panel,CONSENSO_PANEL_2282,egp,consenso_clasificaciones_panel_ENOE,Misma categoria en ambas mediciones; destino historico oficial; empleo continuo
5501,macro_solis4_damian,2,2,66,16726,16747,TRUE,0.9643680811808119,TRUE,1,TRUE,34,32,0.9710064430126638,0.9572045073123951,1,1,TRUE,TRUE,TRUE,TRUE,TRUE,concordancia_estable_panel,CONSENSO_PANEL_2283,egp,consenso_clasificaciones_panel_ENOE,Misma categoria en ambas mediciones; destino historico oficial; empleo continuo
5502,macro_solis4_damian,2,2,105,21958,22238,TRUE,0.6592014410087061,TRUE,1,TRUE,52,53,0.6510490028912447,0.6647495080974724,1,1,TRUE,TRUE,TRUE,TRUE,TRUE,concordancia_estable_panel,CONSENSO_PANEL_2284,egp,consenso_clasificaciones_panel_ENOE,Misma categoria en ambas mediciones; destino historico oficial; empleo continuo
5520,macro_solis4_damian,2,2,1223,373121,371297,TRUE,0.9588052997286407,TRUE,1,TRUE,583,640,0.9565219716456942,0.9609172886956435,1,1,TRUE,TRUE,TRUE,TRUE,TRUE,concordancia_estable_panel,CONSENSO_PANEL_2285,egp,consenso_clasificaciones_panel_ENOE,Misma categoria en ambas mediciones; destino historico oficial; empleo continuo
5521,macro_solis4_damian,2,2,396,126425,125989,TRUE,0.8332454556239537,TRUE,1,TRUE,208,188,0.8282696794793074,0.8390093319676796,1,1,TRUE,TRUE,TRUE,TRUE,TRUE,concordancia_estable_panel,CONSENSO_PANEL_2286,egp,consenso_clasificaciones_panel_ENOE,Misma categoria en ambas mediciones; destino historico oficial; empleo continuo
5550,macro_solis4_damian,2,2,43,15139,15279,TRUE,1,TRUE,1,TRUE,24,19,1,1,1,1,TRUE,TRUE,TRUE,TRUE,TRUE,concordancia_estable_panel,CONSENSO_PANEL_2287,egp,consenso_clasificaciones_panel_ENOE,Misma categoria en ambas mediciones; destino historico oficial; empleo continuo
6100,macro_solis4_damian,1,1,99,21631,21570,TRUE,0.9480212122540211,TRUE,1,TRUE,44,55,0.905093555093555,0.9793134803364401,1,1,TRUE,TRUE,TRUE,TRUE,TRUE,concordancia_estable_panel,CONSENSO_PANEL_2288,egp,consenso_clasificaciones_panel_ENOE,Misma categoria en ambas mediciones; destino historico oficial; empleo continuo
6101,macro_solis4_damian,1,1,203,45460,47534,TRUE,0.9840891871414655,TRUE,1,TRUE,96,107,0.9862757014078801,0.9824568036598738,1,1,TRUE,TRUE,TRUE,TRUE,TRUE,concordancia_estable_panel,CONSENSO_PANEL_2289,egp,consenso_clasificaciones_panel_ENOE,Misma categoria en ambas mediciones; destino historico oficial; empleo continuo
6102,macro_solis4_damian,1,1,101,17410,17879,TRUE,0.8600503877883713,TRUE,1,TRUE,50,51,0.829155672823219,0.8940919946007684,1,1,TRUE,TRUE,TRUE,TRUE,TRUE,concordancia_estable_panel,CONSENSO_PANEL_2290,egp,consenso_clasificaciones_panel_ENOE,Misma categoria en ambas mediciones; destino historico oficial; empleo continuo
6110,macro_solis4_damian,1,1,127,37191,37926,TRUE,0.981370557036177,TRUE,1,TRUE,66,61,0.99500788229111925,0.9722136461870948,1,1,TRUE,TRUE,TRUE,TRUE,TRUE,concordancia_estable_panel,CONSENSO_PANEL_2291,egp,consenso_clasificaciones_panel_ENOE,Misma categoria en ambas mediciones; destino historico oficial; empleo continuo
6111,macro_solis4_damian,1,1,360,92421,92893,TRUE,0.9219512195121952,TRUE,1,TRUE,213,147,0.9240890354492992,0.9186766005808814,1,1,TRUE,TRUE,TRUE,TRUE,TRUE,concordancia_estable_panel,CONSENSO_PANEL_2292,egp,consenso_clasificaciones_panel_ENOE,Misma categoria en ambas mediciones; destino historico oficial; empleo continuo
6120,macro_solis4_damian,1,1,14,2242,2261,TRUE,0.9841966637401229,TRUE,1,TRUE,6,8,1,0.975103734439834,1,1,TRUE,TRUE,TRUE,TRUE,TRUE,concordancia_estable_panel,CONSENSO_PANEL_2293,egp,consenso_clasificaciones_panel_ENOE,Misma categoria en ambas mediciones; destino historico oficial; empleo continuo
6130,macro_solis4_damian,1,1,62,16956,19374,TRUE,0.9763906483934124,TRUE,1,TRUE,29,33,0.9699912701876909,0.9835405998536942,1,1,TRUE,TRUE,TRUE,TRUE,TRUE,concordancia_estable_panel,CONSENSO_PANEL_2294,egp,consenso_clasificaciones_panel_ENOE,Misma categoria en ambas mediciones; destino historico oficial; empleo continuo
6132,macro_solis4_damian,1,1,15,2769,2754,TRUE,0.9798301486199575,TRUE,1,TRUE,7,8,0.9684560044272275,1,1,1,TRUE,TRUE,TRUE,TRUE,TRUE,concordancia_estable_panel,CONSENSO_PANEL_2295,egp,consenso_clasificaciones_panel_ENOE,Misma categoria en ambas mediciones; destino historico oficial; empleo continuo
6133,macro_solis4_damian,1,1,17,4260,4305,TRUE,0.8523409363745498,TRUE,1,TRUE,9,8,0.833409402099498,0.8671179194869968,1,1,TRUE,TRUE,TRUE,TRUE,TRUE,concordancia_estable_panel,CONSENSO_PANEL_2296,egp,consenso_clasificaciones_panel_ENOE,Misma categoria en ambas mediciones; destino historico oficial; empleo continuo
6150,macro_solis4_damian,1,1,35,13179,13544,TRUE,0.9822613102780056,TRUE,1,TRUE,18,17,0.9608113430484443,0.9953231802374385,1,1,TRUE,TRUE,TRUE,TRUE,TRUE,concordancia_estable_panel,CONSENSO_PANEL_2297,egp,consenso_clasificaciones_panel_ENOE,Misma categoria en ambas mediciones; destino historico oficial; empleo continuo
6160,macro_solis4_damian,1,1,123,37669,38577,TRUE,0.7421585625344786,TRUE,1,TRUE,73,50,0.8270929927390429,0.6725460672546067,1,1,TRUE,TRUE,TRUE,TRUE,TRUE,concordancia_estable_panel,CONSENSO_PANEL_2298,egp,consenso_clasificaciones_panel_ENOE,Misma categoria en ambas mediciones; destino historico oficial; empleo continuo
6170,macro_solis4_damian,1,1,44,4660,4809,TRUE,0.9041521148622429,TRUE,1,TRUE,23,21,0.8428753180661578,1,1,1,TRUE,TRUE,TRUE,TRUE,TRUE,concordancia_estable_panel,CONSENSO_PANEL_2299,egp,consenso_clasificaciones_panel_ENOE,Misma categoria en ambas mediciones; destino historico oficial; empleo continuo
6190,macro_solis4_damian,1,1,25,7192,7473,TRUE,0.9500660501981506,TRUE,1,TRUE,13,12,0.9574328749181401,0.9387755102040817,1,1,TRUE,TRUE,TRUE,TRUE,TRUE,concordancia_estable_panel,CONSENSO_PANEL_2300,egp,consenso_clasificaciones_panel_ENOE,Misma categoria en ambas mediciones; destino historico oficial; empleo continuo
6200,macro_solis4_damian,1,1,1054,250994,249550,TRUE,0.9895405819899309,TRUE,1,TRUE,494,560,0.9913472319266831,0.9878374755868724,1,1,TRUE,TRUE,TRUE,TRUE,TRUE,concordancia_estable_panel,CONSENSO_PANEL_2301,egp,consenso_clasificaciones_panel_ENOE,Misma categoria en ambas mediciones; destino historico oficial; empleo continuo
6202,macro_solis4_damian,1,1,180,48477,49037,TRUE,0.9444736688292712,TRUE,1,TRUE,89,91,0.9685536888239591,0.9169415793210005,1,1,TRUE,TRUE,TRUE,TRUE,TRUE,concordancia_estable_panel,CONSENSO_PANEL_2302,egp,consenso_clasificaciones_panel_ENOE,Misma categoria en ambas mediciones; destino historico oficial; empleo continuo
6210,macro_solis4_damian,1,1,416,110564,110482,TRUE,0.8957772952652558,TRUE,1,TRUE,216,200,0.9198025249900651,0.8686769421744078,1,1,TRUE,TRUE,TRUE,TRUE,TRUE,concordancia_estable_panel,CONSENSO_PANEL_2303,egp,consenso_clasificaciones_panel_ENOE,Misma categoria en ambas mediciones; destino historico oficial; empleo continuo
6211,macro_solis4_damian,1,1,25,8549,8753,TRUE,0.9921086224904259,TRUE,1,TRUE,10,15,1,0.988208774059303,1,1,TRUE,TRUE,TRUE,TRUE,TRUE,concordancia_estable_panel,CONSENSO_PANEL_2304,egp,consenso_clasificaciones_panel_ENOE,Misma categoria en ambas mediciones; destino historico oficial; empleo continuo
6220,macro_solis4_damian,1,1,60,15141,15709,TRUE,0.8652494428253042,TRUE,1,TRUE,30,30,0.9955246731833707,0.7424511545293073,1,1,TRUE,TRUE,TRUE,TRUE,TRUE,concordancia_estable_panel,CONSENSO_PANEL_2305,egp,consenso_clasificaciones_panel_ENOE,Misma categoria en ambas mediciones; destino historico oficial; empleo continuo
6221,macro_solis4_damian,1,1,244,70377,70934,TRUE,0.7038474232165538,TRUE,1,TRUE,109,135,0.6798886569241476,0.7220063643875596,1,1,TRUE,TRUE,TRUE,TRUE,TRUE,concordancia_estable_panel,CONSENSO_PANEL_2306,egp,consenso_clasificaciones_panel_ENOE,Misma categoria en ambas mediciones; destino historico oficial; empleo continuo
6230,macro_solis4_damian,1,1,258,66806,67608,TRUE,0.9291645224551106,TRUE,1,TRUE,124,134,0.9242250978031898,0.9334091908246916,1,1,TRUE,TRUE,TRUE,TRUE,TRUE,concordancia_estable_panel,CONSENSO_PANEL_2307,egp,consenso_clasificaciones_panel_ENOE,Misma categoria en ambas mediciones; destino historico oficial; empleo continuo
6231,macro_solis4_damian,1,1,13,1941,1938,TRUE,0.9417758369723436,TRUE,1,TRUE,5,8,0.8802395209580839,1,1,1,TRUE,TRUE,TRUE,TRUE,TRUE,concordancia_estable_panel,CONSENSO_PANEL_2308,egp,consenso_clasificaciones_panel_ENOE,Misma categoria en ambas mediciones; destino historico oficial; empleo continuo
6232,macro_solis4_damian,1,1,40,8576,8671,TRUE,0.9011243038772723,TRUE,1,TRUE,21,19,0.8614186851211073,0.9625367942199625,1,1,TRUE,TRUE,TRUE,TRUE,TRUE,concordancia_estable_panel,CONSENSO_PANEL_2309,egp,consenso_clasificaciones_panel_ENOE,Misma categoria en ambas mediciones; destino historico oficial; empleo continuo
6240,macro_solis4_damian,1,1,29,10200,10720,TRUE,0.835586139100516,TRUE,1,TRUE,13,16,0.7325795424664738,0.8821989528795812,1,1,TRUE,TRUE,TRUE,TRUE,TRUE,concordancia_estable_panel,CONSENSO_PANEL_2310,egp,consenso_clasificaciones_panel_ENOE,Misma categoria en ambas mediciones; destino historico oficial; empleo continuo
6250,macro_solis4_damian,1,1,23,6856,6825,TRUE,0.8021528021528022,TRUE,1,TRUE,7,16,1,0.7754614261054309,1,1,TRUE,TRUE,TRUE,TRUE,TRUE,concordancia_estable_panel,CONSENSO_PANEL_2311,egp,consenso_clasificaciones_panel_ENOE,Misma categoria en ambas mediciones; destino historico oficial; empleo continuo
6260,macro_solis4_damian,1,1,36,12679,12964,TRUE,0.944643123230517,TRUE,1,TRUE,20,16,0.9706939452585015,0.8346946713341112,1,1,TRUE,TRUE,TRUE,TRUE,TRUE,concordancia_estable_panel,CONSENSO_PANEL_2312,egp,consenso_clasificaciones_panel_ENOE,Misma categoria en ambas mediciones; destino historico oficial; empleo continuo
6270,macro_solis4_damian,1,1,1258,262052,266206,TRUE,0.8987156403793062,TRUE,1,TRUE,633,625,0.86955534297296,0.927680780957329,1,1,TRUE,TRUE,TRUE,TRUE,TRUE,concordancia_estable_panel,CONSENSO_PANEL_2313,egp,consenso_clasificaciones_panel_ENOE,Misma categoria en ambas mediciones; destino historico oficial; empleo continuo
7100,macro_solis4_damian,2,2,1360,428491,427549,TRUE,0.8640394744271207,TRUE,0.9993642200826981,TRUE,667,693,0.847472069683772,0.879947824024665,0.9986749740596944,1,TRUE,TRUE,TRUE,TRUE,TRUE,concordancia_estable_panel,CONSENSO_PANEL_2314,egp,consenso_clasificaciones_panel_ENOE,Misma categoria en ambas mediciones; destino historico oficial; empleo continuo
7110,macro_solis4_damian,1,1,95,19253,19229,TRUE,0.7311080732133364,TRUE,1,TRUE,47,48,0.8602508318402866,0.6275234380346267,1,1,TRUE,TRUE,TRUE,TRUE,TRUE,concordancia_estable_panel,CONSENSO_PANEL_2315,egp,consenso_clasificaciones_panel_ENOE,Misma categoria en ambas mediciones; destino historico oficial; empleo continuo
7111,macro_solis4_damian,1,1,1819,482408,488514,TRUE,0.8023511292439164,TRUE,0.9843337249062543,TRUE,907,912,0.8217960314319633,0.7850568319302116,0.9822281865726863,0.98629273795169,TRUE,TRUE,TRUE,TRUE,TRUE,concordancia_estable_panel,CONSENSO_PANEL_2316,egp,consenso_clasificaciones_panel_ENOE,Misma categoria en ambas mediciones; destino historico oficial; empleo continuo
7120,macro_solis4_damian,1,1,23,6563,6734,TRUE,1,TRUE,1,TRUE,11,12,1,1,1,1,TRUE,TRUE,TRUE,TRUE,TRUE,concordancia_estable_panel,CONSENSO_PANEL_2317,egp,consenso_clasificaciones_panel_ENOE,Misma categoria en ambas mediciones; destino historico oficial; empleo continuo
7130,macro_solis4_damian,1,1,194,46777,47634,TRUE,0.8277649973456025,TRUE,1,TRUE,90,104,0.8045933213246501,0.8519644019969611,1,1,TRUE,TRUE,TRUE,TRUE,TRUE,concordancia_estable_panel,CONSENSO_PANEL_2318,egp,consenso_clasificaciones_panel_ENOE,Misma categoria en ambas mediciones; destino historico oficial; empleo continuo
7131,macro_solis4_damian,1,1,53,14906,15154,TRUE,0.8573071835279231,TRUE,1,TRUE,31,22,0.7519633507853403,0.9748144543131768,1,1,TRUE,TRUE,TRUE,TRUE,TRUE,concordancia_estable_panel,CONSENSO_PANEL_2319,egp,consenso_clasificaciones_panel_ENOE,Misma categoria en ambas mediciones; destino historico oficial; empleo continuo
7133,macro_solis4_damian,1,1,40,12673,13913,TRUE,1,TRUE,1,TRUE,22,18,1,1,1,1,TRUE,TRUE,TRUE,TRUE,TRUE,concordancia_estable_panel,CONSENSO_PANEL_2320,egp,consenso_clasificaciones_panel_ENOE,Misma categoria en ambas mediciones; destino historico oficial; empleo continuo
7134,macro_solis4_damian,1,1,16,4880,4299,TRUE,0.7689883391112512,TRUE,1,TRUE,5,11,0.8541824614607025,0.6278777731268314,1,1,TRUE,TRUE,TRUE,TRUE,TRUE,concordancia_estable_panel,CONSENSO_PANEL_2321,egp,consenso_clasificaciones_panel_ENOE,Misma categoria en ambas mediciones; destino historico oficial; empleo continuo
7200,macro_solis4_damian,3,3,13,4167,4178,TRUE,0.8407990314769975,TRUE,1,TRUE,8,5,0.8361062825925006,0.8611410118406889,1,1,TRUE,TRUE,TRUE,TRUE,TRUE,concordancia_estable_panel,CONSENSO_PANEL_2322,egp,consenso_clasificaciones_panel_ENOE,Misma categoria en ambas mediciones; destino historico oficial; empleo continuo
7210,macro_solis4_damian,3,3,483,148919,150969,TRUE,0.6970199062957815,TRUE,1,TRUE,230,253,0.6519174898314933,0.7392088123125979,1,1,TRUE,TRUE,TRUE,TRUE,TRUE,concordancia_estable_panel,CONSENSO_PANEL_2323,egp,consenso_clasificaciones_panel_ENOE,Misma categoria en ambas mediciones; destino historico oficial; empleo continuo
7211,macro_solis4_damian,3,3,35,12893,12756,TRUE,0.9556033204862141,TRUE,1,TRUE,14,21,0.9697663765460376,0.9422439867492438,1,1,TRUE,TRUE,TRUE,TRUE,TRUE,concordancia_estable_panel,CONSENSO_PANEL_2324,egp,consenso_clasificaciones_panel_ENOE,Misma categoria en ambas mediciones; destino historico oficial; empleo continuo
7212,macro_solis4_damian,3,3,33,7252,7375,TRUE,1,TRUE,1,TRUE,11,22,1,1,1,1,TRUE,TRUE,TRUE,TRUE,TRUE,concordancia_estable_panel,CONSENSO_PANEL_2325,egp,consenso_clasificaciones_panel_ENOE,Misma categoria en ambas mediciones; destino historico oficial; empleo continuo
8100,macro_solis4_damian,2,2,421,109536,109305,TRUE,0.8694575415535553,TRUE,0.9877374347111023,TRUE,206,215,0.8285669166995657,0.910784110314889,0.9772165643252958,0.9975544142822206,TRUE,TRUE,TRUE,TRUE,TRUE,concordancia_estable_panel,CONSENSO_PANEL_2326,egp,consenso_clasificaciones_panel_ENOE,Misma categoria en ambas mediciones; destino historico oficial; empleo continuo
8101,macro_solis4_damian,3,3,299,72971,74404,TRUE,0.8373611493619756,TRUE,0.9894675248683441,TRUE,163,136,0.8303456714591618,0.846387992337768,1,0.9766914859177728,TRUE,TRUE,TRUE,TRUE,TRUE,concordancia_estable_panel,CONSENSO_PANEL_2327,egp,consenso_clasificaciones_panel_ENOE,Misma categoria en ambas mediciones; destino historico oficial; empleo continuo
8110,macro_solis4_damian,3,3,75,12767,12995,TRUE,0.8995913190529876,TRUE,1,TRUE,44,31,0.8715914724838869,0.9364794252122796,1,1,TRUE,TRUE,TRUE,TRUE,TRUE,concordancia_estable_panel,CONSENSO_PANEL_2328,egp,consenso_clasificaciones_panel_ENOE,Misma categoria en ambas mediciones; destino historico oficial; empleo continuo
8111,macro_solis4_damian,3,3,27,9834,9977,TRUE,0.8048121777559538,TRUE,1,TRUE,12,15,0.9396946564885497,0.7035391889955581,1,1,TRUE,TRUE,TRUE,TRUE,TRUE,concordancia_estable_panel,CONSENSO_PANEL_2329,egp,consenso_clasificaciones_panel_ENOE,Misma categoria en ambas mediciones; destino historico oficial; empleo continuo
8120,macro_solis4_damian,3,3,24,10864,12215,TRUE,1,TRUE,1,TRUE,13,11,1,1,1,1,TRUE,TRUE,TRUE,TRUE,TRUE,concordancia_estable_panel,CONSENSO_PANEL_2330,egp,consenso_clasificaciones_panel_ENOE,Misma categoria en ambas mediciones; destino historico oficial; empleo continuo
8122,macro_solis4_damian,3,3,73,18252,17853,TRUE,0.9748437750360519,TRUE,1,TRUE,34,39,0.9531593071480849,0.9917339667458432,1,1,TRUE,TRUE,TRUE,TRUE,TRUE,concordancia_estable_panel,CONSENSO_PANEL_2331,egp,consenso_clasificaciones_panel_ENOE,Misma categoria en ambas mediciones; destino historico oficial; empleo continuo
8123,macro_solis4_damian,3,3,89,21404,21938,TRUE,0.9873149130494949,TRUE,1,TRUE,40,49,0.9849749582637729,0.988336646785951,1,1,TRUE,TRUE,TRUE,TRUE,TRUE,concordancia_estable_panel,CONSENSO_PANEL_2332,egp,consenso_clasificaciones_panel_ENOE,Misma categoria en ambas mediciones; destino historico oficial; empleo continuo
8124,macro_solis4_damian,3,3,881,220819,223410,TRUE,0.828247252541165,TRUE,1,TRUE,447,434,0.8278328665506017,0.8286542750929368,1,1,TRUE,TRUE,TRUE,TRUE,TRUE,concordancia_estable_panel,CONSENSO_PANEL_2333,egp,consenso_clasificaciones_panel_ENOE,Misma categoria en ambas mediciones; destino historico oficial; empleo continuo
8125,macro_solis4_damian,4,4,145,41706,41285,TRUE,0.7466165413533835,TRUE,1,TRUE,72,73,0.8527901285630579,0.6318769322456885,1,1,TRUE,TRUE,TRUE,TRUE,TRUE,concordancia_estable_panel,CONSENSO_PANEL_2334,egp,consenso_clasificaciones_panel_ENOE,Misma categoria en ambas mediciones; destino historico oficial; empleo continuo
8126,macro_solis4_damian,3,3,97,23182,23503,TRUE,0.592905189391033,TRUE,1,TRUE,45,52,0.6001071524243236,0.586326710384653,1,1,TRUE,TRUE,TRUE,TRUE,TRUE,concordancia_estable_panel,CONSENSO_PANEL_2335,egp,consenso_clasificaciones_panel_ENOE,Misma categoria en ambas mediciones; destino historico oficial; empleo continuo
8130,macro_solis4_damian,1,1,64,17552,16719,TRUE,1,TRUE,1,TRUE,34,30,1,1,1,1,TRUE,TRUE,TRUE,TRUE,TRUE,concordancia_estable_panel,CONSENSO_PANEL_2336,egp,consenso_clasificaciones_panel_ENOE,Misma categoria en ambas mediciones; destino historico oficial; empleo continuo
8130,macro_solis4_damian,2,2,323,88659,88307,TRUE,0.9944366552633055,TRUE,1,TRUE,157,166,0.989020961993935,1,1,1,TRUE,TRUE,TRUE,TRUE,TRUE,concordancia_estable_panel,CONSENSO_PANEL_2337,egp,consenso_clasificaciones_panel_ENOE,Misma categoria en ambas mediciones; destino historico oficial; empleo continuo
8131,macro_solis4_damian,1,1,10,2569,2789,TRUE,0.928106936416185,TRUE,1,TRUE,5,5,0.8120868744098206,1,1,1,TRUE,TRUE,TRUE,TRUE,TRUE,concordancia_estable_panel,CONSENSO_PANEL_2338,egp,consenso_clasificaciones_panel_ENOE,Misma categoria en ambas mediciones; destino historico oficial; empleo continuo
8131,macro_solis4_damian,2,2,32,9755,9321,TRUE,1,TRUE,1,TRUE,16,16,1,1,1,1,TRUE,TRUE,TRUE,TRUE,TRUE,concordancia_estable_panel,CONSENSO_PANEL_2339,egp,consenso_clasificaciones_panel_ENOE,Misma categoria en ambas mediciones; destino historico oficial; empleo continuo
8140,macro_solis4_damian,1,1,38,7648,7609,TRUE,0.872561323445522,TRUE,1,TRUE,21,17,0.8037479406919276,0.9580455359426964,1,1,TRUE,TRUE,TRUE,TRUE,TRUE,concordancia_estable_panel,CONSENSO_PANEL_2340,egp,consenso_clasificaciones_panel_ENOE,Misma categoria en ambas mediciones; destino historico oficial; empleo continuo
8150,macro_solis4_damian,1,1,19,5818,6154,TRUE,0.5564269319051263,TRUE,0.8999707516817783,TRUE,7,12,0.5454947974319239,0.5647415389796262,1,0.8371040723981901,TRUE,TRUE,TRUE,TRUE,TRUE,concordancia_estable_panel,CONSENSO_PANEL_2341,egp,consenso_clasificaciones_panel_ENOE,Misma categoria en ambas mediciones; destino historico oficial; empleo continuo
8151,macro_solis4_damian,1,1,108,23568,22972,TRUE,0.853541938287701,TRUE,1,TRUE,44,64,0.7929573201493291,0.8874639850855884,1,1,TRUE,TRUE,TRUE,TRUE,TRUE,concordancia_estable_panel,CONSENSO_PANEL_2342,egp,consenso_clasificaciones_panel_ENOE,Misma categoria en ambas mediciones; destino historico oficial; empleo continuo
8201,macro_solis4_damian,1,1,102,32201,31763,TRUE,0.6904307553764018,TRUE,1,TRUE,48,54,0.5900627670235772,0.7591763005780346,1,1,TRUE,TRUE,TRUE,TRUE,TRUE,concordancia_estable_panel,CONSENSO_PANEL_2343,egp,consenso_clasificaciones_panel_ENOE,Misma categoria en ambas mediciones; destino historico oficial; empleo continuo
8202,macro_solis4_damian,2,2,23,9642,8972,TRUE,0.9407747097277783,TRUE,1,TRUE,13,10,1,0.8922230113636364,1,1,TRUE,TRUE,TRUE,TRUE,TRUE,concordancia_estable_panel,CONSENSO_PANEL_2344,egp,consenso_clasificaciones_panel_ENOE,Misma categoria en ambas mediciones; destino historico oficial; empleo continuo
8203,macro_solis4_damian,4,4,42,9583,9246,TRUE,0.7118027185619847,TRUE,1,TRUE,22,20,0.7386835342953153,0.6956211327939077,1,1,TRUE,TRUE,TRUE,TRUE,TRUE,concordancia_estable_panel,CONSENSO_PANEL_2345,egp,consenso_clasificaciones_panel_ENOE,Misma categoria en ambas mediciones; destino historico oficial; empleo continuo
8204,macro_solis4_damian,2,2,13,3220,3146,TRUE,0.8372334893395735,TRUE,1,TRUE,8,5,0.7817351598173516,0.9106280193236715,1,1,TRUE,TRUE,TRUE,TRUE,TRUE,concordancia_estable_panel,CONSENSO_PANEL_2346,egp,consenso_clasificaciones_panel_ENOE,Misma categoria en ambas mediciones; destino historico oficial; empleo continuo
8300,macro_solis4_damian,2,2,23,3793,3730,TRUE,0.9393263992075285,TRUE,1,TRUE,12,11,0.9625156184922948,0.9053145998778253,1,1,TRUE,TRUE,TRUE,TRUE,TRUE,concordancia_estable_panel,CONSENSO_PANEL_2347,egp,consenso_clasificaciones_panel_ENOE,Misma categoria en ambas mediciones; destino historico oficial; empleo continuo
8303,macro_solis4_damian,3,3,418,127214,126999,TRUE,0.8001887029815071,TRUE,1,TRUE,202,216,0.8158291969810294,0.7867283047574463,1,1,TRUE,TRUE,TRUE,TRUE,TRUE,concordancia_estable_panel,CONSENSO_PANEL_2348,egp,consenso_clasificaciones_panel_ENOE,Misma categoria en ambas mediciones; destino historico oficial; empleo continuo
1100,manual_damian,0,0,55,13371,13978,TRUE,0.9689832596564969,TRUE,1,TRUE,25,30,0.9743980071962358,0.9630305796439982,1,1,TRUE,TRUE,TRUE,TRUE,TRUE,concordancia_estable_panel,CONSENSO_PANEL_2349,clase_ocupacional,consenso_clasificaciones_panel_ENOE,Misma categoria en ambas mediciones; destino historico oficial; empleo continuo
1101,manual_damian,0,0,42,7522,7244,TRUE,0.7575788095477893,TRUE,1,TRUE,19,23,0.8131166569936158,0.6972689075630252,1,1,TRUE,TRUE,TRUE,TRUE,TRUE,concordancia_estable_panel,CONSENSO_PANEL_2350,clase_ocupacional,consenso_clasificaciones_panel_ENOE,Misma categoria en ambas mediciones; destino historico oficial; empleo continuo
1103,manual_damian,0,0,12,2549,2552,TRUE,1,TRUE,1,TRUE,6,6,1,1,1,1,TRUE,TRUE,TRUE,TRUE,TRUE,concordancia_estable_panel,CONSENSO_PANEL_2351,clase_ocupacional,consenso_clasificaciones_panel_ENOE,Misma categoria en ambas mediciones; destino historico oficial; empleo continuo
1104,manual_damian,0,0,84,23290,23487,TRUE,0.8798639969777106,TRUE,1,TRUE,47,37,0.9270300511508951,0.8375841811147728,1,1,TRUE,TRUE,TRUE,TRUE,TRUE,concordancia_estable_panel,CONSENSO_PANEL_2352,clase_ocupacional,consenso_clasificaciones_panel_ENOE,Misma categoria en ambas mediciones; destino historico oficial; empleo continuo
1105,manual_damian,0,0,191,50402,51408,TRUE,0.9633962192021713,TRUE,1,TRUE,99,92,0.9665689406204875,0.9609353787673093,1,1,TRUE,TRUE,TRUE,TRUE,TRUE,concordancia_estable_panel,CONSENSO_PANEL_2353,clase_ocupacional,consenso_clasificaciones_panel_ENOE,Misma categoria en ambas mediciones; destino historico oficial; empleo continuo
1120,manual_damian,0,0,44,11106,10829,TRUE,1,TRUE,1,TRUE,18,26,1,1,1,1,TRUE,TRUE,TRUE,TRUE,TRUE,concordancia_estable_panel,CONSENSO_PANEL_2354,clase_ocupacional,consenso_clasificaciones_panel_ENOE,Misma categoria en ambas mediciones; destino historico oficial; empleo continuo
1121,manual_damian,0,0,29,7897,7674,TRUE,1,TRUE,1,TRUE,15,14,1,1,1,1,TRUE,TRUE,TRUE,TRUE,TRUE,concordancia_estable_panel,CONSENSO_PANEL_2355,clase_ocupacional,consenso_clasificaciones_panel_ENOE,Misma categoria en ambas mediciones; destino historico oficial; empleo continuo
1130,manual_damian,0,0,372,85368,87709,TRUE,1,TRUE,1,TRUE,175,197,1,1,1,1,TRUE,TRUE,TRUE,TRUE,TRUE,concordancia_estable_panel,CONSENSO_PANEL_2356,clase_ocupacional,consenso_clasificaciones_panel_ENOE,Misma categoria en ambas mediciones; destino historico oficial; empleo continuo
1131,manual_damian,0,0,257,56968,57932,TRUE,1,TRUE,1,TRUE,127,130,1,1,1,1,TRUE,TRUE,TRUE,TRUE,TRUE,concordancia_estable_panel,CONSENSO_PANEL_2357,clase_ocupacional,consenso_clasificaciones_panel_ENOE,Misma categoria en ambas mediciones; destino historico oficial; empleo continuo
1132,manual_damian,0,0,124,33825,33640,TRUE,1,TRUE,1,TRUE,61,63,1,1,1,1,TRUE,TRUE,TRUE,TRUE,TRUE,concordancia_estable_panel,CONSENSO_PANEL_2358,clase_ocupacional,consenso_clasificaciones_panel_ENOE,Misma categoria en ambas mediciones; destino historico oficial; empleo continuo
1134,manual_damian,0,0,16,5260,5340,TRUE,0.9872372372372372,TRUE,1,TRUE,11,5,0.9425190194420964,1,1,1,TRUE,TRUE,TRUE,TRUE,TRUE,concordancia_estable_panel,CONSENSO_PANEL_2359,clase_ocupacional,consenso_clasificaciones_panel_ENOE,Misma categoria en ambas mediciones; destino historico oficial; empleo continuo
1150,manual_damian,0,0,29,4042,4088,TRUE,0.9408752327746741,TRUE,1,TRUE,15,14,0.9132513661202186,1,1,1,TRUE,TRUE,TRUE,TRUE,TRUE,concordancia_estable_panel,CONSENSO_PANEL_2360,clase_ocupacional,consenso_clasificaciones_panel_ENOE,Misma categoria en ambas mediciones; destino historico oficial; empleo continuo
1151,manual_damian,0,0,35,9220,9329,TRUE,0.933765444601985,TRUE,1,TRUE,18,17,0.9401955146635997,0.9265621644835731,1,1,TRUE,TRUE,TRUE,TRUE,TRUE,concordancia_estable_panel,CONSENSO_PANEL_2361,clase_ocupacional,consenso_clasificaciones_panel_ENOE,Misma categoria en ambas mediciones; destino historico oficial; empleo continuo
1160,manual_damian,0,0,387,94442,96738,TRUE,0.9980344084203407,TRUE,1,TRUE,193,194,0.9963125235423564,1,1,1,TRUE,TRUE,TRUE,TRUE,TRUE,concordancia_estable_panel,CONSENSO_PANEL_2362,clase_ocupacional,consenso_clasificaciones_panel_ENOE,Misma categoria en ambas mediciones; destino historico oficial; empleo continuo
1161,manual_damian,0,0,35,7603,7672,TRUE,1,TRUE,1,TRUE,19,16,1,1,1,1,TRUE,TRUE,TRUE,TRUE,TRUE,concordancia_estable_panel,CONSENSO_PANEL_2363,clase_ocupacional,consenso_clasificaciones_panel_ENOE,Misma categoria en ambas mediciones; destino historico oficial; empleo continuo
1164,manual_damian,0,0,73,22608,20933,TRUE,1,TRUE,1,TRUE,35,38,1,1,1,1,TRUE,TRUE,TRUE,TRUE,TRUE,concordancia_estable_panel,CONSENSO_PANEL_2364,clase_ocupacional,consenso_clasificaciones_panel_ENOE,Misma categoria en ambas mediciones; destino historico oficial; empleo continuo
1167,manual_damian,0,0,15,3083,3114,TRUE,1,TRUE,1,TRUE,9,6,1,1,1,1,TRUE,TRUE,TRUE,TRUE,TRUE,concordancia_estable_panel,CONSENSO_PANEL_2365,clase_ocupacional,consenso_clasificaciones_panel_ENOE,Misma categoria en ambas mediciones; destino historico oficial; empleo continuo
1171,manual_damian,0,0,33,16463,16550,TRUE,0.9852184320766009,TRUE,1,TRUE,20,13,1,0.9533434076312807,1,1,TRUE,TRUE,TRUE,TRUE,TRUE,concordancia_estable_panel,CONSENSO_PANEL_2366,clase_ocupacional,consenso_clasificaciones_panel_ENOE,Misma categoria en ambas mediciones; destino historico oficial; empleo continuo
1172,manual_damian,0,0,400,93960,93536,TRUE,0.98745192004540006,TRUE,1,TRUE,215,185,0.9940143298729609,0.9780794651287417,1,1,TRUE,TRUE,TRUE,TRUE,TRUE,concordancia_estable_panel,CONSENSO_PANEL_2367,clase_ocupacional,consenso_clasificaciones_panel_ENOE,Misma categoria en ambas mediciones; destino historico oficial; empleo continuo
1200,manual_damian,0,0,37,10174,10254,TRUE,1,TRUE,1,TRUE,21,16,1,1,1,1,TRUE,TRUE,TRUE,TRUE,TRUE,concordancia_estable_panel,CONSENSO_PANEL_2368,clase_ocupacional,consenso_clasificaciones_panel_ENOE,Misma categoria en ambas mediciones; destino historico oficial; empleo continuo
1203,manual_damian,0,0,33,5407,5580,TRUE,0.8600286305073962,TRUE,1,TRUE,17,16,0.8946322067594433,0.7984975695978789,1,1,TRUE,TRUE,TRUE,TRUE,TRUE,concordancia_estable_panel,CONSENSO_PANEL_2369,clase_ocupacional,consenso_clasificaciones_panel_ENOE,Misma categoria en ambas mediciones; destino historico oficial; empleo continuo
1205,manual_damian,0,0,318,82674,82008,TRUE,0.8587186837841206,TRUE,1,TRUE,156,162,0.8708559984844795,0.8511588706278972,1,1,TRUE,TRUE,TRUE,TRUE,TRUE,concordancia_estable_panel,CONSENSO_PANEL_2370,clase_ocupacional,consenso_clasificaciones_panel_ENOE,Misma categoria en ambas mediciones; destino historico oficial; empleo continuo
1206,manual_damian,0,0,74,18926,19671,TRUE,0.9804693570947521,TRUE,1,TRUE,41,33,0.980625,0.9803153663815315,1,1,TRUE,TRUE,TRUE,TRUE,TRUE,concordancia_estable_panel,CONSENSO_PANEL_2371,clase_ocupacional,consenso_clasificaciones_panel_ENOE,Misma categoria en ambas mediciones; destino historico oficial; empleo continuo
1220,manual_damian,0,0,440,131253,131881,TRUE,0.9961445344221734,TRUE,1,TRUE,233,207,0.996140986347172,0.9961487804471416,1,1,TRUE,TRUE,TRUE,TRUE,TRUE,concordancia_estable_panel,CONSENSO_PANEL_2372,clase_ocupacional,consenso_clasificaciones_panel_ENOE,Misma categoria en ambas mediciones; destino historico oficial; empleo continuo
1221,manual_damian,0,0,31,6497,6632,TRUE,0.9581182716413509,TRUE,1,TRUE,18,13,0.9633162142333089,0.950222882615156,1,1,TRUE,TRUE,TRUE,TRUE,TRUE,concordancia_estable_panel,CONSENSO_PANEL_2373,clase_ocupacional,consenso_clasificaciones_panel_ENOE,Misma categoria en ambas mediciones; destino historico oficial; empleo continuo
1230,manual_damian,0,0,58,13512,13570,TRUE,0.8318148239349914,TRUE,1,TRUE,29,29,0.9242527637505118,0.7558595940338679,1,1,TRUE,TRUE,TRUE,TRUE,TRUE,concordancia_estable_panel,CONSENSO_PANEL_2374,clase_ocupacional,consenso_clasificaciones_panel_ENOE,Misma categoria en ambas mediciones; destino historico oficial; empleo continuo
1250,manual_damian,0,0,151,30390,30442,TRUE,0.9896443923407581,TRUE,1,TRUE,87,64,0.983385579937304,1,1,1,TRUE,TRUE,TRUE,TRUE,TRUE,concordancia_estable_panel,CONSENSO_PANEL_2375,clase_ocupacional,consenso_clasificaciones_panel_ENOE,Misma categoria en ambas mediciones; destino historico oficial; empleo continuo
1251,manual_damian,0,0,337,94178,94823,TRUE,0.9745441751691881,TRUE,1,TRUE,171,166,0.9855452812006643,0.9633343779379505,1,1,TRUE,TRUE,TRUE,TRUE,TRUE,concordancia_estable_panel,CONSENSO_PANEL_2376,clase_ocupacional,consenso_clasificaciones_panel_ENOE,Misma categoria en ambas mediciones; destino historico oficial; empleo continuo
1252,manual_damian,0,0,55,9650,9506,TRUE,0.922738573340983,TRUE,1,TRUE,23,32,0.8625737898465171,0.9636831110396915,1,1,TRUE,TRUE,TRUE,TRUE,TRUE,concordancia_estable_panel,CONSENSO_PANEL_2377,clase_ocupacional,consenso_clasificaciones_panel_ENOE,Misma categoria en ambas mediciones; destino historico oficial; empleo continuo
1260,manual_damian,0,0,16,7591,7357,TRUE,1,TRUE,1,TRUE,8,8,1,1,1,1,TRUE,TRUE,TRUE,TRUE,TRUE,concordancia_estable_panel,CONSENSO_PANEL_2378,clase_ocupacional,consenso_clasificaciones_panel_ENOE,Misma categoria en ambas mediciones; destino historico oficial; empleo continuo
1300,manual_damian,0,0,340,82277,81471,TRUE,1,TRUE,1,TRUE,173,167,1,1,1,1,TRUE,TRUE,TRUE,TRUE,TRUE,concordancia_estable_panel,CONSENSO_PANEL_2379,clase_ocupacional,consenso_clasificaciones_panel_ENOE,Misma categoria en ambas mediciones; destino historico oficial; empleo continuo
1310,manual_damian,0,0,211,60411,60529,TRUE,1,TRUE,1,TRUE,118,93,1,1,1,1,TRUE,TRUE,TRUE,TRUE,TRUE,concordancia_estable_panel,CONSENSO_PANEL_2380,clase_ocupacional,consenso_clasificaciones_panel_ENOE,Misma categoria en ambas mediciones; destino historico oficial; empleo continuo
1320,manual_damian,0,0,460,127136,125923,TRUE,0.9968245505366902,TRUE,1,TRUE,205,255,0.9922581385124156,1,1,1,TRUE,TRUE,TRUE,TRUE,TRUE,concordancia_estable_panel,CONSENSO_PANEL_2381,clase_ocupacional,consenso_clasificaciones_panel_ENOE,Misma categoria en ambas mediciones; destino historico oficial; empleo continuo
1330,manual_damian,0,0,733,198880,199241,TRUE,1,TRUE,1,TRUE,343,390,1,1,1,1,TRUE,TRUE,TRUE,TRUE,TRUE,concordancia_estable_panel,CONSENSO_PANEL_2382,clase_ocupacional,consenso_clasificaciones_panel_ENOE,Misma categoria en ambas mediciones; destino historico oficial; empleo continuo
1340,manual_damian,0,0,274,72736,74401,TRUE,0.9965883400698774,TRUE,1,TRUE,148,126,0.9940410939652022,0.9990109067579127,1,1,TRUE,TRUE,TRUE,TRUE,TRUE,concordancia_estable_panel,CONSENSO_PANEL_2383,clase_ocupacional,consenso_clasificaciones_panel_ENOE,Misma categoria en ambas mediciones; destino historico oficial; empleo continuo
1360,manual_damian,0,0,25,9877,9547,TRUE,1,TRUE,1,TRUE,18,7,1,1,1,1,TRUE,TRUE,TRUE,TRUE,TRUE,concordancia_estable_panel,CONSENSO_PANEL_2384,clase_ocupacional,consenso_clasificaciones_panel_ENOE,Misma categoria en ambas mediciones; destino historico oficial; empleo continuo
1363,manual_damian,0,0,80,18547,18679,TRUE,0.9736469105989816,TRUE,1,TRUE,32,48,1,0.9408437426349281,1,1,TRUE,TRUE,TRUE,TRUE,TRUE,concordancia_estable_panel,CONSENSO_PANEL_2385,clase_ocupacional,consenso_clasificaciones_panel_ENOE,Misma categoria en ambas mediciones; destino historico oficial; empleo continuo
1364,manual_damian,0,0,34,7711,7682,TRUE,0.9200572724018613,TRUE,1,TRUE,14,20,0.8401336196611787,1,1,1,TRUE,TRUE,TRUE,TRUE,TRUE,concordancia_estable_panel,CONSENSO_PANEL_2386,clase_ocupacional,consenso_clasificaciones_panel_ENOE,Misma categoria en ambas mediciones; destino historico oficial; empleo continuo
1390,manual_damian,0,0,34,4418,4537,TRUE,0.9890306693530334,TRUE,1,TRUE,19,15,0.9839921594250245,1,1,1,TRUE,TRUE,TRUE,TRUE,TRUE,concordancia_estable_panel,CONSENSO_PANEL_2387,clase_ocupacional,consenso_clasificaciones_panel_ENOE,Misma categoria en ambas mediciones; destino historico oficial; empleo continuo
1401,manual_damian,0,0,36,9618,10533,TRUE,1,TRUE,1,TRUE,17,19,1,1,1,1,TRUE,TRUE,TRUE,TRUE,TRUE,concordancia_estable_panel,CONSENSO_PANEL_2388,clase_ocupacional,consenso_clasificaciones_panel_ENOE,Misma categoria en ambas mediciones; destino historico oficial; empleo continuo
1412,manual_damian,0,0,75,18699,19659,TRUE,1,TRUE,1,TRUE,33,42,1,1,1,1,TRUE,TRUE,TRUE,TRUE,TRUE,concordancia_estable_panel,CONSENSO_PANEL_2389,clase_ocupacional,consenso_clasificaciones_panel_ENOE,Misma categoria en ambas mediciones; destino historico oficial; empleo continuo
1420,manual_damian,0,0,18,3455,3248,TRUE,1,TRUE,1,TRUE,12,6,1,1,1,1,TRUE,TRUE,TRUE,TRUE,TRUE,concordancia_estable_panel,CONSENSO_PANEL_2390,clase_ocupacional,consenso_clasificaciones_panel_ENOE,Misma categoria en ambas mediciones; destino historico oficial; empleo continuo
1423,manual_damian,0,0,80,25031,24600,TRUE,0.8867122462715648,TRUE,1,TRUE,48,32,0.8627798153534842,0.9171969391864679,1,1,TRUE,TRUE,TRUE,TRUE,TRUE,concordancia_estable_panel,CONSENSO_PANEL_2391,clase_ocupacional,consenso_clasificaciones_panel_ENOE,Misma categoria en ambas mediciones; destino historico oficial; empleo continuo
1431,manual_damian,0,0,26,7047,8442,TRUE,0.854078293540177,TRUE,1,TRUE,10,16,1,0.7704042715484363,1,1,TRUE,TRUE,TRUE,TRUE,TRUE,concordancia_estable_panel,CONSENSO_PANEL_2392,clase_ocupacional,consenso_clasificaciones_panel_ENOE,Misma categoria en ambas mediciones; destino historico oficial; empleo continuo
1432,manual_damian,0,0,14,2979,2896,TRUE,1,TRUE,1,TRUE,8,6,1,1,1,1,TRUE,TRUE,TRUE,TRUE,TRUE,concordancia_estable_panel,CONSENSO_PANEL_2393,clase_ocupacional,consenso_clasificaciones_panel_ENOE,Misma categoria en ambas mediciones; destino historico oficial; empleo continuo
2101,manual_damian,0,0,26,7465,7393,TRUE,1,TRUE,1,TRUE,11,15,1,1,1,1,TRUE,TRUE,TRUE,TRUE,TRUE,concordancia_estable_panel,CONSENSO_PANEL_2394,clase_ocupacional,consenso_clasificaciones_panel_ENOE,Misma categoria en ambas mediciones; destino historico oficial; empleo continuo
2110,manual_damian,0,0,21,3334,3190,TRUE,0.9739994157172072,TRUE,1,TRUE,9,12,0.9571497351949928,1,1,1,TRUE,TRUE,TRUE,TRUE,TRUE,concordancia_estable_panel,CONSENSO_PANEL_2395,clase_ocupacional,consenso_clasificaciones_panel_ENOE,Misma categoria en ambas mediciones; destino historico oficial; empleo continuo
2111,manual_damian,0,0,32,9747,9417,TRUE,0.8583127861923212,TRUE,1,TRUE,20,12,0.9143179255918827,0.7257634153572488,1,1,TRUE,TRUE,TRUE,TRUE,TRUE,concordancia_estable_panel,CONSENSO_PANEL_2396,clase_ocupacional,consenso_clasificaciones_panel_ENOE,Misma categoria en ambas mediciones; destino historico oficial; empleo continuo
2120,manual_damian,0,0,15,2621,2619,TRUE,1,TRUE,1,TRUE,6,9,1,1,1,1,TRUE,TRUE,TRUE,TRUE,TRUE,concordancia_estable_panel,CONSENSO_PANEL_2397,clase_ocupacional,consenso_clasificaciones_panel_ENOE,Misma categoria en ambas mediciones; destino historico oficial; empleo continuo
2121,manual_damian,0,0,177,50272,50843,TRUE,0.9823738617266581,TRUE,1,TRUE,88,89,0.9821367227756784,0.9825307659836997,1,1,TRUE,TRUE,TRUE,TRUE,TRUE,concordancia_estable_panel,CONSENSO_PANEL_2398,clase_ocupacional,consenso_clasificaciones_panel_ENOE,Misma categoria en ambas mediciones; destino historico oficial; empleo continuo
2123,manual_damian,0,0,18,6451,6083,TRUE,0.8428272798536712,TRUE,1,TRUE,10,8,1,0.7143874643874644,1,1,TRUE,TRUE,TRUE,TRUE,TRUE,concordancia_estable_panel,CONSENSO_PANEL_2399,clase_ocupacional,consenso_clasificaciones_panel_ENOE,Misma categoria en ambas mediciones; destino historico oficial; empleo continuo
2124,manual_damian,0,0,64,19116,19606,TRUE,0.6386262653258945,TRUE,1,TRUE,34,30,0.5395833333333333,0.7499467820903994,1,1,TRUE,TRUE,TRUE,TRUE,TRUE,concordancia_estable_panel,CONSENSO_PANEL_2400,clase_ocupacional,consenso_clasificaciones_panel_ENOE,Misma categoria en ambas mediciones; destino historico oficial; empleo continuo
2125,manual_damian,0,0,134,36970,35098,TRUE,1,TRUE,1,TRUE,73,61,1,1,1,1,TRUE,TRUE,TRUE,TRUE,TRUE,concordancia_estable_panel,CONSENSO_PANEL_2401,clase_ocupacional,consenso_clasificaciones_panel_ENOE,Misma categoria en ambas mediciones; destino historico oficial; empleo continuo
2127,manual_damian,0,0,74,14854,14547,TRUE,0.9155571992110454,TRUE,1,TRUE,29,45,0.9220794958797868,0.9088058203712995,1,1,TRUE,TRUE,TRUE,TRUE,TRUE,concordancia_estable_panel,CONSENSO_PANEL_2402,clase_ocupacional,consenso_clasificaciones_panel_ENOE,Misma categoria en ambas mediciones; destino historico oficial; empleo continuo
4100,manual_damian,1,1,2768,1182688,1192266,TRUE,0.9990117057957965,TRUE,1,TRUE,1384,1384,0.9995939356448474,0.9984548825710754,1,1,TRUE,TRUE,TRUE,TRUE,TRUE,concordancia_estable_panel,CONSENSO_PANEL_2403,clase_ocupacional,consenso_clasificaciones_panel_ENOE,Misma categoria en ambas mediciones; destino historico oficial; empleo continuo
4101,manual_damian,1,1,71,22568,22677,TRUE,1,TRUE,1,TRUE,38,33,1,1,1,1,TRUE,TRUE,TRUE,TRUE,TRUE,concordancia_estable_panel,CONSENSO_PANEL_2404,clase_ocupacional,consenso_clasificaciones_panel_ENOE,Misma categoria en ambas mediciones; destino historico oficial; empleo continuo
4103,manual_damian,1,1,354,104556,104670,TRUE,0.981718824821836,TRUE,1,TRUE,171,183,0.9821536209420477,0.9813824915488502,1,1,TRUE,TRUE,TRUE,TRUE,TRUE,concordancia_estable_panel,CONSENSO_PANEL_2405,clase_ocupacional,consenso_clasificaciones_panel_ENOE,Misma categoria en ambas mediciones; destino historico oficial; empleo continuo
4104,manual_damian,1,1,143,104293,104552,TRUE,1,TRUE,1,TRUE,102,41,1,1,1,1,TRUE,TRUE,TRUE,TRUE,TRUE,concordancia_estable_panel,CONSENSO_PANEL_2406,clase_ocupacional,consenso_clasificaciones_panel_ENOE,Misma categoria en ambas mediciones; destino historico oficial; empleo continuo
4106,manual_damian,1,1,317,96234,96325,TRUE,0.9969335957733347,TRUE,1,TRUE,180,137,1,0.9937470953567958,1,1,TRUE,TRUE,TRUE,TRUE,TRUE,concordancia_estable_panel,CONSENSO_PANEL_2407,clase_ocupacional,consenso_clasificaciones_panel_ENOE,Misma categoria en ambas mediciones; destino historico oficial; empleo continuo
4107,manual_damian,1,1,43,23870,23538,TRUE,1,TRUE,1,TRUE,15,28,1,1,1,1,TRUE,TRUE,TRUE,TRUE,TRUE,concordancia_estable_panel,CONSENSO_PANEL_2408,clase_ocupacional,consenso_clasificaciones_panel_ENOE,Misma categoria en ambas mediciones; destino historico oficial; empleo continuo
4108,manual_damian,1,1,152,58324,59197,TRUE,1,TRUE,1,TRUE,56,96,1,1,1,1,TRUE,TRUE,TRUE,TRUE,TRUE,concordancia_estable_panel,CONSENSO_PANEL_2409,clase_ocupacional,consenso_clasificaciones_panel_ENOE,Misma categoria en ambas mediciones; destino historico oficial; empleo continuo
4109,manual_damian,1,1,45,9006,9038,TRUE,0.9892355008787346,TRUE,1,TRUE,20,25,0.9771774569166278,1,1,1,TRUE,TRUE,TRUE,TRUE,TRUE,concordancia_estable_panel,CONSENSO_PANEL_2410,clase_ocupacional,consenso_clasificaciones_panel_ENOE,Misma categoria en ambas mediciones; destino historico oficial; empleo continuo
4110,manual_damian,1,1,298,83881,84216,TRUE,0.9820981149748274,TRUE,1,TRUE,186,112,0.9794128373450036,0.9869152764147857,1,1,TRUE,TRUE,TRUE,TRUE,TRUE,concordancia_estable_panel,CONSENSO_PANEL_2411,clase_ocupacional,consenso_clasificaciones_panel_ENOE,Misma categoria en ambas mediciones; destino historico oficial; empleo continuo
4111,manual_damian,1,1,29,10695,10514,TRUE,0.97599926993977,TRUE,1,TRUE,19,10,0.9543323493662094,1,1,1,TRUE,TRUE,TRUE,TRUE,TRUE,concordancia_estable_panel,CONSENSO_PANEL_2412,clase_ocupacional,consenso_clasificaciones_panel_ENOE,Misma categoria en ambas mediciones; destino historico oficial; empleo continuo
4112,manual_damian,1,1,53,13638,13670,TRUE,0.9834859738948583,TRUE,1,TRUE,18,35,0.9794059405940594,0.9883979656706929,1,1,TRUE,TRUE,TRUE,TRUE,TRUE,concordancia_estable_panel,CONSENSO_PANEL_2413,clase_ocupacional,consenso_clasificaciones_panel_ENOE,Misma categoria en ambas mediciones; destino historico oficial; empleo continuo
4113,manual_damian,1,1,67,21901,21987,TRUE,1,TRUE,1,TRUE,36,31,1,1,1,1,TRUE,TRUE,TRUE,TRUE,TRUE,concordancia_estable_panel,CONSENSO_PANEL_2414,clase_ocupacional,consenso_clasificaciones_panel_ENOE,Misma categoria en ambas mediciones; destino historico oficial; empleo continuo
4120,manual_damian,1,1,201,48811,48618,TRUE,1,TRUE,1,TRUE,129,72,1,1,1,1,TRUE,TRUE,TRUE,TRUE,TRUE,concordancia_estable_panel,CONSENSO_PANEL_2415,clase_ocupacional,consenso_clasificaciones_panel_ENOE,Misma categoria en ambas mediciones; destino historico oficial; empleo continuo
4132,manual_damian,1,1,36,8233,8274,TRUE,1,TRUE,1,TRUE,26,10,1,1,1,1,TRUE,TRUE,TRUE,TRUE,TRUE,concordancia_estable_panel,CONSENSO_PANEL_2416,clase_ocupacional,consenso_clasificaciones_panel_ENOE,Misma categoria en ambas mediciones; destino historico oficial; empleo continuo
4135,manual_damian,1,1,18,5040,5124,TRUE,1,TRUE,1,TRUE,11,7,1,1,1,1,TRUE,TRUE,TRUE,TRUE,TRUE,concordancia_estable_panel,CONSENSO_PANEL_2417,clase_ocupacional,consenso_clasificaciones_panel_ENOE,Misma categoria en ambas mediciones; destino historico oficial; empleo continuo
4150,manual_damian,1,1,138,32548,32907,TRUE,0.9948040833791797,TRUE,1,TRUE,72,66,1,0.9862403885066775,1,1,TRUE,TRUE,TRUE,TRUE,TRUE,concordancia_estable_panel,CONSENSO_PANEL_2418,clase_ocupacional,consenso_clasificaciones_panel_ENOE,Misma categoria en ambas mediciones; destino historico oficial; empleo continuo
4170,manual_damian,1,1,23,5347,5415,TRUE,0.9055038103302286,TRUE,1,TRUE,12,11,0.8494897959183674,0.9689418562657999,1,1,TRUE,TRUE,TRUE,TRUE,TRUE,concordancia_estable_panel,CONSENSO_PANEL_2419,clase_ocupacional,consenso_clasificaciones_panel_ENOE,Misma categoria en ambas mediciones; destino historico oficial; empleo continuo
5100,manual_damian,0,0,33,8176,8282,TRUE,0.6494558741758678,TRUE,1,TRUE,20,13,0.6948304613674263,0.5889115520118673,1,1,TRUE,TRUE,TRUE,TRUE,TRUE,concordancia_estable_panel,CONSENSO_PANEL_2420,clase_ocupacional,consenso_clasificaciones_panel_ENOE,Misma categoria en ambas mediciones; destino historico oficial; empleo continuo
5101,manual_damian,1,1,24,9217,9006,TRUE,0.6758817921830315,TRUE,1,TRUE,14,10,0.7050490741677629,0.5990942994139584,1,1,TRUE,TRUE,TRUE,TRUE,TRUE,concordancia_estable_panel,CONSENSO_PANEL_2421,clase_ocupacional,consenso_clasificaciones_panel_ENOE,Misma categoria en ambas mediciones; destino historico oficial; empleo continuo
5121,manual_damian,1,1,46,9511,9547,TRUE,0.9743878700952772,TRUE,1,TRUE,29,17,1,0.9396281091523786,1,1,TRUE,TRUE,TRUE,TRUE,TRUE,concordancia_estable_panel,CONSENSO_PANEL_2422,clase_ocupacional,consenso_clasificaciones_panel_ENOE,Misma categoria en ambas mediciones; destino historico oficial; empleo continuo
5131,manual_damian,1,1,17,5091,4967,TRUE,0.7099428252684423,TRUE,1,TRUE,8,9,1,0.5360249832701316,1,1,TRUE,TRUE,TRUE,TRUE,TRUE,concordancia_estable_panel,CONSENSO_PANEL_2423,clase_ocupacional,consenso_clasificaciones_panel_ENOE,Misma categoria en ambas mediciones; destino historico oficial; empleo continuo
5170,manual_damian,0,0,18,5212,5352,TRUE,0.7731790535528853,TRUE,1,TRUE,9,9,0.6714654061022776,1,1,1,TRUE,TRUE,TRUE,TRUE,TRUE,concordancia_estable_panel,CONSENSO_PANEL_2424,clase_ocupacional,consenso_clasificaciones_panel_ENOE,Misma categoria en ambas mediciones; destino historico oficial; empleo continuo
5200,manual_damian,1,1,158,60382,59559,TRUE,0.964984897639557,TRUE,1,TRUE,83,75,0.9680166967509025,0.9610207618836892,1,1,TRUE,TRUE,TRUE,TRUE,TRUE,concordancia_estable_panel,CONSENSO_PANEL_2425,clase_ocupacional,consenso_clasificaciones_panel_ENOE,Misma categoria en ambas mediciones; destino historico oficial; empleo continuo
5201,manual_damian,1,1,24,7457,7465,TRUE,1,TRUE,1,TRUE,8,16,1,1,1,1,TRUE,TRUE,TRUE,TRUE,TRUE,concordancia_estable_panel,CONSENSO_PANEL_2426,clase_ocupacional,consenso_clasificaciones_panel_ENOE,Misma categoria en ambas mediciones; destino historico oficial; empleo continuo
5202,manual_damian,1,1,479,144666,145394,TRUE,0.8800223859260656,TRUE,1,TRUE,251,228,0.8906045741059525,0.8706386006794601,1,1,TRUE,TRUE,TRUE,TRUE,TRUE,concordancia_estable_panel,CONSENSO_PANEL_2427,clase_ocupacional,consenso_clasificaciones_panel_ENOE,Misma categoria en ambas mediciones; destino historico oficial; empleo continuo
5203,manual_damian,1,1,17,6823,6740,TRUE,1,TRUE,1,TRUE,10,7,1,1,1,1,TRUE,TRUE,TRUE,TRUE,TRUE,concordancia_estable_panel,CONSENSO_PANEL_2428,clase_ocupacional,consenso_clasificaciones_panel_ENOE,Misma categoria en ambas mediciones; destino historico oficial; empleo continuo
5204,manual_damian,1,1,69,18468,18986,TRUE,0.9797867260862645,TRUE,1,TRUE,31,38,0.9651641217884246,1,1,1,TRUE,TRUE,TRUE,TRUE,TRUE,concordancia_estable_panel,CONSENSO_PANEL_2429,clase_ocupacional,consenso_clasificaciones_panel_ENOE,Misma categoria en ambas mediciones; destino historico oficial; empleo continuo
5208,manual_damian,0,0,345,101590,103312,TRUE,0.8587199080335407,TRUE,1,TRUE,174,171,0.8522823981023775,0.8643562629801671,1,1,TRUE,TRUE,TRUE,TRUE,TRUE,concordancia_estable_panel,CONSENSO_PANEL_2430,clase_ocupacional,consenso_clasificaciones_panel_ENOE,Misma categoria en ambas mediciones; destino historico oficial; empleo continuo
5210,manual_damian,1,1,12,2402,2363,TRUE,0.9084720121028744,TRUE,1,TRUE,6,6,1,0.8278805120910384,1,1,TRUE,TRUE,TRUE,TRUE,TRUE,concordancia_estable_panel,CONSENSO_PANEL_2431,clase_ocupacional,consenso_clasificaciones_panel_ENOE,Misma categoria en ambas mediciones; destino historico oficial; empleo continuo
5221,manual_damian,1,1,116,34299,34586,TRUE,1,TRUE,1,TRUE,61,55,1,1,1,1,TRUE,TRUE,TRUE,TRUE,TRUE,concordancia_estable_panel,CONSENSO_PANEL_2432,clase_ocupacional,consenso_clasificaciones_panel_ENOE,Misma categoria en ambas mediciones; destino historico oficial; empleo continuo
5222,manual_damian,1,1,277,69476,70501,TRUE,0.9859506712457071,TRUE,1,TRUE,127,150,0.9738157713023063,0.9987741163421967,1,1,TRUE,TRUE,TRUE,TRUE,TRUE,concordancia_estable_panel,CONSENSO_PANEL_2433,clase_ocupacional,consenso_clasificaciones_panel_ENOE,Misma categoria en ambas mediciones; destino historico oficial; empleo continuo
5223,manual_damian,1,1,16,3070,3180,TRUE,1,TRUE,1,TRUE,6,10,1,1,1,1,TRUE,TRUE,TRUE,TRUE,TRUE,concordancia_estable_panel,CONSENSO_PANEL_2434,clase_ocupacional,consenso_clasificaciones_panel_ENOE,Misma categoria en ambas mediciones; destino historico oficial; empleo continuo
5224,manual_damian,1,1,36,10115,9902,TRUE,1,TRUE,1,TRUE,20,16,1,1,1,1,TRUE,TRUE,TRUE,TRUE,TRUE,concordancia_estable_panel,CONSENSO_PANEL_2435,clase_ocupacional,consenso_clasificaciones_panel_ENOE,Misma categoria en ambas mediciones; destino historico oficial; empleo continuo
5225,manual_damian,1,1,22,4560,4288,TRUE,1,TRUE,1,TRUE,12,10,1,1,1,1,TRUE,TRUE,TRUE,TRUE,TRUE,concordancia_estable_panel,CONSENSO_PANEL_2436,clase_ocupacional,consenso_clasificaciones_panel_ENOE,Misma categoria en ambas mediciones; destino historico oficial; empleo continuo
5227,manual_damian,1,1,73,22002,21993,TRUE,1,TRUE,1,TRUE,33,40,1,1,1,1,TRUE,TRUE,TRUE,TRUE,TRUE,concordancia_estable_panel,CONSENSO_PANEL_2437,clase_ocupacional,consenso_clasificaciones_panel_ENOE,Misma categoria en ambas mediciones; destino historico oficial; empleo continuo
5230,manual_damian,1,1,192,59690,59713,TRUE,0.99250095608653,TRUE,1,TRUE,100,92,0.9887914551328543,0.9962760425403429,1,1,TRUE,TRUE,TRUE,TRUE,TRUE,concordancia_estable_panel,CONSENSO_PANEL_2438,clase_ocupacional,consenso_clasificaciones_panel_ENOE,Misma categoria en ambas mediciones; destino historico oficial; empleo continuo
5231,manual_damian,1,1,41,15719,15454,TRUE,1,TRUE,1,TRUE,24,17,1,1,1,1,TRUE,TRUE,TRUE,TRUE,TRUE,concordancia_estable_panel,CONSENSO_PANEL_2439,clase_ocupacional,consenso_clasificaciones_panel_ENOE,Misma categoria en ambas mediciones; destino historico oficial; empleo continuo
5232,manual_damian,1,1,11,3349,3306,TRUE,1,TRUE,1,TRUE,5,6,1,1,1,1,TRUE,TRUE,TRUE,TRUE,TRUE,concordancia_estable_panel,CONSENSO_PANEL_2440,clase_ocupacional,consenso_clasificaciones_panel_ENOE,Misma categoria en ambas mediciones; destino historico oficial; empleo continuo
5233,manual_damian,1,1,26,4073,4108,TRUE,0.8078143593811979,TRUE,1,TRUE,11,15,0.7480314960629921,0.848172757475083,1,1,TRUE,TRUE,TRUE,TRUE,TRUE,concordancia_estable_panel,CONSENSO_PANEL_2441,clase_ocupacional,consenso_clasificaciones_panel_ENOE,Misma categoria en ambas mediciones; destino historico oficial; empleo continuo
5240,manual_damian,1,1,27,9467,9431,TRUE,0.9403059197457291,TRUE,1,TRUE,14,13,0.9472543352601156,0.9250317662007624,1,1,TRUE,TRUE,TRUE,TRUE,TRUE,concordancia_estable_panel,CONSENSO_PANEL_2442,clase_ocupacional,consenso_clasificaciones_panel_ENOE,Misma categoria en ambas mediciones; destino historico oficial; empleo continuo
5241,manual_damian,1,1,85,24222,25372,TRUE,0.9325838370615639,TRUE,1,TRUE,38,47,0.8947368421052632,0.9699357405140759,1,1,TRUE,TRUE,TRUE,TRUE,TRUE,concordancia_estable_panel,CONSENSO_PANEL_2443,clase_ocupacional,consenso_clasificaciones_panel_ENOE,Misma categoria en ambas mediciones; destino historico oficial; empleo continuo
5242,manual_damian,1,1,144,37437,37924,TRUE,0.989820739252287,TRUE,1,TRUE,66,78,0.9957918898240244,0.9842245441507887,1,1,TRUE,TRUE,TRUE,TRUE,TRUE,concordancia_estable_panel,CONSENSO_PANEL_2444,clase_ocupacional,consenso_clasificaciones_panel_ENOE,Misma categoria en ambas mediciones; destino historico oficial; empleo continuo
5243,manual_damian,1,1,13,3302,3441,TRUE,1,TRUE,1,TRUE,8,5,1,1,1,1,TRUE,TRUE,TRUE,TRUE,TRUE,concordancia_estable_panel,CONSENSO_PANEL_2445,clase_ocupacional,consenso_clasificaciones_panel_ENOE,Misma categoria en ambas mediciones; destino historico oficial; empleo continuo
5244,manual_damian,1,1,29,6896,7276,TRUE,0.9852836119445635,TRUE,1,TRUE,17,12,0.9777681847614936,1,1,1,TRUE,TRUE,TRUE,TRUE,TRUE,concordancia_estable_panel,CONSENSO_PANEL_2446,clase_ocupacional,consenso_clasificaciones_panel_ENOE,Misma categoria en ambas mediciones; destino historico oficial; empleo continuo
5245,manual_damian,1,1,367,102216,103505,TRUE,0.9245882065615587,TRUE,1,TRUE,182,185,0.9327747023583832,0.917117896375746,1,1,TRUE,TRUE,TRUE,TRUE,TRUE,concordancia_estable_panel,CONSENSO_PANEL_2447,clase_ocupacional,consenso_clasificaciones_panel_ENOE,Misma categoria en ambas mediciones; destino historico oficial; empleo continuo
5246,manual_damian,1,1,161,46064,46001,TRUE,0.7780686789520801,TRUE,1,TRUE,81,80,0.7757948932025325,0.7802147289621434,1,1,TRUE,TRUE,TRUE,TRUE,TRUE,concordancia_estable_panel,CONSENSO_PANEL_2448,clase_ocupacional,consenso_clasificaciones_panel_ENOE,Misma categoria en ambas mediciones; destino historico oficial; empleo continuo
5248,manual_damian,1,1,126,36585,36845,TRUE,1,TRUE,1,TRUE,64,62,1,1,1,1,TRUE,TRUE,TRUE,TRUE,TRUE,concordancia_estable_panel,CONSENSO_PANEL_2449,clase_ocupacional,consenso_clasificaciones_panel_ENOE,Misma categoria en ambas mediciones; destino historico oficial; empleo continuo
5251,manual_damian,1,1,59,18895,19629,TRUE,0.985911818418993,TRUE,1,TRUE,35,24,0.9738346739025099,1,1,1,TRUE,TRUE,TRUE,TRUE,TRUE,concordancia_estable_panel,CONSENSO_PANEL_2450,clase_ocupacional,consenso_clasificaciones_panel_ENOE,Misma categoria en ambas mediciones; destino historico oficial; empleo continuo
5260,manual_damian,1,1,580,162066,161302,TRUE,0.9843838262359008,TRUE,1,TRUE,295,285,0.9701449208044962,1,1,1,TRUE,TRUE,TRUE,TRUE,TRUE,concordancia_estable_panel,CONSENSO_PANEL_2451,clase_ocupacional,consenso_clasificaciones_panel_ENOE,Misma categoria en ambas mediciones; destino historico oficial; empleo continuo
5261,manual_damian,1,1,139,32971,33245,TRUE,0.9934016269960831,TRUE,1,TRUE,64,75,1,0.986663418793009,1,1,TRUE,TRUE,TRUE,TRUE,TRUE,concordancia_estable_panel,CONSENSO_PANEL_2452,clase_ocupacional,consenso_clasificaciones_panel_ENOE,Misma categoria en ambas mediciones; destino historico oficial; empleo continuo
5262,manual_damian,1,1,24,5147,4947,TRUE,1,TRUE,1,TRUE,9,15,1,1,1,1,TRUE,TRUE,TRUE,TRUE,TRUE,concordancia_estable_panel,CONSENSO_PANEL_2453,clase_ocupacional,consenso_clasificaciones_panel_ENOE,Misma categoria en ambas mediciones; destino historico oficial; empleo continuo
5264,manual_damian,1,1,15,1934,1919,TRUE,1,TRUE,1,TRUE,9,6,1,1,1,1,TRUE,TRUE,TRUE,TRUE,TRUE,concordancia_estable_panel,CONSENSO_PANEL_2454,clase_ocupacional,consenso_clasificaciones_panel_ENOE,Misma categoria en ambas mediciones; destino historico oficial; empleo continuo
5266,manual_damian,1,1,29,10356,10410,TRUE,0.8492004920049201,TRUE,1,TRUE,12,17,0.7101654846335698,1,1,1,TRUE,TRUE,TRUE,TRUE,TRUE,concordancia_estable_panel,CONSENSO_PANEL_2455,clase_ocupacional,consenso_clasificaciones_panel_ENOE,Misma categoria en ambas mediciones; destino historico oficial; empleo continuo
5267,manual_damian,1,1,154,37276,37587,TRUE,0.9057685765660689,TRUE,1,TRUE,77,77,0.892578487832064,0.9202425848537356,1,1,TRUE,TRUE,TRUE,TRUE,TRUE,concordancia_estable_panel,CONSENSO_PANEL_2456,clase_ocupacional,consenso_clasificaciones_panel_ENOE,Misma categoria en ambas mediciones; destino historico oficial; empleo continuo
5270,manual_damian,1,1,209,51315,50417,TRUE,0.8047013439131867,TRUE,1,TRUE,87,122,0.7786854389399187,0.8232764413385297,1,1,TRUE,TRUE,TRUE,TRUE,TRUE,concordancia_estable_panel,CONSENSO_PANEL_2457,clase_ocupacional,consenso_clasificaciones_panel_ENOE,Misma categoria en ambas mediciones; destino historico oficial; empleo continuo
5271,manual_damian,0,0,52,15589,15353,TRUE,0.8518579234972677,TRUE,1,TRUE,25,27,0.9126642376062714,0.79227523531321,1,1,TRUE,TRUE,TRUE,TRUE,TRUE,concordancia_estable_panel,CONSENSO_PANEL_2458,clase_ocupacional,consenso_clasificaciones_panel_ENOE,Misma categoria en ambas mediciones; destino historico oficial; empleo continuo
5272,manual_damian,0,0,32,10083,10290,TRUE,0.6676157054889758,TRUE,1,TRUE,12,20,0.6774378585086042,0.6624126405347919,1,1,TRUE,TRUE,TRUE,TRUE,TRUE,concordancia_estable_panel,CONSENSO_PANEL_2459,clase_ocupacional,consenso_clasificaciones_panel_ENOE,Misma categoria en ambas mediciones; destino historico oficial; empleo continuo
5280,manual_damian,1,1,76,26249,26439,TRUE,0.9475147095982385,TRUE,1,TRUE,39,37,0.9408077582638519,0.9580244625648628,1,1,TRUE,TRUE,TRUE,TRUE,TRUE,concordancia_estable_panel,CONSENSO_PANEL_2460,clase_ocupacional,consenso_clasificaciones_panel_ENOE,Misma categoria en ambas mediciones; destino historico oficial; empleo continuo
5281,manual_damian,1,1,34,5587,5279,TRUE,0.867816091954023,TRUE,1,TRUE,6,28,0.948486799742434,0.8421699078812692,1,1,TRUE,TRUE,TRUE,TRUE,TRUE,concordancia_estable_panel,CONSENSO_PANEL_2461,clase_ocupacional,consenso_clasificaciones_panel_ENOE,Misma categoria en ambas mediciones; destino historico oficial; empleo continuo
5290,manual_damian,1,1,36,11581,11700,TRUE,0.7224128251512694,TRUE,1,TRUE,13,23,0.6564287865100873,0.7396538158929976,1,1,TRUE,TRUE,TRUE,TRUE,TRUE,concordancia_estable_panel,CONSENSO_PANEL_2462,clase_ocupacional,consenso_clasificaciones_panel_ENOE,Misma categoria en ambas mediciones; destino historico oficial; empleo continuo
5300,manual_damian,1,1,16,7914,7984,TRUE,0.8614346358985523,TRUE,1,TRUE,7,9,0.7746262935990801,0.9755605946082136,1,1,TRUE,TRUE,TRUE,TRUE,TRUE,concordancia_estable_panel,CONSENSO_PANEL_2463,clase_ocupacional,consenso_clasificaciones_panel_ENOE,Misma categoria en ambas mediciones; destino historico oficial; empleo continuo
5302,manual_damian,1,1,53,13452,13370,TRUE,0.8550181147905676,TRUE,1,TRUE,34,19,0.8399404429555183,0.8875075195508322,1,1,TRUE,TRUE,TRUE,TRUE,TRUE,concordancia_estable_panel,CONSENSO_PANEL_2464,clase_ocupacional,consenso_clasificaciones_panel_ENOE,Misma categoria en ambas mediciones; destino historico oficial; empleo continuo
5304,manual_damian,1,1,24,6551,6795,TRUE,1,TRUE,1,TRUE,14,10,1,1,1,1,TRUE,TRUE,TRUE,TRUE,TRUE,concordancia_estable_panel,CONSENSO_PANEL_2465,clase_ocupacional,consenso_clasificaciones_panel_ENOE,Misma categoria en ambas mediciones; destino historico oficial; empleo continuo
5306,manual_damian,1,1,28,8489,8488,TRUE,0.8617399248807228,TRUE,1,TRUE,11,17,0.9764425622022234,0.7903836654042483,1,1,TRUE,TRUE,TRUE,TRUE,TRUE,concordancia_estable_panel,CONSENSO_PANEL_2466,clase_ocupacional,consenso_clasificaciones_panel_ENOE,Misma categoria en ambas mediciones; destino historico oficial; empleo continuo
5310,manual_damian,1,1,22,4740,4815,TRUE,0.9636104899369791,TRUE,1,TRUE,9,13,0.9629874421678783,0.9638872577803875,1,1,TRUE,TRUE,TRUE,TRUE,TRUE,concordancia_estable_panel,CONSENSO_PANEL_2467,clase_ocupacional,consenso_clasificaciones_panel_ENOE,Misma categoria en ambas mediciones; destino historico oficial; empleo continuo
5320,manual_damian,1,1,23,4889,4897,TRUE,0.8887475004544628,TRUE,1,TRUE,14,9,1,0.7485620377978636,1,1,TRUE,TRUE,TRUE,TRUE,TRUE,concordancia_estable_panel,CONSENSO_PANEL_2468,clase_ocupacional,consenso_clasificaciones_panel_ENOE,Misma categoria en ambas mediciones; destino historico oficial; empleo continuo
5321,manual_damian,1,1,33,16738,16816,TRUE,0.9817584609067981,TRUE,1,TRUE,19,14,0.9673525089229478,1,1,1,TRUE,TRUE,TRUE,TRUE,TRUE,concordancia_estable_panel,CONSENSO_PANEL_2469,clase_ocupacional,consenso_clasificaciones_panel_ENOE,Misma categoria en ambas mediciones; destino historico oficial; empleo continuo
5322,manual_damian,1,1,285,72733,73265,TRUE,0.9924271367754612,TRUE,1,TRUE,143,142,0.987989921612542,0.9966460817717206,1,1,TRUE,TRUE,TRUE,TRUE,TRUE,concordancia_estable_panel,CONSENSO_PANEL_2470,clase_ocupacional,consenso_clasificaciones_panel_ENOE,Misma categoria en ambas mediciones; destino historico oficial; empleo continuo
5323,manual_damian,1,1,165,23798,23994,TRUE,0.9823330306282506,TRUE,1,TRUE,71,94,0.972276075998449,0.9897915168943207,1,1,TRUE,TRUE,TRUE,TRUE,TRUE,concordancia_estable_panel,CONSENSO_PANEL_2471,clase_ocupacional,consenso_clasificaciones_panel_ENOE,Misma categoria en ambas mediciones; destino historico oficial; empleo continuo
5324,manual_damian,1,1,20,5089,5170,TRUE,1,TRUE,1,TRUE,12,8,1,1,1,1,TRUE,TRUE,TRUE,TRUE,TRUE,concordancia_estable_panel,CONSENSO_PANEL_2472,clase_ocupacional,consenso_clasificaciones_panel_ENOE,Misma categoria en ambas mediciones; destino historico oficial; empleo continuo
5330,manual_damian,1,1,22,4402,4214,TRUE,1,TRUE,1,TRUE,10,12,1,1,1,1,TRUE,TRUE,TRUE,TRUE,TRUE,concordancia_estable_panel,CONSENSO_PANEL_2473,clase_ocupacional,consenso_clasificaciones_panel_ENOE,Misma categoria en ambas mediciones; destino historico oficial; empleo continuo
5331,manual_damian,1,1,13,5047,5223,TRUE,0.7555389221556886,TRUE,1,TRUE,5,8,0.5533527696793002,0.9689230769230769,1,1,TRUE,TRUE,TRUE,TRUE,TRUE,concordancia_estable_panel,CONSENSO_PANEL_2474,clase_ocupacional,consenso_clasificaciones_panel_ENOE,Misma categoria en ambas mediciones; destino historico oficial; empleo continuo
5332,manual_damian,1,1,17,5536,5453,TRUE,1,TRUE,1,TRUE,11,6,1,1,1,1,TRUE,TRUE,TRUE,TRUE,TRUE,concordancia_estable_panel,CONSENSO_PANEL_2475,clase_ocupacional,consenso_clasificaciones_panel_ENOE,Misma categoria en ambas mediciones; destino historico oficial; empleo continuo
5333,manual_damian,1,1,18,6690,6975,TRUE,1,TRUE,1,TRUE,11,7,1,1,1,1,TRUE,TRUE,TRUE,TRUE,TRUE,concordancia_estable_panel,CONSENSO_PANEL_2476,clase_ocupacional,consenso_clasificaciones_panel_ENOE,Misma categoria en ambas mediciones; destino historico oficial; empleo continuo
5334,manual_damian,1,1,16,4808,4900,TRUE,1,TRUE,1,TRUE,8,8,1,1,1,1,TRUE,TRUE,TRUE,TRUE,TRUE,concordancia_estable_panel,CONSENSO_PANEL_2477,clase_ocupacional,consenso_clasificaciones_panel_ENOE,Misma categoria en ambas mediciones; destino historico oficial; empleo continuo
5340,manual_damian,1,1,26,6163,6192,TRUE,0.9819949012109624,TRUE,1,TRUE,10,16,0.9039115646258503,1,1,1,TRUE,TRUE,TRUE,TRUE,TRUE,concordancia_estable_panel,CONSENSO_PANEL_2478,clase_ocupacional,consenso_clasificaciones_panel_ENOE,Misma categoria en ambas mediciones; destino historico oficial; empleo continuo
5342,manual_damian,1,1,43,12285,12383,TRUE,0.9806034482758621,TRUE,1,TRUE,24,19,1,0.9649401240802193,1,1,TRUE,TRUE,TRUE,TRUE,TRUE,concordancia_estable_panel,CONSENSO_PANEL_2479,clase_ocupacional,consenso_clasificaciones_panel_ENOE,Misma categoria en ambas mediciones; destino historico oficial; empleo continuo
5343,manual_damian,1,1,216,49773,49831,TRUE,0.9331620983163973,TRUE,1,TRUE,103,113,0.9107970518957526,0.954952620669233,1,1,TRUE,TRUE,TRUE,TRUE,TRUE,concordancia_estable_panel,CONSENSO_PANEL_2480,clase_ocupacional,consenso_clasificaciones_panel_ENOE,Misma categoria en ambas mediciones; destino historico oficial; empleo continuo
5344,manual_damian,1,1,265,56963,57082,TRUE,0.9672944013313183,TRUE,1,TRUE,137,128,0.9780582591051347,0.9567959211055951,1,1,TRUE,TRUE,TRUE,TRUE,TRUE,concordancia_estable_panel,CONSENSO_PANEL_2481,clase_ocupacional,consenso_clasificaciones_panel_ENOE,Misma categoria en ambas mediciones; destino historico oficial; empleo continuo
5345,manual_damian,1,1,366,114067,118049,TRUE,0.9601518505736484,TRUE,1,TRUE,188,178,0.9676213635954246,0.9506161010290708,1,1,TRUE,TRUE,TRUE,TRUE,TRUE,concordancia_estable_panel,CONSENSO_PANEL_2482,clase_ocupacional,consenso_clasificaciones_panel_ENOE,Misma categoria en ambas mediciones; destino historico oficial; empleo continuo
5350,manual_damian,1,1,15,3517,3589,TRUE,1,TRUE,1,TRUE,10,5,1,1,1,1,TRUE,TRUE,TRUE,TRUE,TRUE,concordancia_estable_panel,CONSENSO_PANEL_2483,clase_ocupacional,consenso_clasificaciones_panel_ENOE,Misma categoria en ambas mediciones; destino historico oficial; empleo continuo
5353,manual_damian,1,1,14,5773,5765,TRUE,0.7911470467315335,TRUE,1,TRUE,6,8,1,0.6884709730171709,1,1,TRUE,TRUE,TRUE,TRUE,TRUE,concordancia_estable_panel,CONSENSO_PANEL_2484,clase_ocupacional,consenso_clasificaciones_panel_ENOE,Misma categoria en ambas mediciones; destino historico oficial; empleo continuo
5371,manual_damian,1,1,16,5866,5874,TRUE,0.9569331158238172,TRUE,1,TRUE,5,11,1,0.9471683009805884,1,1,TRUE,TRUE,TRUE,TRUE,TRUE,concordancia_estable_panel,CONSENSO_PANEL_2485,clase_ocupacional,consenso_clasificaciones_panel_ENOE,Misma categoria en ambas mediciones; destino historico oficial; empleo continuo
5380,manual_damian,1,1,40,12504,12736,TRUE,0.9474880654694249,TRUE,1,TRUE,18,22,0.9114335210047639,0.9668959086140576,1,1,TRUE,TRUE,TRUE,TRUE,TRUE,concordancia_estable_panel,CONSENSO_PANEL_2486,clase_ocupacional,consenso_clasificaciones_panel_ENOE,Misma categoria en ambas mediciones; destino historico oficial; empleo continuo
5382,manual_damian,1,1,21,14172,14918,TRUE,0.9823248076523186,TRUE,1,TRUE,15,6,0.9753146176185866,1,1,1,TRUE,TRUE,TRUE,TRUE,TRUE,concordancia_estable_panel,CONSENSO_PANEL_2487,clase_ocupacional,consenso_clasificaciones_panel_ENOE,Misma categoria en ambas mediciones; destino historico oficial; empleo continuo
5383,manual_damian,1,1,139,44193,43930,TRUE,0.9538332038332038,TRUE,1,TRUE,77,62,0.9457355882887798,0.9656527047831396,1,1,TRUE,TRUE,TRUE,TRUE,TRUE,concordancia_estable_panel,CONSENSO_PANEL_2488,clase_ocupacional,consenso_clasificaciones_panel_ENOE,Misma categoria en ambas mediciones; destino historico oficial; empleo continuo
5390,manual_damian,1,1,12,3522,3596,TRUE,1,TRUE,1,TRUE,6,6,1,1,1,1,TRUE,TRUE,TRUE,TRUE,TRUE,concordancia_estable_panel,CONSENSO_PANEL_2489,clase_ocupacional,consenso_clasificaciones_panel_ENOE,Misma categoria en ambas mediciones; destino historico oficial; empleo continuo
5400,manual_damian,1,1,242,74812,75161,TRUE,0.7859394041265706,TRUE,1,TRUE,132,110,0.8151041151693725,0.7528855420336628,1,1,TRUE,TRUE,TRUE,TRUE,TRUE,concordancia_estable_panel,CONSENSO_PANEL_2490,clase_ocupacional,consenso_clasificaciones_panel_ENOE,Misma categoria en ambas mediciones; destino historico oficial; empleo continuo
5401,manual_damian,1,1,99,35230,35520,TRUE,0.9519048905701162,TRUE,1,TRUE,47,52,0.9875052562023188,0.9228011589647891,1,1,TRUE,TRUE,TRUE,TRUE,TRUE,concordancia_estable_panel,CONSENSO_PANEL_2491,clase_ocupacional,consenso_clasificaciones_panel_ENOE,Misma categoria en ambas mediciones; destino historico oficial; empleo continuo
5410,manual_damian,1,1,17,2421,2430,TRUE,0.8503688092729189,TRUE,1,TRUE,6,11,0.8605927552140505,0.8455578512396694,1,1,TRUE,TRUE,TRUE,TRUE,TRUE,concordancia_estable_panel,CONSENSO_PANEL_2492,clase_ocupacional,consenso_clasificaciones_panel_ENOE,Misma categoria en ambas mediciones; destino historico oficial; empleo continuo
5420,manual_damian,1,1,99,22658,23274,TRUE,1,TRUE,1,TRUE,51,48,1,1,1,1,TRUE,TRUE,TRUE,TRUE,TRUE,concordancia_estable_panel,CONSENSO_PANEL_2493,clase_ocupacional,consenso_clasificaciones_panel_ENOE,Misma categoria en ambas mediciones; destino historico oficial; empleo continuo
5421,manual_damian,1,1,29,7522,7625,TRUE,0.8672892885967947,TRUE,1,TRUE,18,11,0.8176318063958513,0.9667590027700831,1,1,TRUE,TRUE,TRUE,TRUE,TRUE,concordancia_estable_panel,CONSENSO_PANEL_2494,clase_ocupacional,consenso_clasificaciones_panel_ENOE,Misma categoria en ambas mediciones; destino historico oficial; empleo continuo
5430,manual_damian,1,1,69,18342,18614,TRUE,0.9859170070952483,TRUE,1,TRUE,23,46,0.9944444444444445,0.9807493093922652,1,1,TRUE,TRUE,TRUE,TRUE,TRUE,concordancia_estable_panel,CONSENSO_PANEL_2495,clase_ocupacional,consenso_clasificaciones_panel_ENOE,Misma categoria en ambas mediciones; destino historico oficial; empleo continuo
5440,manual_damian,1,1,330,97757,96024,TRUE,0.967661149825784,TRUE,1,TRUE,172,158,0.9605891719745223,0.977108768035516,1,1,TRUE,TRUE,TRUE,TRUE,TRUE,concordancia_estable_panel,CONSENSO_PANEL_2496,clase_ocupacional,consenso_clasificaciones_panel_ENOE,Misma categoria en ambas mediciones; destino historico oficial; empleo continuo
5441,manual_damian,1,1,52,13866,13936,TRUE,0.779689608636977,TRUE,1,TRUE,24,28,0.8033950959724842,0.7553300649868886,1,1,TRUE,TRUE,TRUE,TRUE,TRUE,concordancia_estable_panel,CONSENSO_PANEL_2497,clase_ocupacional,consenso_clasificaciones_panel_ENOE,Misma categoria en ambas mediciones; destino historico oficial; empleo continuo
5450,manual_damian,1,1,36,9095,9015,TRUE,0.976906552094522,TRUE,1,TRUE,19,17,0.9476758335361402,1,1,1,TRUE,TRUE,TRUE,TRUE,TRUE,concordancia_estable_panel,CONSENSO_PANEL_2498,clase_ocupacional,consenso_clasificaciones_panel_ENOE,Misma categoria en ambas mediciones; destino historico oficial; empleo continuo
5460,manual_damian,1,1,822,260322,261084,TRUE,0.9942063634523505,TRUE,1,TRUE,402,420,0.9897904477751102,0.998475243360173,1,1,TRUE,TRUE,TRUE,TRUE,TRUE,concordancia_estable_panel,CONSENSO_PANEL_2499,clase_ocupacional,consenso_clasificaciones_panel_ENOE,Misma categoria en ambas mediciones; destino historico oficial; empleo continuo
5470,manual_damian,1,1,42,11807,11845,TRUE,0.9277856357064278,TRUE,1,TRUE,21,21,0.9361597642822066,0.9200544053196312,1,1,TRUE,TRUE,TRUE,TRUE,TRUE,concordancia_estable_panel,CONSENSO_PANEL_2500,clase_ocupacional,consenso_clasificaciones_panel_ENOE,Misma categoria en ambas mediciones; destino historico oficial; empleo continuo
5480,manual_damian,1,1,23,6203,6403,TRUE,0.8163990523822059,TRUE,1,TRUE,11,12,0.9360544217687075,0.7674763582421658,1,1,TRUE,TRUE,TRUE,TRUE,TRUE,concordancia_estable_panel,CONSENSO_PANEL_2501,clase_ocupacional,consenso_clasificaciones_panel_ENOE,Misma categoria en ambas mediciones; destino historico oficial; empleo continuo
5481,manual_damian,1,1,55,21307,21471,TRUE,0.967005536897522,TRUE,1,TRUE,24,31,0.9711909353905497,0.9644780899694279,1,1,TRUE,TRUE,TRUE,TRUE,TRUE,concordancia_estable_panel,CONSENSO_PANEL_2502,clase_ocupacional,consenso_clasificaciones_panel_ENOE,Misma categoria en ambas mediciones; destino historico oficial; empleo continuo
5500,manual_damian,1,1,35,11380,11448,TRUE,1,TRUE,1,TRUE,23,12,1,1,1,1,TRUE,TRUE,TRUE,TRUE,TRUE,concordancia_estable_panel,CONSENSO_PANEL_2503,clase_ocupacional,consenso_clasificaciones_panel_ENOE,Misma categoria en ambas mediciones; destino historico oficial; empleo continuo
5501,manual_damian,1,1,70,16948,16984,TRUE,0.9771678966789668,TRUE,1,TRUE,35,35,0.9747833814707842,0.9797410692879406,1,1,TRUE,TRUE,TRUE,TRUE,TRUE,concordancia_estable_panel,CONSENSO_PANEL_2504,clase_ocupacional,consenso_clasificaciones_panel_ENOE,Misma categoria en ambas mediciones; destino historico oficial; empleo continuo
5502,manual_damian,1,1,114,25379,25702,TRUE,0.7619033323326329,TRUE,1,TRUE,56,58,0.7807843427978353,0.7490540336007265,1,1,TRUE,TRUE,TRUE,TRUE,TRUE,concordancia_estable_panel,CONSENSO_PANEL_2505,clase_ocupacional,consenso_clasificaciones_panel_ENOE,Misma categoria en ambas mediciones; destino historico oficial; empleo continuo
5520,manual_damian,1,1,1234,376368,374584,TRUE,0.9671490831346107,TRUE,1,TRUE,588,646,0.9603242936825837,0.9734617458362395,1,1,TRUE,TRUE,TRUE,TRUE,TRUE,concordancia_estable_panel,CONSENSO_PANEL_2506,clase_ocupacional,consenso_clasificaciones_panel_ENOE,Misma categoria en ambas mediciones; destino historico oficial; empleo continuo
5521,manual_damian,1,1,438,138344,138208,TRUE,0.9118015369811371,TRUE,1,TRUE,227,211,0.9200908755986738,0.9021992716513031,1,1,TRUE,TRUE,TRUE,TRUE,TRUE,concordancia_estable_panel,CONSENSO_PANEL_2507,clase_ocupacional,consenso_clasificaciones_panel_ENOE,Misma categoria en ambas mediciones; destino historico oficial; empleo continuo
5550,manual_damian,1,1,43,15139,15279,TRUE,1,TRUE,1,TRUE,24,19,1,1,1,1,TRUE,TRUE,TRUE,TRUE,TRUE,concordancia_estable_panel,CONSENSO_PANEL_2508,clase_ocupacional,consenso_clasificaciones_panel_ENOE,Misma categoria en ambas mediciones; destino historico oficial; empleo continuo
6100,manual_damian,0,0,100,21776,21684,TRUE,0.954376123066135,TRUE,1,TRUE,44,56,0.905093555093555,0.9903008259452906,1,1,TRUE,TRUE,TRUE,TRUE,TRUE,concordancia_estable_panel,CONSENSO_PANEL_2509,clase_ocupacional,consenso_clasificaciones_panel_ENOE,Misma categoria en ambas mediciones; destino historico oficial; empleo continuo
6101,manual_damian,0,0,205,46026,48108,TRUE,0.9963415954107587,TRUE,1,TRUE,97,108,0.9914413045680138,1,1,1,TRUE,TRUE,TRUE,TRUE,TRUE,concordancia_estable_panel,CONSENSO_PANEL_2510,clase_ocupacional,consenso_clasificaciones_panel_ENOE,Misma categoria en ambas mediciones; destino historico oficial; empleo continuo
6102,manual_damian,0,0,121,20243,20826,TRUE,1,TRUE,1,TRUE,62,59,1,1,1,1,TRUE,TRUE,TRUE,TRUE,TRUE,concordancia_estable_panel,CONSENSO_PANEL_2511,clase_ocupacional,consenso_clasificaciones_panel_ENOE,Misma categoria en ambas mediciones; destino historico oficial; empleo continuo
6110,manual_damian,0,0,128,37267,37998,TRUE,0.9833759928226509,TRUE,1,TRUE,67,61,1,0.9722136461870948,1,1,TRUE,TRUE,TRUE,TRUE,TRUE,concordancia_estable_panel,CONSENSO_PANEL_2512,clase_ocupacional,consenso_clasificaciones_panel_ENOE,Misma categoria en ambas mediciones; destino historico oficial; empleo continuo
6111,manual_damian,0,0,371,94219,94658,TRUE,0.9398872761733752,TRUE,1,TRUE,217,154,0.9322671063478978,0.9515595403460033,1,1,TRUE,TRUE,TRUE,TRUE,TRUE,concordancia_estable_panel,CONSENSO_PANEL_2513,clase_ocupacional,consenso_clasificaciones_panel_ENOE,Misma categoria en ambas mediciones; destino historico oficial; empleo continuo
6120,manual_damian,0,0,14,2242,2261,TRUE,0.9841966637401229,TRUE,1,TRUE,6,8,1,0.975103734439834,1,1,TRUE,TRUE,TRUE,TRUE,TRUE,concordancia_estable_panel,CONSENSO_PANEL_2514,clase_ocupacional,consenso_clasificaciones_panel_ENOE,Misma categoria en ambas mediciones; destino historico oficial; empleo continuo
6130,manual_damian,0,0,63,17091,19510,TRUE,0.9841644592882645,TRUE,1,TRUE,29,34,0.9699912701876909,1,1,1,TRUE,TRUE,TRUE,TRUE,TRUE,concordancia_estable_panel,CONSENSO_PANEL_2515,clase_ocupacional,consenso_clasificaciones_panel_ENOE,Misma categoria en ambas mediciones; destino historico oficial; empleo continuo
6132,manual_damian,0,0,16,2826,2812,TRUE,1,TRUE,1,TRUE,8,8,1,1,1,1,TRUE,TRUE,TRUE,TRUE,TRUE,concordancia_estable_panel,CONSENSO_PANEL_2516,clase_ocupacional,consenso_clasificaciones_panel_ENOE,Misma categoria en ambas mediciones; destino historico oficial; empleo continuo
6133,manual_damian,0,0,20,4667,4719,TRUE,0.9337735094037615,TRUE,1,TRUE,10,10,0.9114559561843907,0.951193444959031,1,1,TRUE,TRUE,TRUE,TRUE,TRUE,concordancia_estable_panel,CONSENSO_PANEL_2517,clase_ocupacional,consenso_clasificaciones_panel_ENOE,Misma categoria en ambas mediciones; destino historico oficial; empleo continuo
6140,manual_damian,0,0,50,11354,10803,TRUE,0.6171322969888031,TRUE,1,TRUE,22,28,0.5282433271260087,0.6650493558641459,1,1,TRUE,TRUE,TRUE,TRUE,TRUE,concordancia_estable_panel,CONSENSO_PANEL_2518,clase_ocupacional,consenso_clasificaciones_panel_ENOE,Misma categoria en ambas mediciones; destino historico oficial; empleo continuo
6150,manual_damian,0,0,38,13417,13765,TRUE,1,TRUE,1,TRUE,20,18,1,1,1,1,TRUE,TRUE,TRUE,TRUE,TRUE,concordancia_estable_panel,CONSENSO_PANEL_2519,clase_ocupacional,consenso_clasificaciones_panel_ENOE,Misma categoria en ambas mediciones; destino historico oficial; empleo continuo
6160,manual_damian,0,0,144,43059,44087,TRUE,0.8483529040901568,TRUE,1,TRUE,80,64,0.8680780334178987,0.8321861332186133,1,1,TRUE,TRUE,TRUE,TRUE,TRUE,concordancia_estable_panel,CONSENSO_PANEL_2520,clase_ocupacional,consenso_clasificaciones_panel_ENOE,Misma categoria en ambas mediciones; destino historico oficial; empleo continuo
6170,manual_damian,0,0,44,4660,4809,TRUE,0.9041521148622429,TRUE,1,TRUE,23,21,0.8428753180661578,1,1,1,TRUE,TRUE,TRUE,TRUE,TRUE,concordancia_estable_panel,CONSENSO_PANEL_2521,clase_ocupacional,consenso_clasificaciones_panel_ENOE,Misma categoria en ambas mediciones; destino historico oficial; empleo continuo
6190,manual_damian,0,0,27,7411,7690,TRUE,0.978996036988111,TRUE,1,TRUE,14,13,0.9768609473913993,0.9822683171629307,1,1,TRUE,TRUE,TRUE,TRUE,TRUE,concordancia_estable_panel,CONSENSO_PANEL_2522,clase_ocupacional,consenso_clasificaciones_panel_ENOE,Misma categoria en ambas mediciones; destino historico oficial; empleo continuo
6200,manual_damian,0,0,1059,251509,250069,TRUE,0.9915709627947502,TRUE,1,TRUE,496,563,0.9926309289741798,0.9905717458737028,1,1,TRUE,TRUE,TRUE,TRUE,TRUE,concordancia_estable_panel,CONSENSO_PANEL_2523,clase_ocupacional,consenso_clasificaciones_panel_ENOE,Misma categoria en ambas mediciones; destino historico oficial; empleo continuo
6202,manual_damian,0,0,181,48845,49344,TRUE,0.9516433845734213,TRUE,1,TRUE,90,91,0.9819941563184806,0.9169415793210005,1,1,TRUE,TRUE,TRUE,TRUE,TRUE,concordancia_estable_panel,CONSENSO_PANEL_2524,clase_ocupacional,consenso_clasificaciones_panel_ENOE,Misma categoria en ambas mediciones; destino historico oficial; empleo continuo
6210,manual_damian,0,0,426,112291,112280,TRUE,0.9097692581910102,TRUE,1,TRUE,221,205,0.9261455690398313,0.8912968518326955,1,1,TRUE,TRUE,TRUE,TRUE,TRUE,concordancia_estable_panel,CONSENSO_PANEL_2525,clase_ocupacional,consenso_clasificaciones_panel_ENOE,Misma categoria en ambas mediciones; destino historico oficial; empleo continuo
6211,manual_damian,0,0,26,8617,8823,TRUE,1,TRUE,1,TRUE,10,16,1,1,1,1,TRUE,TRUE,TRUE,TRUE,TRUE,concordancia_estable_panel,CONSENSO_PANEL_2526,clase_ocupacional,consenso_clasificaciones_panel_ENOE,Misma categoria en ambas mediciones; destino historico oficial; empleo continuo
6220,manual_damian,0,0,63,17367,17931,TRUE,0.9924567118121036,TRUE,1,TRUE,30,33,0.9955246731833707,0.9895648312611013,1,1,TRUE,TRUE,TRUE,TRUE,TRUE,concordancia_estable_panel,CONSENSO_PANEL_2527,clase_ocupacional,consenso_clasificaciones_panel_ENOE,Misma categoria en ambas mediciones; destino historico oficial; empleo continuo
6221,manual_damian,0,0,247,70800,71417,TRUE,0.7080778885677425,TRUE,1,TRUE,112,135,0.6897007654836464,0.7220063643875596,1,1,TRUE,TRUE,TRUE,TRUE,TRUE,concordancia_estable_panel,CONSENSO_PANEL_2528,clase_ocupacional,consenso_clasificaciones_panel_ENOE,Misma categoria en ambas mediciones; destino historico oficial; empleo continuo
6230,manual_damian,0,0,263,68605,69406,TRUE,0.9541857327640162,TRUE,1,TRUE,127,136,0.929792356304544,0.9751480514106907,1,1,TRUE,TRUE,TRUE,TRUE,TRUE,concordancia_estable_panel,CONSENSO_PANEL_2529,clase_ocupacional,consenso_clasificaciones_panel_ENOE,Misma categoria en ambas mediciones; destino historico oficial; empleo continuo
6231,manual_damian,0,0,13,1941,1938,TRUE,0.9417758369723436,TRUE,1,TRUE,5,8,0.8802395209580839,1,1,1,TRUE,TRUE,TRUE,TRUE,TRUE,concordancia_estable_panel,CONSENSO_PANEL_2530,clase_ocupacional,consenso_clasificaciones_panel_ENOE,Misma categoria en ambas mediciones; destino historico oficial; empleo continuo
6232,manual_damian,0,0,40,8576,8671,TRUE,0.9011243038772723,TRUE,1,TRUE,21,19,0.8614186851211073,0.9625367942199625,1,1,TRUE,TRUE,TRUE,TRUE,TRUE,concordancia_estable_panel,CONSENSO_PANEL_2531,clase_ocupacional,consenso_clasificaciones_panel_ENOE,Misma categoria en ambas mediciones; destino historico oficial; empleo continuo
6240,manual_damian,0,0,32,10468,10995,TRUE,0.8575407553043336,TRUE,1,TRUE,15,17,0.7883250065737576,0.8888624464540695,1,1,TRUE,TRUE,TRUE,TRUE,TRUE,concordancia_estable_panel,CONSENSO_PANEL_2532,clase_ocupacional,consenso_clasificaciones_panel_ENOE,Misma categoria en ambas mediciones; destino historico oficial; empleo continuo
6250,manual_damian,0,0,23,6856,6825,TRUE,0.8021528021528022,TRUE,1,TRUE,7,16,1,0.7754614261054309,1,1,TRUE,TRUE,TRUE,TRUE,TRUE,concordancia_estable_panel,CONSENSO_PANEL_2533,clase_ocupacional,consenso_clasificaciones_panel_ENOE,Misma categoria en ambas mediciones; destino historico oficial; empleo continuo
6251,manual_damian,1,1,62,13518,13581,TRUE,0.6571706368497813,TRUE,1,TRUE,30,32,0.6787341165188204,0.6424599280340203,1,1,TRUE,TRUE,TRUE,TRUE,TRUE,concordancia_estable_panel,CONSENSO_PANEL_2534,clase_ocupacional,consenso_clasificaciones_panel_ENOE,Misma categoria en ambas mediciones; destino historico oficial; empleo continuo
6260,manual_damian,0,0,37,12756,13042,TRUE,0.9503799731783639,TRUE,1,TRUE,20,17,0.9706939452585015,0.8646441073512252,1,1,TRUE,TRUE,TRUE,TRUE,TRUE,concordancia_estable_panel,CONSENSO_PANEL_2535,clase_ocupacional,consenso_clasificaciones_panel_ENOE,Misma categoria en ambas mediciones; destino historico oficial; empleo continuo
6270,manual_damian,0,0,1288,268038,272074,TRUE,0.9192448171202222,TRUE,1,TRUE,647,641,0.8921357439282052,0.946172461410153,1,1,TRUE,TRUE,TRUE,TRUE,TRUE,concordancia_estable_panel,CONSENSO_PANEL_2536,clase_ocupacional,consenso_clasificaciones_panel_ENOE,Misma categoria en ambas mediciones; destino historico oficial; empleo continuo
7100,manual_damian,0,0,1375,428924,428492,TRUE,0.8515769870672368,TRUE,1,TRUE,686,689,0.8527957749875404,0.8503872440932525,1,1,TRUE,TRUE,TRUE,TRUE,TRUE,concordancia_estable_panel,CONSENSO_PANEL_2537,clase_ocupacional,consenso_clasificaciones_panel_ENOE,Misma categoria en ambas mediciones; destino historico oficial; empleo continuo
7110,manual_damian,0,0,105,22063,21987,TRUE,0.8378142325510747,TRUE,1,TRUE,52,53,0.9424963740295197,0.7538493122562102,1,1,TRUE,TRUE,TRUE,TRUE,TRUE,concordancia_estable_panel,CONSENSO_PANEL_2538,clase_ocupacional,consenso_clasificaciones_panel_ENOE,Misma categoria en ambas mediciones; destino historico oficial; empleo continuo
7111,manual_damian,0,0,1914,515105,517976,TRUE,0.8054480974972089,TRUE,1,TRUE,951,963,0.8181411106977173,0.7939679637410775,1,1,TRUE,TRUE,TRUE,TRUE,TRUE,concordancia_estable_panel,CONSENSO_PANEL_2539,clase_ocupacional,consenso_clasificaciones_panel_ENOE,Misma categoria en ambas mediciones; destino historico oficial; empleo continuo
7120,manual_damian,0,0,23,6563,6734,TRUE,1,TRUE,1,TRUE,11,12,1,1,1,1,TRUE,TRUE,TRUE,TRUE,TRUE,concordancia_estable_panel,CONSENSO_PANEL_2540,clase_ocupacional,consenso_clasificaciones_panel_ENOE,Misma categoria en ambas mediciones; destino historico oficial; empleo continuo
7121,manual_damian,1,1,72,15879,16017,TRUE,0.6987151280471706,TRUE,1,TRUE,37,35,0.7213174748398902,0.6777721261444557,1,1,TRUE,TRUE,TRUE,TRUE,TRUE,concordancia_estable_panel,CONSENSO_PANEL_2541,clase_ocupacional,consenso_clasificaciones_panel_ENOE,Misma categoria en ambas mediciones; destino historico oficial; empleo continuo
7130,manual_damian,0,0,196,47033,47903,TRUE,0.8322951689966378,TRUE,1,TRUE,91,105,0.811625329084107,0.8538817741118587,1,1,TRUE,TRUE,TRUE,TRUE,TRUE,concordancia_estable_panel,CONSENSO_PANEL_2542,clase_ocupacional,consenso_clasificaciones_panel_ENOE,Misma categoria en ambas mediciones; destino historico oficial; empleo continuo
7131,manual_damian,0,0,53,14906,15154,TRUE,0.8573071835279231,TRUE,1,TRUE,31,22,0.7519633507853403,0.9748144543131768,1,1,TRUE,TRUE,TRUE,TRUE,TRUE,concordancia_estable_panel,CONSENSO_PANEL_2543,clase_ocupacional,consenso_clasificaciones_panel_ENOE,Misma categoria en ambas mediciones; destino historico oficial; empleo continuo
7133,manual_damian,0,0,40,12673,13913,TRUE,1,TRUE,1,TRUE,22,18,1,1,1,1,TRUE,TRUE,TRUE,TRUE,TRUE,concordancia_estable_panel,CONSENSO_PANEL_2544,clase_ocupacional,consenso_clasificaciones_panel_ENOE,Misma categoria en ambas mediciones; destino historico oficial; empleo continuo
7134,manual_damian,0,0,18,5769,5325,TRUE,0.9090765836747557,TRUE,1,TRUE,5,13,0.8541824614607025,1,1,1,TRUE,TRUE,TRUE,TRUE,TRUE,concordancia_estable_panel,CONSENSO_PANEL_2545,clase_ocupacional,consenso_clasificaciones_panel_ENOE,Misma categoria en ambas mediciones; destino historico oficial; empleo continuo
7200,manual_damian,1,1,13,4167,4178,TRUE,0.8407990314769975,TRUE,1,TRUE,8,5,0.8361062825925006,0.8611410118406889,1,1,TRUE,TRUE,TRUE,TRUE,TRUE,concordancia_estable_panel,CONSENSO_PANEL_2546,clase_ocupacional,consenso_clasificaciones_panel_ENOE,Misma categoria en ambas mediciones; destino historico oficial; empleo continuo
7201,manual_damian,0,0,549,157448,160007,TRUE,0.5446105526769098,TRUE,1,TRUE,272,277,0.5211916314784525,0.5685431135169915,1,1,TRUE,TRUE,TRUE,TRUE,TRUE,concordancia_estable_panel,CONSENSO_PANEL_2547,clase_ocupacional,consenso_clasificaciones_panel_ENOE,Misma categoria en ambas mediciones; destino historico oficial; empleo continuo
7210,manual_damian,1,1,520,154579,156687,TRUE,0.6893954260025689,TRUE,1,TRUE,251,269,0.6477645893338715,0.7287901671787927,1,1,TRUE,TRUE,TRUE,TRUE,TRUE,concordancia_estable_panel,CONSENSO_PANEL_2548,clase_ocupacional,consenso_clasificaciones_panel_ENOE,Misma categoria en ambas mediciones; destino historico oficial; empleo continuo
7211,manual_damian,1,1,37,13492,13375,TRUE,1,TRUE,1,TRUE,15,22,1,1,1,1,TRUE,TRUE,TRUE,TRUE,TRUE,concordancia_estable_panel,CONSENSO_PANEL_2549,clase_ocupacional,consenso_clasificaciones_panel_ENOE,Misma categoria en ambas mediciones; destino historico oficial; empleo continuo
7212,manual_damian,1,1,33,7252,7375,TRUE,1,TRUE,1,TRUE,11,22,1,1,1,1,TRUE,TRUE,TRUE,TRUE,TRUE,concordancia_estable_panel,CONSENSO_PANEL_2550,clase_ocupacional,consenso_clasificaciones_panel_ENOE,Misma categoria en ambas mediciones; destino historico oficial; empleo continuo
8100,manual_damian,0,0,570,143166,143296,TRUE,0.734840319053925,TRUE,1,TRUE,289,281,0.7283529315023436,0.7413110787590478,1,1,TRUE,TRUE,TRUE,TRUE,TRUE,concordancia_estable_panel,CONSENSO_PANEL_2551,clase_ocupacional,consenso_clasificaciones_panel_ENOE,Misma categoria en ambas mediciones; destino historico oficial; empleo continuo
8101,manual_damian,0,0,320,77356,78901,TRUE,0.8682320193948101,TRUE,1,TRUE,171,149,0.8735075830913198,0.8616116622798137,1,1,TRUE,TRUE,TRUE,TRUE,TRUE,concordancia_estable_panel,CONSENSO_PANEL_2552,clase_ocupacional,consenso_clasificaciones_panel_ENOE,Misma categoria en ambas mediciones; destino historico oficial; empleo continuo
8110,manual_damian,1,1,82,13490,13756,TRUE,0.874327564975047,TRUE,1,TRUE,45,37,0.8615737388365918,0.8891222175556489,1,1,TRUE,TRUE,TRUE,TRUE,TRUE,concordancia_estable_panel,CONSENSO_PANEL_2553,clase_ocupacional,consenso_clasificaciones_panel_ENOE,Misma categoria en ambas mediciones; destino historico oficial; empleo continuo
8111,manual_damian,1,1,33,12456,12609,TRUE,0.9925890509203921,TRUE,1,TRUE,14,19,0.9824163357912649,1,1,1,TRUE,TRUE,TRUE,TRUE,TRUE,concordancia_estable_panel,CONSENSO_PANEL_2554,clase_ocupacional,consenso_clasificaciones_panel_ENOE,Misma categoria en ambas mediciones; destino historico oficial; empleo continuo
8120,manual_damian,0,0,12,8424,9723,TRUE,0.7754050073637703,TRUE,1,TRUE,7,5,0.7369013179042109,0.8270142180094787,1,1,TRUE,TRUE,TRUE,TRUE,TRUE,concordancia_estable_panel,CONSENSO_PANEL_2555,clase_ocupacional,consenso_clasificaciones_panel_ENOE,Misma categoria en ambas mediciones; destino historico oficial; empleo continuo
8122,manual_damian,1,1,74,18339,17941,TRUE,0.9794904662714309,TRUE,1,TRUE,34,40,0.9531593071480849,1,1,1,TRUE,TRUE,TRUE,TRUE,TRUE,concordancia_estable_panel,CONSENSO_PANEL_2556,clase_ocupacional,consenso_clasificaciones_panel_ENOE,Misma categoria en ambas mediciones; destino historico oficial; empleo continuo
8123,manual_damian,1,1,90,21461,22030,TRUE,0.9899441856174178,TRUE,1,TRUE,40,50,0.9669145545606314,1,1,1,TRUE,TRUE,TRUE,TRUE,TRUE,concordancia_estable_panel,CONSENSO_PANEL_2557,clase_ocupacional,consenso_clasificaciones_panel_ENOE,Misma categoria en ambas mediciones; destino historico oficial; empleo continuo
8124,manual_damian,1,1,959,240400,242672,TRUE,0.8956013456372963,TRUE,1,TRUE,479,480,0.8863600382971345,0.9046296841857177,1,1,TRUE,TRUE,TRUE,TRUE,TRUE,concordancia_estable_panel,CONSENSO_PANEL_2558,clase_ocupacional,consenso_clasificaciones_panel_ENOE,Misma categoria en ambas mediciones; destino historico oficial; empleo continuo
8125,manual_damian,1,1,189,54091,53801,TRUE,0.9683315431435732,TRUE,1,TRUE,89,100,0.9947954365284528,0.9397325585726525,1,1,TRUE,TRUE,TRUE,TRUE,TRUE,concordancia_estable_panel,CONSENSO_PANEL_2559,clase_ocupacional,consenso_clasificaciones_panel_ENOE,Misma categoria en ambas mediciones; destino historico oficial; empleo continuo
8126,manual_damian,1,1,126,34749,35888,TRUE,0.8887439576459756,TRUE,1,TRUE,57,69,0.847468523975355,0.9264461192130763,1,1,TRUE,TRUE,TRUE,TRUE,TRUE,concordancia_estable_panel,CONSENSO_PANEL_2560,clase_ocupacional,consenso_clasificaciones_panel_ENOE,Misma categoria en ambas mediciones; destino historico oficial; empleo continuo
8130,manual_damian,0,0,387,106211,105026,TRUE,0.9953517576166512,TRUE,1,TRUE,191,196,0.9910842680471671,1,1,1,TRUE,TRUE,TRUE,TRUE,TRUE,concordancia_estable_panel,CONSENSO_PANEL_2561,clase_ocupacional,consenso_clasificaciones_panel_ENOE,Misma categoria en ambas mediciones; destino historico oficial; empleo continuo
8131,manual_damian,0,0,42,12324,12110,TRUE,0.9841092390002396,TRUE,1,TRUE,21,21,0.9676790644794543,1,1,1,TRUE,TRUE,TRUE,TRUE,TRUE,concordancia_estable_panel,CONSENSO_PANEL_2562,clase_ocupacional,consenso_clasificaciones_panel_ENOE,Misma categoria en ambas mediciones; destino historico oficial; empleo continuo
8132,manual_damian,0,0,14,2667,2761,TRUE,0.7553101104502974,TRUE,1,TRUE,6,8,0.634628493524199,0.8410852713178295,1,1,TRUE,TRUE,TRUE,TRUE,TRUE,concordancia_estable_panel,CONSENSO_PANEL_2563,clase_ocupacional,consenso_clasificaciones_panel_ENOE,Misma categoria en ambas mediciones; destino historico oficial; empleo continuo
8140,manual_damian,0,0,38,7648,7609,TRUE,0.872561323445522,TRUE,1,TRUE,21,17,0.8037479406919276,0.9580455359426964,1,1,TRUE,TRUE,TRUE,TRUE,TRUE,concordancia_estable_panel,CONSENSO_PANEL_2564,clase_ocupacional,consenso_clasificaciones_panel_ENOE,Misma categoria en ambas mediciones; destino historico oficial; empleo continuo
8150,manual_damian,0,0,34,9570,9947,TRUE,0.6629719431936266,TRUE,1,TRUE,14,20,0.8330072914814156,0.5544711756695415,1,1,TRUE,TRUE,TRUE,TRUE,TRUE,concordancia_estable_panel,CONSENSO_PANEL_2565,clase_ocupacional,consenso_clasificaciones_panel_ENOE,Misma categoria en ambas mediciones; destino historico oficial; empleo continuo
8151,manual_damian,0,0,112,25309,24754,TRUE,0.9165942343908445,TRUE,1,TRUE,45,67,0.8663101604278075,0.9447488842438281,1,1,TRUE,TRUE,TRUE,TRUE,TRUE,concordancia_estable_panel,CONSENSO_PANEL_2566,clase_ocupacional,consenso_clasificaciones_panel_ENOE,Misma categoria en ambas mediciones; destino historico oficial; empleo continuo
8201,manual_damian,0,0,102,32201,31763,TRUE,0.6904307553764018,TRUE,1,TRUE,48,54,0.5900627670235772,0.7591763005780346,1,1,TRUE,TRUE,TRUE,TRUE,TRUE,concordancia_estable_panel,CONSENSO_PANEL_2567,clase_ocupacional,consenso_clasificaciones_panel_ENOE,Misma categoria en ambas mediciones; destino historico oficial; empleo continuo
8202,manual_damian,1,1,27,10011,9341,TRUE,0.9767782222655869,TRUE,1,TRUE,13,14,1,0.9577414772727273,1,1,TRUE,TRUE,TRUE,TRUE,TRUE,concordancia_estable_panel,CONSENSO_PANEL_2568,clase_ocupacional,consenso_clasificaciones_panel_ENOE,Misma categoria en ambas mediciones; destino historico oficial; empleo continuo
8203,manual_damian,1,1,53,13155,12893,TRUE,0.9771224838446112,TRUE,1,TRUE,26,27,0.9628385056335245,0.985721085197525,1,1,TRUE,TRUE,TRUE,TRUE,TRUE,concordancia_estable_panel,CONSENSO_PANEL_2569,clase_ocupacional,consenso_clasificaciones_panel_ENOE,Misma categoria en ambas mediciones; destino historico oficial; empleo continuo
8204,manual_damian,0,0,13,3220,3146,TRUE,0.8372334893395735,TRUE,1,TRUE,8,5,0.7817351598173516,0.9106280193236715,1,1,TRUE,TRUE,TRUE,TRUE,TRUE,concordancia_estable_panel,CONSENSO_PANEL_2570,clase_ocupacional,consenso_clasificaciones_panel_ENOE,Misma categoria en ambas mediciones; destino historico oficial; empleo continuo
8300,manual_damian,0,0,22,3852,3788,TRUE,0.9539375928677564,TRUE,1,TRUE,11,11,0.9404414827155352,0.9737324373854612,1,1,TRUE,TRUE,TRUE,TRUE,TRUE,concordancia_estable_panel,CONSENSO_PANEL_2571,clase_ocupacional,consenso_clasificaciones_panel_ENOE,Misma categoria en ambas mediciones; destino historico oficial; empleo continuo
8301,manual_damian,0,0,570,157627,157027,TRUE,0.9745040216134676,TRUE,1,TRUE,319,251,0.9684231570529683,0.9831666991440948,1,1,TRUE,TRUE,TRUE,TRUE,TRUE,concordancia_estable_panel,CONSENSO_PANEL_2572,clase_ocupacional,consenso_clasificaciones_panel_ENOE,Misma categoria en ambas mediciones; destino historico oficial; empleo continuo
8303,manual_damian,0,0,499,149116,148865,TRUE,0.936723014781172,TRUE,1,TRUE,244,255,0.9358998698199176,0.9374334367136755,1,1,TRUE,TRUE,TRUE,TRUE,TRUE,concordancia_estable_panel,CONSENSO_PANEL_2573,clase_ocupacional,consenso_clasificaciones_panel_ENOE,Misma categoria en ambas mediciones; destino historico oficial; empleo continuo
8311,manual_damian,0,0,28,6166,6117,TRUE,0.9001459854014598,TRUE,1,TRUE,11,17,0.7793991416309013,0.9623893805309734,1,1,TRUE,TRUE,TRUE,TRUE,TRUE,concordancia_estable_panel,CONSENSO_PANEL_2574,clase_ocupacional,consenso_clasificaciones_panel_ENOE,Misma categoria en ambas mediciones; destino historico oficial; empleo continuo
8312,manual_damian,0,0,96,21056,21251,TRUE,0.9626480135326658,TRUE,1,TRUE,48,48,1,0.9311245995616254,1,1,TRUE,TRUE,TRUE,TRUE,TRUE,concordancia_estable_panel,CONSENSO_PANEL_2575,clase_ocupacional,consenso_clasificaciones_panel_ENOE,Misma categoria en ambas mediciones; destino historico oficial; empleo continuo
1100,supervisa_damian,0,0,55,13371,13978,TRUE,0.9689832596564969,TRUE,1,TRUE,25,30,0.9743980071962358,0.9630305796439982,1,1,TRUE,TRUE,TRUE,TRUE,TRUE,concordancia_estable_panel,CONSENSO_PANEL_2576,supervision,consenso_clasificaciones_panel_ENOE,Misma categoria en ambas mediciones; destino historico oficial; empleo continuo
1101,supervisa_damian,0,0,40,7344,7063,TRUE,0.7396515258334173,TRUE,1,TRUE,18,22,0.7904817179338364,0.684453781512605,1,1,TRUE,TRUE,TRUE,TRUE,TRUE,concordancia_estable_panel,CONSENSO_PANEL_2577,supervision,consenso_clasificaciones_panel_ENOE,Misma categoria en ambas mediciones; destino historico oficial; empleo continuo
1103,supervisa_damian,0,0,11,2466,2478,TRUE,0.9674382110631621,TRUE,1,TRUE,5,6,0.9214015151515151,1,1,1,TRUE,TRUE,TRUE,TRUE,TRUE,concordancia_estable_panel,CONSENSO_PANEL_2578,supervision,consenso_clasificaciones_panel_ENOE,Misma categoria en ambas mediciones; destino historico oficial; empleo continuo
1104,supervisa_damian,0,0,88,22238,22479,TRUE,0.8401208915753683,TRUE,1,TRUE,48,40,0.8178548593350383,0.8600802407221665,1,1,TRUE,TRUE,TRUE,TRUE,TRUE,concordancia_estable_panel,CONSENSO_PANEL_2579,supervision,consenso_clasificaciones_panel_ENOE,Misma categoria en ambas mediciones; destino historico oficial; empleo continuo
1105,supervisa_damian,0,0,194,51171,52055,TRUE,0.9780950742588451,TRUE,1,TRUE,102,92,0.9782960661619918,0.9779391800162911,1,1,TRUE,TRUE,TRUE,TRUE,TRUE,concordancia_estable_panel,CONSENSO_PANEL_2580,supervision,consenso_clasificaciones_panel_ENOE,Misma categoria en ambas mediciones; destino historico oficial; empleo continuo
1120,supervisa_damian,0,0,44,11106,10829,TRUE,1,TRUE,1,TRUE,18,26,1,1,1,1,TRUE,TRUE,TRUE,TRUE,TRUE,concordancia_estable_panel,CONSENSO_PANEL_2581,supervision,consenso_clasificaciones_panel_ENOE,Misma categoria en ambas mediciones; destino historico oficial; empleo continuo
1121,supervisa_damian,0,0,29,7897,7674,TRUE,1,TRUE,1,TRUE,15,14,1,1,1,1,TRUE,TRUE,TRUE,TRUE,TRUE,concordancia_estable_panel,CONSENSO_PANEL_2582,supervision,consenso_clasificaciones_panel_ENOE,Misma categoria en ambas mediciones; destino historico oficial; empleo continuo
1130,supervisa_damian,0,0,372,85368,87709,TRUE,1,TRUE,1,TRUE,175,197,1,1,1,1,TRUE,TRUE,TRUE,TRUE,TRUE,concordancia_estable_panel,CONSENSO_PANEL_2583,supervision,consenso_clasificaciones_panel_ENOE,Misma categoria en ambas mediciones; destino historico oficial; empleo continuo
1131,supervisa_damian,0,0,257,56968,57932,TRUE,1,TRUE,1,TRUE,127,130,1,1,1,1,TRUE,TRUE,TRUE,TRUE,TRUE,concordancia_estable_panel,CONSENSO_PANEL_2584,supervision,consenso_clasificaciones_panel_ENOE,Misma categoria en ambas mediciones; destino historico oficial; empleo continuo
1132,supervisa_damian,0,0,124,33825,33640,TRUE,1,TRUE,1,TRUE,61,63,1,1,1,1,TRUE,TRUE,TRUE,TRUE,TRUE,concordancia_estable_panel,CONSENSO_PANEL_2585,supervision,consenso_clasificaciones_panel_ENOE,Misma categoria en ambas mediciones; destino historico oficial; empleo continuo
1134,supervisa_damian,0,0,17,5328,5395,TRUE,1,TRUE,1,TRUE,12,5,1,1,1,1,TRUE,TRUE,TRUE,TRUE,TRUE,concordancia_estable_panel,CONSENSO_PANEL_2586,supervision,consenso_clasificaciones_panel_ENOE,Misma categoria en ambas mediciones; destino historico oficial; empleo continuo
1150,supervisa_damian,0,0,30,4188,4234,TRUE,0.9748603351955307,TRUE,1,TRUE,16,14,0.9631147540983607,1,1,1,TRUE,TRUE,TRUE,TRUE,TRUE,concordancia_estable_panel,CONSENSO_PANEL_2587,supervision,consenso_clasificaciones_panel_ENOE,Misma categoria en ambas mediciones; destino historico oficial; empleo continuo
1151,supervisa_damian,0,0,37,9874,9986,TRUE,1,TRUE,1,TRUE,19,18,1,1,1,1,TRUE,TRUE,TRUE,TRUE,TRUE,concordancia_estable_panel,CONSENSO_PANEL_2588,supervision,consenso_clasificaciones_panel_ENOE,Misma categoria en ambas mediciones; destino historico oficial; empleo continuo
1160,supervisa_damian,0,0,388,94440,96767,TRUE,0.998013273027011,TRUE,1,TRUE,194,194,0.9962728732578656,1,1,1,TRUE,TRUE,TRUE,TRUE,TRUE,concordancia_estable_panel,CONSENSO_PANEL_2589,supervision,consenso_clasificaciones_panel_ENOE,Misma categoria en ambas mediciones; destino historico oficial; empleo continuo
1161,supervisa_damian,0,0,34,7566,7635,TRUE,0.9951334999342365,TRUE,1,TRUE,19,15,1,0.990920245398773,1,1,TRUE,TRUE,TRUE,TRUE,TRUE,concordancia_estable_panel,CONSENSO_PANEL_2590,supervision,consenso_clasificaciones_panel_ENOE,Misma categoria en ambas mediciones; destino historico oficial; empleo continuo
1164,supervisa_damian,0,0,72,22475,20799,TRUE,0.994117126680821,TRUE,1,TRUE,35,37,1,0.9834040429248815,1,1,TRUE,TRUE,TRUE,TRUE,TRUE,concordancia_estable_panel,CONSENSO_PANEL_2591,supervision,consenso_clasificaciones_panel_ENOE,Misma categoria en ambas mediciones; destino historico oficial; empleo continuo
1167,supervisa_damian,0,0,15,3083,3114,TRUE,1,TRUE,1,TRUE,9,6,1,1,1,1,TRUE,TRUE,TRUE,TRUE,TRUE,concordancia_estable_panel,CONSENSO_PANEL_2592,supervision,consenso_clasificaciones_panel_ENOE,Misma categoria en ambas mediciones; destino historico oficial; empleo continuo
1171,supervisa_damian,0,0,34,16710,16803,TRUE,1,TRUE,1,TRUE,20,14,1,1,1,1,TRUE,TRUE,TRUE,TRUE,TRUE,concordancia_estable_panel,CONSENSO_PANEL_2593,supervision,consenso_clasificaciones_panel_ENOE,Misma categoria en ambas mediciones; destino historico oficial; empleo continuo
1172,supervisa_damian,0,0,399,94915,94512,TRUE,0.9974882821531412,TRUE,1,TRUE,215,184,0.9987492629585292,0.9956873452930819,1,1,TRUE,TRUE,TRUE,TRUE,TRUE,concordancia_estable_panel,CONSENSO_PANEL_2594,supervision,consenso_clasificaciones_panel_ENOE,Misma categoria en ambas mediciones; destino historico oficial; empleo continuo
1200,supervisa_damian,0,0,37,10174,10254,TRUE,1,TRUE,1,TRUE,21,16,1,1,1,1,TRUE,TRUE,TRUE,TRUE,TRUE,concordancia_estable_panel,CONSENSO_PANEL_2595,supervision,consenso_clasificaciones_panel_ENOE,Misma categoria en ambas mediciones; destino historico oficial; empleo continuo
1203,supervisa_damian,0,0,36,5950,6134,TRUE,0.9463973278193097,TRUE,1,TRUE,18,18,0.9162524850894632,1,1,1,TRUE,TRUE,TRUE,TRUE,TRUE,concordancia_estable_panel,CONSENSO_PANEL_2596,supervision,consenso_clasificaciones_panel_ENOE,Misma categoria en ambas mediciones; destino historico oficial; empleo continuo
1204,supervisa_damian,0,0,167,51531,51904,TRUE,0.9720079222861454,TRUE,1,TRUE,82,85,0.9767786739971788,0.96680857773573,1,1,TRUE,TRUE,TRUE,TRUE,TRUE,concordancia_estable_panel,CONSENSO_PANEL_2597,supervision,consenso_clasificaciones_panel_ENOE,Misma categoria en ambas mediciones; destino historico oficial; empleo continuo
1205,supervisa_damian,0,0,360,95324,94665,TRUE,0.9901117620175329,TRUE,1,TRUE,175,185,0.9915022597493979,0.9892456805731142,1,1,TRUE,TRUE,TRUE,TRUE,TRUE,concordancia_estable_panel,CONSENSO_PANEL_2598,supervision,consenso_clasificaciones_panel_ENOE,Misma categoria en ambas mediciones; destino historico oficial; empleo continuo
1206,supervisa_damian,0,0,76,19303,20060,TRUE,1,TRUE,1,TRUE,42,34,1,1,1,1,TRUE,TRUE,TRUE,TRUE,TRUE,concordancia_estable_panel,CONSENSO_PANEL_2599,supervision,consenso_clasificaciones_panel_ENOE,Misma categoria en ambas mediciones; destino historico oficial; empleo continuo
1220,supervisa_damian,0,0,445,131761,132418,TRUE,1,TRUE,1,TRUE,236,209,1,1,1,1,TRUE,TRUE,TRUE,TRUE,TRUE,concordancia_estable_panel,CONSENSO_PANEL_2600,supervision,consenso_clasificaciones_panel_ENOE,Misma categoria en ambas mediciones; destino historico oficial; empleo continuo
1221,supervisa_damian,0,0,33,6781,6919,TRUE,1,TRUE,1,TRUE,19,14,1,1,1,1,TRUE,TRUE,TRUE,TRUE,TRUE,concordancia_estable_panel,CONSENSO_PANEL_2601,supervision,consenso_clasificaciones_panel_ENOE,Misma categoria en ambas mediciones; destino historico oficial; empleo continuo
1230,supervisa_damian,0,0,72,16108,16160,TRUE,0.9916276779118444,TRUE,1,TRUE,34,38,1,0.9847482337108893,1,1,TRUE,TRUE,TRUE,TRUE,TRUE,concordancia_estable_panel,CONSENSO_PANEL_2602,supervision,consenso_clasificaciones_panel_ENOE,Misma categoria en ambas mediciones; destino historico oficial; empleo continuo
1240,supervisa_damian,0,0,19,4377,4526,TRUE,1,TRUE,1,TRUE,10,9,1,1,1,1,TRUE,TRUE,TRUE,TRUE,TRUE,concordancia_estable_panel,CONSENSO_PANEL_2603,supervision,consenso_clasificaciones_panel_ENOE,Misma categoria en ambas mediciones; destino historico oficial; empleo continuo
1250,supervisa_damian,0,0,151,30444,30448,TRUE,0.9914028917545916,TRUE,1,TRUE,88,63,0.9904388714733542,0.9929979253112033,1,1,TRUE,TRUE,TRUE,TRUE,TRUE,concordancia_estable_panel,CONSENSO_PANEL_2604,supervision,consenso_clasificaciones_panel_ENOE,Misma categoria en ambas mediciones; destino historico oficial; empleo continuo
1251,supervisa_damian,0,0,339,94563,95320,TRUE,0.9785281152341729,TRUE,1,TRUE,173,166,0.9829413815020606,0.9740311292175912,1,1,TRUE,TRUE,TRUE,TRUE,TRUE,concordancia_estable_panel,CONSENSO_PANEL_2605,supervision,consenso_clasificaciones_panel_ENOE,Misma categoria en ambas mediciones; destino historico oficial; empleo continuo
1252,supervisa_damian,0,0,59,10421,10188,TRUE,0.9964620386307134,TRUE,1,TRUE,25,34,0.991263282172373,1,1,1,TRUE,TRUE,TRUE,TRUE,TRUE,concordancia_estable_panel,CONSENSO_PANEL_2606,supervision,consenso_clasificaciones_panel_ENOE,Misma categoria en ambas mediciones; destino historico oficial; empleo continuo
1260,supervisa_damian,0,0,16,7591,7357,TRUE,1,TRUE,1,TRUE,8,8,1,1,1,1,TRUE,TRUE,TRUE,TRUE,TRUE,concordancia_estable_panel,CONSENSO_PANEL_2607,supervision,consenso_clasificaciones_panel_ENOE,Misma categoria en ambas mediciones; destino historico oficial; empleo continuo
1300,supervisa_damian,0,0,340,82277,81471,TRUE,1,TRUE,1,TRUE,173,167,1,1,1,1,TRUE,TRUE,TRUE,TRUE,TRUE,concordancia_estable_panel,CONSENSO_PANEL_2608,supervision,consenso_clasificaciones_panel_ENOE,Misma categoria en ambas mediciones; destino historico oficial; empleo continuo
1310,supervisa_damian,0,0,210,60375,60491,TRUE,0.9994040820380394,TRUE,1,TRUE,117,93,0.9989159891598915,1,1,1,TRUE,TRUE,TRUE,TRUE,TRUE,concordancia_estable_panel,CONSENSO_PANEL_2609,supervision,consenso_clasificaciones_panel_ENOE,Misma categoria en ambas mediciones; destino historico oficial; empleo continuo
1320,supervisa_damian,0,0,458,127319,126107,TRUE,0.9982593832571487,TRUE,1,TRUE,204,254,0.9970944124787338,0.9990694954006487,1,1,TRUE,TRUE,TRUE,TRUE,TRUE,concordancia_estable_panel,CONSENSO_PANEL_2610,supervision,consenso_clasificaciones_panel_ENOE,Misma categoria en ambas mediciones; destino historico oficial; empleo continuo
1330,supervisa_damian,0,0,731,198631,198990,TRUE,0.9987479887369268,TRUE,1,TRUE,342,389,0.9995270444578209,0.9980632605245258,1,1,TRUE,TRUE,TRUE,TRUE,TRUE,concordancia_estable_panel,CONSENSO_PANEL_2611,supervision,consenso_clasificaciones_panel_ENOE,Misma categoria en ambas mediciones; destino historico oficial; empleo continuo
1340,supervisa_damian,0,0,275,72900,74562,TRUE,0.9988353771322874,TRUE,1,TRUE,149,126,0.9986508137279703,0.9990109067579127,1,1,TRUE,TRUE,TRUE,TRUE,TRUE,concordancia_estable_panel,CONSENSO_PANEL_2612,supervision,consenso_clasificaciones_panel_ENOE,Misma categoria en ambas mediciones; destino historico oficial; empleo continuo
1360,supervisa_damian,0,0,25,9877,9547,TRUE,1,TRUE,1,TRUE,18,7,1,1,1,1,TRUE,TRUE,TRUE,TRUE,TRUE,concordancia_estable_panel,CONSENSO_PANEL_2613,supervision,consenso_clasificaciones_panel_ENOE,Misma categoria en ambas mediciones; destino historico oficial; empleo continuo
1363,supervisa_damian,0,0,79,18612,18750,TRUE,0.9770591632106672,TRUE,1,TRUE,30,49,0.9756697907791347,0.9787885929766674,1,1,TRUE,TRUE,TRUE,TRUE,TRUE,concordancia_estable_panel,CONSENSO_PANEL_2614,supervision,consenso_clasificaciones_panel_ENOE,Misma categoria en ambas mediciones; destino historico oficial; empleo continuo
1364,supervisa_damian,0,0,36,8381,8230,TRUE,1,TRUE,1,TRUE,16,20,1,1,1,1,TRUE,TRUE,TRUE,TRUE,TRUE,concordancia_estable_panel,CONSENSO_PANEL_2615,supervision,consenso_clasificaciones_panel_ENOE,Misma categoria en ambas mediciones; destino historico oficial; empleo continuo
1390,supervisa_damian,0,0,34,4372,4490,TRUE,0.97873293037833,TRUE,1,TRUE,19,15,0.9689643907219863,1,1,1,TRUE,TRUE,TRUE,TRUE,TRUE,concordancia_estable_panel,CONSENSO_PANEL_2616,supervision,consenso_clasificaciones_panel_ENOE,Misma categoria en ambas mediciones; destino historico oficial; empleo continuo
1401,supervisa_damian,0,0,36,9618,10533,TRUE,1,TRUE,1,TRUE,17,19,1,1,1,1,TRUE,TRUE,TRUE,TRUE,TRUE,concordancia_estable_panel,CONSENSO_PANEL_2617,supervision,consenso_clasificaciones_panel_ENOE,Misma categoria en ambas mediciones; destino historico oficial; empleo continuo
1412,supervisa_damian,0,0,75,18699,19659,TRUE,1,TRUE,1,TRUE,33,42,1,1,1,1,TRUE,TRUE,TRUE,TRUE,TRUE,concordancia_estable_panel,CONSENSO_PANEL_2618,supervision,consenso_clasificaciones_panel_ENOE,Misma categoria en ambas mediciones; destino historico oficial; empleo continuo
1420,supervisa_damian,0,0,18,3455,3248,TRUE,1,TRUE,1,TRUE,12,6,1,1,1,1,TRUE,TRUE,TRUE,TRUE,TRUE,concordancia_estable_panel,CONSENSO_PANEL_2619,supervision,consenso_clasificaciones_panel_ENOE,Misma categoria en ambas mediciones; destino historico oficial; empleo continuo
1423,supervisa_damian,0,0,90,28229,27772,TRUE,1,TRUE,1,TRUE,53,37,1,1,1,1,TRUE,TRUE,TRUE,TRUE,TRUE,concordancia_estable_panel,CONSENSO_PANEL_2620,supervision,consenso_clasificaciones_panel_ENOE,Misma categoria en ambas mediciones; destino historico oficial; empleo continuo
1431,supervisa_damian,0,0,27,8251,9649,TRUE,1,TRUE,1,TRUE,10,17,1,1,1,1,TRUE,TRUE,TRUE,TRUE,TRUE,concordancia_estable_panel,CONSENSO_PANEL_2621,supervision,consenso_clasificaciones_panel_ENOE,Misma categoria en ambas mediciones; destino historico oficial; empleo continuo
1432,supervisa_damian,0,0,14,2979,2896,TRUE,1,TRUE,1,TRUE,8,6,1,1,1,1,TRUE,TRUE,TRUE,TRUE,TRUE,concordancia_estable_panel,CONSENSO_PANEL_2622,supervision,consenso_clasificaciones_panel_ENOE,Misma categoria en ambas mediciones; destino historico oficial; empleo continuo
2101,supervisa_damian,0,0,26,7465,7393,TRUE,1,TRUE,1,TRUE,11,15,1,1,1,1,TRUE,TRUE,TRUE,TRUE,TRUE,concordancia_estable_panel,CONSENSO_PANEL_2623,supervision,consenso_clasificaciones_panel_ENOE,Misma categoria en ambas mediciones; destino historico oficial; empleo continuo
2110,supervisa_damian,0,0,21,3334,3190,TRUE,0.9739994157172072,TRUE,1,TRUE,9,12,0.9571497351949928,1,1,1,TRUE,TRUE,TRUE,TRUE,TRUE,concordancia_estable_panel,CONSENSO_PANEL_2624,supervision,consenso_clasificaciones_panel_ENOE,Misma categoria en ambas mediciones; destino historico oficial; empleo continuo
2111,supervisa_damian,0,0,39,10216,10194,TRUE,0.8996125396266291,TRUE,1,TRUE,22,17,0.8729800826756858,0.9626445300919063,1,1,TRUE,TRUE,TRUE,TRUE,TRUE,concordancia_estable_panel,CONSENSO_PANEL_2625,supervision,consenso_clasificaciones_panel_ENOE,Misma categoria en ambas mediciones; destino historico oficial; empleo continuo
2120,supervisa_damian,0,0,15,2621,2619,TRUE,1,TRUE,1,TRUE,6,9,1,1,1,1,TRUE,TRUE,TRUE,TRUE,TRUE,concordancia_estable_panel,CONSENSO_PANEL_2626,supervision,consenso_clasificaciones_panel_ENOE,Misma categoria en ambas mediciones; destino historico oficial; empleo continuo
2121,supervisa_damian,0,0,181,50365,50968,TRUE,0.984191190839098,TRUE,1,TRUE,90,91,0.981547823526525,0.985940188979446,1,1,TRUE,TRUE,TRUE,TRUE,TRUE,concordancia_estable_panel,CONSENSO_PANEL_2627,supervision,consenso_clasificaciones_panel_ENOE,Misma categoria en ambas mediciones; destino historico oficial; empleo continuo
2122,supervisa_damian,0,0,103,38022,36375,TRUE,0.9659324746589437,TRUE,1,TRUE,54,49,0.9683215323537838,0.9620227729403885,1,1,TRUE,TRUE,TRUE,TRUE,TRUE,concordancia_estable_panel,CONSENSO_PANEL_2628,supervision,consenso_clasificaciones_panel_ENOE,Misma categoria en ambas mediciones; destino historico oficial; empleo continuo
2123,supervisa_damian,0,0,20,7428,7054,TRUE,0.970472955317481,TRUE,1,TRUE,10,10,1,0.946343779677113,1,1,TRUE,TRUE,TRUE,TRUE,TRUE,concordancia_estable_panel,CONSENSO_PANEL_2629,supervision,consenso_clasificaciones_panel_ENOE,Misma categoria en ambas mediciones; destino historico oficial; empleo continuo
2124,supervisa_damian,0,0,80,24471,24931,TRUE,0.8175258076370561,TRUE,1,TRUE,45,35,0.8239898989898989,0.8102604129709785,1,1,TRUE,TRUE,TRUE,TRUE,TRUE,concordancia_estable_panel,CONSENSO_PANEL_2630,supervision,consenso_clasificaciones_panel_ENOE,Misma categoria en ambas mediciones; destino historico oficial; empleo continuo
2125,supervisa_damian,0,0,132,36705,34806,TRUE,0.9928320259670003,TRUE,1,TRUE,72,60,0.9932296773591073,0.9922844467305343,1,1,TRUE,TRUE,TRUE,TRUE,TRUE,concordancia_estable_panel,CONSENSO_PANEL_2631,supervision,consenso_clasificaciones_panel_ENOE,Misma categoria en ambas mediciones; destino historico oficial; empleo continuo
2127,supervisa_damian,0,0,72,15022,14489,TRUE,0.9259122287968442,TRUE,1,TRUE,31,41,0.9743092583616093,0.8758153537380833,1,1,TRUE,TRUE,TRUE,TRUE,TRUE,concordancia_estable_panel,CONSENSO_PANEL_2632,supervision,consenso_clasificaciones_panel_ENOE,Misma categoria en ambas mediciones; destino historico oficial; empleo continuo
4100,supervisa_damian,0,0,2770,1183732,1193352,TRUE,0.9998935683164704,TRUE,1,TRUE,1385,1385,1,0.9997917809667973,1,1,TRUE,TRUE,TRUE,TRUE,TRUE,concordancia_estable_panel,CONSENSO_PANEL_2633,supervision,consenso_clasificaciones_panel_ENOE,Misma categoria en ambas mediciones; destino historico oficial; empleo continuo
4101,supervisa_damian,0,0,70,22047,22161,TRUE,0.9769142148174407,TRUE,1,TRUE,37,33,0.9512765360516225,1,1,1,TRUE,TRUE,TRUE,TRUE,TRUE,concordancia_estable_panel,CONSENSO_PANEL_2634,supervision,consenso_clasificaciones_panel_ENOE,Misma categoria en ambas mediciones; destino historico oficial; empleo continuo
4103,supervisa_damian,0,0,356,105881,105969,TRUE,0.9941597889261335,TRUE,1,TRUE,173,183,0.9883535692758116,0.9986511465254534,1,1,TRUE,TRUE,TRUE,TRUE,TRUE,concordancia_estable_panel,CONSENSO_PANEL_2635,supervision,consenso_clasificaciones_panel_ENOE,Misma categoria en ambas mediciones; destino historico oficial; empleo continuo
4104,supervisa_damian,0,0,143,104293,104552,TRUE,1,TRUE,1,TRUE,102,41,1,1,1,1,TRUE,TRUE,TRUE,TRUE,TRUE,concordancia_estable_panel,CONSENSO_PANEL_2636,supervision,consenso_clasificaciones_panel_ENOE,Misma categoria en ambas mediciones; destino historico oficial; empleo continuo
4106,supervisa_damian,0,0,315,94788,95070,TRUE,0.9819537967471252,TRUE,1,TRUE,177,138,0.9645877378435518,1,1,1,TRUE,TRUE,TRUE,TRUE,TRUE,concordancia_estable_panel,CONSENSO_PANEL_2637,supervision,consenso_clasificaciones_panel_ENOE,Misma categoria en ambas mediciones; destino historico oficial; empleo continuo
4107,supervisa_damian,0,0,43,23870,23538,TRUE,1,TRUE,1,TRUE,15,28,1,1,1,1,TRUE,TRUE,TRUE,TRUE,TRUE,concordancia_estable_panel,CONSENSO_PANEL_2638,supervision,consenso_clasificaciones_panel_ENOE,Misma categoria en ambas mediciones; destino historico oficial; empleo continuo
4108,supervisa_damian,0,0,152,58324,59197,TRUE,1,TRUE,1,TRUE,56,96,1,1,1,1,TRUE,TRUE,TRUE,TRUE,TRUE,concordancia_estable_panel,CONSENSO_PANEL_2639,supervision,consenso_clasificaciones_panel_ENOE,Misma categoria en ambas mediciones; destino historico oficial; empleo continuo
4109,supervisa_damian,0,0,46,9104,9131,TRUE,1,TRUE,1,TRUE,21,25,1,1,1,1,TRUE,TRUE,TRUE,TRUE,TRUE,concordancia_estable_panel,CONSENSO_PANEL_2640,supervision,consenso_clasificaciones_panel_ENOE,Misma categoria en ambas mediciones; destino historico oficial; empleo continuo
4110,supervisa_damian,0,0,298,84586,84907,TRUE,0.990352417749678,TRUE,1,TRUE,189,109,1,0.9730454694144586,1,1,TRUE,TRUE,TRUE,TRUE,TRUE,concordancia_estable_panel,CONSENSO_PANEL_2641,supervision,consenso_clasificaciones_panel_ENOE,Misma categoria en ambas mediciones; destino historico oficial; empleo continuo
4111,supervisa_damian,0,0,29,9931,9735,TRUE,0.9062785179777332,TRUE,1,TRUE,19,10,0.8216704288939052,1,1,1,TRUE,TRUE,TRUE,TRUE,TRUE,concordancia_estable_panel,CONSENSO_PANEL_2642,supervision,consenso_clasificaciones_panel_ENOE,Misma categoria en ambas mediciones; destino historico oficial; empleo continuo
4112,supervisa_damian,0,0,53,12833,12810,TRUE,0.9254344847479627,TRUE,1,TRUE,17,36,0.8634983498349835,1,1,1,TRUE,TRUE,TRUE,TRUE,TRUE,concordancia_estable_panel,CONSENSO_PANEL_2643,supervision,consenso_clasificaciones_panel_ENOE,Misma categoria en ambas mediciones; destino historico oficial; empleo continuo
4113,supervisa_damian,0,0,67,21901,21987,TRUE,1,TRUE,1,TRUE,36,31,1,1,1,1,TRUE,TRUE,TRUE,TRUE,TRUE,concordancia_estable_panel,CONSENSO_PANEL_2644,supervision,consenso_clasificaciones_panel_ENOE,Misma categoria en ambas mediciones; destino historico oficial; empleo continuo
4120,supervisa_damian,0,0,201,48811,48618,TRUE,1,TRUE,1,TRUE,129,72,1,1,1,1,TRUE,TRUE,TRUE,TRUE,TRUE,concordancia_estable_panel,CONSENSO_PANEL_2645,supervision,consenso_clasificaciones_panel_ENOE,Misma categoria en ambas mediciones; destino historico oficial; empleo continuo
4132,supervisa_damian,0,0,34,7610,7635,TRUE,0.9243289201991983,TRUE,1,TRUE,24,10,0.8976507310662066,1,1,1,TRUE,TRUE,TRUE,TRUE,TRUE,concordancia_estable_panel,CONSENSO_PANEL_2646,supervision,consenso_clasificaciones_panel_ENOE,Misma categoria en ambas mediciones; destino historico oficial; empleo continuo
4135,supervisa_damian,0,0,18,5040,5124,TRUE,1,TRUE,1,TRUE,11,7,1,1,1,1,TRUE,TRUE,TRUE,TRUE,TRUE,concordancia_estable_panel,CONSENSO_PANEL_2647,supervision,consenso_clasificaciones_panel_ENOE,Misma categoria en ambas mediciones; destino historico oficial; empleo continuo
4150,supervisa_damian,0,0,139,32718,33041,TRUE,1,TRUE,1,TRUE,72,67,1,1,1,1,TRUE,TRUE,TRUE,TRUE,TRUE,concordancia_estable_panel,CONSENSO_PANEL_2648,supervision,consenso_clasificaciones_panel_ENOE,Misma categoria en ambas mediciones; destino historico oficial; empleo continuo
5100,supervisa_damian,0,0,31,9545,9607,TRUE,0.758201604575423,TRUE,1,TRUE,19,12,0.7605614230127848,0.7550528462822177,1,1,TRUE,TRUE,TRUE,TRUE,TRUE,concordancia_estable_panel,CONSENSO_PANEL_2649,supervision,consenso_clasificaciones_panel_ENOE,Misma categoria en ambas mediciones; destino historico oficial; empleo continuo
5121,supervisa_damian,1,1,33,6722,6756,TRUE,0.6886589488781887,TRUE,1,TRUE,22,11,0.6533807829181495,0.7365370683409804,1,1,TRUE,TRUE,TRUE,TRUE,TRUE,concordancia_estable_panel,CONSENSO_PANEL_2650,supervision,consenso_clasificaciones_panel_ENOE,Misma categoria en ambas mediciones; destino historico oficial; empleo continuo
5140,supervisa_damian,0,0,46,14068,14046,TRUE,0.8158673084730035,TRUE,1,TRUE,21,25,0.7185873082876038,0.8840765588003157,1,1,TRUE,TRUE,TRUE,TRUE,TRUE,concordancia_estable_panel,CONSENSO_PANEL_2651,supervision,consenso_clasificaciones_panel_ENOE,Misma categoria en ambas mediciones; destino historico oficial; empleo continuo
5160,supervisa_damian,0,0,29,9430,9474,TRUE,0.798002877210798,TRUE,1,TRUE,21,8,0.8567898329018593,0.6474841819825249,1,1,TRUE,TRUE,TRUE,TRUE,TRUE,concordancia_estable_panel,CONSENSO_PANEL_2652,supervision,consenso_clasificaciones_panel_ENOE,Misma categoria en ambas mediciones; destino historico oficial; empleo continuo
5170,supervisa_damian,0,0,18,5247,5303,TRUE,0.7783711615487316,TRUE,1,TRUE,12,6,0.7498925655350236,0.8418782942022042,1,1,TRUE,TRUE,TRUE,TRUE,TRUE,concordancia_estable_panel,CONSENSO_PANEL_2653,supervision,consenso_clasificaciones_panel_ENOE,Misma categoria en ambas mediciones; destino historico oficial; empleo continuo
5200,supervisa_damian,0,0,170,62573,61780,TRUE,1,TRUE,1,TRUE,88,82,1,1,1,1,TRUE,TRUE,TRUE,TRUE,TRUE,concordancia_estable_panel,CONSENSO_PANEL_2654,supervision,consenso_clasificaciones_panel_ENOE,Misma categoria en ambas mediciones; destino historico oficial; empleo continuo
5201,supervisa_damian,0,0,24,7457,7465,TRUE,1,TRUE,1,TRUE,8,16,1,1,1,1,TRUE,TRUE,TRUE,TRUE,TRUE,concordancia_estable_panel,CONSENSO_PANEL_2655,supervision,consenso_clasificaciones_panel_ENOE,Misma categoria en ambas mediciones; destino historico oficial; empleo continuo
5202,supervisa_damian,0,0,524,162918,164324,TRUE,0.991051712705838,TRUE,1,TRUE,274,250,0.9982009034312266,0.9847121476448444,1,1,TRUE,TRUE,TRUE,TRUE,TRUE,concordancia_estable_panel,CONSENSO_PANEL_2656,supervision,consenso_clasificaciones_panel_ENOE,Misma categoria en ambas mediciones; destino historico oficial; empleo continuo
5203,supervisa_damian,0,0,17,6823,6740,TRUE,1,TRUE,1,TRUE,10,7,1,1,1,1,TRUE,TRUE,TRUE,TRUE,TRUE,concordancia_estable_panel,CONSENSO_PANEL_2657,supervision,consenso_clasificaciones_panel_ENOE,Misma categoria en ambas mediciones; destino historico oficial; empleo continuo
5204,supervisa_damian,0,0,73,18849,19367,TRUE,1,TRUE,1,TRUE,35,38,1,1,1,1,TRUE,TRUE,TRUE,TRUE,TRUE,concordancia_estable_panel,CONSENSO_PANEL_2658,supervision,consenso_clasificaciones_panel_ENOE,Misma categoria en ambas mediciones; destino historico oficial; empleo continuo
5206,supervisa_damian,0,0,15,3560,3496,TRUE,1,TRUE,1,TRUE,9,6,1,1,1,1,TRUE,TRUE,TRUE,TRUE,TRUE,concordancia_estable_panel,CONSENSO_PANEL_2659,supervision,consenso_clasificaciones_panel_ENOE,Misma categoria en ambas mediciones; destino historico oficial; empleo continuo
5208,supervisa_damian,0,0,399,109826,110343,TRUE,0.9283371652691371,TRUE,1,TRUE,202,197,0.9722599453166024,0.8898806220968023,1,1,TRUE,TRUE,TRUE,TRUE,TRUE,concordancia_estable_panel,CONSENSO_PANEL_2660,supervision,consenso_clasificaciones_panel_ENOE,Misma categoria en ambas mediciones; destino historico oficial; empleo continuo
5210,supervisa_damian,0,0,14,2644,2619,TRUE,1,TRUE,1,TRUE,6,8,1,1,1,1,TRUE,TRUE,TRUE,TRUE,TRUE,concordancia_estable_panel,CONSENSO_PANEL_2661,supervision,consenso_clasificaciones_panel_ENOE,Misma categoria en ambas mediciones; destino historico oficial; empleo continuo
5221,supervisa_damian,0,0,116,34299,34586,TRUE,1,TRUE,1,TRUE,61,55,1,1,1,1,TRUE,TRUE,TRUE,TRUE,TRUE,concordancia_estable_panel,CONSENSO_PANEL_2662,supervision,consenso_clasificaciones_panel_ENOE,Misma categoria en ambas mediciones; destino historico oficial; empleo continuo
5222,supervisa_damian,0,0,281,70466,71495,TRUE,1,TRUE,1,TRUE,130,151,1,1,1,1,TRUE,TRUE,TRUE,TRUE,TRUE,concordancia_estable_panel,CONSENSO_PANEL_2663,supervision,consenso_clasificaciones_panel_ENOE,Misma categoria en ambas mediciones; destino historico oficial; empleo continuo
5223,supervisa_damian,0,0,16,3070,3180,TRUE,1,TRUE,1,TRUE,6,10,1,1,1,1,TRUE,TRUE,TRUE,TRUE,TRUE,concordancia_estable_panel,CONSENSO_PANEL_2664,supervision,consenso_clasificaciones_panel_ENOE,Misma categoria en ambas mediciones; destino historico oficial; empleo continuo
5224,supervisa_damian,0,0,36,10115,9902,TRUE,1,TRUE,1,TRUE,20,16,1,1,1,1,TRUE,TRUE,TRUE,TRUE,TRUE,concordancia_estable_panel,CONSENSO_PANEL_2665,supervision,consenso_clasificaciones_panel_ENOE,Misma categoria en ambas mediciones; destino historico oficial; empleo continuo
5225,supervisa_damian,0,0,22,4560,4288,TRUE,1,TRUE,1,TRUE,12,10,1,1,1,1,TRUE,TRUE,TRUE,TRUE,TRUE,concordancia_estable_panel,CONSENSO_PANEL_2666,supervision,consenso_clasificaciones_panel_ENOE,Misma categoria en ambas mediciones; destino historico oficial; empleo continuo
5227,supervisa_damian,0,0,72,21884,21874,TRUE,0.9946368511953458,TRUE,1,TRUE,33,39,1,0.9907013396375098,1,1,TRUE,TRUE,TRUE,TRUE,TRUE,concordancia_estable_panel,CONSENSO_PANEL_2667,supervision,consenso_clasificaciones_panel_ENOE,Misma categoria en ambas mediciones; destino historico oficial; empleo continuo
5230,supervisa_damian,0,0,194,59623,59671,TRUE,0.9913869074341963,TRUE,1,TRUE,103,91,1,0.9826215318549334,1,1,TRUE,TRUE,TRUE,TRUE,TRUE,concordancia_estable_panel,CONSENSO_PANEL_2668,supervision,consenso_clasificaciones_panel_ENOE,Misma categoria en ambas mediciones; destino historico oficial; empleo continuo
5231,supervisa_damian,0,0,41,15719,15454,TRUE,1,TRUE,1,TRUE,24,17,1,1,1,1,TRUE,TRUE,TRUE,TRUE,TRUE,concordancia_estable_panel,CONSENSO_PANEL_2669,supervision,consenso_clasificaciones_panel_ENOE,Misma categoria en ambas mediciones; destino historico oficial; empleo continuo
5232,supervisa_damian,0,0,11,3349,3306,TRUE,1,TRUE,1,TRUE,5,6,1,1,1,1,TRUE,TRUE,TRUE,TRUE,TRUE,concordancia_estable_panel,CONSENSO_PANEL_2670,supervision,consenso_clasificaciones_panel_ENOE,Misma categoria en ambas mediciones; destino historico oficial; empleo continuo
5233,supervisa_damian,0,0,29,4827,4874,TRUE,0.9573581911939707,TRUE,1,TRUE,12,17,0.9498031496062992,0.9624584717607974,1,1,TRUE,TRUE,TRUE,TRUE,TRUE,concordancia_estable_panel,CONSENSO_PANEL_2671,supervision,consenso_clasificaciones_panel_ENOE,Misma categoria en ambas mediciones; destino historico oficial; empleo continuo
5240,supervisa_damian,0,0,31,10068,10037,TRUE,1,TRUE,1,TRUE,16,15,1,1,1,1,TRUE,TRUE,TRUE,TRUE,TRUE,concordancia_estable_panel,CONSENSO_PANEL_2672,supervision,consenso_clasificaciones_panel_ENOE,Misma categoria en ambas mediciones; destino historico oficial; empleo continuo
5241,supervisa_damian,0,0,88,25930,27098,TRUE,0.9983444346051669,TRUE,1,TRUE,40,48,1,0.9967105263157895,1,1,TRUE,TRUE,TRUE,TRUE,TRUE,concordancia_estable_panel,CONSENSO_PANEL_2673,supervision,consenso_clasificaciones_panel_ENOE,Misma categoria en ambas mediciones; destino historico oficial; empleo continuo
5242,supervisa_damian,0,0,148,37822,38313,TRUE,1,TRUE,1,TRUE,67,81,1,1,1,1,TRUE,TRUE,TRUE,TRUE,TRUE,concordancia_estable_panel,CONSENSO_PANEL_2674,supervision,consenso_clasificaciones_panel_ENOE,Misma categoria en ambas mediciones; destino historico oficial; empleo continuo
5243,supervisa_damian,0,0,13,3302,3441,TRUE,1,TRUE,1,TRUE,8,5,1,1,1,1,TRUE,TRUE,TRUE,TRUE,TRUE,concordancia_estable_panel,CONSENSO_PANEL_2675,supervision,consenso_clasificaciones_panel_ENOE,Misma categoria en ambas mediciones; destino historico oficial; empleo continuo
5244,supervisa_damian,0,0,30,6999,7360,TRUE,1,TRUE,1,TRUE,18,12,1,1,1,1,TRUE,TRUE,TRUE,TRUE,TRUE,concordancia_estable_panel,CONSENSO_PANEL_2676,supervision,consenso_clasificaciones_panel_ENOE,Misma categoria en ambas mediciones; destino historico oficial; empleo continuo
5245,supervisa_damian,0,0,404,109830,111253,TRUE,0.9934601503351334,TRUE,1,TRUE,194,210,0.9905399256843861,0.9961249026900787,1,1,TRUE,TRUE,TRUE,TRUE,TRUE,concordancia_estable_panel,CONSENSO_PANEL_2677,supervision,consenso_clasificaciones_panel_ENOE,Misma categoria en ambas mediciones; destino historico oficial; empleo continuo
5246,supervisa_damian,0,0,203,58688,59196,TRUE,0.9913011164974748,TRUE,1,TRUE,99,104,1,0.9830909150605772,1,1,TRUE,TRUE,TRUE,TRUE,TRUE,concordancia_estable_panel,CONSENSO_PANEL_2678,supervision,consenso_clasificaciones_panel_ENOE,Misma categoria en ambas mediciones; destino historico oficial; empleo continuo
5248,supervisa_damian,0,0,124,35960,36221,TRUE,0.982916495831625,TRUE,1,TRUE,63,61,0.9832326985601486,0.9824642975755563,1,1,TRUE,TRUE,TRUE,TRUE,TRUE,concordancia_estable_panel,CONSENSO_PANEL_2679,supervision,consenso_clasificaciones_panel_ENOE,Misma categoria en ambas mediciones; destino historico oficial; empleo continuo
5251,supervisa_damian,0,0,60,19165,19965,TRUE,1,TRUE,1,TRUE,36,24,1,1,1,1,TRUE,TRUE,TRUE,TRUE,TRUE,concordancia_estable_panel,CONSENSO_PANEL_2680,supervision,consenso_clasificaciones_panel_ENOE,Misma categoria en ambas mediciones; destino historico oficial; empleo continuo
5260,supervisa_damian,0,0,581,163400,162621,TRUE,0.99248650060436,TRUE,1,TRUE,296,285,0.9856356542338242,1,1,1,TRUE,TRUE,TRUE,TRUE,TRUE,concordancia_estable_panel,CONSENSO_PANEL_2681,supervision,consenso_clasificaciones_panel_ENOE,Misma categoria en ambas mediciones; destino historico oficial; empleo continuo
5261,supervisa_damian,0,0,140,32839,33133,TRUE,0.9894245254594758,TRUE,1,TRUE,64,76,1,0.978624931490165,1,1,TRUE,TRUE,TRUE,TRUE,TRUE,concordancia_estable_panel,CONSENSO_PANEL_2682,supervision,consenso_clasificaciones_panel_ENOE,Misma categoria en ambas mediciones; destino historico oficial; empleo continuo
5262,supervisa_damian,0,0,24,5147,4947,TRUE,1,TRUE,1,TRUE,9,15,1,1,1,1,TRUE,TRUE,TRUE,TRUE,TRUE,concordancia_estable_panel,CONSENSO_PANEL_2683,supervision,consenso_clasificaciones_panel_ENOE,Misma categoria en ambas mediciones; destino historico oficial; empleo continuo
5264,supervisa_damian,0,0,15,1934,1919,TRUE,1,TRUE,1,TRUE,9,6,1,1,1,1,TRUE,TRUE,TRUE,TRUE,TRUE,concordancia_estable_panel,CONSENSO_PANEL_2684,supervision,consenso_clasificaciones_panel_ENOE,Misma categoria en ambas mediciones; destino historico oficial; empleo continuo
5266,supervisa_damian,0,0,30,12195,11879,TRUE,1,TRUE,1,TRUE,13,17,1,1,1,1,TRUE,TRUE,TRUE,TRUE,TRUE,concordancia_estable_panel,CONSENSO_PANEL_2685,supervision,consenso_clasificaciones_panel_ENOE,Misma categoria en ambas mediciones; destino historico oficial; empleo continuo
5267,supervisa_damian,0,0,163,40923,41309,TRUE,0.994386936871264,TRUE,1,TRUE,81,82,0.9980958573286272,0.9903169911324025,1,1,TRUE,TRUE,TRUE,TRUE,TRUE,concordancia_estable_panel,CONSENSO_PANEL_2686,supervision,consenso_clasificaciones_panel_ENOE,Misma categoria en ambas mediciones; destino historico oficial; empleo continuo
5270,supervisa_damian,0,0,248,62068,60878,TRUE,0.9733255970769497,TRUE,1,TRUE,108,140,0.9911910856798675,0.9605698158849617,1,1,TRUE,TRUE,TRUE,TRUE,TRUE,concordancia_estable_panel,CONSENSO_PANEL_2687,supervision,consenso_clasificaciones_panel_ENOE,Misma categoria en ambas mediciones; destino historico oficial; empleo continuo
5271,supervisa_damian,0,0,58,17153,16977,TRUE,0.9373224043715846,TRUE,1,TRUE,27,31,1,0.8759060910959645,1,1,TRUE,TRUE,TRUE,TRUE,TRUE,concordancia_estable_panel,CONSENSO_PANEL_2688,supervision,consenso_clasificaciones_panel_ENOE,Misma categoria en ambas mediciones; destino historico oficial; empleo continuo
5272,supervisa_damian,0,0,50,14947,15293,TRUE,0.9896709263060319,TRUE,1,TRUE,20,30,1,0.9841993315101792,1,1,TRUE,TRUE,TRUE,TRUE,TRUE,concordancia_estable_panel,CONSENSO_PANEL_2689,supervision,consenso_clasificaciones_panel_ENOE,Misma categoria en ambas mediciones; destino historico oficial; empleo continuo
5280,supervisa_damian,0,0,75,26899,27077,TRUE,0.9709778724325885,TRUE,1,TRUE,39,36,0.9948554195494057,0.9335618977020015,1,1,TRUE,TRUE,TRUE,TRUE,TRUE,concordancia_estable_panel,CONSENSO_PANEL_2690,supervision,consenso_clasificaciones_panel_ENOE,Misma categoria en ambas mediciones; destino historico oficial; empleo continuo
5281,supervisa_damian,0,0,38,6438,6142,TRUE,1,TRUE,1,TRUE,7,31,1,1,1,1,TRUE,TRUE,TRUE,TRUE,TRUE,concordancia_estable_panel,CONSENSO_PANEL_2691,supervision,consenso_clasificaciones_panel_ENOE,Misma categoria en ambas mediciones; destino historico oficial; empleo continuo
5290,supervisa_damian,0,0,45,13864,13979,TRUE,0.8648244027197305,TRUE,1,TRUE,19,26,0.9768142125865703,0.8355625491738788,1,1,TRUE,TRUE,TRUE,TRUE,TRUE,concordancia_estable_panel,CONSENSO_PANEL_2692,supervision,consenso_clasificaciones_panel_ENOE,Misma categoria en ambas mediciones; destino historico oficial; empleo continuo
5300,supervisa_damian,0,0,16,8076,8146,TRUE,0.8790682486121694,TRUE,1,TRUE,7,9,0.8298198543503258,0.9438145628621819,1,1,TRUE,TRUE,TRUE,TRUE,TRUE,concordancia_estable_panel,CONSENSO_PANEL_2693,supervision,consenso_clasificaciones_panel_ENOE,Misma categoria en ambas mediciones; destino historico oficial; empleo continuo
5302,supervisa_damian,0,0,53,14563,14899,TRUE,0.9256340176698659,TRUE,1,TRUE,34,19,0.9008933556672251,0.9789452576699419,1,1,TRUE,TRUE,TRUE,TRUE,TRUE,concordancia_estable_panel,CONSENSO_PANEL_2694,supervision,consenso_clasificaciones_panel_ENOE,Misma categoria en ambas mediciones; destino historico oficial; empleo continuo
5304,supervisa_damian,0,0,23,6413,6646,TRUE,0.9789345138146848,TRUE,1,TRUE,13,10,0.9600347523892268,1,1,1,TRUE,TRUE,TRUE,TRUE,TRUE,concordancia_estable_panel,CONSENSO_PANEL_2695,supervision,consenso_clasificaciones_panel_ENOE,Misma categoria en ambas mediciones; destino historico oficial; empleo continuo
5306,supervisa_damian,0,0,28,9329,9239,TRUE,0.9470104557912902,TRUE,1,TRUE,11,17,0.8845950238221281,0.9858389593281739,1,1,TRUE,TRUE,TRUE,TRUE,TRUE,concordancia_estable_panel,CONSENSO_PANEL_2696,supervision,consenso_clasificaciones_panel_ENOE,Misma categoria en ambas mediciones; destino historico oficial; empleo continuo
5310,supervisa_damian,0,0,24,4919,4982,TRUE,1,TRUE,1,TRUE,10,14,1,1,1,1,TRUE,TRUE,TRUE,TRUE,TRUE,concordancia_estable_panel,CONSENSO_PANEL_2697,supervision,consenso_clasificaciones_panel_ENOE,Misma categoria en ambas mediciones; destino historico oficial; empleo continuo
5320,supervisa_damian,0,0,23,5033,5097,TRUE,0.9149245591710599,TRUE,1,TRUE,14,9,1,0.8077239112571898,1,1,TRUE,TRUE,TRUE,TRUE,TRUE,concordancia_estable_panel,CONSENSO_PANEL_2698,supervision,consenso_clasificaciones_panel_ENOE,Misma categoria en ambas mediciones; destino historico oficial; empleo continuo
5321,supervisa_damian,0,0,34,16915,17003,TRUE,0.992140301483958,TRUE,1,TRUE,21,13,1,0.982187956932075,1,1,TRUE,TRUE,TRUE,TRUE,TRUE,concordancia_estable_panel,CONSENSO_PANEL_2699,supervision,consenso_clasificaciones_panel_ENOE,Misma categoria en ambas mediciones; destino historico oficial; empleo continuo
5322,supervisa_damian,0,0,279,70051,70549,TRUE,0.955831786922825,TRUE,1,TRUE,142,137,0.9549272116461366,0.9566918654173765,1,1,TRUE,TRUE,TRUE,TRUE,TRUE,concordancia_estable_panel,CONSENSO_PANEL_2700,supervision,consenso_clasificaciones_panel_ENOE,Misma categoria en ambas mediciones; destino historico oficial; empleo continuo
5323,supervisa_damian,0,0,163,23583,23777,TRUE,0.9734582679765541,TRUE,1,TRUE,70,93,0.9676231097324545,0.9777857656362329,1,1,TRUE,TRUE,TRUE,TRUE,TRUE,concordancia_estable_panel,CONSENSO_PANEL_2701,supervision,consenso_clasificaciones_panel_ENOE,Misma categoria en ambas mediciones; destino historico oficial; empleo continuo
5324,supervisa_damian,0,0,17,4440,4459,TRUE,0.8724700334053842,TRUE,1,TRUE,10,7,0.7379454926624738,0.9531593838415593,1,1,TRUE,TRUE,TRUE,TRUE,TRUE,concordancia_estable_panel,CONSENSO_PANEL_2702,supervision,consenso_clasificaciones_panel_ENOE,Misma categoria en ambas mediciones; destino historico oficial; empleo continuo
5330,supervisa_damian,0,0,22,4402,4214,TRUE,1,TRUE,1,TRUE,10,12,1,1,1,1,TRUE,TRUE,TRUE,TRUE,TRUE,concordancia_estable_panel,CONSENSO_PANEL_2703,supervision,consenso_clasificaciones_panel_ENOE,Misma categoria en ambas mediciones; destino historico oficial; empleo continuo
5331,supervisa_damian,0,0,13,6310,6511,TRUE,0.9446107784431138,TRUE,1,TRUE,5,8,0.9329446064139941,0.9569230769230769,1,1,TRUE,TRUE,TRUE,TRUE,TRUE,concordancia_estable_panel,CONSENSO_PANEL_2704,supervision,consenso_clasificaciones_panel_ENOE,Misma categoria en ambas mediciones; destino historico oficial; empleo continuo
5332,supervisa_damian,0,0,15,5312,5237,TRUE,0.9595375722543352,TRUE,1,TRUE,9,6,0.9222222222222223,1,1,1,TRUE,TRUE,TRUE,TRUE,TRUE,concordancia_estable_panel,CONSENSO_PANEL_2705,supervision,consenso_clasificaciones_panel_ENOE,Misma categoria en ambas mediciones; destino historico oficial; empleo continuo
5333,supervisa_damian,0,0,17,5846,5925,TRUE,0.8738415545590433,TRUE,1,TRUE,10,7,0.8168402777777778,1,1,1,TRUE,TRUE,TRUE,TRUE,TRUE,concordancia_estable_panel,CONSENSO_PANEL_2706,supervision,consenso_clasificaciones_panel_ENOE,Misma categoria en ambas mediciones; destino historico oficial; empleo continuo
5334,supervisa_damian,0,0,15,4471,4558,TRUE,0.9299084858569051,TRUE,1,TRUE,7,8,0.8324216807558429,1,1,1,TRUE,TRUE,TRUE,TRUE,TRUE,concordancia_estable_panel,CONSENSO_PANEL_2707,supervision,consenso_clasificaciones_panel_ENOE,Misma categoria en ambas mediciones; destino historico oficial; empleo continuo
5340,supervisa_damian,0,0,25,6084,6113,TRUE,0.9694072657743786,TRUE,1,TRUE,10,15,0.9132653061224489,0.9823529411764705,1,1,TRUE,TRUE,TRUE,TRUE,TRUE,concordancia_estable_panel,CONSENSO_PANEL_2708,supervision,consenso_clasificaciones_panel_ENOE,Misma categoria en ambas mediciones; destino historico oficial; empleo continuo
5342,supervisa_damian,0,0,44,12399,12490,TRUE,0.9897030651340997,TRUE,1,TRUE,23,21,0.9769519385385028,1,1,1,TRUE,TRUE,TRUE,TRUE,TRUE,concordancia_estable_panel,CONSENSO_PANEL_2709,supervision,consenso_clasificaciones_panel_ENOE,Misma categoria en ambas mediciones; destino historico oficial; empleo continuo
5343,supervisa_damian,0,0,220,51531,51580,TRUE,0.9661217143499944,TRUE,1,TRUE,108,112,0.9818782767266925,0.950769914124963,1,1,TRUE,TRUE,TRUE,TRUE,TRUE,concordancia_estable_panel,CONSENSO_PANEL_2710,supervision,consenso_clasificaciones_panel_ENOE,Misma categoria en ambas mediciones; destino historico oficial; empleo continuo
5344,supervisa_damian,0,0,255,54340,54288,TRUE,0.9227529759377813,TRUE,1,TRUE,135,120,0.963648244316814,0.8828659600161008,1,1,TRUE,TRUE,TRUE,TRUE,TRUE,concordancia_estable_panel,CONSENSO_PANEL_2711,supervision,consenso_clasificaciones_panel_ENOE,Misma categoria en ambas mediciones; destino historico oficial; empleo continuo
5345,supervisa_damian,0,0,364,111672,115350,TRUE,0.9399920876086901,TRUE,1,TRUE,186,178,0.939295685850671,0.940881129869881,1,1,TRUE,TRUE,TRUE,TRUE,TRUE,concordancia_estable_panel,CONSENSO_PANEL_2712,supervision,consenso_clasificaciones_panel_ENOE,Misma categoria en ambas mediciones; destino historico oficial; empleo continuo
5350,supervisa_damian,0,0,13,2953,2982,TRUE,0.8396360534546489,TRUE,1,TRUE,8,5,0.590711175616836,1,1,1,TRUE,TRUE,TRUE,TRUE,TRUE,concordancia_estable_panel,CONSENSO_PANEL_2713,supervision,consenso_clasificaciones_panel_ENOE,Misma categoria en ambas mediciones; destino historico oficial; empleo continuo
5353,supervisa_damian,0,0,13,6752,6730,TRUE,0.9253117719610799,TRUE,1,TRUE,5,8,0.9455301455301456,0.9153720359771055,1,1,TRUE,TRUE,TRUE,TRUE,TRUE,concordancia_estable_panel,CONSENSO_PANEL_2714,supervision,consenso_clasificaciones_panel_ENOE,Misma categoria en ambas mediciones; destino historico oficial; empleo continuo
5370,supervisa_damian,0,0,21,2286,2369,TRUE,0.9707006369426752,TRUE,1,TRUE,14,7,1,0.9211428571428572,1,1,TRUE,TRUE,TRUE,TRUE,TRUE,concordancia_estable_panel,CONSENSO_PANEL_2715,supervision,consenso_clasificaciones_panel_ENOE,Misma categoria en ambas mediciones; destino historico oficial; empleo continuo
5371,supervisa_damian,0,0,15,6068,6070,TRUE,0.9898858075040783,TRUE,1,TRUE,5,10,1,0.98759255553332,1,1,TRUE,TRUE,TRUE,TRUE,TRUE,concordancia_estable_panel,CONSENSO_PANEL_2716,supervision,consenso_clasificaciones_panel_ENOE,Misma categoria en ambas mediciones; destino historico oficial; empleo continuo
5380,supervisa_damian,0,0,42,13079,13313,TRUE,0.9910585739183148,TRUE,1,TRUE,20,22,1,0.986245483156545,1,1,TRUE,TRUE,TRUE,TRUE,TRUE,concordancia_estable_panel,CONSENSO_PANEL_2717,supervision,consenso_clasificaciones_panel_ENOE,Misma categoria en ambas mediciones; destino historico oficial; empleo continuo
5381,supervisa_damian,0,0,11,3059,3091,TRUE,0.8287726903278244,TRUE,1,TRUE,5,6,1,0.7929226736566186,1,1,TRUE,TRUE,TRUE,TRUE,TRUE,concordancia_estable_panel,CONSENSO_PANEL_2718,supervision,consenso_clasificaciones_panel_ENOE,Misma categoria en ambas mediciones; destino historico oficial; empleo continuo
5382,supervisa_damian,0,0,22,13111,13688,TRUE,0.9087821445900048,TRUE,1,TRUE,16,6,0.8726040658276863,1,1,1,TRUE,TRUE,TRUE,TRUE,TRUE,concordancia_estable_panel,CONSENSO_PANEL_2719,supervision,consenso_clasificaciones_panel_ENOE,Misma categoria en ambas mediciones; destino historico oficial; empleo continuo
5383,supervisa_damian,0,0,136,43203,42939,TRUE,0.9324656824656825,TRUE,1,TRUE,76,60,0.9612293144208038,0.8904814991771514,1,1,TRUE,TRUE,TRUE,TRUE,TRUE,concordancia_estable_panel,CONSENSO_PANEL_2720,supervision,consenso_clasificaciones_panel_ENOE,Misma categoria en ambas mediciones; destino historico oficial; empleo continuo
5390,supervisa_damian,0,0,11,3232,3287,TRUE,0.9176604202157865,TRUE,1,TRUE,5,6,0.7696584590945195,1,1,1,TRUE,TRUE,TRUE,TRUE,TRUE,concordancia_estable_panel,CONSENSO_PANEL_2721,supervision,consenso_clasificaciones_panel_ENOE,Misma categoria en ambas mediciones; destino historico oficial; empleo continuo
5400,supervisa_damian,0,0,322,94714,95172,TRUE,0.9950203807202589,TRUE,1,TRUE,173,149,0.9948189602325536,0.9952486608843766,1,1,TRUE,TRUE,TRUE,TRUE,TRUE,concordancia_estable_panel,CONSENSO_PANEL_2722,supervision,consenso_clasificaciones_panel_ENOE,Misma categoria en ambas mediciones; destino historico oficial; empleo continuo
5401,supervisa_damian,0,0,102,34452,34767,TRUE,0.9308835449878411,TRUE,1,TRUE,47,55,0.9918904307082357,0.8810096744094682,1,1,TRUE,TRUE,TRUE,TRUE,TRUE,concordancia_estable_panel,CONSENSO_PANEL_2723,supervision,consenso_clasificaciones_panel_ENOE,Misma categoria en ambas mediciones; destino historico oficial; empleo continuo
5410,supervisa_damian,0,0,17,2479,2489,TRUE,0.8707411310151036,TRUE,1,TRUE,7,10,1,0.8099173553719008,1,1,TRUE,TRUE,TRUE,TRUE,TRUE,concordancia_estable_panel,CONSENSO_PANEL_2724,supervision,consenso_clasificaciones_panel_ENOE,Misma categoria en ambas mediciones; destino historico oficial; empleo continuo
5420,supervisa_damian,0,0,98,22538,23180,TRUE,0.9947038573572248,TRUE,1,TRUE,51,47,1,0.9887037560011296,1,1,TRUE,TRUE,TRUE,TRUE,TRUE,concordancia_estable_panel,CONSENSO_PANEL_2725,supervision,consenso_clasificaciones_panel_ENOE,Misma categoria en ambas mediciones; destino historico oficial; empleo continuo
5421,supervisa_damian,0,0,29,8385,8246,TRUE,0.9667934970598409,TRUE,1,TRUE,17,12,0.9502160760587727,1,1,1,TRUE,TRUE,TRUE,TRUE,TRUE,concordancia_estable_panel,CONSENSO_PANEL_2726,supervision,consenso_clasificaciones_panel_ENOE,Misma categoria en ambas mediciones; destino historico oficial; empleo continuo
5430,supervisa_damian,0,0,72,18604,18879,TRUE,1,TRUE,1,TRUE,24,48,1,1,1,1,TRUE,TRUE,TRUE,TRUE,TRUE,concordancia_estable_panel,CONSENSO_PANEL_2727,supervision,consenso_clasificaciones_panel_ENOE,Misma categoria en ambas mediciones; destino historico oficial; empleo continuo
5440,supervisa_damian,0,0,342,100645,98880,TRUE,0.9962484162179284,TRUE,1,TRUE,180,162,0.9964171974522293,0.9960229374768775,1,1,TRUE,TRUE,TRUE,TRUE,TRUE,concordancia_estable_panel,CONSENSO_PANEL_2728,supervision,consenso_clasificaciones_panel_ENOE,Misma categoria en ambas mediciones; destino historico oficial; empleo continuo
5441,supervisa_damian,0,0,51,16738,16812,TRUE,0.941183085919928,TRUE,1,TRUE,24,27,0.936203261954954,0.9463003078326303,1,1,TRUE,TRUE,TRUE,TRUE,TRUE,concordancia_estable_panel,CONSENSO_PANEL_2729,supervision,consenso_clasificaciones_panel_ENOE,Misma categoria en ambas mediciones; destino historico oficial; empleo continuo
5450,supervisa_damian,0,0,37,9126,9065,TRUE,0.9802363050483351,TRUE,1,TRUE,21,16,1,0.9646221880407614,1,1,TRUE,TRUE,TRUE,TRUE,TRUE,concordancia_estable_panel,CONSENSO_PANEL_2730,supervision,consenso_clasificaciones_panel_ENOE,Misma categoria en ambas mediciones; destino historico oficial; empleo continuo
5460,supervisa_damian,0,0,826,261799,262553,TRUE,0.9998472343692116,TRUE,1,TRUE,405,421,1,0.999699555341906,1,1,TRUE,TRUE,TRUE,TRUE,TRUE,concordancia_estable_panel,CONSENSO_PANEL_2731,supervision,consenso_clasificaciones_panel_ENOE,Misma categoria en ambas mediciones; destino historico oficial; empleo continuo
5470,supervisa_damian,0,0,47,12726,12764,TRUE,1,TRUE,1,TRUE,23,24,1,1,1,1,TRUE,TRUE,TRUE,TRUE,TRUE,concordancia_estable_panel,CONSENSO_PANEL_2732,supervision,consenso_clasificaciones_panel_ENOE,Misma categoria en ambas mediciones; destino historico oficial; empleo continuo
5480,supervisa_damian,0,0,27,7479,7668,TRUE,0.9843379836799158,TRUE,1,TRUE,12,15,1,0.9779343593547191,1,1,TRUE,TRUE,TRUE,TRUE,TRUE,concordancia_estable_panel,CONSENSO_PANEL_2733,supervision,consenso_clasificaciones_panel_ENOE,Misma categoria en ambas mediciones; destino historico oficial; empleo continuo
5481,supervisa_damian,0,0,55,21488,21615,TRUE,0.9752201143687029,TRUE,1,TRUE,22,33,0.9341851494696239,1,1,1,TRUE,TRUE,TRUE,TRUE,TRUE,concordancia_estable_panel,CONSENSO_PANEL_2734,supervision,consenso_clasificaciones_panel_ENOE,Misma categoria en ambas mediciones; destino historico oficial; empleo continuo
5500,supervisa_damian,0,0,35,11380,11448,TRUE,1,TRUE,1,TRUE,23,12,1,1,1,1,TRUE,TRUE,TRUE,TRUE,TRUE,concordancia_estable_panel,CONSENSO_PANEL_2735,supervision,consenso_clasificaciones_panel_ENOE,Misma categoria en ambas mediciones; destino historico oficial; empleo continuo
5501,supervisa_damian,0,0,73,17344,17405,TRUE,1,TRUE,1,TRUE,37,36,1,1,1,1,TRUE,TRUE,TRUE,TRUE,TRUE,concordancia_estable_panel,CONSENSO_PANEL_2736,supervision,consenso_clasificaciones_panel_ENOE,Misma categoria en ambas mediciones; destino historico oficial; empleo continuo
5502,supervisa_damian,0,0,124,31100,31303,TRUE,0.9336535574902431,TRUE,1,TRUE,60,64,0.9886574245681666,0.8962211795570355,1,1,TRUE,TRUE,TRUE,TRUE,TRUE,concordancia_estable_panel,CONSENSO_PANEL_2737,supervision,consenso_clasificaciones_panel_ENOE,Misma categoria en ambas mediciones; destino historico oficial; empleo continuo
5520,supervisa_damian,0,0,1277,389024,386975,TRUE,0.9996710796809473,TRUE,1,TRUE,613,664,0.9993154750763406,1,1,1,TRUE,TRUE,TRUE,TRUE,TRUE,concordancia_estable_panel,CONSENSO_PANEL_2738,supervision,consenso_clasificaciones_panel_ENOE,Misma categoria en ambas mediciones; destino historico oficial; empleo continuo
5521,supervisa_damian,0,0,476,151056,150240,TRUE,0.9955841451036738,TRUE,1,TRUE,248,228,1,0.9904688744736543,1,1,TRUE,TRUE,TRUE,TRUE,TRUE,concordancia_estable_panel,CONSENSO_PANEL_2739,supervision,consenso_clasificaciones_panel_ENOE,Misma categoria en ambas mediciones; destino historico oficial; empleo continuo
5550,supervisa_damian,0,0,43,15139,15279,TRUE,1,TRUE,1,TRUE,24,19,1,1,1,1,TRUE,TRUE,TRUE,TRUE,TRUE,concordancia_estable_panel,CONSENSO_PANEL_2740,supervision,consenso_clasificaciones_panel_ENOE,Misma categoria en ambas mediciones; destino historico oficial; empleo continuo
6100,supervisa_damian,0,0,103,22779,22712,TRUE,0.998334575097515,TRUE,1,TRUE,46,57,1,0.9971205577025082,1,1,TRUE,TRUE,TRUE,TRUE,TRUE,concordancia_estable_panel,CONSENSO_PANEL_2741,supervision,consenso_clasificaciones_panel_ENOE,Misma categoria en ambas mediciones; destino historico oficial; empleo continuo
6101,supervisa_damian,0,0,142,32053,32508,TRUE,0.6938629721831368,TRUE,1,TRUE,71,71,0.7819305175731793,0.6281144844795644,1,1,TRUE,TRUE,TRUE,TRUE,TRUE,concordancia_estable_panel,CONSENSO_PANEL_2742,supervision,consenso_clasificaciones_panel_ENOE,Misma categoria en ambas mediciones; destino historico oficial; empleo continuo
6102,supervisa_damian,0,0,119,19124,19617,TRUE,0.9447216321691448,TRUE,1,TRUE,61,58,0.9731436110064079,0.9134046308794518,1,1,TRUE,TRUE,TRUE,TRUE,TRUE,concordancia_estable_panel,CONSENSO_PANEL_2743,supervision,consenso_clasificaciones_panel_ENOE,Misma categoria en ambas mediciones; destino historico oficial; empleo continuo
6110,supervisa_damian,0,0,112,33267,33760,TRUE,0.8778267409029739,TRUE,1,TRUE,59,53,0.8881371518654756,0.8709037180787721,1,1,TRUE,TRUE,TRUE,TRUE,TRUE,concordancia_estable_panel,CONSENSO_PANEL_2744,supervision,consenso_clasificaciones_panel_ENOE,Misma categoria en ambas mediciones; destino historico oficial; empleo continuo
6111,supervisa_damian,0,0,355,86714,86729,TRUE,0.8650206992867475,TRUE,1,TRUE,209,146,0.8957790601813685,0.8179063013006693,1,1,TRUE,TRUE,TRUE,TRUE,TRUE,concordancia_estable_panel,CONSENSO_PANEL_2745,supervision,consenso_clasificaciones_panel_ENOE,Misma categoria en ambas mediciones; destino historico oficial; empleo continuo
6120,supervisa_damian,0,0,12,1971,1985,TRUE,0.8652326602282704,TRUE,1,TRUE,5,7,0.8257211538461539,0.8879668049792531,1,1,TRUE,TRUE,TRUE,TRUE,TRUE,concordancia_estable_panel,CONSENSO_PANEL_2746,supervision,consenso_clasificaciones_panel_ENOE,Misma categoria en ambas mediciones; destino historico oficial; empleo continuo
6121,supervisa_damian,0,0,46,13511,13451,TRUE,0.7697698268003647,TRUE,1,TRUE,28,18,0.8855018587360595,0.6712718835688674,1,1,TRUE,TRUE,TRUE,TRUE,TRUE,concordancia_estable_panel,CONSENSO_PANEL_2747,supervision,consenso_clasificaciones_panel_ENOE,Misma categoria en ambas mediciones; destino historico oficial; empleo continuo
6130,supervisa_damian,0,0,61,16664,19032,TRUE,0.9595761833467695,TRUE,1,TRUE,29,32,0.9716281099956351,0.9461107047061692,1,1,TRUE,TRUE,TRUE,TRUE,TRUE,concordancia_estable_panel,CONSENSO_PANEL_2748,supervision,consenso_clasificaciones_panel_ENOE,Misma categoria en ambas mediciones; destino historico oficial; empleo continuo
6132,supervisa_damian,0,0,16,2826,2812,TRUE,1,TRUE,1,TRUE,8,8,1,1,1,1,TRUE,TRUE,TRUE,TRUE,TRUE,concordancia_estable_panel,CONSENSO_PANEL_2749,supervision,consenso_clasificaciones_panel_ENOE,Misma categoria en ambas mediciones; destino historico oficial; empleo continuo
6133,supervisa_damian,0,0,18,4427,4415,TRUE,0.8857543017206883,TRUE,1,TRUE,10,8,0.8571428571428571,0.9080869255432846,1,1,TRUE,TRUE,TRUE,TRUE,TRUE,concordancia_estable_panel,CONSENSO_PANEL_2750,supervision,consenso_clasificaciones_panel_ENOE,Misma categoria en ambas mediciones; destino historico oficial; empleo continuo
6140,supervisa_damian,0,0,51,12368,12197,TRUE,0.6722469833677573,TRUE,1,TRUE,24,27,0.5651769087523277,0.7299648653170487,1,1,TRUE,TRUE,TRUE,TRUE,TRUE,concordancia_estable_panel,CONSENSO_PANEL_2751,supervision,consenso_clasificaciones_panel_ENOE,Misma categoria en ambas mediciones; destino historico oficial; empleo continuo
6150,supervisa_damian,0,0,36,13241,13593,TRUE,0.9868823134828948,TRUE,1,TRUE,19,17,0.974399369830642,0.9944837510492864,1,1,TRUE,TRUE,TRUE,TRUE,TRUE,concordancia_estable_panel,CONSENSO_PANEL_2752,supervision,consenso_clasificaciones_panel_ENOE,Misma categoria en ambas mediciones; destino historico oficial; empleo continuo
6160,supervisa_damian,0,0,109,36058,36989,TRUE,0.7104184726928836,TRUE,1,TRUE,61,48,0.6716385268130523,0.7422026242202624,1,1,TRUE,TRUE,TRUE,TRUE,TRUE,concordancia_estable_panel,CONSENSO_PANEL_2753,supervision,consenso_clasificaciones_panel_ENOE,Misma categoria en ambas mediciones; destino historico oficial; empleo continuo
6170,supervisa_damian,0,0,46,4960,5094,TRUE,0.962359332557237,TRUE,1,TRUE,26,20,0.9506997455470738,0.9805970149253731,1,1,TRUE,TRUE,TRUE,TRUE,TRUE,concordancia_estable_panel,CONSENSO_PANEL_2754,supervision,consenso_clasificaciones_panel_ENOE,Misma categoria en ambas mediciones; destino historico oficial; empleo continuo
6180,supervisa_damian,0,0,39,9028,9608,TRUE,0.6283844922391592,TRUE,1,TRUE,22,17,0.622006668687481,0.6425055928411633,1,1,TRUE,TRUE,TRUE,TRUE,TRUE,concordancia_estable_panel,CONSENSO_PANEL_2755,supervision,consenso_clasificaciones_panel_ENOE,Misma categoria en ambas mediciones; destino historico oficial; empleo continuo
6190,supervisa_damian,0,0,27,7269,7549,TRUE,0.9602377807133421,TRUE,1,TRUE,16,11,1,0.8992974238875878,1,1,TRUE,TRUE,TRUE,TRUE,TRUE,concordancia_estable_panel,CONSENSO_PANEL_2756,supervision,consenso_clasificaciones_panel_ENOE,Misma categoria en ambas mediciones; destino historico oficial; empleo continuo
6200,supervisa_damian,0,0,1060,251679,249917,TRUE,0.9922411855846905,TRUE,1,TRUE,497,563,0.9876261354219138,0.9965917359169763,1,1,TRUE,TRUE,TRUE,TRUE,TRUE,concordancia_estable_panel,CONSENSO_PANEL_2757,supervision,consenso_clasificaciones_panel_ENOE,Misma categoria en ambas mediciones; destino historico oficial; empleo continuo
6202,supervisa_damian,0,0,184,50279,51012,TRUE,0.9795818964677461,TRUE,1,TRUE,89,95,0.9910153396639884,0.9665093748695035,1,1,TRUE,TRUE,TRUE,TRUE,TRUE,concordancia_estable_panel,CONSENSO_PANEL_2758,supervision,consenso_clasificaciones_panel_ENOE,Misma categoria en ambas mediciones; destino historico oficial; empleo continuo
6210,supervisa_damian,0,0,456,118417,117707,TRUE,0.959401432414039,TRUE,1,TRUE,235,221,0.9460917677987345,0.9744146753560222,1,1,TRUE,TRUE,TRUE,TRUE,TRUE,concordancia_estable_panel,CONSENSO_PANEL_2759,supervision,consenso_clasificaciones_panel_ENOE,Misma categoria en ambas mediciones; destino historico oficial; empleo continuo
6211,supervisa_damian,0,0,26,8617,8823,TRUE,1,TRUE,1,TRUE,10,16,1,1,1,1,TRUE,TRUE,TRUE,TRUE,TRUE,concordancia_estable_panel,CONSENSO_PANEL_2760,supervision,consenso_clasificaciones_panel_ENOE,Misma categoria en ambas mediciones; destino historico oficial; empleo continuo
6220,supervisa_damian,0,0,64,17392,17951,TRUE,0.9938853648779931,TRUE,1,TRUE,30,34,0.9873984218584383,1,1,1,TRUE,TRUE,TRUE,TRUE,TRUE,concordancia_estable_panel,CONSENSO_PANEL_2761,supervision,consenso_clasificaciones_panel_ENOE,Misma categoria en ambas mediciones; destino historico oficial; empleo continuo
6221,supervisa_damian,0,0,311,94930,93917,TRUE,0.9494044344877937,TRUE,1,TRUE,145,166,0.9479239155648341,0.9505265563740573,1,1,TRUE,TRUE,TRUE,TRUE,TRUE,concordancia_estable_panel,CONSENSO_PANEL_2762,supervision,consenso_clasificaciones_panel_ENOE,Misma categoria en ambas mediciones; destino historico oficial; empleo continuo
6230,supervisa_damian,0,0,274,71628,72461,TRUE,0.9962308237944895,TRUE,1,TRUE,132,142,0.991844718627746,1,1,1,TRUE,TRUE,TRUE,TRUE,TRUE,concordancia_estable_panel,CONSENSO_PANEL_2763,supervision,consenso_clasificaciones_panel_ENOE,Misma categoria en ambas mediciones; destino historico oficial; empleo continuo
6231,supervisa_damian,0,0,13,1563,1585,TRUE,0.7583697234352256,TRUE,1,TRUE,5,8,0.5029940119760479,1,1,1,TRUE,TRUE,TRUE,TRUE,TRUE,concordancia_estable_panel,CONSENSO_PANEL_2764,supervision,consenso_clasificaciones_panel_ENOE,Misma categoria en ambas mediciones; destino historico oficial; empleo continuo
6232,supervisa_damian,0,0,40,9222,9266,TRUE,0.9690028370284753,TRUE,1,TRUE,21,19,0.9849480968858132,0.9443403799839444,1,1,TRUE,TRUE,TRUE,TRUE,TRUE,concordancia_estable_panel,CONSENSO_PANEL_2765,supervision,consenso_clasificaciones_panel_ENOE,Misma categoria en ambas mediciones; destino historico oficial; empleo continuo
6240,supervisa_damian,0,0,35,12207,12774,TRUE,1,TRUE,1,TRUE,17,18,1,1,1,1,TRUE,TRUE,TRUE,TRUE,TRUE,concordancia_estable_panel,CONSENSO_PANEL_2766,supervision,consenso_clasificaciones_panel_ENOE,Misma categoria en ambas mediciones; destino historico oficial; empleo continuo
6250,supervisa_damian,0,0,25,8368,8352,TRUE,0.9790569790569791,TRUE,1,TRUE,6,19,0.8238188976377953,1,1,1,TRUE,TRUE,TRUE,TRUE,TRUE,concordancia_estable_panel,CONSENSO_PANEL_2767,supervision,consenso_clasificaciones_panel_ENOE,Misma categoria en ambas mediciones; destino historico oficial; empleo continuo
6251,supervisa_damian,0,0,96,20172,19804,TRUE,0.98065143412737,TRUE,1,TRUE,47,49,0.9598417645648526,0.9948478900883219,1,1,TRUE,TRUE,TRUE,TRUE,TRUE,concordancia_estable_panel,CONSENSO_PANEL_2768,supervision,consenso_clasificaciones_panel_ENOE,Misma categoria en ambas mediciones; destino historico oficial; empleo continuo
6260,supervisa_damian,0,0,35,12259,12584,TRUE,0.9133512144240798,TRUE,1,TRUE,23,12,1,0.5476468300272268,1,1,TRUE,TRUE,TRUE,TRUE,TRUE,concordancia_estable_panel,CONSENSO_PANEL_2769,supervision,consenso_clasificaciones_panel_ENOE,Misma categoria en ambas mediciones; destino historico oficial; empleo continuo
6270,supervisa_damian,0,0,1334,277040,281792,TRUE,0.9501174614606376,TRUE,1,TRUE,676,658,0.9374686000977268,0.9626816696517685,1,1,TRUE,TRUE,TRUE,TRUE,TRUE,concordancia_estable_panel,CONSENSO_PANEL_2770,supervision,consenso_clasificaciones_panel_ENOE,Misma categoria en ambas mediciones; destino historico oficial; empleo continuo
7100,supervisa_damian,0,0,1562,500915,497900,TRUE,0.9945064544692882,TRUE,1,TRUE,776,786,0.9927734280799344,0.996198181090561,1,1,TRUE,TRUE,TRUE,TRUE,TRUE,concordancia_estable_panel,CONSENSO_PANEL_2771,supervision,consenso_clasificaciones_panel_ENOE,Misma categoria en ambas mediciones; destino historico oficial; empleo continuo
7111,supervisa_damian,0,0,2276,624395,625853,TRUE,0.9763402895269309,TRUE,1,TRUE,1138,1138,0.9822697954359128,0.9709773768861281,1,1,TRUE,TRUE,TRUE,TRUE,TRUE,concordancia_estable_panel,CONSENSO_PANEL_2772,supervision,consenso_clasificaciones_panel_ENOE,Misma categoria en ambas mediciones; destino historico oficial; empleo continuo
7120,supervisa_damian,0,0,22,6464,6636,TRUE,0.9849154350144751,TRUE,1,TRUE,11,11,1,0.9698630136986301,1,1,TRUE,TRUE,TRUE,TRUE,TRUE,concordancia_estable_panel,CONSENSO_PANEL_2773,supervision,consenso_clasificaciones_panel_ENOE,Misma categoria en ambas mediciones; destino historico oficial; empleo continuo
7121,supervisa_damian,0,0,93,22726,22947,TRUE,1,TRUE,1,TRUE,47,46,1,1,1,1,TRUE,TRUE,TRUE,TRUE,TRUE,concordancia_estable_panel,CONSENSO_PANEL_2774,supervision,consenso_clasificaciones_panel_ENOE,Misma categoria en ambas mediciones; destino historico oficial; empleo continuo
7130,supervisa_damian,0,0,225,54858,55773,TRUE,0.9707662360644134,TRUE,1,TRUE,104,121,0.9515380351946793,0.9908472614137906,1,1,TRUE,TRUE,TRUE,TRUE,TRUE,concordancia_estable_panel,CONSENSO_PANEL_2775,supervision,consenso_clasificaciones_panel_ENOE,Misma categoria en ambas mediciones; destino historico oficial; empleo continuo
7131,supervisa_damian,0,0,59,17387,17680,TRUE,1,TRUE,1,TRUE,35,24,1,1,1,1,TRUE,TRUE,TRUE,TRUE,TRUE,concordancia_estable_panel,CONSENSO_PANEL_2776,supervision,consenso_clasificaciones_panel_ENOE,Misma categoria en ambas mediciones; destino historico oficial; empleo continuo
7133,supervisa_damian,0,0,39,12018,13272,TRUE,0.9483153160261975,TRUE,1,TRUE,21,18,0.9237485448195576,1,1,1,TRUE,TRUE,TRUE,TRUE,TRUE,concordancia_estable_panel,CONSENSO_PANEL_2777,supervision,consenso_clasificaciones_panel_ENOE,Misma categoria en ambas mediciones; destino historico oficial; empleo continuo
7134,supervisa_damian,0,0,20,6346,5942,TRUE,1,TRUE,1,TRUE,7,13,1,1,1,1,TRUE,TRUE,TRUE,TRUE,TRUE,concordancia_estable_panel,CONSENSO_PANEL_2778,supervision,consenso_clasificaciones_panel_ENOE,Misma categoria en ambas mediciones; destino historico oficial; empleo continuo
7200,supervisa_damian,0,0,15,4956,5131,TRUE,1,TRUE,1,TRUE,9,6,1,1,1,1,TRUE,TRUE,TRUE,TRUE,TRUE,concordancia_estable_panel,CONSENSO_PANEL_2779,supervision,consenso_clasificaciones_panel_ENOE,Misma categoria en ambas mediciones; destino historico oficial; empleo continuo
7201,supervisa_damian,0,0,951,289102,291303,TRUE,1,TRUE,1,TRUE,464,487,1,1,1,1,TRUE,TRUE,TRUE,TRUE,TRUE,concordancia_estable_panel,CONSENSO_PANEL_2780,supervision,consenso_clasificaciones_panel_ENOE,Misma categoria en ambas mediciones; destino historico oficial; empleo continuo
7210,supervisa_damian,0,0,709,223302,225881,TRUE,0.9958880405308976,TRUE,1,TRUE,352,357,1,0.9919969446035797,1,1,TRUE,TRUE,TRUE,TRUE,TRUE,concordancia_estable_panel,CONSENSO_PANEL_2781,supervision,consenso_clasificaciones_panel_ENOE,Misma categoria en ambas mediciones; destino historico oficial; empleo continuo
7211,supervisa_damian,0,0,37,13492,13375,TRUE,1,TRUE,1,TRUE,15,22,1,1,1,1,TRUE,TRUE,TRUE,TRUE,TRUE,concordancia_estable_panel,CONSENSO_PANEL_2782,supervision,consenso_clasificaciones_panel_ENOE,Misma categoria en ambas mediciones; destino historico oficial; empleo continuo
7212,supervisa_damian,0,0,33,7252,7375,TRUE,1,TRUE,1,TRUE,11,22,1,1,1,1,TRUE,TRUE,TRUE,TRUE,TRUE,concordancia_estable_panel,CONSENSO_PANEL_2783,supervision,consenso_clasificaciones_panel_ENOE,Misma categoria en ambas mediciones; destino historico oficial; empleo continuo
8100,supervisa_damian,0,0,739,191417,191395,TRUE,0.9825023354172441,TRUE,1,TRUE,379,360,0.9713839322424143,0.9935922409727491,1,1,TRUE,TRUE,TRUE,TRUE,TRUE,concordancia_estable_panel,CONSENSO_PANEL_2784,supervision,consenso_clasificaciones_panel_ENOE,Misma categoria en ambas mediciones; destino historico oficial; empleo continuo
8101,supervisa_damian,0,0,357,87703,89201,TRUE,0.984365179132621,TRUE,1,TRUE,192,165,0.9941311713455954,0.972109738813525,1,1,TRUE,TRUE,TRUE,TRUE,TRUE,concordancia_estable_panel,CONSENSO_PANEL_2785,supervision,consenso_clasificaciones_panel_ENOE,Misma categoria en ambas mediciones; destino historico oficial; empleo continuo
8110,supervisa_damian,0,0,87,14984,15155,TRUE,0.9711582085682805,TRUE,1,TRUE,50,37,0.9759835867728699,0.9655606887862243,1,1,TRUE,TRUE,TRUE,TRUE,TRUE,concordancia_estable_panel,CONSENSO_PANEL_2786,supervision,consenso_clasificaciones_panel_ENOE,Misma categoria en ambas mediciones; destino historico oficial; empleo continuo
8111,supervisa_damian,0,0,32,10413,10564,TRUE,0.8297872340425532,TRUE,1,TRUE,15,17,0.9873321989033844,0.7150137741046831,1,1,TRUE,TRUE,TRUE,TRUE,TRUE,concordancia_estable_panel,CONSENSO_PANEL_2787,supervision,consenso_clasificaciones_panel_ENOE,Misma categoria en ambas mediciones; destino historico oficial; empleo continuo
8120,supervisa_damian,0,0,24,10864,12215,TRUE,1,TRUE,1,TRUE,13,11,1,1,1,1,TRUE,TRUE,TRUE,TRUE,TRUE,concordancia_estable_panel,CONSENSO_PANEL_2788,supervision,consenso_clasificaciones_panel_ENOE,Misma categoria en ambas mediciones; destino historico oficial; empleo continuo
8122,supervisa_damian,0,0,77,18602,18210,TRUE,0.9935373604657374,TRUE,1,TRUE,37,40,0.985240302512808,1,1,1,TRUE,TRUE,TRUE,TRUE,TRUE,concordancia_estable_panel,CONSENSO_PANEL_2789,supervision,consenso_clasificaciones_panel_ENOE,Misma categoria en ambas mediciones; destino historico oficial; empleo continuo
8123,supervisa_damian,0,0,89,21404,21938,TRUE,0.9873149130494949,TRUE,1,TRUE,40,49,0.9849749582637729,0.988336646785951,1,1,TRUE,TRUE,TRUE,TRUE,TRUE,concordancia_estable_panel,CONSENSO_PANEL_2790,supervision,consenso_clasificaciones_panel_ENOE,Misma categoria en ambas mediciones; destino historico oficial; empleo continuo
8124,supervisa_damian,0,0,1048,264019,266510,TRUE,0.9835930602072103,TRUE,1,TRUE,530,518,0.9876438969595995,0.9796355762432242,1,1,TRUE,TRUE,TRUE,TRUE,TRUE,concordancia_estable_panel,CONSENSO_PANEL_2791,supervision,consenso_clasificaciones_panel_ENOE,Misma categoria en ambas mediciones; destino historico oficial; empleo continuo
8125,supervisa_damian,0,0,190,54099,53747,TRUE,0.9684747583243823,TRUE,1,TRUE,90,100,1,0.9344060788914963,1,1,TRUE,TRUE,TRUE,TRUE,TRUE,concordancia_estable_panel,CONSENSO_PANEL_2792,supervision,consenso_clasificaciones_panel_ENOE,Misma categoria en ambas mediciones; destino historico oficial; empleo continuo
8126,supervisa_damian,0,0,145,39099,40362,TRUE,1,TRUE,1,TRUE,69,76,1,1,1,1,TRUE,TRUE,TRUE,TRUE,TRUE,concordancia_estable_panel,CONSENSO_PANEL_2793,supervision,consenso_clasificaciones_panel_ENOE,Misma categoria en ambas mediciones; destino historico oficial; empleo continuo
8130,supervisa_damian,0,0,388,106603,105423,TRUE,0.9990253685325237,TRUE,1,TRUE,193,195,1,0.9979637787567303,1,1,TRUE,TRUE,TRUE,TRUE,TRUE,concordancia_estable_panel,CONSENSO_PANEL_2794,supervision,consenso_clasificaciones_panel_ENOE,Misma categoria en ambas mediciones; destino historico oficial; empleo continuo
8131,supervisa_damian,0,0,43,12523,12310,TRUE,1,TRUE,1,TRUE,22,21,1,1,1,1,TRUE,TRUE,TRUE,TRUE,TRUE,concordancia_estable_panel,CONSENSO_PANEL_2795,supervision,consenso_clasificaciones_panel_ENOE,Misma categoria en ambas mediciones; destino historico oficial; empleo continuo
8132,supervisa_damian,0,0,18,3531,3634,TRUE,1,TRUE,1,TRUE,8,10,1,1,1,1,TRUE,TRUE,TRUE,TRUE,TRUE,concordancia_estable_panel,CONSENSO_PANEL_2796,supervision,consenso_clasificaciones_panel_ENOE,Misma categoria en ambas mediciones; destino historico oficial; empleo continuo
8140,supervisa_damian,0,0,40,8547,8657,TRUE,0.9751283513976041,TRUE,1,TRUE,23,17,1,0.9442312611921208,1,1,TRUE,TRUE,TRUE,TRUE,TRUE,concordancia_estable_panel,CONSENSO_PANEL_2797,supervision,consenso_clasificaciones_panel_ENOE,Misma categoria en ambas mediciones; destino historico oficial; empleo continuo
8150,supervisa_damian,0,0,49,14349,15012,TRUE,0.9940422583997229,TRUE,1,TRUE,17,32,0.9847056731282233,1,1,1,TRUE,TRUE,TRUE,TRUE,TRUE,concordancia_estable_panel,CONSENSO_PANEL_2798,supervision,consenso_clasificaciones_panel_ENOE,Misma categoria en ambas mediciones; destino historico oficial; empleo continuo
8151,supervisa_damian,0,0,121,26674,25939,TRUE,0.9660292626394321,TRUE,1,TRUE,52,69,1,0.9470086435794588,1,1,TRUE,TRUE,TRUE,TRUE,TRUE,concordancia_estable_panel,CONSENSO_PANEL_2799,supervision,consenso_clasificaciones_panel_ENOE,Misma categoria en ambas mediciones; destino historico oficial; empleo continuo
8190,supervisa_damian,0,0,34,8604,8349,TRUE,0.9889655172413793,TRUE,1,TRUE,15,19,0.9853499728703201,0.9916234543278819,1,1,TRUE,TRUE,TRUE,TRUE,TRUE,concordancia_estable_panel,CONSENSO_PANEL_2800,supervision,consenso_clasificaciones_panel_ENOE,Misma categoria en ambas mediciones; destino historico oficial; empleo continuo
8200,supervisa_damian,0,0,2307,664395,661181,TRUE,0.9997276458975347,TRUE,1,TRUE,1170,1137,0.9997887162398734,0.999666934719205,1,1,TRUE,TRUE,TRUE,TRUE,TRUE,concordancia_estable_panel,CONSENSO_PANEL_2801,supervision,consenso_clasificaciones_panel_ENOE,Misma categoria en ambas mediciones; destino historico oficial; empleo continuo
8201,supervisa_damian,0,0,155,46639,46308,TRUE,1,TRUE,1,TRUE,77,78,1,1,1,1,TRUE,TRUE,TRUE,TRUE,TRUE,concordancia_estable_panel,CONSENSO_PANEL_2802,supervision,consenso_clasificaciones_panel_ENOE,Misma categoria en ambas mediciones; destino historico oficial; empleo continuo
8202,supervisa_damian,0,0,29,10249,9579,TRUE,1,TRUE,1,TRUE,13,16,1,1,1,1,TRUE,TRUE,TRUE,TRUE,TRUE,concordancia_estable_panel,CONSENSO_PANEL_2803,supervision,consenso_clasificaciones_panel_ENOE,Misma categoria en ambas mediciones; destino historico oficial; empleo continuo
8203,supervisa_damian,0,0,56,13463,13231,TRUE,1,TRUE,1,TRUE,28,28,1,1,1,1,TRUE,TRUE,TRUE,TRUE,TRUE,concordancia_estable_panel,CONSENSO_PANEL_2804,supervision,consenso_clasificaciones_panel_ENOE,Misma categoria en ambas mediciones; destino historico oficial; empleo continuo
8204,supervisa_damian,0,0,19,3846,3792,TRUE,1,TRUE,1,TRUE,12,7,1,1,1,1,TRUE,TRUE,TRUE,TRUE,TRUE,concordancia_estable_panel,CONSENSO_PANEL_2805,supervision,consenso_clasificaciones_panel_ENOE,Misma categoria en ambas mediciones; destino historico oficial; empleo continuo
8300,supervisa_damian,0,0,25,4038,3998,TRUE,1,TRUE,1,TRUE,13,12,1,1,1,1,TRUE,TRUE,TRUE,TRUE,TRUE,concordancia_estable_panel,CONSENSO_PANEL_2806,supervision,consenso_clasificaciones_panel_ENOE,Misma categoria en ambas mediciones; destino historico oficial; empleo continuo
8301,supervisa_damian,0,0,579,161326,160567,TRUE,0.9973725046522124,TRUE,1,TRUE,324,255,0.9955281045476546,1,1,1,TRUE,TRUE,TRUE,TRUE,TRUE,concordancia_estable_panel,CONSENSO_PANEL_2807,supervision,consenso_clasificaciones_panel_ENOE,Misma categoria en ambas mediciones; destino historico oficial; empleo continuo
8303,supervisa_damian,0,0,514,155439,155277,TRUE,0.9764430959425588,TRUE,1,TRUE,246,268,0.9733266435235409,0.9791327754696003,1,1,TRUE,TRUE,TRUE,TRUE,TRUE,concordancia_estable_panel,CONSENSO_PANEL_2808,supervision,consenso_clasificaciones_panel_ENOE,Misma categoria en ambas mediciones; destino historico oficial; empleo continuo
8312,supervisa_damian,0,0,96,21078,21252,TRUE,0.9636538197778083,TRUE,1,TRUE,47,49,0.926480871041854,0.9950261338728713,1,1,TRUE,TRUE,TRUE,TRUE,TRUE,concordancia_estable_panel,CONSENSO_PANEL_2809,supervision,consenso_clasificaciones_panel_ENOE,Misma categoria en ambas mediciones; destino historico oficial; empleo continuo
1100,trabajo_cuidado_mercado,0,0,57,13237,13868,TRUE,1,TRUE,1,TRUE,26,31,1,1,1,1,TRUE,TRUE,TRUE,TRUE,TRUE,concordancia_estable_panel,CONSENSO_PANEL_2810,care,consenso_clasificaciones_panel_ENOE,Misma categoria en ambas mediciones; destino historico oficial; empleo continuo
1101,trabajo_cuidado_mercado,0,0,50,9851,9629,TRUE,1,TRUE,1,TRUE,23,27,1,1,1,1,TRUE,TRUE,TRUE,TRUE,TRUE,concordancia_estable_panel,CONSENSO_PANEL_2811,care,consenso_clasificaciones_panel_ENOE,Misma categoria en ambas mediciones; destino historico oficial; empleo continuo
1103,trabajo_cuidado_mercado,0,0,12,2549,2552,TRUE,1,TRUE,1,TRUE,6,6,1,1,1,1,TRUE,TRUE,TRUE,TRUE,TRUE,concordancia_estable_panel,CONSENSO_PANEL_2812,care,consenso_clasificaciones_panel_ENOE,Misma categoria en ambas mediciones; destino historico oficial; empleo continuo
1104,trabajo_cuidado_mercado,0,0,95,25146,25427,TRUE,1,TRUE,1,TRUE,50,45,1,1,1,1,TRUE,TRUE,TRUE,TRUE,TRUE,concordancia_estable_panel,CONSENSO_PANEL_2813,care,consenso_clasificaciones_panel_ENOE,Misma categoria en ambas mediciones; destino historico oficial; empleo continuo
1105,trabajo_cuidado_mercado,0,0,188,49819,51227,TRUE,1,TRUE,1,TRUE,98,90,1,1,1,1,TRUE,TRUE,TRUE,TRUE,TRUE,concordancia_estable_panel,CONSENSO_PANEL_2814,care,consenso_clasificaciones_panel_ENOE,Misma categoria en ambas mediciones; destino historico oficial; empleo continuo
1105,trabajo_cuidado_mercado,1,1,13,2498,1968,TRUE,1,TRUE,1,TRUE,8,5,1,1,1,1,TRUE,TRUE,TRUE,TRUE,TRUE,concordancia_estable_panel,CONSENSO_PANEL_2815,care,consenso_clasificaciones_panel_ENOE,Misma categoria en ambas mediciones; destino historico oficial; empleo continuo
1120,trabajo_cuidado_mercado,1,1,29,8239,7960,TRUE,1,TRUE,0.9462672372800761,TRUE,13,16,1,1,0.8912415784408084,1,TRUE,TRUE,TRUE,TRUE,TRUE,concordancia_estable_panel,CONSENSO_PANEL_2816,care,consenso_clasificaciones_panel_ENOE,Misma categoria en ambas mediciones; destino historico oficial; empleo continuo
1121,trabajo_cuidado_mercado,1,1,28,7744,7520,TRUE,0.9806255540078511,TRUE,1,TRUE,15,13,1,0.948948948948949,1,1,TRUE,TRUE,TRUE,TRUE,TRUE,concordancia_estable_panel,CONSENSO_PANEL_2817,care,consenso_clasificaciones_panel_ENOE,Misma categoria en ambas mediciones; destino historico oficial; empleo continuo
1130,trabajo_cuidado_mercado,1,1,370,85097,87435,TRUE,0.9968255083872177,TRUE,1,TRUE,174,196,0.9980736543909349,0.9954901437819751,1,1,TRUE,TRUE,TRUE,TRUE,TRUE,concordancia_estable_panel,CONSENSO_PANEL_2818,care,consenso_clasificaciones_panel_ENOE,Misma categoria en ambas mediciones; destino historico oficial; empleo continuo
1131,trabajo_cuidado_mercado,1,1,257,56968,57932,TRUE,1,TRUE,1,TRUE,127,130,1,1,1,1,TRUE,TRUE,TRUE,TRUE,TRUE,concordancia_estable_panel,CONSENSO_PANEL_2819,care,consenso_clasificaciones_panel_ENOE,Misma categoria en ambas mediciones; destino historico oficial; empleo continuo
1132,trabajo_cuidado_mercado,1,1,123,33756,33585,TRUE,0.997960088691796,TRUE,1,TRUE,60,63,0.9960851063829788,1,1,1,TRUE,TRUE,TRUE,TRUE,TRUE,concordancia_estable_panel,CONSENSO_PANEL_2820,care,consenso_clasificaciones_panel_ENOE,Misma categoria en ambas mediciones; destino historico oficial; empleo continuo
1134,trabajo_cuidado_mercado,1,1,17,5328,5395,TRUE,1,TRUE,1,TRUE,12,5,1,1,1,1,TRUE,TRUE,TRUE,TRUE,TRUE,concordancia_estable_panel,CONSENSO_PANEL_2821,care,consenso_clasificaciones_panel_ENOE,Misma categoria en ambas mediciones; destino historico oficial; empleo continuo
1150,trabajo_cuidado_mercado,0,0,29,4099,4154,TRUE,0.9656065959952885,TRUE,1,TRUE,16,13,0.950136612021858,1,1,1,TRUE,TRUE,TRUE,TRUE,TRUE,concordancia_estable_panel,CONSENSO_PANEL_2822,care,consenso_clasificaciones_panel_ENOE,Misma categoria en ambas mediciones; destino historico oficial; empleo continuo
1151,trabajo_cuidado_mercado,0,0,37,9874,9986,TRUE,1,TRUE,1,TRUE,19,18,1,1,1,1,TRUE,TRUE,TRUE,TRUE,TRUE,concordancia_estable_panel,CONSENSO_PANEL_2823,care,consenso_clasificaciones_panel_ENOE,Misma categoria en ambas mediciones; destino historico oficial; empleo continuo
1160,trabajo_cuidado_mercado,0,0,384,92926,95515,TRUE,0.9892374676644985,TRUE,1,TRUE,190,194,0.979678391959799,1,1,1,TRUE,TRUE,TRUE,TRUE,TRUE,concordancia_estable_panel,CONSENSO_PANEL_2824,care,consenso_clasificaciones_panel_ENOE,Misma categoria en ambas mediciones; destino historico oficial; empleo continuo
1161,trabajo_cuidado_mercado,0,0,15,2904,3046,TRUE,1,TRUE,1,TRUE,9,6,1,1,1,1,TRUE,TRUE,TRUE,TRUE,TRUE,concordancia_estable_panel,CONSENSO_PANEL_2825,care,consenso_clasificaciones_panel_ENOE,Misma categoria en ambas mediciones; destino historico oficial; empleo continuo
1161,trabajo_cuidado_mercado,1,1,20,4699,4626,TRUE,1,TRUE,1,TRUE,10,10,1,1,1,1,TRUE,TRUE,TRUE,TRUE,TRUE,concordancia_estable_panel,CONSENSO_PANEL_2826,care,consenso_clasificaciones_panel_ENOE,Misma categoria en ambas mediciones; destino historico oficial; empleo continuo
1164,trabajo_cuidado_mercado,0,0,28,6055,6342,TRUE,0.9558011049723757,TRUE,1,TRUE,12,16,0.9205479452054794,0.9859443631039532,1,1,TRUE,TRUE,TRUE,TRUE,TRUE,concordancia_estable_panel,CONSENSO_PANEL_2827,care,consenso_clasificaciones_panel_ENOE,Misma categoria en ambas mediciones; destino historico oficial; empleo continuo
1164,trabajo_cuidado_mercado,1,1,42,16273,14307,TRUE,1,TRUE,0.9805359468165308,TRUE,21,21,1,1,0.9764008837115886,0.9894236995467299,TRUE,TRUE,TRUE,TRUE,TRUE,concordancia_estable_panel,CONSENSO_PANEL_2828,care,consenso_clasificaciones_panel_ENOE,Misma categoria en ambas mediciones; destino historico oficial; empleo continuo
1167,trabajo_cuidado_mercado,0,0,14,3040,3070,TRUE,1,TRUE,1,TRUE,8,6,1,1,1,1,TRUE,TRUE,TRUE,TRUE,TRUE,concordancia_estable_panel,CONSENSO_PANEL_2829,care,consenso_clasificaciones_panel_ENOE,Misma categoria en ambas mediciones; destino historico oficial; empleo continuo
1171,trabajo_cuidado_mercado,0,0,31,15357,15447,TRUE,1,TRUE,1,TRUE,17,14,1,1,1,1,TRUE,TRUE,TRUE,TRUE,TRUE,concordancia_estable_panel,CONSENSO_PANEL_2830,care,consenso_clasificaciones_panel_ENOE,Misma categoria en ambas mediciones; destino historico oficial; empleo continuo
1172,trabajo_cuidado_mercado,0,0,377,88950,88451,TRUE,0.9991463168063263,TRUE,1,TRUE,201,176,1,0.9978936282253817,1,1,TRUE,TRUE,TRUE,TRUE,TRUE,concordancia_estable_panel,CONSENSO_PANEL_2831,care,consenso_clasificaciones_panel_ENOE,Misma categoria en ambas mediciones; destino historico oficial; empleo continuo
1172,trabajo_cuidado_mercado,1,1,24,6128,6224,TRUE,1,TRUE,0.9880933481505001,TRUE,15,9,1,1,1,0.9767153058056505,TRUE,TRUE,TRUE,TRUE,TRUE,concordancia_estable_panel,CONSENSO_PANEL_2832,care,consenso_clasificaciones_panel_ENOE,Misma categoria en ambas mediciones; destino historico oficial; empleo continuo
1200,trabajo_cuidado_mercado,0,0,35,9004,9111,TRUE,1,TRUE,1,TRUE,20,15,1,1,1,1,TRUE,TRUE,TRUE,TRUE,TRUE,concordancia_estable_panel,CONSENSO_PANEL_2833,care,consenso_clasificaciones_panel_ENOE,Misma categoria en ambas mediciones; destino historico oficial; empleo continuo
1201,trabajo_cuidado_mercado,0,0,11,2648,2695,TRUE,1,TRUE,1,TRUE,6,5,1,1,1,1,TRUE,TRUE,TRUE,TRUE,TRUE,concordancia_estable_panel,CONSENSO_PANEL_2834,care,consenso_clasificaciones_panel_ENOE,Misma categoria en ambas mediciones; destino historico oficial; empleo continuo
1203,trabajo_cuidado_mercado,0,0,36,6132,6319,TRUE,0.9753459519643709,TRUE,1,TRUE,18,18,0.9614811133200796,1,1,1,TRUE,TRUE,TRUE,TRUE,TRUE,concordancia_estable_panel,CONSENSO_PANEL_2835,care,consenso_clasificaciones_panel_ENOE,Misma categoria en ambas mediciones; destino historico oficial; empleo continuo
1204,trabajo_cuidado_mercado,0,0,166,49746,49838,TRUE,1,TRUE,1,TRUE,80,86,1,1,1,1,TRUE,TRUE,TRUE,TRUE,TRUE,concordancia_estable_panel,CONSENSO_PANEL_2836,care,consenso_clasificaciones_panel_ENOE,Misma categoria en ambas mediciones; destino historico oficial; empleo continuo
1205,trabajo_cuidado_mercado,0,0,351,91193,90870,TRUE,1,TRUE,1,TRUE,170,181,1,1,1,1,TRUE,TRUE,TRUE,TRUE,TRUE,concordancia_estable_panel,CONSENSO_PANEL_2837,care,consenso_clasificaciones_panel_ENOE,Misma categoria en ambas mediciones; destino historico oficial; empleo continuo
1205,trabajo_cuidado_mercado,1,1,14,5083,4758,TRUE,1,TRUE,1,TRUE,6,8,1,1,1,1,TRUE,TRUE,TRUE,TRUE,TRUE,concordancia_estable_panel,CONSENSO_PANEL_2838,care,consenso_clasificaciones_panel_ENOE,Misma categoria en ambas mediciones; destino historico oficial; empleo continuo
1206,trabajo_cuidado_mercado,0,0,71,18062,18812,TRUE,1,TRUE,1,TRUE,41,30,1,1,1,1,TRUE,TRUE,TRUE,TRUE,TRUE,concordancia_estable_panel,CONSENSO_PANEL_2839,care,consenso_clasificaciones_panel_ENOE,Misma categoria en ambas mediciones; destino historico oficial; empleo continuo
1220,trabajo_cuidado_mercado,1,1,435,130242,130903,TRUE,0.9884715507623651,TRUE,1,TRUE,232,203,0.98673725271663415,0.9905470065520748,1,1,TRUE,TRUE,TRUE,TRUE,TRUE,concordancia_estable_panel,CONSENSO_PANEL_2840,care,consenso_clasificaciones_panel_ENOE,Misma categoria en ambas mediciones; destino historico oficial; empleo continuo
1221,trabajo_cuidado_mercado,1,1,32,6647,6784,TRUE,0.9802389028166937,TRUE,1,TRUE,19,13,1,0.950222882615156,1,1,TRUE,TRUE,TRUE,TRUE,TRUE,concordancia_estable_panel,CONSENSO_PANEL_2841,care,consenso_clasificaciones_panel_ENOE,Misma categoria en ambas mediciones; destino historico oficial; empleo continuo
1230,trabajo_cuidado_mercado,0,0,25,4665,4549,TRUE,0.5915546538168907,TRUE,1,TRUE,10,15,0.6668777707409753,0.541243654822335,1,1,TRUE,TRUE,TRUE,TRUE,TRUE,concordancia_estable_panel,CONSENSO_PANEL_2842,care,consenso_clasificaciones_panel_ENOE,Misma categoria en ambas mediciones; destino historico oficial; empleo continuo
1230,trabajo_cuidado_mercado,1,1,34,8358,8487,TRUE,1,TRUE,0.721867823424343,TRUE,17,17,1,1,0.791643350121246,0.6633833646028768,TRUE,TRUE,TRUE,TRUE,TRUE,concordancia_estable_panel,CONSENSO_PANEL_2843,care,consenso_clasificaciones_panel_ENOE,Misma categoria en ambas mediciones; destino historico oficial; empleo continuo
1240,trabajo_cuidado_mercado,0,0,18,4329,4459,TRUE,1,TRUE,1,TRUE,10,8,1,1,1,1,TRUE,TRUE,TRUE,TRUE,TRUE,concordancia_estable_panel,CONSENSO_PANEL_2844,care,consenso_clasificaciones_panel_ENOE,Misma categoria en ambas mediciones; destino historico oficial; empleo continuo
1250,trabajo_cuidado_mercado,0,0,99,19928,20095,TRUE,0.9024953580000906,TRUE,1,TRUE,61,38,0.9012754918209988,0.9045587518283764,1,1,TRUE,TRUE,TRUE,TRUE,TRUE,concordancia_estable_panel,CONSENSO_PANEL_2845,care,consenso_clasificaciones_panel_ENOE,Misma categoria en ambas mediciones; destino historico oficial; empleo continuo
1250,trabajo_cuidado_mercado,1,1,43,8627,8472,TRUE,1,TRUE,0.7948958528804654,TRUE,21,22,1,1,0.786805131337813,0.8077858880778589,TRUE,TRUE,TRUE,TRUE,TRUE,concordancia_estable_panel,CONSENSO_PANEL_2846,care,consenso_clasificaciones_panel_ENOE,Misma categoria en ambas mediciones; destino historico oficial; empleo continuo
1251,trabajo_cuidado_mercado,0,0,339,94046,94958,TRUE,0.9982274208442572,TRUE,1,TRUE,174,165,1,0.9963768902002473,1,1,TRUE,TRUE,TRUE,TRUE,TRUE,concordancia_estable_panel,CONSENSO_PANEL_2847,care,consenso_clasificaciones_panel_ENOE,Misma categoria en ambas mediciones; destino historico oficial; empleo continuo
1252,trabajo_cuidado_mercado,0,0,32,6219,5979,TRUE,0.9844863067911983,TRUE,1,TRUE,16,16,0.9672240802675586,1,1,1,TRUE,TRUE,TRUE,TRUE,TRUE,concordancia_estable_panel,CONSENSO_PANEL_2848,care,consenso_clasificaciones_panel_ENOE,Misma categoria en ambas mediciones; destino historico oficial; empleo continuo
1252,trabajo_cuidado_mercado,1,1,27,4141,4148,TRUE,1,TRUE,0.9764595103578154,TRUE,9,18,1,1,0.9253174010455564,1,TRUE,TRUE,TRUE,TRUE,TRUE,concordancia_estable_panel,CONSENSO_PANEL_2849,care,consenso_clasificaciones_panel_ENOE,Misma categoria en ambas mediciones; destino historico oficial; empleo continuo
1260,trabajo_cuidado_mercado,0,0,16,7591,7357,TRUE,1,TRUE,1,TRUE,8,8,1,1,1,1,TRUE,TRUE,TRUE,TRUE,TRUE,concordancia_estable_panel,CONSENSO_PANEL_2850,care,consenso_clasificaciones_panel_ENOE,Misma categoria en ambas mediciones; destino historico oficial; empleo continuo
1300,trabajo_cuidado_mercado,1,1,338,82055,81284,TRUE,0.9973017975862027,TRUE,1,TRUE,173,165,1,0.9951556942413861,1,1,TRUE,TRUE,TRUE,TRUE,TRUE,concordancia_estable_panel,CONSENSO_PANEL_2851,care,consenso_clasificaciones_panel_ENOE,Misma categoria en ambas mediciones; destino historico oficial; empleo continuo
1310,trabajo_cuidado_mercado,1,1,209,59319,59394,TRUE,0.9819238218205294,TRUE,1,TRUE,117,92,0.9989159891598915,0.9611778978714017,1,1,TRUE,TRUE,TRUE,TRUE,TRUE,concordancia_estable_panel,CONSENSO_PANEL_2852,care,consenso_clasificaciones_panel_ENOE,Misma categoria en ambas mediciones; destino historico oficial; empleo continuo
1320,trabajo_cuidado_mercado,1,1,458,127319,126107,TRUE,0.9982593832571487,TRUE,1,TRUE,204,254,0.9970944124787338,0.9990694954006487,1,1,TRUE,TRUE,TRUE,TRUE,TRUE,concordancia_estable_panel,CONSENSO_PANEL_2853,care,consenso_clasificaciones_panel_ENOE,Misma categoria en ambas mediciones; destino historico oficial; empleo continuo
1330,trabajo_cuidado_mercado,1,1,730,198478,198835,TRUE,0.997978680611424,TRUE,1,TRUE,342,388,0.9995270444578209,0.9966177915501474,1,1,TRUE,TRUE,TRUE,TRUE,TRUE,concordancia_estable_panel,CONSENSO_PANEL_2854,care,consenso_clasificaciones_panel_ENOE,Misma categoria en ambas mediciones; destino historico oficial; empleo continuo
1340,trabajo_cuidado_mercado,1,1,274,72687,74336,TRUE,0.9959169692402549,TRUE,1,TRUE,148,126,0.9926637996458386,0.9990109067579127,1,1,TRUE,TRUE,TRUE,TRUE,TRUE,concordancia_estable_panel,CONSENSO_PANEL_2855,care,consenso_clasificaciones_panel_ENOE,Misma categoria en ambas mediciones; destino historico oficial; empleo continuo
1360,trabajo_cuidado_mercado,1,1,24,9775,9441,TRUE,0.9896729776247849,TRUE,1,TRUE,17,7,0.9838837099067783,1,1,1,TRUE,TRUE,TRUE,TRUE,TRUE,concordancia_estable_panel,CONSENSO_PANEL_2856,care,consenso_clasificaciones_panel_ENOE,Misma categoria en ambas mediciones; destino historico oficial; empleo continuo
1364,trabajo_cuidado_mercado,1,1,32,7435,7365,TRUE,0.8871256413315833,TRUE,1,TRUE,14,18,0.8401336196611787,0.9341288782816229,1,1,TRUE,TRUE,TRUE,TRUE,TRUE,concordancia_estable_panel,CONSENSO_PANEL_2857,care,consenso_clasificaciones_panel_ENOE,Misma categoria en ambas mediciones; destino historico oficial; empleo continuo
1390,trabajo_cuidado_mercado,1,1,21,3219,3319,TRUE,0.7206178643384822,TRUE,1,TRUE,13,8,0.7308069258412283,0.6984352773826458,1,1,TRUE,TRUE,TRUE,TRUE,TRUE,concordancia_estable_panel,CONSENSO_PANEL_2858,care,consenso_clasificaciones_panel_ENOE,Misma categoria en ambas mediciones; destino historico oficial; empleo continuo
1401,trabajo_cuidado_mercado,0,0,33,7315,8214,TRUE,0.9557094329762216,TRUE,1,TRUE,14,19,0.8920382165605095,1,1,1,TRUE,TRUE,TRUE,TRUE,TRUE,concordancia_estable_panel,CONSENSO_PANEL_2859,care,consenso_clasificaciones_panel_ENOE,Misma categoria en ambas mediciones; destino historico oficial; empleo continuo
1412,trabajo_cuidado_mercado,0,0,73,18590,19549,TRUE,0.9960885173873439,TRUE,1,TRUE,33,40,1,0.9931877566256065,1,1,TRUE,TRUE,TRUE,TRUE,TRUE,concordancia_estable_panel,CONSENSO_PANEL_2860,care,consenso_clasificaciones_panel_ENOE,Misma categoria en ambas mediciones; destino historico oficial; empleo continuo
1420,trabajo_cuidado_mercado,0,0,18,3455,3248,TRUE,1,TRUE,1,TRUE,12,6,1,1,1,1,TRUE,TRUE,TRUE,TRUE,TRUE,concordancia_estable_panel,CONSENSO_PANEL_2861,care,consenso_clasificaciones_panel_ENOE,Misma categoria en ambas mediciones; destino historico oficial; empleo continuo
1423,trabajo_cuidado_mercado,0,0,87,27579,26962,TRUE,1,TRUE,1,TRUE,50,37,1,1,1,1,TRUE,TRUE,TRUE,TRUE,TRUE,concordancia_estable_panel,CONSENSO_PANEL_2862,care,consenso_clasificaciones_panel_ENOE,Misma categoria en ambas mediciones; destino historico oficial; empleo continuo
1431,trabajo_cuidado_mercado,0,0,22,7753,9218,TRUE,1,TRUE,1,TRUE,7,15,1,1,1,1,TRUE,TRUE,TRUE,TRUE,TRUE,concordancia_estable_panel,CONSENSO_PANEL_2863,care,consenso_clasificaciones_panel_ENOE,Misma categoria en ambas mediciones; destino historico oficial; empleo continuo
1432,trabajo_cuidado_mercado,0,0,12,2836,2752,TRUE,1,TRUE,1,TRUE,7,5,1,1,1,1,TRUE,TRUE,TRUE,TRUE,TRUE,concordancia_estable_panel,CONSENSO_PANEL_2864,care,consenso_clasificaciones_panel_ENOE,Misma categoria en ambas mediciones; destino historico oficial; empleo continuo
2101,trabajo_cuidado_mercado,0,0,26,7465,7393,TRUE,1,TRUE,1,TRUE,11,15,1,1,1,1,TRUE,TRUE,TRUE,TRUE,TRUE,concordancia_estable_panel,CONSENSO_PANEL_2865,care,consenso_clasificaciones_panel_ENOE,Misma categoria en ambas mediciones; destino historico oficial; empleo continuo
2110,trabajo_cuidado_mercado,0,0,22,3423,3279,TRUE,1,TRUE,1,TRUE,10,12,1,1,1,1,TRUE,TRUE,TRUE,TRUE,TRUE,concordancia_estable_panel,CONSENSO_PANEL_2866,care,consenso_clasificaciones_panel_ENOE,Misma categoria en ambas mediciones; destino historico oficial; empleo continuo
2111,trabajo_cuidado_mercado,0,0,41,11356,11134,TRUE,1,TRUE,1,TRUE,23,18,1,1,1,1,TRUE,TRUE,TRUE,TRUE,TRUE,concordancia_estable_panel,CONSENSO_PANEL_2867,care,consenso_clasificaciones_panel_ENOE,Misma categoria en ambas mediciones; destino historico oficial; empleo continuo
2121,trabajo_cuidado_mercado,0,0,179,46216,46802,TRUE,1,TRUE,1,TRUE,87,92,1,1,1,1,TRUE,TRUE,TRUE,TRUE,TRUE,concordancia_estable_panel,CONSENSO_PANEL_2868,care,consenso_clasificaciones_panel_ENOE,Misma categoria en ambas mediciones; destino historico oficial; empleo continuo
2122,trabajo_cuidado_mercado,0,0,111,38197,36681,TRUE,0.9850934880722115,TRUE,1,TRUE,58,53,0.97634346989727006,1,1,1,TRUE,TRUE,TRUE,TRUE,TRUE,concordancia_estable_panel,CONSENSO_PANEL_2869,care,consenso_clasificaciones_panel_ENOE,Misma categoria en ambas mediciones; destino historico oficial; empleo continuo
2123,trabajo_cuidado_mercado,0,0,21,7654,7274,TRUE,1,TRUE,1,TRUE,10,11,1,1,1,1,TRUE,TRUE,TRUE,TRUE,TRUE,concordancia_estable_panel,CONSENSO_PANEL_2870,care,consenso_clasificaciones_panel_ENOE,Misma categoria en ambas mediciones; destino historico oficial; empleo continuo
2124,trabajo_cuidado_mercado,0,0,93,28754,28913,TRUE,1,TRUE,1,TRUE,50,43,1,1,1,1,TRUE,TRUE,TRUE,TRUE,TRUE,concordancia_estable_panel,CONSENSO_PANEL_2871,care,consenso_clasificaciones_panel_ENOE,Misma categoria en ambas mediciones; destino historico oficial; empleo continuo
2125,trabajo_cuidado_mercado,0,0,11,3129,2622,TRUE,0.9038128249566725,TRUE,1,TRUE,6,5,1,0.8628500823723229,1,1,TRUE,TRUE,TRUE,TRUE,TRUE,concordancia_estable_panel,CONSENSO_PANEL_2872,care,consenso_clasificaciones_panel_ENOE,Misma categoria en ambas mediciones; destino historico oficial; empleo continuo
2125,trabajo_cuidado_mercado,1,1,122,33508,32136,TRUE,1,TRUE,0.9895307303855154,TRUE,67,55,1,1,1,0.9715242881072027,TRUE,TRUE,TRUE,TRUE,TRUE,concordancia_estable_panel,CONSENSO_PANEL_2873,care,consenso_clasificaciones_panel_ENOE,Misma categoria en ambas mediciones; destino historico oficial; empleo continuo
2127,trabajo_cuidado_mercado,0,0,78,15844,15327,TRUE,0.9795363214837712,TRUE,1,TRUE,33,45,1,0.9582228953679162,1,1,TRUE,TRUE,TRUE,TRUE,TRUE,concordancia_estable_panel,CONSENSO_PANEL_2874,care,consenso_clasificaciones_panel_ENOE,Misma categoria en ambas mediciones; destino historico oficial; empleo continuo
4100,trabajo_cuidado_mercado,0,0,2771,1183858,1193453,TRUE,1,TRUE,1,TRUE,1385,1386,1,1,1,1,TRUE,TRUE,TRUE,TRUE,TRUE,concordancia_estable_panel,CONSENSO_PANEL_2875,care,consenso_clasificaciones_panel_ENOE,Misma categoria en ambas mediciones; destino historico oficial; empleo continuo
4101,trabajo_cuidado_mercado,0,0,71,22568,22677,TRUE,1,TRUE,1,TRUE,38,33,1,1,1,1,TRUE,TRUE,TRUE,TRUE,TRUE,concordancia_estable_panel,CONSENSO_PANEL_2876,care,consenso_clasificaciones_panel_ENOE,Misma categoria en ambas mediciones; destino historico oficial; empleo continuo
4103,trabajo_cuidado_mercado,0,0,357,106164,106289,TRUE,0.9968169910706741,TRUE,1,TRUE,174,183,1,0.9943547984213419,1,1,TRUE,TRUE,TRUE,TRUE,TRUE,concordancia_estable_panel,CONSENSO_PANEL_2877,care,consenso_clasificaciones_panel_ENOE,Misma categoria en ambas mediciones; destino historico oficial; empleo continuo
4104,trabajo_cuidado_mercado,0,0,143,104293,104552,TRUE,1,TRUE,1,TRUE,102,41,1,1,1,1,TRUE,TRUE,TRUE,TRUE,TRUE,concordancia_estable_panel,CONSENSO_PANEL_2878,care,consenso_clasificaciones_panel_ENOE,Misma categoria en ambas mediciones; destino historico oficial; empleo continuo
4106,trabajo_cuidado_mercado,0,0,318,96530,96624,TRUE,1,TRUE,1,TRUE,180,138,1,1,1,1,TRUE,TRUE,TRUE,TRUE,TRUE,concordancia_estable_panel,CONSENSO_PANEL_2879,care,consenso_clasificaciones_panel_ENOE,Misma categoria en ambas mediciones; destino historico oficial; empleo continuo
4107,trabajo_cuidado_mercado,0,0,43,23870,23538,TRUE,1,TRUE,1,TRUE,15,28,1,1,1,1,TRUE,TRUE,TRUE,TRUE,TRUE,concordancia_estable_panel,CONSENSO_PANEL_2880,care,consenso_clasificaciones_panel_ENOE,Misma categoria en ambas mediciones; destino historico oficial; empleo continuo
4108,trabajo_cuidado_mercado,0,0,152,58324,59197,TRUE,1,TRUE,1,TRUE,56,96,1,1,1,1,TRUE,TRUE,TRUE,TRUE,TRUE,concordancia_estable_panel,CONSENSO_PANEL_2881,care,consenso_clasificaciones_panel_ENOE,Misma categoria en ambas mediciones; destino historico oficial; empleo continuo
4109,trabajo_cuidado_mercado,0,0,45,8925,8948,TRUE,1,TRUE,1,TRUE,21,24,1,1,1,1,TRUE,TRUE,TRUE,TRUE,TRUE,concordancia_estable_panel,CONSENSO_PANEL_2882,care,consenso_clasificaciones_panel_ENOE,Misma categoria en ambas mediciones; destino historico oficial; empleo continuo
4110,trabajo_cuidado_mercado,0,0,301,84792,85142,TRUE,1,TRUE,1,TRUE,188,113,1,1,1,1,TRUE,TRUE,TRUE,TRUE,TRUE,concordancia_estable_panel,CONSENSO_PANEL_2883,care,consenso_clasificaciones_panel_ENOE,Misma categoria en ambas mediciones; destino historico oficial; empleo continuo
4111,trabajo_cuidado_mercado,0,0,30,10958,10819,TRUE,1,TRUE,1,TRUE,20,10,1,1,1,1,TRUE,TRUE,TRUE,TRUE,TRUE,concordancia_estable_panel,CONSENSO_PANEL_2884,care,consenso_clasificaciones_panel_ENOE,Misma categoria en ambas mediciones; destino historico oficial; empleo continuo
4112,trabajo_cuidado_mercado,0,0,55,13867,13895,TRUE,1,TRUE,1,TRUE,19,36,1,1,1,1,TRUE,TRUE,TRUE,TRUE,TRUE,concordancia_estable_panel,CONSENSO_PANEL_2885,care,consenso_clasificaciones_panel_ENOE,Misma categoria en ambas mediciones; destino historico oficial; empleo continuo
4113,trabajo_cuidado_mercado,0,0,67,21901,21987,TRUE,1,TRUE,1,TRUE,36,31,1,1,1,1,TRUE,TRUE,TRUE,TRUE,TRUE,concordancia_estable_panel,CONSENSO_PANEL_2886,care,consenso_clasificaciones_panel_ENOE,Misma categoria en ambas mediciones; destino historico oficial; empleo continuo
4120,trabajo_cuidado_mercado,0,0,201,48811,48618,TRUE,1,TRUE,1,TRUE,129,72,1,1,1,1,TRUE,TRUE,TRUE,TRUE,TRUE,concordancia_estable_panel,CONSENSO_PANEL_2887,care,consenso_clasificaciones_panel_ENOE,Misma categoria en ambas mediciones; destino historico oficial; empleo continuo
4132,trabajo_cuidado_mercado,0,0,36,8233,8274,TRUE,1,TRUE,1,TRUE,26,10,1,1,1,1,TRUE,TRUE,TRUE,TRUE,TRUE,concordancia_estable_panel,CONSENSO_PANEL_2888,care,consenso_clasificaciones_panel_ENOE,Misma categoria en ambas mediciones; destino historico oficial; empleo continuo
4135,trabajo_cuidado_mercado,0,0,18,5040,5124,TRUE,1,TRUE,1,TRUE,11,7,1,1,1,1,TRUE,TRUE,TRUE,TRUE,TRUE,concordancia_estable_panel,CONSENSO_PANEL_2889,care,consenso_clasificaciones_panel_ENOE,Misma categoria en ambas mediciones; destino historico oficial; empleo continuo
4150,trabajo_cuidado_mercado,0,0,139,32718,33041,TRUE,1,TRUE,1,TRUE,72,67,1,1,1,1,TRUE,TRUE,TRUE,TRUE,TRUE,concordancia_estable_panel,CONSENSO_PANEL_2890,care,consenso_clasificaciones_panel_ENOE,Misma categoria en ambas mediciones; destino historico oficial; empleo continuo
4170,trabajo_cuidado_mercado,0,0,26,5905,5987,TRUE,1,TRUE,1,TRUE,14,12,1,1,1,1,TRUE,TRUE,TRUE,TRUE,TRUE,concordancia_estable_panel,CONSENSO_PANEL_2891,care,consenso_clasificaciones_panel_ENOE,Misma categoria en ambas mediciones; destino historico oficial; empleo continuo
5100,trabajo_cuidado_mercado,0,0,45,11711,11834,TRUE,1,TRUE,1,TRUE,27,18,1,1,1,1,TRUE,TRUE,TRUE,TRUE,TRUE,concordancia_estable_panel,CONSENSO_PANEL_2892,care,consenso_clasificaciones_panel_ENOE,Misma categoria en ambas mediciones; destino historico oficial; empleo continuo
5101,trabajo_cuidado_mercado,0,0,43,13637,13399,TRUE,1,TRUE,1,TRUE,24,19,1,1,1,1,TRUE,TRUE,TRUE,TRUE,TRUE,concordancia_estable_panel,CONSENSO_PANEL_2893,care,consenso_clasificaciones_panel_ENOE,Misma categoria en ambas mediciones; destino historico oficial; empleo continuo
5111,trabajo_cuidado_mercado,0,0,21,3746,3553,TRUE,0.9860489602526981,TRUE,1,TRUE,12,9,0.9820945945945946,1,1,1,TRUE,TRUE,TRUE,TRUE,TRUE,concordancia_estable_panel,CONSENSO_PANEL_2894,care,consenso_clasificaciones_panel_ENOE,Misma categoria en ambas mediciones; destino historico oficial; empleo continuo
5120,trabajo_cuidado_mercado,0,0,16,2290,2321,TRUE,1,TRUE,1,TRUE,9,7,1,1,1,1,TRUE,TRUE,TRUE,TRUE,TRUE,concordancia_estable_panel,CONSENSO_PANEL_2895,care,consenso_clasificaciones_panel_ENOE,Misma categoria en ambas mediciones; destino historico oficial; empleo continuo
5121,trabajo_cuidado_mercado,0,0,48,9761,9799,TRUE,1,TRUE,1,TRUE,29,19,1,1,1,1,TRUE,TRUE,TRUE,TRUE,TRUE,concordancia_estable_panel,CONSENSO_PANEL_2896,care,consenso_clasificaciones_panel_ENOE,Misma categoria en ambas mediciones; destino historico oficial; empleo continuo
5130,trabajo_cuidado_mercado,0,0,12,7397,6902,TRUE,1,TRUE,1,TRUE,7,5,1,1,1,1,TRUE,TRUE,TRUE,TRUE,TRUE,concordancia_estable_panel,CONSENSO_PANEL_2897,care,consenso_clasificaciones_panel_ENOE,Misma categoria en ambas mediciones; destino historico oficial; empleo continuo
5131,trabajo_cuidado_mercado,0,0,21,7171,7570,TRUE,1,TRUE,1,TRUE,8,13,1,1,1,1,TRUE,TRUE,TRUE,TRUE,TRUE,concordancia_estable_panel,CONSENSO_PANEL_2898,care,consenso_clasificaciones_panel_ENOE,Misma categoria en ambas mediciones; destino historico oficial; empleo continuo
5140,trabajo_cuidado_mercado,0,0,62,17243,17218,TRUE,1,TRUE,1,TRUE,29,33,1,1,1,1,TRUE,TRUE,TRUE,TRUE,TRUE,concordancia_estable_panel,CONSENSO_PANEL_2899,care,consenso_clasificaciones_panel_ENOE,Misma categoria en ambas mediciones; destino historico oficial; empleo continuo
5141,trabajo_cuidado_mercado,0,0,239,60903,61035,TRUE,0.9985571641717631,TRUE,1,TRUE,121,118,0.9970320404721754,1,1,1,TRUE,TRUE,TRUE,TRUE,TRUE,concordancia_estable_panel,CONSENSO_PANEL_2900,care,consenso_clasificaciones_panel_ENOE,Misma categoria en ambas mediciones; destino historico oficial; empleo continuo
5151,trabajo_cuidado_mercado,0,0,12,3957,3883,TRUE,1,TRUE,1,TRUE,5,7,1,1,1,1,TRUE,TRUE,TRUE,TRUE,TRUE,concordancia_estable_panel,CONSENSO_PANEL_2901,care,consenso_clasificaciones_panel_ENOE,Misma categoria en ambas mediciones; destino historico oficial; empleo continuo
5160,trabajo_cuidado_mercado,0,0,42,11817,11828,TRUE,1,TRUE,1,TRUE,28,14,1,1,1,1,TRUE,TRUE,TRUE,TRUE,TRUE,concordancia_estable_panel,CONSENSO_PANEL_2902,care,consenso_clasificaciones_panel_ENOE,Misma categoria en ambas mediciones; destino historico oficial; empleo continuo
5161,trabajo_cuidado_mercado,0,0,73,16338,15680,TRUE,1,TRUE,1,TRUE,29,44,1,1,1,1,TRUE,TRUE,TRUE,TRUE,TRUE,concordancia_estable_panel,CONSENSO_PANEL_2903,care,consenso_clasificaciones_panel_ENOE,Misma categoria en ambas mediciones; destino historico oficial; empleo continuo
5170,trabajo_cuidado_mercado,0,0,24,6628,6755,TRUE,0.9832369084705533,TRUE,1,TRUE,15,9,0.9757198109153417,1,1,1,TRUE,TRUE,TRUE,TRUE,TRUE,concordancia_estable_panel,CONSENSO_PANEL_2904,care,consenso_clasificaciones_panel_ENOE,Misma categoria en ambas mediciones; destino historico oficial; empleo continuo
5171,trabajo_cuidado_mercado,0,0,28,7905,7710,TRUE,1,TRUE,1,TRUE,16,12,1,1,1,1,TRUE,TRUE,TRUE,TRUE,TRUE,concordancia_estable_panel,CONSENSO_PANEL_2905,care,consenso_clasificaciones_panel_ENOE,Misma categoria en ambas mediciones; destino historico oficial; empleo continuo
5181,trabajo_cuidado_mercado,0,0,40,12392,13974,TRUE,1,TRUE,1,TRUE,24,16,1,1,1,1,TRUE,TRUE,TRUE,TRUE,TRUE,concordancia_estable_panel,CONSENSO_PANEL_2906,care,consenso_clasificaciones_panel_ENOE,Misma categoria en ambas mediciones; destino historico oficial; empleo continuo
5200,trabajo_cuidado_mercado,0,0,170,62573,61780,TRUE,1,TRUE,1,TRUE,88,82,1,1,1,1,TRUE,TRUE,TRUE,TRUE,TRUE,concordancia_estable_panel,CONSENSO_PANEL_2907,care,consenso_clasificaciones_panel_ENOE,Misma categoria en ambas mediciones; destino historico oficial; empleo continuo
5201,trabajo_cuidado_mercado,0,0,24,7457,7465,TRUE,1,TRUE,1,TRUE,8,16,1,1,1,1,TRUE,TRUE,TRUE,TRUE,TRUE,concordancia_estable_panel,CONSENSO_PANEL_2908,care,consenso_clasificaciones_panel_ENOE,Misma categoria en ambas mediciones; destino historico oficial; empleo continuo
5202,trabajo_cuidado_mercado,0,0,529,164389,165830,TRUE,1,TRUE,1,TRUE,276,253,1,1,1,1,TRUE,TRUE,TRUE,TRUE,TRUE,concordancia_estable_panel,CONSENSO_PANEL_2909,care,consenso_clasificaciones_panel_ENOE,Misma categoria en ambas mediciones; destino historico oficial; empleo continuo
5203,trabajo_cuidado_mercado,0,0,17,6823,6740,TRUE,1,TRUE,1,TRUE,10,7,1,1,1,1,TRUE,TRUE,TRUE,TRUE,TRUE,concordancia_estable_panel,CONSENSO_PANEL_2910,care,consenso_clasificaciones_panel_ENOE,Misma categoria en ambas mediciones; destino historico oficial; empleo continuo
5204,trabajo_cuidado_mercado,0,0,73,18849,19367,TRUE,1,TRUE,1,TRUE,35,38,1,1,1,1,TRUE,TRUE,TRUE,TRUE,TRUE,concordancia_estable_panel,CONSENSO_PANEL_2911,care,consenso_clasificaciones_panel_ENOE,Misma categoria en ambas mediciones; destino historico oficial; empleo continuo
5206,trabajo_cuidado_mercado,0,0,15,3560,3496,TRUE,1,TRUE,1,TRUE,9,6,1,1,1,1,TRUE,TRUE,TRUE,TRUE,TRUE,concordancia_estable_panel,CONSENSO_PANEL_2912,care,consenso_clasificaciones_panel_ENOE,Misma categoria en ambas mediciones; destino historico oficial; empleo continuo
5208,trabajo_cuidado_mercado,0,0,377,111173,112970,TRUE,1,TRUE,1,TRUE,194,183,1,1,1,1,TRUE,TRUE,TRUE,TRUE,TRUE,concordancia_estable_panel,CONSENSO_PANEL_2913,care,consenso_clasificaciones_panel_ENOE,Misma categoria en ambas mediciones; destino historico oficial; empleo continuo
5208,trabajo_cuidado_mercado,1,1,38,7131,7127,TRUE,1,TRUE,1,TRUE,14,24,1,1,1,1,TRUE,TRUE,TRUE,TRUE,TRUE,concordancia_estable_panel,CONSENSO_PANEL_2914,care,consenso_clasificaciones_panel_ENOE,Misma categoria en ambas mediciones; destino historico oficial; empleo continuo
5210,trabajo_cuidado_mercado,0,0,14,2644,2619,TRUE,1,TRUE,1,TRUE,6,8,1,1,1,1,TRUE,TRUE,TRUE,TRUE,TRUE,concordancia_estable_panel,CONSENSO_PANEL_2915,care,consenso_clasificaciones_panel_ENOE,Misma categoria en ambas mediciones; destino historico oficial; empleo continuo
5221,trabajo_cuidado_mercado,0,0,116,34299,34586,TRUE,1,TRUE,1,TRUE,61,55,1,1,1,1,TRUE,TRUE,TRUE,TRUE,TRUE,concordancia_estable_panel,CONSENSO_PANEL_2916,care,consenso_clasificaciones_panel_ENOE,Misma categoria en ambas mediciones; destino historico oficial; empleo continuo
5222,trabajo_cuidado_mercado,0,0,281,70466,71495,TRUE,1,TRUE,1,TRUE,130,151,1,1,1,1,TRUE,TRUE,TRUE,TRUE,TRUE,concordancia_estable_panel,CONSENSO_PANEL_2917,care,consenso_clasificaciones_panel_ENOE,Misma categoria en ambas mediciones; destino historico oficial; empleo continuo
5223,trabajo_cuidado_mercado,0,0,16,3070,3180,TRUE,1,TRUE,1,TRUE,6,10,1,1,1,1,TRUE,TRUE,TRUE,TRUE,TRUE,concordancia_estable_panel,CONSENSO_PANEL_2918,care,consenso_clasificaciones_panel_ENOE,Misma categoria en ambas mediciones; destino historico oficial; empleo continuo
5224,trabajo_cuidado_mercado,0,0,36,10115,9902,TRUE,1,TRUE,1,TRUE,20,16,1,1,1,1,TRUE,TRUE,TRUE,TRUE,TRUE,concordancia_estable_panel,CONSENSO_PANEL_2919,care,consenso_clasificaciones_panel_ENOE,Misma categoria en ambas mediciones; destino historico oficial; empleo continuo
5225,trabajo_cuidado_mercado,0,0,22,4560,4288,TRUE,1,TRUE,1,TRUE,12,10,1,1,1,1,TRUE,TRUE,TRUE,TRUE,TRUE,concordancia_estable_panel,CONSENSO_PANEL_2920,care,consenso_clasificaciones_panel_ENOE,Misma categoria en ambas mediciones; destino historico oficial; empleo continuo
5227,trabajo_cuidado_mercado,0,0,73,22002,21993,TRUE,1,TRUE,1,TRUE,33,40,1,1,1,1,TRUE,TRUE,TRUE,TRUE,TRUE,concordancia_estable_panel,CONSENSO_PANEL_2921,care,consenso_clasificaciones_panel_ENOE,Misma categoria en ambas mediciones; destino historico oficial; empleo continuo
5230,trabajo_cuidado_mercado,0,0,193,60015,60076,TRUE,0.9993672256173713,TRUE,1,TRUE,100,93,0.9987436355220525,1,1,1,TRUE,TRUE,TRUE,TRUE,TRUE,concordancia_estable_panel,CONSENSO_PANEL_2922,care,consenso_clasificaciones_panel_ENOE,Misma categoria en ambas mediciones; destino historico oficial; empleo continuo
5231,trabajo_cuidado_mercado,0,0,41,15719,15454,TRUE,1,TRUE,1,TRUE,24,17,1,1,1,1,TRUE,TRUE,TRUE,TRUE,TRUE,concordancia_estable_panel,CONSENSO_PANEL_2923,care,consenso_clasificaciones_panel_ENOE,Misma categoria en ambas mediciones; destino historico oficial; empleo continuo
5232,trabajo_cuidado_mercado,0,0,11,3349,3306,TRUE,1,TRUE,1,TRUE,5,6,1,1,1,1,TRUE,TRUE,TRUE,TRUE,TRUE,concordancia_estable_panel,CONSENSO_PANEL_2924,care,consenso_clasificaciones_panel_ENOE,Misma categoria en ambas mediciones; destino historico oficial; empleo continuo
5233,trabajo_cuidado_mercado,0,0,31,5042,5093,TRUE,1,TRUE,1,TRUE,13,18,1,1,1,1,TRUE,TRUE,TRUE,TRUE,TRUE,concordancia_estable_panel,CONSENSO_PANEL_2925,care,consenso_clasificaciones_panel_ENOE,Misma categoria en ambas mediciones; destino historico oficial; empleo continuo
5240,trabajo_cuidado_mercado,0,0,30,9933,9901,TRUE,1,TRUE,1,TRUE,16,14,1,1,1,1,TRUE,TRUE,TRUE,TRUE,TRUE,concordancia_estable_panel,CONSENSO_PANEL_2926,care,consenso_clasificaciones_panel_ENOE,Misma categoria en ambas mediciones; destino historico oficial; empleo continuo
5241,trabajo_cuidado_mercado,0,0,88,25717,26884,TRUE,0.9901436106726216,TRUE,1,TRUE,40,48,1,0.9804161566707467,1,1,TRUE,TRUE,TRUE,TRUE,TRUE,concordancia_estable_panel,CONSENSO_PANEL_2927,care,consenso_clasificaciones_panel_ENOE,Misma categoria en ambas mediciones; destino historico oficial; empleo continuo
5242,trabajo_cuidado_mercado,0,0,148,37822,38313,TRUE,1,TRUE,1,TRUE,67,81,1,1,1,1,TRUE,TRUE,TRUE,TRUE,TRUE,concordancia_estable_panel,CONSENSO_PANEL_2928,care,consenso_clasificaciones_panel_ENOE,Misma categoria en ambas mediciones; destino historico oficial; empleo continuo
5243,trabajo_cuidado_mercado,0,0,13,3302,3441,TRUE,1,TRUE,1,TRUE,8,5,1,1,1,1,TRUE,TRUE,TRUE,TRUE,TRUE,concordancia_estable_panel,CONSENSO_PANEL_2929,care,consenso_clasificaciones_panel_ENOE,Misma categoria en ambas mediciones; destino historico oficial; empleo continuo
5244,trabajo_cuidado_mercado,0,0,30,6999,7360,TRUE,1,TRUE,1,TRUE,18,12,1,1,1,1,TRUE,TRUE,TRUE,TRUE,TRUE,concordancia_estable_panel,CONSENSO_PANEL_2930,care,consenso_clasificaciones_panel_ENOE,Misma categoria en ambas mediciones; destino historico oficial; empleo continuo
5245,trabajo_cuidado_mercado,0,0,407,110395,111949,TRUE,0.9985708212350637,TRUE,1,TRUE,195,212,0.9978766967467961,0.9992042210881411,1,1,TRUE,TRUE,TRUE,TRUE,TRUE,concordancia_estable_panel,CONSENSO_PANEL_2931,care,consenso_clasificaciones_panel_ENOE,Misma categoria en ambas mediciones; destino historico oficial; empleo continuo
5246,trabajo_cuidado_mercado,0,0,205,57015,57451,TRUE,1,TRUE,1,TRUE,99,106,1,1,1,1,TRUE,TRUE,TRUE,TRUE,TRUE,concordancia_estable_panel,CONSENSO_PANEL_2932,care,consenso_clasificaciones_panel_ENOE,Misma categoria en ambas mediciones; destino historico oficial; empleo continuo
5248,trabajo_cuidado_mercado,0,0,126,36585,36845,TRUE,1,TRUE,1,TRUE,64,62,1,1,1,1,TRUE,TRUE,TRUE,TRUE,TRUE,concordancia_estable_panel,CONSENSO_PANEL_2933,care,consenso_clasificaciones_panel_ENOE,Misma categoria en ambas mediciones; destino historico oficial; empleo continuo
5251,trabajo_cuidado_mercado,0,0,60,19165,19965,TRUE,1,TRUE,1,TRUE,36,24,1,1,1,1,TRUE,TRUE,TRUE,TRUE,TRUE,concordancia_estable_panel,CONSENSO_PANEL_2934,care,consenso_clasificaciones_panel_ENOE,Misma categoria en ambas mediciones; destino historico oficial; empleo continuo
5260,trabajo_cuidado_mercado,0,0,584,164637,163853,TRUE,1,TRUE,1,TRUE,299,285,1,1,1,1,TRUE,TRUE,TRUE,TRUE,TRUE,concordancia_estable_panel,CONSENSO_PANEL_2935,care,consenso_clasificaciones_panel_ENOE,Misma categoria en ambas mediciones; destino historico oficial; empleo continuo
5261,trabajo_cuidado_mercado,0,0,138,32398,32602,TRUE,1,TRUE,1,TRUE,62,76,1,1,1,1,TRUE,TRUE,TRUE,TRUE,TRUE,concordancia_estable_panel,CONSENSO_PANEL_2936,care,consenso_clasificaciones_panel_ENOE,Misma categoria en ambas mediciones; destino historico oficial; empleo continuo
5262,trabajo_cuidado_mercado,0,0,24,5147,4947,TRUE,1,TRUE,1,TRUE,9,15,1,1,1,1,TRUE,TRUE,TRUE,TRUE,TRUE,concordancia_estable_panel,CONSENSO_PANEL_2937,care,consenso_clasificaciones_panel_ENOE,Misma categoria en ambas mediciones; destino historico oficial; empleo continuo
5264,trabajo_cuidado_mercado,0,0,15,1934,1919,TRUE,1,TRUE,1,TRUE,9,6,1,1,1,1,TRUE,TRUE,TRUE,TRUE,TRUE,concordancia_estable_panel,CONSENSO_PANEL_2938,care,consenso_clasificaciones_panel_ENOE,Misma categoria en ambas mediciones; destino historico oficial; empleo continuo
5266,trabajo_cuidado_mercado,0,0,30,12195,11879,TRUE,1,TRUE,1,TRUE,13,17,1,1,1,1,TRUE,TRUE,TRUE,TRUE,TRUE,concordancia_estable_panel,CONSENSO_PANEL_2939,care,consenso_clasificaciones_panel_ENOE,Misma categoria en ambas mediciones; destino historico oficial; empleo continuo
5267,trabajo_cuidado_mercado,0,0,155,37966,38166,TRUE,1,TRUE,1,TRUE,75,80,1,1,1,1,TRUE,TRUE,TRUE,TRUE,TRUE,concordancia_estable_panel,CONSENSO_PANEL_2940,care,consenso_clasificaciones_panel_ENOE,Misma categoria en ambas mediciones; destino historico oficial; empleo continuo
5270,trabajo_cuidado_mercado,0,0,233,59965,58788,TRUE,1,TRUE,1,TRUE,99,134,1,1,1,1,TRUE,TRUE,TRUE,TRUE,TRUE,concordancia_estable_panel,CONSENSO_PANEL_2941,care,consenso_clasificaciones_panel_ENOE,Misma categoria en ambas mediciones; destino historico oficial; empleo continuo
5270,trabajo_cuidado_mercado,1,1,24,3804,3924,TRUE,1,TRUE,1,TRUE,12,12,1,1,1,1,TRUE,TRUE,TRUE,TRUE,TRUE,concordancia_estable_panel,CONSENSO_PANEL_2942,care,consenso_clasificaciones_panel_ENOE,Misma categoria en ambas mediciones; destino historico oficial; empleo continuo
5271,trabajo_cuidado_mercado,0,0,58,17149,16991,TRUE,1,TRUE,1,TRUE,26,32,1,1,1,1,TRUE,TRUE,TRUE,TRUE,TRUE,concordancia_estable_panel,CONSENSO_PANEL_2943,care,consenso_clasificaciones_panel_ENOE,Misma categoria en ambas mediciones; destino historico oficial; empleo continuo
5272,trabajo_cuidado_mercado,0,0,51,15103,15450,TRUE,1,TRUE,1,TRUE,20,31,1,1,1,1,TRUE,TRUE,TRUE,TRUE,TRUE,concordancia_estable_panel,CONSENSO_PANEL_2944,care,consenso_clasificaciones_panel_ENOE,Misma categoria en ambas mediciones; destino historico oficial; empleo continuo
5280,trabajo_cuidado_mercado,0,0,78,27703,27805,TRUE,1,TRUE,1,TRUE,40,38,1,1,1,1,TRUE,TRUE,TRUE,TRUE,TRUE,concordancia_estable_panel,CONSENSO_PANEL_2945,care,consenso_clasificaciones_panel_ENOE,Misma categoria en ambas mediciones; destino historico oficial; empleo continuo
5281,trabajo_cuidado_mercado,0,0,38,6438,6142,TRUE,1,TRUE,1,TRUE,7,31,1,1,1,1,TRUE,TRUE,TRUE,TRUE,TRUE,concordancia_estable_panel,CONSENSO_PANEL_2946,care,consenso_clasificaciones_panel_ENOE,Misma categoria en ambas mediciones; destino historico oficial; empleo continuo
5290,trabajo_cuidado_mercado,0,0,45,15846,15949,TRUE,1,TRUE,1,TRUE,19,26,1,1,1,1,TRUE,TRUE,TRUE,TRUE,TRUE,concordancia_estable_panel,CONSENSO_PANEL_2947,care,consenso_clasificaciones_panel_ENOE,Misma categoria en ambas mediciones; destino historico oficial; empleo continuo
5300,trabajo_cuidado_mercado,0,0,18,9187,9253,TRUE,1,TRUE,1,TRUE,8,10,1,1,1,1,TRUE,TRUE,TRUE,TRUE,TRUE,concordancia_estable_panel,CONSENSO_PANEL_2948,care,consenso_clasificaciones_panel_ENOE,Misma categoria en ambas mediciones; destino historico oficial; empleo continuo
5302,trabajo_cuidado_mercado,0,0,55,15733,16057,TRUE,1,TRUE,1,TRUE,35,20,1,1,1,1,TRUE,TRUE,TRUE,TRUE,TRUE,concordancia_estable_panel,CONSENSO_PANEL_2949,care,consenso_clasificaciones_panel_ENOE,Misma categoria en ambas mediciones; destino historico oficial; empleo continuo
5304,trabajo_cuidado_mercado,0,0,24,6551,6795,TRUE,1,TRUE,1,TRUE,14,10,1,1,1,1,TRUE,TRUE,TRUE,TRUE,TRUE,concordancia_estable_panel,CONSENSO_PANEL_2950,care,consenso_clasificaciones_panel_ENOE,Misma categoria en ambas mediciones; destino historico oficial; empleo continuo
5306,trabajo_cuidado_mercado,0,0,31,9851,9855,TRUE,1,TRUE,1,TRUE,13,18,1,1,1,1,TRUE,TRUE,TRUE,TRUE,TRUE,concordancia_estable_panel,CONSENSO_PANEL_2951,care,consenso_clasificaciones_panel_ENOE,Misma categoria en ambas mediciones; destino historico oficial; empleo continuo
5310,trabajo_cuidado_mercado,0,0,24,4919,4982,TRUE,1,TRUE,1,TRUE,10,14,1,1,1,1,TRUE,TRUE,TRUE,TRUE,TRUE,concordancia_estable_panel,CONSENSO_PANEL_2952,care,consenso_clasificaciones_panel_ENOE,Misma categoria en ambas mediciones; destino historico oficial; empleo continuo
5320,trabajo_cuidado_mercado,0,0,24,5501,5479,TRUE,1,TRUE,1,TRUE,14,10,1,1,1,1,TRUE,TRUE,TRUE,TRUE,TRUE,concordancia_estable_panel,CONSENSO_PANEL_2953,care,consenso_clasificaciones_panel_ENOE,Misma categoria en ambas mediciones; destino historico oficial; empleo continuo
5321,trabajo_cuidado_mercado,0,0,35,17049,17139,TRUE,1,TRUE,1,TRUE,21,14,1,1,1,1,TRUE,TRUE,TRUE,TRUE,TRUE,concordancia_estable_panel,CONSENSO_PANEL_2954,care,consenso_clasificaciones_panel_ENOE,Misma categoria en ambas mediciones; destino historico oficial; empleo continuo
5322,trabajo_cuidado_mercado,0,0,288,73288,73826,TRUE,1,TRUE,1,TRUE,145,143,1,1,1,1,TRUE,TRUE,TRUE,TRUE,TRUE,concordancia_estable_panel,CONSENSO_PANEL_2955,care,consenso_clasificaciones_panel_ENOE,Misma categoria en ambas mediciones; destino historico oficial; empleo continuo
5323,trabajo_cuidado_mercado,0,0,168,24226,24426,TRUE,1,TRUE,1,TRUE,73,95,1,1,1,1,TRUE,TRUE,TRUE,TRUE,TRUE,concordancia_estable_panel,CONSENSO_PANEL_2956,care,consenso_clasificaciones_panel_ENOE,Misma categoria en ambas mediciones; destino historico oficial; empleo continuo
5324,trabajo_cuidado_mercado,0,0,19,4849,4873,TRUE,1,TRUE,1,TRUE,11,8,1,1,1,1,TRUE,TRUE,TRUE,TRUE,TRUE,concordancia_estable_panel,CONSENSO_PANEL_2957,care,consenso_clasificaciones_panel_ENOE,Misma categoria en ambas mediciones; destino historico oficial; empleo continuo
5330,trabajo_cuidado_mercado,0,0,22,4402,4214,TRUE,1,TRUE,1,TRUE,10,12,1,1,1,1,TRUE,TRUE,TRUE,TRUE,TRUE,concordancia_estable_panel,CONSENSO_PANEL_2958,care,consenso_clasificaciones_panel_ENOE,Misma categoria en ambas mediciones; destino historico oficial; empleo continuo
5331,trabajo_cuidado_mercado,0,0,15,6680,6888,TRUE,1,TRUE,1,TRUE,6,9,1,1,1,1,TRUE,TRUE,TRUE,TRUE,TRUE,concordancia_estable_panel,CONSENSO_PANEL_2959,care,consenso_clasificaciones_panel_ENOE,Misma categoria en ambas mediciones; destino historico oficial; empleo continuo
5332,trabajo_cuidado_mercado,0,0,17,5536,5453,TRUE,1,TRUE,1,TRUE,11,6,1,1,1,1,TRUE,TRUE,TRUE,TRUE,TRUE,concordancia_estable_panel,CONSENSO_PANEL_2960,care,consenso_clasificaciones_panel_ENOE,Misma categoria en ambas mediciones; destino historico oficial; empleo continuo
5333,trabajo_cuidado_mercado,0,0,18,6690,6975,TRUE,1,TRUE,1,TRUE,11,7,1,1,1,1,TRUE,TRUE,TRUE,TRUE,TRUE,concordancia_estable_panel,CONSENSO_PANEL_2961,care,consenso_clasificaciones_panel_ENOE,Misma categoria en ambas mediciones; destino historico oficial; empleo continuo
5334,trabajo_cuidado_mercado,0,0,16,4808,4900,TRUE,1,TRUE,1,TRUE,8,8,1,1,1,1,TRUE,TRUE,TRUE,TRUE,TRUE,concordancia_estable_panel,CONSENSO_PANEL_2962,care,consenso_clasificaciones_panel_ENOE,Misma categoria en ambas mediciones; destino historico oficial; empleo continuo
5340,trabajo_cuidado_mercado,0,0,27,6276,6306,TRUE,1,TRUE,1,TRUE,11,16,1,1,1,1,TRUE,TRUE,TRUE,TRUE,TRUE,concordancia_estable_panel,CONSENSO_PANEL_2963,care,consenso_clasificaciones_panel_ENOE,Misma categoria en ambas mediciones; destino historico oficial; empleo continuo
5342,trabajo_cuidado_mercado,0,0,45,12528,12621,TRUE,1,TRUE,1,TRUE,24,21,1,1,1,1,TRUE,TRUE,TRUE,TRUE,TRUE,concordancia_estable_panel,CONSENSO_PANEL_2964,care,consenso_clasificaciones_panel_ENOE,Misma categoria en ambas mediciones; destino historico oficial; empleo continuo
5343,trabajo_cuidado_mercado,0,0,229,53112,53126,TRUE,0.9957628707488094,TRUE,1,TRUE,111,118,1,0.9916345869114599,1,1,TRUE,TRUE,TRUE,TRUE,TRUE,concordancia_estable_panel,CONSENSO_PANEL_2965,care,consenso_clasificaciones_panel_ENOE,Misma categoria en ambas mediciones; destino historico oficial; empleo continuo
5344,trabajo_cuidado_mercado,0,0,277,58743,58877,TRUE,0.9975207593947936,TRUE,1,TRUE,142,135,1,0.9951026432309137,1,1,TRUE,TRUE,TRUE,TRUE,TRUE,concordancia_estable_panel,CONSENSO_PANEL_2966,care,consenso_clasificaciones_panel_ENOE,Misma categoria en ambas mediciones; destino historico oficial; empleo continuo
5345,trabajo_cuidado_mercado,0,0,392,118801,122641,TRUE,1,TRUE,1,TRUE,199,193,1,1,1,1,TRUE,TRUE,TRUE,TRUE,TRUE,concordancia_estable_panel,CONSENSO_PANEL_2967,care,consenso_clasificaciones_panel_ENOE,Misma categoria en ambas mediciones; destino historico oficial; empleo continuo
5350,trabajo_cuidado_mercado,0,0,15,3517,3589,TRUE,1,TRUE,1,TRUE,10,5,1,1,1,1,TRUE,TRUE,TRUE,TRUE,TRUE,concordancia_estable_panel,CONSENSO_PANEL_2968,care,consenso_clasificaciones_panel_ENOE,Misma categoria en ambas mediciones; destino historico oficial; empleo continuo
5353,trabajo_cuidado_mercado,0,0,15,7297,7283,TRUE,1,TRUE,1,TRUE,6,9,1,1,1,1,TRUE,TRUE,TRUE,TRUE,TRUE,concordancia_estable_panel,CONSENSO_PANEL_2969,care,consenso_clasificaciones_panel_ENOE,Misma categoria en ambas mediciones; destino historico oficial; empleo continuo
5370,trabajo_cuidado_mercado,0,0,21,2222,2333,TRUE,1,TRUE,1,TRUE,14,7,1,1,1,1,TRUE,TRUE,TRUE,TRUE,TRUE,concordancia_estable_panel,CONSENSO_PANEL_2970,care,consenso_clasificaciones_panel_ENOE,Misma categoria en ambas mediciones; destino historico oficial; empleo continuo
5371,trabajo_cuidado_mercado,0,0,17,6130,6133,TRUE,1,TRUE,1,TRUE,5,12,1,1,1,1,TRUE,TRUE,TRUE,TRUE,TRUE,concordancia_estable_panel,CONSENSO_PANEL_2971,care,consenso_clasificaciones_panel_ENOE,Misma categoria en ambas mediciones; destino historico oficial; empleo continuo
5380,trabajo_cuidado_mercado,0,0,43,13197,13431,TRUE,1,TRUE,1,TRUE,20,23,1,1,1,1,TRUE,TRUE,TRUE,TRUE,TRUE,concordancia_estable_panel,CONSENSO_PANEL_2972,care,consenso_clasificaciones_panel_ENOE,Misma categoria en ambas mediciones; destino historico oficial; empleo continuo
5381,trabajo_cuidado_mercado,0,0,12,3691,3750,TRUE,1,TRUE,1,TRUE,5,7,1,1,1,1,TRUE,TRUE,TRUE,TRUE,TRUE,concordancia_estable_panel,CONSENSO_PANEL_2973,care,consenso_clasificaciones_panel_ENOE,Misma categoria en ambas mediciones; destino historico oficial; empleo continuo
5382,trabajo_cuidado_mercado,0,0,23,14427,15198,TRUE,1,TRUE,1,TRUE,17,6,1,1,1,1,TRUE,TRUE,TRUE,TRUE,TRUE,concordancia_estable_panel,CONSENSO_PANEL_2974,care,consenso_clasificaciones_panel_ENOE,Misma categoria en ambas mediciones; destino historico oficial; empleo continuo
5383,trabajo_cuidado_mercado,0,0,144,46212,45729,TRUE,0.9974099974099974,TRUE,1,TRUE,80,64,1,0.9936295588469501,1,1,TRUE,TRUE,TRUE,TRUE,TRUE,concordancia_estable_panel,CONSENSO_PANEL_2975,care,consenso_clasificaciones_panel_ENOE,Misma categoria en ambas mediciones; destino historico oficial; empleo continuo
5390,trabajo_cuidado_mercado,0,0,12,3522,3596,TRUE,1,TRUE,1,TRUE,6,6,1,1,1,1,TRUE,TRUE,TRUE,TRUE,TRUE,concordancia_estable_panel,CONSENSO_PANEL_2976,care,consenso_clasificaciones_panel_ENOE,Misma categoria en ambas mediciones; destino historico oficial; empleo continuo
5400,trabajo_cuidado_mercado,0,0,320,94446,94902,TRUE,1,TRUE,1,TRUE,172,148,1,1,1,1,TRUE,TRUE,TRUE,TRUE,TRUE,concordancia_estable_panel,CONSENSO_PANEL_2977,care,consenso_clasificaciones_panel_ENOE,Misma categoria en ambas mediciones; destino historico oficial; empleo continuo
5401,trabajo_cuidado_mercado,0,0,106,37010,37219,TRUE,1,TRUE,1,TRUE,48,58,1,1,1,1,TRUE,TRUE,TRUE,TRUE,TRUE,concordancia_estable_panel,CONSENSO_PANEL_2978,care,consenso_clasificaciones_panel_ENOE,Misma categoria en ambas mediciones; destino historico oficial; empleo continuo
5410,trabajo_cuidado_mercado,0,0,19,2847,2864,TRUE,1,TRUE,1,TRUE,7,12,1,1,1,1,TRUE,TRUE,TRUE,TRUE,TRUE,concordancia_estable_panel,CONSENSO_PANEL_2979,care,consenso_clasificaciones_panel_ENOE,Misma categoria en ambas mediciones; destino historico oficial; empleo continuo
5420,trabajo_cuidado_mercado,0,0,99,22658,23274,TRUE,1,TRUE,1,TRUE,51,48,1,1,1,1,TRUE,TRUE,TRUE,TRUE,TRUE,concordancia_estable_panel,CONSENSO_PANEL_2980,care,consenso_clasificaciones_panel_ENOE,Misma categoria en ambas mediciones; destino historico oficial; empleo continuo
5421,trabajo_cuidado_mercado,0,0,31,8673,8565,TRUE,1,TRUE,1,TRUE,19,12,1,1,1,1,TRUE,TRUE,TRUE,TRUE,TRUE,concordancia_estable_panel,CONSENSO_PANEL_2981,care,consenso_clasificaciones_panel_ENOE,Misma categoria en ambas mediciones; destino historico oficial; empleo continuo
5430,trabajo_cuidado_mercado,0,0,71,18488,18765,TRUE,1,TRUE,1,TRUE,24,47,1,1,1,1,TRUE,TRUE,TRUE,TRUE,TRUE,concordancia_estable_panel,CONSENSO_PANEL_2982,care,consenso_clasificaciones_panel_ENOE,Misma categoria en ambas mediciones; destino historico oficial; empleo continuo
5440,trabajo_cuidado_mercado,0,0,346,101024,99256,TRUE,1,TRUE,1,TRUE,182,164,1,1,1,1,TRUE,TRUE,TRUE,TRUE,TRUE,concordancia_estable_panel,CONSENSO_PANEL_2983,care,consenso_clasificaciones_panel_ENOE,Misma categoria en ambas mediciones; destino historico oficial; empleo continuo
5441,trabajo_cuidado_mercado,0,0,58,17784,17874,TRUE,1,TRUE,1,TRUE,27,31,1,1,1,1,TRUE,TRUE,TRUE,TRUE,TRUE,concordancia_estable_panel,CONSENSO_PANEL_2984,care,consenso_clasificaciones_panel_ENOE,Misma categoria en ambas mediciones; destino historico oficial; empleo continuo
5450,trabajo_cuidado_mercado,0,0,38,9310,9238,TRUE,1,TRUE,1,TRUE,21,17,1,1,1,1,TRUE,TRUE,TRUE,TRUE,TRUE,concordancia_estable_panel,CONSENSO_PANEL_2985,care,consenso_clasificaciones_panel_ENOE,Misma categoria en ambas mediciones; destino historico oficial; empleo continuo
5460,trabajo_cuidado_mercado,0,0,826,261742,262497,TRUE,1,TRUE,1,TRUE,405,421,1,1,1,1,TRUE,TRUE,TRUE,TRUE,TRUE,concordancia_estable_panel,CONSENSO_PANEL_2986,care,consenso_clasificaciones_panel_ENOE,Misma categoria en ambas mediciones; destino historico oficial; empleo continuo
5470,trabajo_cuidado_mercado,0,0,47,12726,12764,TRUE,1,TRUE,1,TRUE,23,24,1,1,1,1,TRUE,TRUE,TRUE,TRUE,TRUE,concordancia_estable_panel,CONSENSO_PANEL_2987,care,consenso_clasificaciones_panel_ENOE,Misma categoria en ambas mediciones; destino historico oficial; empleo continuo
5480,trabajo_cuidado_mercado,0,0,28,7598,7788,TRUE,1,TRUE,1,TRUE,12,16,1,1,1,1,TRUE,TRUE,TRUE,TRUE,TRUE,concordancia_estable_panel,CONSENSO_PANEL_2988,care,consenso_clasificaciones_panel_ENOE,Misma categoria en ambas mediciones; destino historico oficial; empleo continuo
5481,trabajo_cuidado_mercado,0,0,59,22034,22153,TRUE,1,TRUE,1,TRUE,26,33,1,1,1,1,TRUE,TRUE,TRUE,TRUE,TRUE,concordancia_estable_panel,CONSENSO_PANEL_2989,care,consenso_clasificaciones_panel_ENOE,Misma categoria en ambas mediciones; destino historico oficial; empleo continuo
5500,trabajo_cuidado_mercado,0,0,35,11380,11448,TRUE,1,TRUE,1,TRUE,23,12,1,1,1,1,TRUE,TRUE,TRUE,TRUE,TRUE,concordancia_estable_panel,CONSENSO_PANEL_2990,care,consenso_clasificaciones_panel_ENOE,Misma categoria en ambas mediciones; destino historico oficial; empleo continuo
5501,trabajo_cuidado_mercado,0,0,73,17344,17405,TRUE,1,TRUE,1,TRUE,37,36,1,1,1,1,TRUE,TRUE,TRUE,TRUE,TRUE,concordancia_estable_panel,CONSENSO_PANEL_2991,care,consenso_clasificaciones_panel_ENOE,Misma categoria en ambas mediciones; destino historico oficial; empleo continuo
5502,trabajo_cuidado_mercado,0,0,129,33310,33478,TRUE,1,TRUE,1,TRUE,61,68,1,1,1,1,TRUE,TRUE,TRUE,TRUE,TRUE,concordancia_estable_panel,CONSENSO_PANEL_2992,care,consenso_clasificaciones_panel_ENOE,Misma categoria en ambas mediciones; destino historico oficial; empleo continuo
5520,trabajo_cuidado_mercado,0,0,1245,379500,378016,TRUE,0.9989076503954832,TRUE,1,TRUE,597,648,0.998786447751359,0.9990192361163772,1,1,TRUE,TRUE,TRUE,TRUE,TRUE,concordancia_estable_panel,CONSENSO_PANEL_2993,care,consenso_clasificaciones_panel_ENOE,Misma categoria en ambas mediciones; destino historico oficial; empleo continuo
5520,trabajo_cuidado_mercado,1,1,30,9237,8675,TRUE,1,TRUE,0.9545554577464789,TRUE,15,15,1,1,0.9574178495041804,0.9508238276299112,TRUE,TRUE,TRUE,TRUE,TRUE,concordancia_estable_panel,CONSENSO_PANEL_2994,care,consenso_clasificaciones_panel_ENOE,Misma categoria en ambas mediciones; destino historico oficial; empleo continuo
5521,trabajo_cuidado_mercado,0,0,478,151726,150917,TRUE,1,TRUE,1,TRUE,248,230,1,1,1,1,TRUE,TRUE,TRUE,TRUE,TRUE,concordancia_estable_panel,CONSENSO_PANEL_2995,care,consenso_clasificaciones_panel_ENOE,Misma categoria en ambas mediciones; destino historico oficial; empleo continuo
5550,trabajo_cuidado_mercado,0,0,43,15139,15279,TRUE,1,TRUE,1,TRUE,24,19,1,1,1,1,TRUE,TRUE,TRUE,TRUE,TRUE,concordancia_estable_panel,CONSENSO_PANEL_2996,care,consenso_clasificaciones_panel_ENOE,Misma categoria en ambas mediciones; destino historico oficial; empleo continuo
6100,trabajo_cuidado_mercado,0,0,55,8809,8540,TRUE,0.8107685227795675,TRUE,1,TRUE,20,35,0.6421780466724287,0.9358666025332693,1,1,TRUE,TRUE,TRUE,TRUE,TRUE,concordancia_estable_panel,CONSENSO_PANEL_2997,care,consenso_clasificaciones_panel_ENOE,Misma categoria en ambas mediciones; destino historico oficial; empleo continuo
6100,trabajo_cuidado_mercado,1,1,41,11952,12101,TRUE,1,TRUE,0.8515234677362606,TRUE,21,20,1,1,0.742078001218769,0.9454688112985484,TRUE,TRUE,TRUE,TRUE,TRUE,concordancia_estable_panel,CONSENSO_PANEL_2998,care,consenso_clasificaciones_panel_ENOE,Misma categoria en ambas mediciones; destino historico oficial; empleo continuo
6101,trabajo_cuidado_mercado,0,0,140,29590,31612,TRUE,0.9365109507532599,TRUE,1,TRUE,60,80,0.8525970987365465,0.9938212421433898,1,1,TRUE,TRUE,TRUE,TRUE,TRUE,concordancia_estable_panel,CONSENSO_PANEL_2999,care,consenso_clasificaciones_panel_ENOE,Misma categoria en ambas mediciones; destino historico oficial; empleo continuo
6101,trabajo_cuidado_mercado,1,1,57,14599,14592,TRUE,1,TRUE,0.8772921301028077,TRUE,31,26,1,1,0.7786146296930275,0.987166454891995,TRUE,TRUE,TRUE,TRUE,TRUE,concordancia_estable_panel,CONSENSO_PANEL_3000,care,consenso_clasificaciones_panel_ENOE,Misma categoria en ambas mediciones; destino historico oficial; empleo continuo
6102,trabajo_cuidado_mercado,0,0,120,20143,20745,TRUE,1,TRUE,1,TRUE,62,58,1,1,1,1,TRUE,TRUE,TRUE,TRUE,TRUE,concordancia_estable_panel,CONSENSO_PANEL_3001,care,consenso_clasificaciones_panel_ENOE,Misma categoria en ambas mediciones; destino historico oficial; empleo continuo
6110,trabajo_cuidado_mercado,0,0,125,37459,38210,TRUE,1,TRUE,1,TRUE,62,63,1,1,1,1,TRUE,TRUE,TRUE,TRUE,TRUE,concordancia_estable_panel,CONSENSO_PANEL_3002,care,consenso_clasificaciones_panel_ENOE,Misma categoria en ambas mediciones; destino historico oficial; empleo continuo
6111,trabajo_cuidado_mercado,0,0,365,90598,91289,TRUE,0.9797555964096464,TRUE,1,TRUE,217,148,0.9669415649778375,1,1,1,TRUE,TRUE,TRUE,TRUE,TRUE,concordancia_estable_panel,CONSENSO_PANEL_3003,care,consenso_clasificaciones_panel_ENOE,Misma categoria en ambas mediciones; destino historico oficial; empleo continuo
6111,trabajo_cuidado_mercado,1,1,28,7775,7798,TRUE,1,TRUE,0.8374140893470791,TRUE,13,15,1,1,0.7423855708694912,1,TRUE,TRUE,TRUE,TRUE,TRUE,concordancia_estable_panel,CONSENSO_PANEL_3004,care,consenso_clasificaciones_panel_ENOE,Misma categoria en ambas mediciones; destino historico oficial; empleo continuo
6120,trabajo_cuidado_mercado,0,0,15,2278,2297,TRUE,1,TRUE,1,TRUE,6,9,1,1,1,1,TRUE,TRUE,TRUE,TRUE,TRUE,concordancia_estable_panel,CONSENSO_PANEL_3005,care,consenso_clasificaciones_panel_ENOE,Misma categoria en ambas mediciones; destino historico oficial; empleo continuo
6121,trabajo_cuidado_mercado,0,0,55,17162,16414,TRUE,0.9777803099361896,TRUE,1,TRUE,32,23,1,0.9588694368276734,1,1,TRUE,TRUE,TRUE,TRUE,TRUE,concordancia_estable_panel,CONSENSO_PANEL_3006,care,consenso_clasificaciones_panel_ENOE,Misma categoria en ambas mediciones; destino historico oficial; empleo continuo
6130,trabajo_cuidado_mercado,0,0,60,15785,18191,TRUE,1,TRUE,1,TRUE,27,33,1,1,1,1,TRUE,TRUE,TRUE,TRUE,TRUE,concordancia_estable_panel,CONSENSO_PANEL_3007,care,consenso_clasificaciones_panel_ENOE,Misma categoria en ambas mediciones; destino historico oficial; empleo continuo
6132,trabajo_cuidado_mercado,0,0,15,2569,2549,TRUE,1,TRUE,1,TRUE,7,8,1,1,1,1,TRUE,TRUE,TRUE,TRUE,TRUE,concordancia_estable_panel,CONSENSO_PANEL_3008,care,consenso_clasificaciones_panel_ENOE,Misma categoria en ambas mediciones; destino historico oficial; empleo continuo
6133,trabajo_cuidado_mercado,0,0,20,4785,4770,TRUE,0.9767299448867116,TRUE,1,TRUE,10,10,0.9826563213144682,0.9719350073855244,1,1,TRUE,TRUE,TRUE,TRUE,TRUE,concordancia_estable_panel,CONSENSO_PANEL_3009,care,consenso_clasificaciones_panel_ENOE,Misma categoria en ambas mediciones; destino historico oficial; empleo continuo
6140,trabajo_cuidado_mercado,0,0,72,18261,18080,TRUE,0.99255353842809,TRUE,1,TRUE,33,39,1,0.9885394010373096,1,1,TRUE,TRUE,TRUE,TRUE,TRUE,concordancia_estable_panel,CONSENSO_PANEL_3010,care,consenso_clasificaciones_panel_ENOE,Misma categoria en ambas mediciones; destino historico oficial; empleo continuo
6150,trabajo_cuidado_mercado,0,0,35,11884,12252,TRUE,1,TRUE,1,TRUE,19,16,1,1,1,1,TRUE,TRUE,TRUE,TRUE,TRUE,concordancia_estable_panel,CONSENSO_PANEL_3011,care,consenso_clasificaciones_panel_ENOE,Misma categoria en ambas mediciones; destino historico oficial; empleo continuo
6160,trabajo_cuidado_mercado,0,0,163,49227,50286,TRUE,0.9955105259964813,TRUE,1,TRUE,91,72,0.9945256321039202,0.9962715996271599,1,1,TRUE,TRUE,TRUE,TRUE,TRUE,concordancia_estable_panel,CONSENSO_PANEL_3012,care,consenso_clasificaciones_panel_ENOE,Misma categoria en ambas mediciones; destino historico oficial; empleo continuo
6170,trabajo_cuidado_mercado,0,0,43,4608,4747,TRUE,0.8940628637951106,TRUE,1,TRUE,23,20,0.8641857506361323,0.9407960199004975,1,1,TRUE,TRUE,TRUE,TRUE,TRUE,concordancia_estable_panel,CONSENSO_PANEL_3013,care,consenso_clasificaciones_panel_ENOE,Misma categoria en ambas mediciones; destino historico oficial; empleo continuo
6180,trabajo_cuidado_mercado,0,0,40,10742,10897,TRUE,0.9412073950757908,TRUE,1,TRUE,22,18,0.9535887044058047,0.9160467587672688,1,1,TRUE,TRUE,TRUE,TRUE,TRUE,concordancia_estable_panel,CONSENSO_PANEL_3014,care,consenso_clasificaciones_panel_ENOE,Misma categoria en ambas mediciones; destino historico oficial; empleo continuo
6180,trabajo_cuidado_mercado,1,1,11,2954,2964,TRUE,1,TRUE,0.8021650879566983,TRUE,6,5,1,1,0.8452872699962448,0.6908914728682171,TRUE,TRUE,TRUE,TRUE,TRUE,concordancia_estable_panel,CONSENSO_PANEL_3015,care,consenso_clasificaciones_panel_ENOE,Misma categoria en ambas mediciones; destino historico oficial; empleo continuo
6190,trabajo_cuidado_mercado,0,0,29,7083,7348,TRUE,0.935667107001321,TRUE,1,TRUE,16,13,1,0.8370692539310807,1,1,TRUE,TRUE,TRUE,TRUE,TRUE,concordancia_estable_panel,CONSENSO_PANEL_3016,care,consenso_clasificaciones_panel_ENOE,Misma categoria en ambas mediciones; destino historico oficial; empleo continuo
6200,trabajo_cuidado_mercado,0,0,881,207980,206907,TRUE,0.9996395183965778,TRUE,1,TRUE,409,472,1,0.999334858723993,1,1,TRUE,TRUE,TRUE,TRUE,TRUE,concordancia_estable_panel,CONSENSO_PANEL_3017,care,consenso_clasificaciones_panel_ENOE,Misma categoria en ambas mediciones; destino historico oficial; empleo continuo
6200,trabajo_cuidado_mercado,1,1,186,45592,45242,TRUE,1,TRUE,0.9983009333833491,TRUE,91,95,1,1,1,0.9957307607008206,TRUE,TRUE,TRUE,TRUE,TRUE,concordancia_estable_panel,CONSENSO_PANEL_3018,care,consenso_clasificaciones_panel_ENOE,Misma categoria en ambas mediciones; destino historico oficial; empleo continuo
6202,trabajo_cuidado_mercado,0,0,178,45510,46048,TRUE,0.9970860811077273,TRUE,1,TRUE,85,93,1,0.99434187016081,1,1,TRUE,TRUE,TRUE,TRUE,TRUE,concordancia_estable_panel,CONSENSO_PANEL_3019,care,consenso_clasificaciones_panel_ENOE,Misma categoria en ambas mediciones; destino historico oficial; empleo continuo
6210,trabajo_cuidado_mercado,0,0,459,122225,121494,TRUE,1,TRUE,1,TRUE,237,222,1,1,1,1,TRUE,TRUE,TRUE,TRUE,TRUE,concordancia_estable_panel,CONSENSO_PANEL_3020,care,consenso_clasificaciones_panel_ENOE,Misma categoria en ambas mediciones; destino historico oficial; empleo continuo
6211,trabajo_cuidado_mercado,0,0,26,8617,8823,TRUE,1,TRUE,1,TRUE,10,16,1,1,1,1,TRUE,TRUE,TRUE,TRUE,TRUE,concordancia_estable_panel,CONSENSO_PANEL_3021,care,consenso_clasificaciones_panel_ENOE,Misma categoria en ambas mediciones; destino historico oficial; empleo continuo
6220,trabajo_cuidado_mercado,0,0,45,13086,13565,TRUE,1,TRUE,1,TRUE,21,24,1,1,1,1,TRUE,TRUE,TRUE,TRUE,TRUE,concordancia_estable_panel,CONSENSO_PANEL_3022,care,consenso_clasificaciones_panel_ENOE,Misma categoria en ambas mediciones; destino historico oficial; empleo continuo
6220,trabajo_cuidado_mercado,1,1,20,4413,4496,TRUE,1,TRUE,1,TRUE,10,10,1,1,1,1,TRUE,TRUE,TRUE,TRUE,TRUE,concordancia_estable_panel,CONSENSO_PANEL_3023,care,consenso_clasificaciones_panel_ENOE,Misma categoria en ambas mediciones; destino historico oficial; empleo continuo
6221,trabajo_cuidado_mercado,0,0,303,92014,91190,TRUE,0.9990119971771348,TRUE,1,TRUE,139,164,0.997612739054015,1,1,1,TRUE,TRUE,TRUE,TRUE,TRUE,concordancia_estable_panel,CONSENSO_PANEL_3024,care,consenso_clasificaciones_panel_ENOE,Misma categoria en ambas mediciones; destino historico oficial; empleo continuo
6221,trabajo_cuidado_mercado,1,1,25,7884,7956,TRUE,1,TRUE,0.9883229813664596,TRUE,14,11,1,1,0.9814522494080505,1,TRUE,TRUE,TRUE,TRUE,TRUE,concordancia_estable_panel,CONSENSO_PANEL_3025,care,consenso_clasificaciones_panel_ENOE,Misma categoria en ambas mediciones; destino historico oficial; empleo continuo
6230,trabajo_cuidado_mercado,0,0,177,45327,46423,TRUE,0.9993385805939546,TRUE,1,TRUE,87,90,0.9986134220743206,1,1,1,TRUE,TRUE,TRUE,TRUE,TRUE,concordancia_estable_panel,CONSENSO_PANEL_3026,care,consenso_clasificaciones_panel_ENOE,Misma categoria en ambas mediciones; destino historico oficial; empleo continuo
6230,trabajo_cuidado_mercado,1,1,98,26542,26244,TRUE,1,TRUE,0.9985921388075035,TRUE,46,52,1,1,0.9967369256548196,1,TRUE,TRUE,TRUE,TRUE,TRUE,concordancia_estable_panel,CONSENSO_PANEL_3027,care,consenso_clasificaciones_panel_ENOE,Misma categoria en ambas mediciones; destino historico oficial; empleo continuo
6231,trabajo_cuidado_mercado,0,0,14,2061,2058,TRUE,1,TRUE,1,TRUE,6,8,1,1,1,1,TRUE,TRUE,TRUE,TRUE,TRUE,concordancia_estable_panel,CONSENSO_PANEL_3028,care,consenso_clasificaciones_panel_ENOE,Misma categoria en ambas mediciones; destino historico oficial; empleo continuo
6232,trabajo_cuidado_mercado,0,0,37,6452,6635,TRUE,0.8827472978519634,TRUE,1,TRUE,18,19,0.7999500499500499,0.9830559757942511,1,1,TRUE,TRUE,TRUE,TRUE,TRUE,concordancia_estable_panel,CONSENSO_PANEL_3029,care,consenso_clasificaciones_panel_ENOE,Misma categoria en ambas mediciones; destino historico oficial; empleo continuo
6240,trabajo_cuidado_mercado,0,0,35,12207,12774,TRUE,1,TRUE,1,TRUE,17,18,1,1,1,1,TRUE,TRUE,TRUE,TRUE,TRUE,concordancia_estable_panel,CONSENSO_PANEL_3030,care,consenso_clasificaciones_panel_ENOE,Misma categoria en ambas mediciones; destino historico oficial; empleo continuo
6250,trabajo_cuidado_mercado,0,0,26,8547,8529,TRUE,1,TRUE,1,TRUE,7,19,1,1,1,1,TRUE,TRUE,TRUE,TRUE,TRUE,concordancia_estable_panel,CONSENSO_PANEL_3031,care,consenso_clasificaciones_panel_ENOE,Misma categoria en ambas mediciones; destino historico oficial; empleo continuo
6251,trabajo_cuidado_mercado,0,0,95,20260,19891,TRUE,1,TRUE,1,TRUE,48,47,1,1,1,1,TRUE,TRUE,TRUE,TRUE,TRUE,concordancia_estable_panel,CONSENSO_PANEL_3032,care,consenso_clasificaciones_panel_ENOE,Misma categoria en ambas mediciones; destino historico oficial; empleo continuo
6260,trabajo_cuidado_mercado,0,0,43,13422,13712,TRUE,1,TRUE,1,TRUE,23,20,1,1,1,1,TRUE,TRUE,TRUE,TRUE,TRUE,concordancia_estable_panel,CONSENSO_PANEL_3033,care,consenso_clasificaciones_panel_ENOE,Misma categoria en ambas mediciones; destino historico oficial; empleo continuo
6270,trabajo_cuidado_mercado,0,0,1200,254852,258976,TRUE,0.986189202889858,TRUE,1,TRUE,606,594,0.9763020433246274,0.9962258560054896,1,1,TRUE,TRUE,TRUE,TRUE,TRUE,concordancia_estable_panel,CONSENSO_PANEL_3034,care,consenso_clasificaciones_panel_ENOE,Misma categoria en ambas mediciones; destino historico oficial; empleo continuo
6270,trabajo_cuidado_mercado,1,1,170,33164,33434,TRUE,1,TRUE,0.9100658718493113,TRUE,87,83,1,1,0.8427749502102235,0.9752438109527382,TRUE,TRUE,TRUE,TRUE,TRUE,concordancia_estable_panel,CONSENSO_PANEL_3035,care,consenso_clasificaciones_panel_ENOE,Misma categoria en ambas mediciones; destino historico oficial; empleo continuo
7100,trabajo_cuidado_mercado,0,0,1567,503682,500598,TRUE,1,TRUE,1,TRUE,780,787,1,1,1,1,TRUE,TRUE,TRUE,TRUE,TRUE,concordancia_estable_panel,CONSENSO_PANEL_3036,care,consenso_clasificaciones_panel_ENOE,Misma categoria en ambas mediciones; destino historico oficial; empleo continuo
7110,trabajo_cuidado_mercado,0,0,116,25915,25807,TRUE,1,TRUE,1,TRUE,57,59,1,1,1,1,TRUE,TRUE,TRUE,TRUE,TRUE,concordancia_estable_panel,CONSENSO_PANEL_3037,care,consenso_clasificaciones_panel_ENOE,Misma categoria en ambas mediciones; destino historico oficial; empleo continuo
7111,trabajo_cuidado_mercado,0,0,2323,637485,639673,TRUE,0.997596323125531,TRUE,1,TRUE,1162,1161,0.9952485994744114,0.9997170446354642,1,1,TRUE,TRUE,TRUE,TRUE,TRUE,concordancia_estable_panel,CONSENSO_PANEL_3038,care,consenso_clasificaciones_panel_ENOE,Misma categoria en ambas mediciones; destino historico oficial; empleo continuo
7120,trabajo_cuidado_mercado,0,0,23,6563,6734,TRUE,1,TRUE,1,TRUE,11,12,1,1,1,1,TRUE,TRUE,TRUE,TRUE,TRUE,concordancia_estable_panel,CONSENSO_PANEL_3039,care,consenso_clasificaciones_panel_ENOE,Misma categoria en ambas mediciones; destino historico oficial; empleo continuo
7121,trabajo_cuidado_mercado,0,0,93,22726,22947,TRUE,1,TRUE,1,TRUE,47,46,1,1,1,1,TRUE,TRUE,TRUE,TRUE,TRUE,concordancia_estable_panel,CONSENSO_PANEL_3040,care,consenso_clasificaciones_panel_ENOE,Misma categoria en ambas mediciones; destino historico oficial; empleo continuo
7130,trabajo_cuidado_mercado,0,0,222,53140,53690,TRUE,0.9747418236513381,TRUE,1,TRUE,104,118,0.9546105896682668,0.9958651279930835,1,1,TRUE,TRUE,TRUE,TRUE,TRUE,concordancia_estable_panel,CONSENSO_PANEL_3041,care,consenso_clasificaciones_panel_ENOE,Misma categoria en ambas mediciones; destino historico oficial; empleo continuo
7131,trabajo_cuidado_mercado,0,0,59,17387,17680,TRUE,1,TRUE,1,TRUE,35,24,1,1,1,1,TRUE,TRUE,TRUE,TRUE,TRUE,concordancia_estable_panel,CONSENSO_PANEL_3042,care,consenso_clasificaciones_panel_ENOE,Misma categoria en ambas mediciones; destino historico oficial; empleo continuo
7133,trabajo_cuidado_mercado,0,0,40,12673,13913,TRUE,1,TRUE,1,TRUE,22,18,1,1,1,1,TRUE,TRUE,TRUE,TRUE,TRUE,concordancia_estable_panel,CONSENSO_PANEL_3043,care,consenso_clasificaciones_panel_ENOE,Misma categoria en ambas mediciones; destino historico oficial; empleo continuo
7134,trabajo_cuidado_mercado,0,0,19,5456,5055,TRUE,0.8597541758588086,TRUE,1,TRUE,6,13,0.7750821329289866,1,1,1,TRUE,TRUE,TRUE,TRUE,TRUE,concordancia_estable_panel,CONSENSO_PANEL_3044,care,consenso_clasificaciones_panel_ENOE,Misma categoria en ambas mediciones; destino historico oficial; empleo continuo
7200,trabajo_cuidado_mercado,0,0,15,4956,5131,TRUE,1,TRUE,1,TRUE,9,6,1,1,1,1,TRUE,TRUE,TRUE,TRUE,TRUE,concordancia_estable_panel,CONSENSO_PANEL_3045,care,consenso_clasificaciones_panel_ENOE,Misma categoria en ambas mediciones; destino historico oficial; empleo continuo
7201,trabajo_cuidado_mercado,0,0,951,289102,291303,TRUE,1,TRUE,1,TRUE,464,487,1,1,1,1,TRUE,TRUE,TRUE,TRUE,TRUE,concordancia_estable_panel,CONSENSO_PANEL_3046,care,consenso_clasificaciones_panel_ENOE,Misma categoria en ambas mediciones; destino historico oficial; empleo continuo
7210,trabajo_cuidado_mercado,0,0,711,224224,226796,TRUE,1,TRUE,1,TRUE,352,359,1,1,1,1,TRUE,TRUE,TRUE,TRUE,TRUE,concordancia_estable_panel,CONSENSO_PANEL_3047,care,consenso_clasificaciones_panel_ENOE,Misma categoria en ambas mediciones; destino historico oficial; empleo continuo
7211,trabajo_cuidado_mercado,0,0,37,13492,13375,TRUE,1,TRUE,1,TRUE,15,22,1,1,1,1,TRUE,TRUE,TRUE,TRUE,TRUE,concordancia_estable_panel,CONSENSO_PANEL_3048,care,consenso_clasificaciones_panel_ENOE,Misma categoria en ambas mediciones; destino historico oficial; empleo continuo
7212,trabajo_cuidado_mercado,0,0,33,7252,7375,TRUE,1,TRUE,1,TRUE,11,22,1,1,1,1,TRUE,TRUE,TRUE,TRUE,TRUE,concordancia_estable_panel,CONSENSO_PANEL_3049,care,consenso_clasificaciones_panel_ENOE,Misma categoria en ambas mediciones; destino historico oficial; empleo continuo
8100,trabajo_cuidado_mercado,0,0,753,194784,194843,TRUE,0.999784423023621,TRUE,1,TRUE,388,365,1,0.9995693985933687,1,1,TRUE,TRUE,TRUE,TRUE,TRUE,concordancia_estable_panel,CONSENSO_PANEL_3050,care,consenso_clasificaciones_panel_ENOE,Misma categoria en ambas mediciones; destino historico oficial; empleo continuo
8101,trabajo_cuidado_mercado,0,0,364,89096,90692,TRUE,1,TRUE,1,TRUE,194,170,1,1,1,1,TRUE,TRUE,TRUE,TRUE,TRUE,concordancia_estable_panel,CONSENSO_PANEL_3051,care,consenso_clasificaciones_panel_ENOE,Misma categoria en ambas mediciones; destino historico oficial; empleo continuo
8110,trabajo_cuidado_mercado,0,0,74,11971,12054,TRUE,1,TRUE,1,TRUE,41,33,1,1,1,1,TRUE,TRUE,TRUE,TRUE,TRUE,concordancia_estable_panel,CONSENSO_PANEL_3052,care,consenso_clasificaciones_panel_ENOE,Misma categoria en ambas mediciones; destino historico oficial; empleo continuo
8110,trabajo_cuidado_mercado,1,1,18,3458,3554,TRUE,1,TRUE,1,TRUE,11,7,1,1,1,1,TRUE,TRUE,TRUE,TRUE,TRUE,concordancia_estable_panel,CONSENSO_PANEL_3053,care,consenso_clasificaciones_panel_ENOE,Misma categoria en ambas mediciones; destino historico oficial; empleo continuo
8111,trabajo_cuidado_mercado,0,0,35,12549,12702,TRUE,1,TRUE,1,TRUE,16,19,1,1,1,1,TRUE,TRUE,TRUE,TRUE,TRUE,concordancia_estable_panel,CONSENSO_PANEL_3054,care,consenso_clasificaciones_panel_ENOE,Misma categoria en ambas mediciones; destino historico oficial; empleo continuo
8120,trabajo_cuidado_mercado,1,1,19,6451,7236,TRUE,1,TRUE,1,TRUE,10,9,1,1,1,1,TRUE,TRUE,TRUE,TRUE,TRUE,concordancia_estable_panel,CONSENSO_PANEL_3055,care,consenso_clasificaciones_panel_ENOE,Misma categoria en ambas mediciones; destino historico oficial; empleo continuo
8122,trabajo_cuidado_mercado,0,0,78,18723,18332,TRUE,1,TRUE,1,TRUE,38,40,1,1,1,1,TRUE,TRUE,TRUE,TRUE,TRUE,concordancia_estable_panel,CONSENSO_PANEL_3056,care,consenso_clasificaciones_panel_ENOE,Misma categoria en ambas mediciones; destino historico oficial; empleo continuo
8123,trabajo_cuidado_mercado,0,0,92,21679,22207,TRUE,1,TRUE,1,TRUE,42,50,1,1,1,1,TRUE,TRUE,TRUE,TRUE,TRUE,concordancia_estable_panel,CONSENSO_PANEL_3057,care,consenso_clasificaciones_panel_ENOE,Misma categoria en ambas mediciones; destino historico oficial; empleo continuo
8124,trabajo_cuidado_mercado,0,0,771,192463,193854,TRUE,0.9847173190074188,TRUE,1,TRUE,389,382,0.9827398694916619,0.9867597195931188,1,1,TRUE,TRUE,TRUE,TRUE,TRUE,concordancia_estable_panel,CONSENSO_PANEL_3058,care,consenso_clasificaciones_panel_ENOE,Misma categoria en ambas mediciones; destino historico oficial; empleo continuo
8124,trabajo_cuidado_mercado,1,1,284,72973,74435,TRUE,1,TRUE,0.9641964274148629,TRUE,141,143,1,1,0.9576285665470698,0.9696775266747463,TRUE,TRUE,TRUE,TRUE,TRUE,concordancia_estable_panel,CONSENSO_PANEL_3059,care,consenso_clasificaciones_panel_ENOE,Misma categoria en ambas mediciones; destino historico oficial; empleo continuo
8125,trabajo_cuidado_mercado,0,0,184,49923,49629,TRUE,0.9711890125282079,TRUE,1,TRUE,87,97,1,0.9438760042443535,1,1,TRUE,TRUE,TRUE,TRUE,TRUE,concordancia_estable_panel,CONSENSO_PANEL_3060,care,consenso_clasificaciones_panel_ENOE,Misma categoria en ambas mediciones; destino historico oficial; empleo continuo
8126,trabajo_cuidado_mercado,0,0,144,39048,40311,TRUE,1,TRUE,1,TRUE,69,75,1,1,1,1,TRUE,TRUE,TRUE,TRUE,TRUE,concordancia_estable_panel,CONSENSO_PANEL_3061,care,consenso_clasificaciones_panel_ENOE,Misma categoria en ambas mediciones; destino historico oficial; empleo continuo
8130,trabajo_cuidado_mercado,0,0,388,106603,105423,TRUE,0.9990253685325237,TRUE,1,TRUE,193,195,1,0.9979637787567303,1,1,TRUE,TRUE,TRUE,TRUE,TRUE,concordancia_estable_panel,CONSENSO_PANEL_3062,care,consenso_clasificaciones_panel_ENOE,Misma categoria en ambas mediciones; destino historico oficial; empleo continuo
8131,trabajo_cuidado_mercado,0,0,43,12523,12310,TRUE,1,TRUE,1,TRUE,22,21,1,1,1,1,TRUE,TRUE,TRUE,TRUE,TRUE,concordancia_estable_panel,CONSENSO_PANEL_3063,care,consenso_clasificaciones_panel_ENOE,Misma categoria en ambas mediciones; destino historico oficial; empleo continuo
8132,trabajo_cuidado_mercado,0,0,18,3531,3634,TRUE,1,TRUE,1,TRUE,8,10,1,1,1,1,TRUE,TRUE,TRUE,TRUE,TRUE,concordancia_estable_panel,CONSENSO_PANEL_3064,care,consenso_clasificaciones_panel_ENOE,Misma categoria en ambas mediciones; destino historico oficial; empleo continuo
8140,trabajo_cuidado_mercado,0,0,40,8081,8343,TRUE,0.9219623502567028,TRUE,1,TRUE,22,18,0.8591433278418451,1,1,1,TRUE,TRUE,TRUE,TRUE,TRUE,concordancia_estable_panel,CONSENSO_PANEL_3065,care,consenso_clasificaciones_panel_ENOE,Misma categoria en ambas mediciones; destino historico oficial; empleo continuo
8150,trabajo_cuidado_mercado,0,0,48,14121,14671,TRUE,0.9782473155524766,TRUE,1,TRUE,18,30,1,0.9643667725828415,1,1,TRUE,TRUE,TRUE,TRUE,TRUE,concordancia_estable_panel,CONSENSO_PANEL_3066,care,consenso_clasificaciones_panel_ENOE,Misma categoria en ambas mediciones; destino historico oficial; empleo continuo
8151,trabajo_cuidado_mercado,1,1,118,25662,24913,TRUE,0.9293785310734464,TRUE,1,TRUE,49,69,0.897689435980224,0.9471216315462403,1,1,TRUE,TRUE,TRUE,TRUE,TRUE,concordancia_estable_panel,CONSENSO_PANEL_3067,care,consenso_clasificaciones_panel_ENOE,Misma categoria en ambas mediciones; destino historico oficial; empleo continuo
8190,trabajo_cuidado_mercado,0,0,34,8575,8324,TRUE,1,TRUE,1,TRUE,15,19,1,1,1,1,TRUE,TRUE,TRUE,TRUE,TRUE,concordancia_estable_panel,CONSENSO_PANEL_3068,care,consenso_clasificaciones_panel_ENOE,Misma categoria en ambas mediciones; destino historico oficial; empleo continuo
8200,trabajo_cuidado_mercado,1,1,2273,650873,647674,TRUE,0.9873365684649003,TRUE,1,TRUE,1154,1119,0.9900033576508653,0.9847019550014927,1,1,TRUE,TRUE,TRUE,TRUE,TRUE,concordancia_estable_panel,CONSENSO_PANEL_3069,care,consenso_clasificaciones_panel_ENOE,Misma categoria en ambas mediciones; destino historico oficial; empleo continuo
8201,trabajo_cuidado_mercado,1,1,152,46146,45816,TRUE,0.9894294474581359,TRUE,1,TRUE,74,78,0.9739965188037344,1,1,1,TRUE,TRUE,TRUE,TRUE,TRUE,concordancia_estable_panel,CONSENSO_PANEL_3070,care,consenso_clasificaciones_panel_ENOE,Misma categoria en ambas mediciones; destino historico oficial; empleo continuo
8202,trabajo_cuidado_mercado,0,0,25,9880,9210,TRUE,0.9639964874621915,TRUE,1,TRUE,13,12,1,0.9344815340909091,1,1,TRUE,TRUE,TRUE,TRUE,TRUE,concordancia_estable_panel,CONSENSO_PANEL_3071,care,consenso_clasificaciones_panel_ENOE,Misma categoria en ambas mediciones; destino historico oficial; empleo continuo
8203,trabajo_cuidado_mercado,0,0,45,9891,9584,TRUE,0.7346802347173735,TRUE,1,TRUE,24,21,0.7758450286617908,0.7099000475963827,1,1,TRUE,TRUE,TRUE,TRUE,TRUE,concordancia_estable_panel,CONSENSO_PANEL_3072,care,consenso_clasificaciones_panel_ENOE,Misma categoria en ambas mediciones; destino historico oficial; empleo continuo
8204,trabajo_cuidado_mercado,0,0,17,3597,3543,TRUE,0.9352574102964119,TRUE,1,TRUE,11,6,0.9200913242009132,0.9553140096618358,1,1,TRUE,TRUE,TRUE,TRUE,TRUE,concordancia_estable_panel,CONSENSO_PANEL_3073,care,consenso_clasificaciones_panel_ENOE,Misma categoria en ambas mediciones; destino historico oficial; empleo continuo
8300,trabajo_cuidado_mercado,0,0,25,4038,3998,TRUE,1,TRUE,1,TRUE,13,12,1,1,1,1,TRUE,TRUE,TRUE,TRUE,TRUE,concordancia_estable_panel,CONSENSO_PANEL_3074,care,consenso_clasificaciones_panel_ENOE,Misma categoria en ambas mediciones; destino historico oficial; empleo continuo
8301,trabajo_cuidado_mercado,0,0,580,161184,160357,TRUE,0.9964946120889515,TRUE,1,TRUE,326,254,0.9984006397441023,0.99377932337025765,1,1,TRUE,TRUE,TRUE,TRUE,TRUE,concordancia_estable_panel,CONSENSO_PANEL_3075,care,consenso_clasificaciones_panel_ENOE,Misma categoria en ambas mediciones; destino historico oficial; empleo continuo
8303,trabajo_cuidado_mercado,0,0,476,145023,144954,TRUE,0.9996691275306574,TRUE,1,TRUE,219,257,0.9992552597281698,1,1,1,TRUE,TRUE,TRUE,TRUE,TRUE,concordancia_estable_panel,CONSENSO_PANEL_3076,care,consenso_clasificaciones_panel_ENOE,Misma categoria en ambas mediciones; destino historico oficial; empleo continuo
8303,trabajo_cuidado_mercado,1,1,54,14118,13915,TRUE,1,TRUE,0.9965623433359593,TRUE,35,19,1,1,0.9947275922671354,1,TRUE,TRUE,TRUE,TRUE,TRUE,concordancia_estable_panel,CONSENSO_PANEL_3077,care,consenso_clasificaciones_panel_ENOE,Misma categoria en ambas mediciones; destino historico oficial; empleo continuo
8311,trabajo_cuidado_mercado,0,0,35,6850,6792,TRUE,1,TRUE,1,TRUE,16,19,1,1,1,1,TRUE,TRUE,TRUE,TRUE,TRUE,concordancia_estable_panel,CONSENSO_PANEL_3078,care,consenso_clasificaciones_panel_ENOE,Misma categoria en ambas mediciones; destino historico oficial; empleo continuo
8312,trabajo_cuidado_mercado,0,0,97,21679,21875,TRUE,0.9911306176564715,TRUE,1,TRUE,48,49,1,0.9836452537514753,1,1,TRUE,TRUE,TRUE,TRUE,TRUE,concordancia_estable_panel,CONSENSO_PANEL_3079,care,consenso_clasificaciones_panel_ENOE,Misma categoria en ambas mediciones; destino historico oficial; empleo continuo
