p3coe,pos_ocu,emple7c,p4a,sinco_original,egp_original,egp_oficial,revision,registros,poblacion,cmo_label,destinos,etiquetas_destinos
8100,1,2,7221,5112,4,4,original_coincide_con_consenso_oficial,743,198194,Fonderos (preparan y sirven alimentos) en establecimientos,5112|5114,"5112 Fonderos, vendedores y comerciantes de comida || 5114 Taqueros y preparadores de comida rápida, antojitos, pizzas, hot dogs, jugos, café, etcétera"
8100,4,2,7221,5112,4,4,original_coincide_con_consenso_oficial,422,125352,Fonderos (preparan y sirven alimentos) en establecimientos,5112|5114,"5112 Fonderos, vendedores y comerciantes de comida || 5114 Taqueros y preparadores de comida rápida, antojitos, pizzas, hot dogs, jugos, café, etcétera"
7201,3,1,4690,4224,3,NA,requiere_revision_semantica,550,121577,Vendedores ambulantes de artículos diversos,4224|9512|9661|9663,4224 Vendedores por catálogo || 9512 Vendedores ambulantes de artículos diversos (excluyendo los de venta de alimentos) || 9661 Recolectores de basura y material reciclable || 9663 Recolectores de otros materiales
7201,3,1,4652,4224,3,NA,requiere_revision_semantica,269,70113,Vendedores ambulantes de artículos diversos,4224|9512|9661|9663,4224 Vendedores por catálogo || 9512 Vendedores ambulantes de artículos diversos (excluyendo los de venta de alimentos) || 9661 Recolectores de basura y material reciclable || 9663 Recolectores de otros materiales
5141,1,6,3360,2630,2,NA,requiere_revision_semantica,272,64047,"Supervisores, inspectores y similares en la fabricación metalúrgica y en la fabricación de productos eléctricos y electrónicos, la reparación y mantenimiento de maquinaria y productos metálicos y de precisión",2630|7201|8201,"2630 Supervisores de mecánicos y técnicos en mantenimiento y reparación de equipos mecánicos, vehículos de motor, instrumentos industriales y equipo de refrigeración || 7201 Supervisores de artesanos y trabajadores en el tratamiento y elaboración de productos de metal || 8201 Supervisores en procesos de ensamblado y montaje de maquinaria, herramientas y productos metálicos y electrónicos"
7201,3,1,4662,4224,3,NA,requiere_revision_semantica,144,63133,Vendedores ambulantes de artículos diversos,4224|9512|9661|9663,4224 Vendedores por catálogo || 9512 Vendedores ambulantes de artículos diversos (excluyendo los de venta de alimentos) || 9661 Recolectores de basura y material reciclable || 9663 Recolectores de otros materiales
6101,1,6,9313,1523,1,NA,requiere_revision_semantica,166,30778,"Jefes de departamento, coordinadores y supervisores en servicios de educación",1523|2311,1523 Coordinadores y jefes de área en centros de enseñanza y capacitación || 2311 Supervisores e inspectores educativos
8100,1,3,7221,5112,4,4,original_coincide_con_consenso_oficial,144,30634,Fonderos (preparan y sirven alimentos) en establecimientos,5112|5114,"5112 Fonderos, vendedores y comerciantes de comida || 5114 Taqueros y preparadores de comida rápida, antojitos, pizzas, hot dogs, jugos, café, etcétera"
4120,4,2,1110,6131,13,NA,requiere_revision_semantica,117,27156,Trabajadores que combinan actividades agrícolas con ganaderas,6131|9113,6131 Trabajadores que combinan actividades agrícolas con ganaderas || 9113 Trabajadores de apoyo que realizan actividades agrícolas y ganaderas
1204,3,1,8112,2621,2,NA,requiere_revision_semantica,80,26578,"Técnicos en ingeniería química, industrial y mecánica",2621|2631|2633|2635|2637|2645,"2621 Auxiliares y técnicos industriales y químicos || 2631 Técnicos en mantenimiento y reparación de vehículos de motor || 2633 Técnicos en mantenimiento y reparación de maquinaria e instrumentos industriales || 2635 Técnicos en mantenimiento y reparación de instrumentos de precisión y musicales || 2637 Técnicos en la instalación, reparación y mantenimiento de equipos de refrigeración, climas y aire acondicionado || 2645 Técnicos en reparación de equipos electromecánicos"
7201,3,1,4612,4224,3,NA,requiere_revision_semantica,71,22885,Vendedores ambulantes de artículos diversos,4224|9512|9661|9663,4224 Vendedores por catálogo || 9512 Vendedores ambulantes de artículos diversos (excluyendo los de venta de alimentos) || 9661 Recolectores de basura y material reciclable || 9663 Recolectores de otros materiales
5380,1,6,3250,8131,8,NA,requiere_revision_semantica,49,21451,Operadores de máquinas para el tratamiento de sustancias químicas y agua,8131|8134,8131 Operadores de máquinas para la elaboración de productos químicos || 8134 Operadores de máquinas para el tratamiento de agua
5400,1,5,7221,9236,10,10,original_coincide_con_consenso_oficial,74,20346,"Ayudantes, peones y similares en la fabricación de alimentos, bebidas y productos de tabaco",9236|9411,"9236 Trabajadores de apoyo en la industria de alimentos, bebidas y productos de tabaco || 9411 Ayudantes en la preparación de alimentos"
7121,1,2,3110,8344,9,NA,requiere_revision_semantica,61,20282,Repartidores,8344|9723,8344 Conductores de motocicleta || 9723 Repartidores de mercancías (a pie y en bicicleta)
6160,1,6,4620,1711,1,1,original_coincide_con_consenso_oficial,72,20193,"Jefes de departamento, coordinadores y supervisores en servicios de restaurante, hospedaje y comercio",1711|1712,"1711 Coordinadores y jefes de área de ventas, comercialización y alquiler || 1712 Coordinadores y jefes de área de restaurantes y hoteles"
7201,3,1,4672,4224,3,NA,requiere_revision_semantica,40,20105,Vendedores ambulantes de artículos diversos,4224|9512|9661|9663,4224 Vendedores por catálogo || 9512 Vendedores ambulantes de artículos diversos (excluyendo los de venta de alimentos) || 9661 Recolectores de basura y material reciclable || 9663 Recolectores de otros materiales
5141,1,6,3350,2630,2,NA,requiere_revision_semantica,46,17411,"Supervisores, inspectores y similares en la fabricación metalúrgica y en la fabricación de productos eléctricos y electrónicos, la reparación y mantenimiento de maquinaria y productos metálicos y de precisión",2630|7201|8201,"2630 Supervisores de mecánicos y técnicos en mantenimiento y reparación de equipos mecánicos, vehículos de motor, instrumentos industriales y equipo de refrigeración || 7201 Supervisores de artesanos y trabajadores en el tratamiento y elaboración de productos de metal || 8201 Supervisores en procesos de ensamblado y montaje de maquinaria, herramientas y productos metálicos y electrónicos"
6160,1,5,7221,1711,1,1,original_coincide_con_consenso_oficial,38,16972,"Jefes de departamento, coordinadores y supervisores en servicios de restaurante, hospedaje y comercio",1711|1712,"1711 Coordinadores y jefes de área de ventas, comercialización y alquiler || 1712 Coordinadores y jefes de área de restaurantes y hoteles"
1250,1,6,9313,2531,3,NA,requiere_revision_semantica,85,16244,Técnicos en ciencias sociales,2531|2532|2711,2531 Auxiliares en ciencias sociales y humanistas || 2532 Auxiliares en servicios jurídicos || 2711 Auxiliares y técnicos en pedagogía y en educación
5246,1,6,3360,2634,8,8,original_coincide_con_consenso_oficial,70,15141,"Mecánicos, ajustadores, instaladores y trabajadores de mantenimiento y reparación de maquinaria, instrumentos industriales y equipos de refrigeración",2634|2638,"2634 Mecánicos en mantenimiento y reparación de maquinaria e instrumentos industriales || 2638 Mecánicos en instalación, mantenimiento y reparación de equipos de refrigeración, climas y aire acondicionado."
1204,1,6,3360,2621,2,NA,requiere_revision_semantica,68,14994,"Técnicos en ingeniería química, industrial y mecánica",2621|2631|2633|2635|2637|2645,"2621 Auxiliares y técnicos industriales y químicos || 2631 Técnicos en mantenimiento y reparación de vehículos de motor || 2633 Técnicos en mantenimiento y reparación de maquinaria e instrumentos industriales || 2635 Técnicos en mantenimiento y reparación de instrumentos de precisión y musicales || 2637 Técnicos en la instalación, reparación y mantenimiento de equipos de refrigeración, climas y aire acondicionado || 2645 Técnicos en reparación de equipos electromecánicos"
4134,3,1,1130,6225,12,NA,requiere_revision_semantica,48,13937,Cortadores y recolectores de leña,6225|9124,6225 Cortadores de leña || 9124 Recolectores de leña y acarreadores de agua
1250,1,6,9312,2531,3,NA,requiere_revision_semantica,66,13698,Técnicos en ciencias sociales,2531|2532|2711,2531 Auxiliares en ciencias sociales y humanistas || 2532 Auxiliares en servicios jurídicos || 2711 Auxiliares y técnicos en pedagogía y en educación
8150,1,2,7131,3222,4,NA,requiere_revision_semantica,36,12942,"Trabajadores de apoyo para la realización de espectáculos, turismo y deporte",3222|4233|5251|5254|9713,"3222 Guías de turismo en museos, casinos, parques, cines y otros centros recreativos || 4233 Modelos de moda, arte y publicidad || 5251 Astrólogos, adivinadores y afines || 5254 Entrenadores de animales y ocupaciones relacionadas con el cuidado de mascotas || 9713 Trabajadores de apoyo a la realización de espectáculos, deportes y en parques de diversiones"
5141,1,6,3340,2630,2,NA,requiere_revision_semantica,42,12913,"Supervisores, inspectores y similares en la fabricación metalúrgica y en la fabricación de productos eléctricos y electrónicos, la reparación y mantenimiento de maquinaria y productos metálicos y de precisión",2630|7201|8201,"2630 Supervisores de mecánicos y técnicos en mantenimiento y reparación de equipos mecánicos, vehículos de motor, instrumentos industriales y equipo de refrigeración || 7201 Supervisores de artesanos y trabajadores en el tratamiento y elaboración de productos de metal || 8201 Supervisores en procesos de ensamblado y montaje de maquinaria, herramientas y productos metálicos y electrónicos"
4119,1,2,1121,6129,13,NA,requiere_revision_semantica,44,12901,Otros trabajadores que desempeñan una ocupación afín a las comprendidas en este subgrupo,6129|9112,"6129 Otros trabajadores en actividades ganaderas y en la cría de animales, no clasificados anteriormente || 9112 Trabajadores de apoyo en actividades ganaderas"
8100,1,5,7221,5112,4,4,original_coincide_con_consenso_oficial,51,12152,Fonderos (preparan y sirven alimentos) en establecimientos,5112|5114,"5112 Fonderos, vendedores y comerciantes de comida || 5114 Taqueros y preparadores de comida rápida, antojitos, pizzas, hot dogs, jugos, café, etcétera"
7201,1,2,4662,4224,3,NA,requiere_revision_semantica,39,12037,Vendedores ambulantes de artículos diversos,4224|9512|9661|9663,4224 Vendedores por catálogo || 9512 Vendedores ambulantes de artículos diversos (excluyendo los de venta de alimentos) || 9661 Recolectores de basura y material reciclable || 9663 Recolectores de otros materiales
6101,1,6,9312,1523,1,NA,requiere_revision_semantica,69,11792,"Jefes de departamento, coordinadores y supervisores en servicios de educación",1523|2311,1523 Coordinadores y jefes de área en centros de enseñanza y capacitación || 2311 Supervisores e inspectores educativos
5246,1,6,3110,2634,8,8,original_coincide_con_consenso_oficial,32,11012,"Mecánicos, ajustadores, instaladores y trabajadores de mantenimiento y reparación de maquinaria, instrumentos industriales y equipos de refrigeración",2634|2638,"2634 Mecánicos en mantenimiento y reparación de maquinaria e instrumentos industriales || 2638 Mecánicos en instalación, mantenimiento y reparación de equipos de refrigeración, climas y aire acondicionado."
7201,3,1,4642,4224,3,NA,requiere_revision_semantica,43,10566,Vendedores ambulantes de artículos diversos,4224|9512|9661|9663,4224 Vendedores por catálogo || 9512 Vendedores ambulantes de artículos diversos (excluyendo los de venta de alimentos) || 9661 Recolectores de basura y material reciclable || 9663 Recolectores de otros materiales
6110,1,6,4620,1512,1,NA,requiere_revision_semantica,32,10483,"Jefes de departamento, coordinadores y supervisores en contabilidad y finanzas",1512|3101,"1512 Coordinadores y jefes de área en servicios contables, financieros, banca y seguros || 3101 Supervisores de secretarias, capturistas, cajeros y trabajadores de control de archivo y transporte"
4109,1,2,1110,6119,13,NA,requiere_revision_semantica,45,10464,Otros trabajadores que desempeñan una ocupación afín a las comprendidas en este subgrupo,6119|9111,"6119 Otros trabajadores en actividades agrícolas, no clasificados anteriormente || 9111 Trabajadores de apoyo en actividades agrícolas"
5141,1,6,3310,2630,2,NA,requiere_revision_semantica,27,9868,"Supervisores, inspectores y similares en la fabricación metalúrgica y en la fabricación de productos eléctricos y electrónicos, la reparación y mantenimiento de maquinaria y productos metálicos y de precisión",2630|7201|8201,"2630 Supervisores de mecánicos y técnicos en mantenimiento y reparación de equipos mecánicos, vehículos de motor, instrumentos industriales y equipo de refrigeración || 7201 Supervisores de artesanos y trabajadores en el tratamiento y elaboración de productos de metal || 8201 Supervisores en procesos de ensamblado y montaje de maquinaria, herramientas y productos metálicos y electrónicos"
6260,1,6,4850,3141,3,3,original_coincide_con_consenso_oficial,20,9637,"Despachadores, checadores y similares en la operación del transporte",3141|3142,3141 Despachadores de transporte || 3142 Checadores y revisores de transporte
2125,1,4,6112,1223,2,2,original_coincide_con_consenso_oficial,44,9529,Directores gerentes y administradores de área o establecimientos de enseñanza e investigación,1223|1324,1223 Directores y gerentes en centros de enseñanza y capacitación || 1324 Directores y gerentes en centros de investigación y desarrollo tecnológico
7201,3,1,4682,4224,3,NA,requiere_revision_semantica,26,9380,Vendedores ambulantes de artículos diversos,4224|9512|9661|9663,4224 Vendedores por catálogo || 9512 Vendedores ambulantes de artículos diversos (excluyendo los de venta de alimentos) || 9661 Recolectores de basura y material reciclable || 9663 Recolectores de otros materiales
6160,1,6,3250,1711,1,1,original_coincide_con_consenso_oficial,13,9371,"Jefes de departamento, coordinadores y supervisores en servicios de restaurante, hospedaje y comercio",1711|1712,"1711 Coordinadores y jefes de área de ventas, comercialización y alquiler || 1712 Coordinadores y jefes de área de restaurantes y hoteles"
2124,2,2,3110,1312,2,2,original_coincide_con_consenso_oficial,23,9174,"Directores, gerentes y administradores de área o establecimientos en actividades de producción en industrias manufactureras, en la construcción y los servicios de reparación y mantenimiento",1312|1313|1314|1315,"1312 Directores y gerentes en producción minera, petrolera y gas || 1313 Directores y gerentes en generación y provisión de energía eléctrica y agua || 1314 Directores y gerentes en producción manufacturera || 1315 Directores y gerentes en construcción, reparación y mantenimiento"
5100,1,6,3110,1614,1,NA,requiere_revision_semantica,28,9074,"Jefes, coordinadores y similares en la fabricación de alimentos, bebidas y productos de tabaco",1614|5101,"1614 Coordinadores y jefes de área en producción manufacturera || 5101 Supervisores en la preparación y servicio de alimentos y bebidas, así como en servicios de esparcimiento y de hotelería"
5141,1,6,3320,2630,2,NA,requiere_revision_semantica,26,9058,"Supervisores, inspectores y similares en la fabricación metalúrgica y en la fabricación de productos eléctricos y electrónicos, la reparación y mantenimiento de maquinaria y productos metálicos y de precisión",2630|7201|8201,"2630 Supervisores de mecánicos y técnicos en mantenimiento y reparación de equipos mecánicos, vehículos de motor, instrumentos industriales y equipo de refrigeración || 7201 Supervisores de artesanos y trabajadores en el tratamiento y elaboración de productos de metal || 8201 Supervisores en procesos de ensamblado y montaje de maquinaria, herramientas y productos metálicos y electrónicos"
1204,1,5,8112,2621,2,NA,requiere_revision_semantica,13,8933,"Técnicos en ingeniería química, industrial y mecánica",2621|2631|2633|2635|2637|2645,"2621 Auxiliares y técnicos industriales y químicos || 2631 Técnicos en mantenimiento y reparación de vehículos de motor || 2633 Técnicos en mantenimiento y reparación de maquinaria e instrumentos industriales || 2635 Técnicos en mantenimiento y reparación de instrumentos de precisión y musicales || 2637 Técnicos en la instalación, reparación y mantenimiento de equipos de refrigeración, climas y aire acondicionado || 2645 Técnicos en reparación de equipos electromecánicos"
4109,1,5,1110,6119,13,NA,requiere_revision_semantica,29,8909,Otros trabajadores que desempeñan una ocupación afín a las comprendidas en este subgrupo,6119|9111,"6119 Otros trabajadores en actividades agrícolas, no clasificados anteriormente || 9111 Trabajadores de apoyo en actividades agrícolas"
8311,1,6,9312,5401,2,NA,requiere_revision_semantica,49,8542,Trabajadores de la fuerza armada marítima,5401|5412,5401 Supervisores de las fuerzas armadas || 5412 Trabajadores de la fuerza armada marítima
7121,1,6,4310,8344,8,NA,requiere_revision_semantica,25,8520,Repartidores,8344|9723,8344 Conductores de motocicleta || 9723 Repartidores de mercancías (a pie y en bicicleta)
1250,1,6,9314,2531,3,NA,requiere_revision_semantica,26,8429,Técnicos en ciencias sociales,2531|2532|2711,2531 Auxiliares en ciencias sociales y humanistas || 2532 Auxiliares en servicios jurídicos || 2711 Auxiliares y técnicos en pedagogía y en educación
4120,4,2,1121,6131,13,NA,requiere_revision_semantica,37,8411,Trabajadores que combinan actividades agrícolas con ganaderas,6131|9113,6131 Trabajadores que combinan actividades agrícolas con ganaderas || 9113 Trabajadores de apoyo que realizan actividades agrícolas y ganaderas
7121,1,3,3110,8344,9,NA,requiere_revision_semantica,28,8026,Repartidores,8344|9723,8344 Conductores de motocicleta || 9723 Repartidores de mercancías (a pie y en bicicleta)
8150,3,1,7131,3222,6,NA,requiere_revision_semantica,28,7888,"Trabajadores de apoyo para la realización de espectáculos, turismo y deporte",3222|4233|5251|5254|9713,"3222 Guías de turismo en museos, casinos, parques, cines y otros centros recreativos || 4233 Modelos de moda, arte y publicidad || 5251 Astrólogos, adivinadores y afines || 5254 Entrenadores de animales y ocupaciones relacionadas con el cuidado de mascotas || 9713 Trabajadores de apoyo a la realización de espectáculos, deportes y en parques de diversiones"
6101,1,6,6131,1523,1,NA,requiere_revision_semantica,12,7854,"Jefes de departamento, coordinadores y supervisores en servicios de educación",1523|2311,1523 Coordinadores y jefes de área en centros de enseñanza y capacitación || 2311 Supervisores e inspectores educativos
5246,1,6,3260,2634,8,8,original_coincide_con_consenso_oficial,15,7765,"Mecánicos, ajustadores, instaladores y trabajadores de mantenimiento y reparación de maquinaria, instrumentos industriales y equipos de refrigeración",2634|2638,"2634 Mecánicos en mantenimiento y reparación de maquinaria e instrumentos industriales || 2638 Mecánicos en instalación, mantenimiento y reparación de equipos de refrigeración, climas y aire acondicionado."
6110,1,6,9313,1512,1,NA,requiere_revision_semantica,46,7675,"Jefes de departamento, coordinadores y supervisores en contabilidad y finanzas",1512|3101,"1512 Coordinadores y jefes de área en servicios contables, financieros, banca y seguros || 3101 Supervisores de secretarias, capturistas, cajeros y trabajadores de control de archivo y transporte"
6110,1,5,4620,1512,1,NA,requiere_revision_semantica,18,7543,"Jefes de departamento, coordinadores y supervisores en contabilidad y finanzas",1512|3101,"1512 Coordinadores y jefes de área en servicios contables, financieros, banca y seguros || 3101 Supervisores de secretarias, capturistas, cajeros y trabajadores de control de archivo y transporte"
1204,1,2,8112,2621,2,NA,requiere_revision_semantica,33,7465,"Técnicos en ingeniería química, industrial y mecánica",2621|2631|2633|2635|2637|2645,"2621 Auxiliares y técnicos industriales y químicos || 2631 Técnicos en mantenimiento y reparación de vehículos de motor || 2633 Técnicos en mantenimiento y reparación de maquinaria e instrumentos industriales || 2635 Técnicos en mantenimiento y reparación de instrumentos de precisión y musicales || 2637 Técnicos en la instalación, reparación y mantenimiento de equipos de refrigeración, climas y aire acondicionado || 2645 Técnicos en reparación de equipos electromecánicos"
1423,2,2,5411,2541,5,5,original_coincide_con_consenso_oficial,30,7363,Decoradores y diseñadores,2541|2542|2543|2544,"2541 Diseñadores de moda y vestuario || 2542 Diseñadores industriales || 2543 Diseñadores gráficos || 2544 Decoradores de interiores, jardines y diversos materiales (tazas, llaveros, etcétera)"
5400,1,6,3110,9236,10,10,original_coincide_con_consenso_oficial,24,7018,"Ayudantes, peones y similares en la fabricación de alimentos, bebidas y productos de tabaco",9236|9411,"9236 Trabajadores de apoyo en la industria de alimentos, bebidas y productos de tabaco || 9411 Ayudantes en la preparación de alimentos"
6101,1,5,6112,1523,1,NA,requiere_revision_semantica,33,6973,"Jefes de departamento, coordinadores y supervisores en servicios de educación",1523|2311,1523 Coordinadores y jefes de área en centros de enseñanza y capacitación || 2311 Supervisores e inspectores educativos
5246,1,6,3250,2634,8,8,original_coincide_con_consenso_oficial,16,6756,"Mecánicos, ajustadores, instaladores y trabajadores de mantenimiento y reparación de maquinaria, instrumentos industriales y equipos de refrigeración",2634|2638,"2634 Mecánicos en mantenimiento y reparación de maquinaria e instrumentos industriales || 2638 Mecánicos en instalación, mantenimiento y reparación de equipos de refrigeración, climas y aire acondicionado."
8150,3,2,7131,3222,6,NA,requiere_revision_semantica,10,6755,"Trabajadores de apoyo para la realización de espectáculos, turismo y deporte",3222|4233|5251|5254|9713,"3222 Guías de turismo en museos, casinos, parques, cines y otros centros recreativos || 4233 Modelos de moda, arte y publicidad || 5251 Astrólogos, adivinadores y afines || 5254 Entrenadores de animales y ocupaciones relacionadas con el cuidado de mascotas || 9713 Trabajadores de apoyo a la realización de espectáculos, deportes y en parques de diversiones"
5141,1,6,3330,2630,2,NA,requiere_revision_semantica,24,6720,"Supervisores, inspectores y similares en la fabricación metalúrgica y en la fabricación de productos eléctricos y electrónicos, la reparación y mantenimiento de maquinaria y productos metálicos y de precisión",2630|7201|8201,"2630 Supervisores de mecánicos y técnicos en mantenimiento y reparación de equipos mecánicos, vehículos de motor, instrumentos industriales y equipo de refrigeración || 7201 Supervisores de artesanos y trabajadores en el tratamiento y elaboración de productos de metal || 8201 Supervisores en procesos de ensamblado y montaje de maquinaria, herramientas y productos metálicos y electrónicos"
5100,2,2,7221,1614,2,NA,requiere_revision_semantica,8,6636,"Jefes, coordinadores y similares en la fabricación de alimentos, bebidas y productos de tabaco",1614|5101,"1614 Coordinadores y jefes de área en producción manufacturera || 5101 Supervisores en la preparación y servicio de alimentos y bebidas, así como en servicios de esparcimiento y de hotelería"
6110,1,6,9312,1512,1,NA,requiere_revision_semantica,28,6561,"Jefes de departamento, coordinadores y supervisores en contabilidad y finanzas",1512|3101,"1512 Coordinadores y jefes de área en servicios contables, financieros, banca y seguros || 3101 Supervisores de secretarias, capturistas, cajeros y trabajadores de control de archivo y transporte"
6160,1,3,7221,1711,2,2,original_coincide_con_consenso_oficial,18,6457,"Jefes de departamento, coordinadores y supervisores en servicios de restaurante, hospedaje y comercio",1711|1712,"1711 Coordinadores y jefes de área de ventas, comercialización y alquiler || 1712 Coordinadores y jefes de área de restaurantes y hoteles"
6110,1,6,5221,1512,1,NA,requiere_revision_semantica,11,6444,"Jefes de departamento, coordinadores y supervisores en contabilidad y finanzas",1512|3101,"1512 Coordinadores y jefes de área en servicios contables, financieros, banca y seguros || 3101 Supervisores de secretarias, capturistas, cajeros y trabajadores de control de archivo y transporte"
6160,1,5,4620,1711,1,1,original_coincide_con_consenso_oficial,22,6427,"Jefes de departamento, coordinadores y supervisores en servicios de restaurante, hospedaje y comercio",1711|1712,"1711 Coordinadores y jefes de área de ventas, comercialización y alquiler || 1712 Coordinadores y jefes de área de restaurantes y hoteles"
4170,1,5,1110,6101,7,7,original_coincide_con_consenso_oficial,13,6413,"Capataces, caporales, mayorales y similares en actividades agropecuarias,silvícolas y pesqueras",6101|6201,"6101 Supervisores, encargados y capataces agropecuarios || 6201 Supervisores, encargados y capataces de trabajadores en actividades pesqueras, acuícolas, forestales, caza y similares"
2124,2,2,8111,1312,2,2,original_coincide_con_consenso_oficial,24,6383,"Directores, gerentes y administradores de área o establecimientos en actividades de producción en industrias manufactureras, en la construcción y los servicios de reparación y mantenimiento",1312|1313|1314|1315,"1312 Directores y gerentes en producción minera, petrolera y gas || 1313 Directores y gerentes en generación y provisión de energía eléctrica y agua || 1314 Directores y gerentes en producción manufacturera || 1315 Directores y gerentes en construcción, reparación y mantenimiento"
8150,1,5,7131,3222,4,NA,requiere_revision_semantica,21,6366,"Trabajadores de apoyo para la realización de espectáculos, turismo y deporte",3222|4233|5251|5254|9713,"3222 Guías de turismo en museos, casinos, parques, cines y otros centros recreativos || 4233 Modelos de moda, arte y publicidad || 5251 Astrólogos, adivinadores y afines || 5254 Entrenadores de animales y ocupaciones relacionadas con el cuidado de mascotas || 9713 Trabajadores de apoyo a la realización de espectáculos, deportes y en parques de diversiones"
8100,1,4,7221,5112,4,4,original_coincide_con_consenso_oficial,30,6279,Fonderos (preparan y sirven alimentos) en establecimientos,5112|5114,"5112 Fonderos, vendedores y comerciantes de comida || 5114 Taqueros y preparadores de comida rápida, antojitos, pizzas, hot dogs, jugos, café, etcétera"
6150,1,6,9314,1721,1,1,original_coincide_con_consenso_oficial,9,6154,"Jefes de departamento, coordinadores y supervisores en servicios culturales y de esparcimiento",1721|1722,"1721 Coordinadores y jefes de área en actividades artísticas, de cine, teatro y afines || 1722 Coordinadores y jefes de área en museos, cines, deportivos y servicios culturales"
6160,1,6,4310,1711,1,1,original_coincide_con_consenso_oficial,30,6012,"Jefes de departamento, coordinadores y supervisores en servicios de restaurante, hospedaje y comercio",1711|1712,"1711 Coordinadores y jefes de área de ventas, comercialización y alquiler || 1712 Coordinadores y jefes de área de restaurantes y hoteles"
8150,3,1,8121,3222,6,NA,requiere_revision_semantica,20,5984,"Trabajadores de apoyo para la realización de espectáculos, turismo y deporte",3222|4233|5251|5254|9713,"3222 Guías de turismo en museos, casinos, parques, cines y otros centros recreativos || 4233 Modelos de moda, arte y publicidad || 5251 Astrólogos, adivinadores y afines || 5254 Entrenadores de animales y ocupaciones relacionadas con el cuidado de mascotas || 9713 Trabajadores de apoyo a la realización de espectáculos, deportes y en parques de diversiones"
6121,1,6,9313,1623,1,NA,requiere_revision_semantica,15,5977,"Jefes de departamento, coordinadores y supervisores en la coordinación del transporte",1623|2661|2662|8301,"1623 Coordinadores y jefes de área en servicios de transporte || 2661 Controladores de tráfico aéreo || 2662 Controladores de tráfico de otros transportes (terrestre, ferroviario y marítimo) || 8301 Supervisores de conductores de transporte y de maquinaria móvil"
7121,1,6,4681,8344,8,NA,requiere_revision_semantica,14,5857,Repartidores,8344|9723,8344 Conductores de motocicleta || 9723 Repartidores de mercancías (a pie y en bicicleta)
7121,1,2,4611,8344,9,NA,requiere_revision_semantica,20,5754,Repartidores,8344|9723,8344 Conductores de motocicleta || 9723 Repartidores de mercancías (a pie y en bicicleta)
1204,1,6,3320,2621,2,NA,requiere_revision_semantica,12,5743,"Técnicos en ingeniería química, industrial y mecánica",2621|2631|2633|2635|2637|2645,"2621 Auxiliares y técnicos industriales y químicos || 2631 Técnicos en mantenimiento y reparación de vehículos de motor || 2633 Técnicos en mantenimiento y reparación de maquinaria e instrumentos industriales || 2635 Técnicos en mantenimiento y reparación de instrumentos de precisión y musicales || 2637 Técnicos en la instalación, reparación y mantenimiento de equipos de refrigeración, climas y aire acondicionado || 2645 Técnicos en reparación de equipos electromecánicos"
4170,1,6,1110,6101,7,7,original_coincide_con_consenso_oficial,24,5709,"Capataces, caporales, mayorales y similares en actividades agropecuarias,silvícolas y pesqueras",6101|6201,"6101 Supervisores, encargados y capataces agropecuarios || 6201 Supervisores, encargados y capataces de trabajadores en actividades pesqueras, acuícolas, forestales, caza y similares"
2123,2,2,4850,1322,2,2,original_coincide_con_consenso_oficial,18,5601,"Directores, gerentes y administradores de área o establecimientos en comunicaciones y transportes",1322|1323,1322 Directores y gerentes en comunicación y telecomunicaciones || 1323 Directores y gerentes en servicios de transporte
1204,1,6,3250,2621,2,NA,requiere_revision_semantica,10,5565,"Técnicos en ingeniería química, industrial y mecánica",2621|2631|2633|2635|2637|2645,"2621 Auxiliares y técnicos industriales y químicos || 2631 Técnicos en mantenimiento y reparación de vehículos de motor || 2633 Técnicos en mantenimiento y reparación de maquinaria e instrumentos industriales || 2635 Técnicos en mantenimiento y reparación de instrumentos de precisión y musicales || 2637 Técnicos en la instalación, reparación y mantenimiento de equipos de refrigeración, climas y aire acondicionado || 2645 Técnicos en reparación de equipos electromecánicos"
2125,1,3,6112,1223,2,2,original_coincide_con_consenso_oficial,30,5534,Directores gerentes y administradores de área o establecimientos de enseñanza e investigación,1223|1324,1223 Directores y gerentes en centros de enseñanza y capacitación || 1324 Directores y gerentes en centros de investigación y desarrollo tecnológico
7201,3,1,4340,4224,3,NA,requiere_revision_semantica,18,5494,Vendedores ambulantes de artículos diversos,4224|9512|9661|9663,4224 Vendedores por catálogo || 9512 Vendedores ambulantes de artículos diversos (excluyendo los de venta de alimentos) || 9661 Recolectores de basura y material reciclable || 9663 Recolectores de otros materiales
1230,1,6,6222,2612,2,NA,requiere_revision_semantica,29,5471,Técnicos laboratoristas químicos y biólogos,2612|2813|2827,"2612 Auxiliares y técnicos en ciencias biológicas, químicas y del medio ambiente || 2813 Técnicos de laboratorios médicos || 2827 Fumigadores y controladores de plagas"
8150,1,2,8130,3222,4,NA,requiere_revision_semantica,11,5467,"Trabajadores de apoyo para la realización de espectáculos, turismo y deporte",3222|4233|5251|5254|9713,"3222 Guías de turismo en museos, casinos, parques, cines y otros centros recreativos || 4233 Modelos de moda, arte y publicidad || 5251 Astrólogos, adivinadores y afines || 5254 Entrenadores de animales y ocupaciones relacionadas con el cuidado de mascotas || 9713 Trabajadores de apoyo a la realización de espectáculos, deportes y en parques de diversiones"
2124,1,6,3360,1312,1,1,original_coincide_con_consenso_oficial,16,5451,"Directores, gerentes y administradores de área o establecimientos en actividades de producción en industrias manufactureras, en la construcción y los servicios de reparación y mantenimiento",1312|1313|1314|1315,"1312 Directores y gerentes en producción minera, petrolera y gas || 1313 Directores y gerentes en generación y provisión de energía eléctrica y agua || 1314 Directores y gerentes en producción manufacturera || 1315 Directores y gerentes en construcción, reparación y mantenimiento"
5100,1,5,7221,1614,1,NA,requiere_revision_semantica,19,5405,"Jefes, coordinadores y similares en la fabricación de alimentos, bebidas y productos de tabaco",1614|5101,"1614 Coordinadores y jefes de área en producción manufacturera || 5101 Supervisores en la preparación y servicio de alimentos y bebidas, así como en servicios de esparcimiento y de hotelería"
6160,1,6,3110,1711,1,1,original_coincide_con_consenso_oficial,15,5315,"Jefes de departamento, coordinadores y supervisores en servicios de restaurante, hospedaje y comercio",1711|1712,"1711 Coordinadores y jefes de área de ventas, comercialización y alquiler || 1712 Coordinadores y jefes de área de restaurantes y hoteles"
5246,1,6,3310,2634,8,8,original_coincide_con_consenso_oficial,13,5304,"Mecánicos, ajustadores, instaladores y trabajadores de mantenimiento y reparación de maquinaria, instrumentos industriales y equipos de refrigeración",2634|2638,"2634 Mecánicos en mantenimiento y reparación de maquinaria e instrumentos industriales || 2638 Mecánicos en instalación, mantenimiento y reparación de equipos de refrigeración, climas y aire acondicionado."
4151,1,6,1122,6212,13,NA,requiere_revision_semantica,6,5299,Trabajadores en actividades de acuacultura,6212|9122,6212 Trabajadores en actividades de acuacultura || 9122 Trabajadores de apoyo en actividades de acuicultura y pesca
6160,1,5,4330,1711,1,1,original_coincide_con_consenso_oficial,8,5011,"Jefes de departamento, coordinadores y supervisores en servicios de restaurante, hospedaje y comercio",1711|1712,"1711 Coordinadores y jefes de área de ventas, comercialización y alquiler || 1712 Coordinadores y jefes de área de restaurantes y hoteles"
5190,1,6,3360,NA,NA,NA,original_tampoco_resuelve,23,5008,NA,NA,NA
6121,1,5,4840,1623,1,NA,requiere_revision_semantica,8,4889,"Jefes de departamento, coordinadores y supervisores en la coordinación del transporte",1623|2661|2662|8301,"1623 Coordinadores y jefes de área en servicios de transporte || 2661 Controladores de tráfico aéreo || 2662 Controladores de tráfico de otros transportes (terrestre, ferroviario y marítimo) || 8301 Supervisores de conductores de transporte y de maquinaria móvil"
7201,4,2,4662,4224,3,NA,requiere_revision_semantica,19,4858,Vendedores ambulantes de artículos diversos,4224|9512|9661|9663,4224 Vendedores por catálogo || 9512 Vendedores ambulantes de artículos diversos (excluyendo los de venta de alimentos) || 9661 Recolectores de basura y material reciclable || 9663 Recolectores de otros materiales
6101,1,6,6132,1523,1,NA,requiere_revision_semantica,34,4850,"Jefes de departamento, coordinadores y supervisores en servicios de educación",1523|2311,1523 Coordinadores y jefes de área en centros de enseñanza y capacitación || 2311 Supervisores e inspectores educativos
5246,1,6,3320,2634,8,8,original_coincide_con_consenso_oficial,16,4843,"Mecánicos, ajustadores, instaladores y trabajadores de mantenimiento y reparación de maquinaria, instrumentos industriales y equipos de refrigeración",2634|2638,"2634 Mecánicos en mantenimiento y reparación de maquinaria e instrumentos industriales || 2638 Mecánicos en instalación, mantenimiento y reparación de equipos de refrigeración, climas y aire acondicionado."
5100,2,2,3110,1614,2,NA,requiere_revision_semantica,14,4799,"Jefes, coordinadores y similares en la fabricación de alimentos, bebidas y productos de tabaco",1614|5101,"1614 Coordinadores y jefes de área en producción manufacturera || 5101 Supervisores en la preparación y servicio de alimentos y bebidas, así como en servicios de esparcimiento y de hotelería"
5380,1,5,3250,8131,8,NA,requiere_revision_semantica,9,4764,Operadores de máquinas para el tratamiento de sustancias químicas y agua,8131|8134,8131 Operadores de máquinas para la elaboración de productos químicos || 8134 Operadores de máquinas para el tratamiento de agua
6260,1,5,4850,3141,3,3,original_coincide_con_consenso_oficial,27,4761,"Despachadores, checadores y similares en la operación del transporte",3141|3142,3141 Despachadores de transporte || 3142 Checadores y revisores de transporte
7201,3,1,4632,4224,3,NA,requiere_revision_semantica,24,4747,Vendedores ambulantes de artículos diversos,4224|9512|9661|9663,4224 Vendedores por catálogo || 9512 Vendedores ambulantes de artículos diversos (excluyendo los de venta de alimentos) || 9661 Recolectores de basura y material reciclable || 9663 Recolectores de otros materiales
7201,3,2,4662,4224,3,NA,requiere_revision_semantica,22,4709,Vendedores ambulantes de artículos diversos,4224|9512|9661|9663,4224 Vendedores por catálogo || 9512 Vendedores ambulantes de artículos diversos (excluyendo los de venta de alimentos) || 9661 Recolectores de basura y material reciclable || 9663 Recolectores de otros materiales
4170,1,2,1121,6101,7,7,original_coincide_con_consenso_oficial,17,4708,"Capataces, caporales, mayorales y similares en actividades agropecuarias,silvícolas y pesqueras",6101|6201,"6101 Supervisores, encargados y capataces agropecuarios || 6201 Supervisores, encargados y capataces de trabajadores en actividades pesqueras, acuícolas, forestales, caza y similares"
1250,3,1,5411,2531,3,NA,requiere_revision_semantica,12,4670,Técnicos en ciencias sociales,2531|2532|2711,2531 Auxiliares en ciencias sociales y humanistas || 2532 Auxiliares en servicios jurídicos || 2711 Auxiliares y técnicos en pedagogía y en educación
4120,1,2,1110,6131,13,NA,requiere_revision_semantica,15,4608,Trabajadores que combinan actividades agrícolas con ganaderas,6131|9113,6131 Trabajadores que combinan actividades agrícolas con ganaderas || 9113 Trabajadores de apoyo que realizan actividades agrícolas y ganaderas
1204,1,2,8111,2621,2,NA,requiere_revision_semantica,9,4585,"Técnicos en ingeniería química, industrial y mecánica",2621|2631|2633|2635|2637|2645,"2621 Auxiliares y técnicos industriales y químicos || 2631 Técnicos en mantenimiento y reparación de vehículos de motor || 2633 Técnicos en mantenimiento y reparación de maquinaria e instrumentos industriales || 2635 Técnicos en mantenimiento y reparación de instrumentos de precisión y musicales || 2637 Técnicos en la instalación, reparación y mantenimiento de equipos de refrigeración, climas y aire acondicionado || 2645 Técnicos en reparación de equipos electromecánicos"
7121,1,5,4681,8344,8,NA,requiere_revision_semantica,15,4541,Repartidores,8344|9723,8344 Conductores de motocicleta || 9723 Repartidores de mercancías (a pie y en bicicleta)
6121,1,6,9312,1623,1,NA,requiere_revision_semantica,15,4495,"Jefes de departamento, coordinadores y supervisores en la coordinación del transporte",1623|2661|2662|8301,"1623 Coordinadores y jefes de área en servicios de transporte || 2661 Controladores de tráfico aéreo || 2662 Controladores de tráfico de otros transportes (terrestre, ferroviario y marítimo) || 8301 Supervisores de conductores de transporte y de maquinaria móvil"
5400,1,6,7221,9236,10,10,original_coincide_con_consenso_oficial,16,4425,"Ayudantes, peones y similares en la fabricación de alimentos, bebidas y productos de tabaco",9236|9411,"9236 Trabajadores de apoyo en la industria de alimentos, bebidas y productos de tabaco || 9411 Ayudantes en la preparación de alimentos"
6110,1,6,9314,1512,1,NA,requiere_revision_semantica,15,4376,"Jefes de departamento, coordinadores y supervisores en contabilidad y finanzas",1512|3101,"1512 Coordinadores y jefes de área en servicios contables, financieros, banca y seguros || 3101 Supervisores de secretarias, capturistas, cajeros y trabajadores de control de archivo y transporte"
6260,1,2,8130,3141,3,3,original_coincide_con_consenso_oficial,4,4337,"Despachadores, checadores y similares en la operación del transporte",3141|3142,3141 Despachadores de transporte || 3142 Checadores y revisores de transporte
1250,1,2,5411,2531,3,NA,requiere_revision_semantica,35,4306,Técnicos en ciencias sociales,2531|2532|2711,2531 Auxiliares en ciencias sociales y humanistas || 2532 Auxiliares en servicios jurídicos || 2711 Auxiliares y técnicos en pedagogía y en educación
6160,1,6,7210,1711,1,1,original_coincide_con_consenso_oficial,31,4300,"Jefes de departamento, coordinadores y supervisores en servicios de restaurante, hospedaje y comercio",1711|1712,"1711 Coordinadores y jefes de área de ventas, comercialización y alquiler || 1712 Coordinadores y jefes de área de restaurantes y hoteles"
1230,1,6,9313,2612,2,NA,requiere_revision_semantica,19,4288,Técnicos laboratoristas químicos y biólogos,2612|2813|2827,"2612 Auxiliares y técnicos en ciencias biológicas, químicas y del medio ambiente || 2813 Técnicos de laboratorios médicos || 2827 Fumigadores y controladores de plagas"
2123,1,5,4840,1322,1,1,original_coincide_con_consenso_oficial,4,4282,"Directores, gerentes y administradores de área o establecimientos en comunicaciones y transportes",1322|1323,1322 Directores y gerentes en comunicación y telecomunicaciones || 1323 Directores y gerentes en servicios de transporte
6101,1,6,6112,1523,1,NA,requiere_revision_semantica,25,4266,"Jefes de departamento, coordinadores y supervisores en servicios de educación",1523|2311,1523 Coordinadores y jefes de área en centros de enseñanza y capacitación || 2311 Supervisores e inspectores educativos
6180,1,6,5613,1723,1,NA,requiere_revision_semantica,8,4245,"Otros jefes de departamento, coordinadores y supervisores en actividades no clasificadas anteriormente",1723|5201|9601,"1723 Coordinadores y jefes de área en servicios funerarios y otros servicios || 5201 Supervisores y encargados de trabajadores en cuidados personales y del hogar || 9601 Supervisores en limpieza, amas de llaves, mayordomos y en estacionamientos"
5100,1,6,7221,1614,1,NA,requiere_revision_semantica,9,4242,"Jefes, coordinadores y similares en la fabricación de alimentos, bebidas y productos de tabaco",1614|5101,"1614 Coordinadores y jefes de área en producción manufacturera || 5101 Supervisores en la preparación y servicio de alimentos y bebidas, así como en servicios de esparcimiento y de hotelería"
5246,1,6,3240,2634,8,8,original_coincide_con_consenso_oficial,17,4239,"Mecánicos, ajustadores, instaladores y trabajadores de mantenimiento y reparación de maquinaria, instrumentos industriales y equipos de refrigeración",2634|2638,"2634 Mecánicos en mantenimiento y reparación de maquinaria e instrumentos industriales || 2638 Mecánicos en instalación, mantenimiento y reparación de equipos de refrigeración, climas y aire acondicionado."
1204,2,2,8112,2621,2,NA,requiere_revision_semantica,27,4210,"Técnicos en ingeniería química, industrial y mecánica",2621|2631|2633|2635|2637|2645,"2621 Auxiliares y técnicos industriales y químicos || 2631 Técnicos en mantenimiento y reparación de vehículos de motor || 2633 Técnicos en mantenimiento y reparación de maquinaria e instrumentos industriales || 2635 Técnicos en mantenimiento y reparación de instrumentos de precisión y musicales || 2637 Técnicos en la instalación, reparación y mantenimiento de equipos de refrigeración, climas y aire acondicionado || 2645 Técnicos en reparación de equipos electromecánicos"
2124,2,3,3110,1312,2,2,original_coincide_con_consenso_oficial,9,4126,"Directores, gerentes y administradores de área o establecimientos en actividades de producción en industrias manufactureras, en la construcción y los servicios de reparación y mantenimiento",1312|1313|1314|1315,"1312 Directores y gerentes en producción minera, petrolera y gas || 1313 Directores y gerentes en generación y provisión de energía eléctrica y agua || 1314 Directores y gerentes en producción manufacturera || 1315 Directores y gerentes en construcción, reparación y mantenimiento"
6101,1,5,6111,1523,1,NA,requiere_revision_semantica,12,4123,"Jefes de departamento, coordinadores y supervisores en servicios de educación",1523|2311,1523 Coordinadores y jefes de área en centros de enseñanza y capacitación || 2311 Supervisores e inspectores educativos
6180,1,5,5613,1723,1,NA,requiere_revision_semantica,10,4014,"Otros jefes de departamento, coordinadores y supervisores en actividades no clasificadas anteriormente",1723|5201|9601,"1723 Coordinadores y jefes de área en servicios funerarios y otros servicios || 5201 Supervisores y encargados de trabajadores en cuidados personales y del hogar || 9601 Supervisores en limpieza, amas de llaves, mayordomos y en estacionamientos"
2123,2,2,4840,1322,2,2,original_coincide_con_consenso_oficial,14,3931,"Directores, gerentes y administradores de área o establecimientos en comunicaciones y transportes",1322|1323,1322 Directores y gerentes en comunicación y telecomunicaciones || 1323 Directores y gerentes en servicios de transporte
8150,1,5,5120,3222,4,NA,requiere_revision_semantica,5,3805,"Trabajadores de apoyo para la realización de espectáculos, turismo y deporte",3222|4233|5251|5254|9713,"3222 Guías de turismo en museos, casinos, parques, cines y otros centros recreativos || 4233 Modelos de moda, arte y publicidad || 5251 Astrólogos, adivinadores y afines || 5254 Entrenadores de animales y ocupaciones relacionadas con el cuidado de mascotas || 9713 Trabajadores de apoyo a la realización de espectáculos, deportes y en parques de diversiones"
2121,1,3,5411,1211,2,NA,requiere_revision_semantica,11,3802,"Directores, gerentes y administradores de área o establecimientos de finanzas, contabilidad, recursos humanos, administración e impartición de justicia",1211|1212|1224|1321,"1211 Directores y gerentes en administración, recursos humanos y mercadotecnia || 1212 Directores y gerentes en servicios contables, financieros, banca y seguros || 1224 Jueces de juzgado, directores y gerentes en servicios legales y procuración de justicia || 1321 Directores y gerentes en informática"
2125,1,2,6112,1223,2,2,original_coincide_con_consenso_oficial,13,3801,Directores gerentes y administradores de área o establecimientos de enseñanza e investigación,1223|1324,1223 Directores y gerentes en centros de enseñanza y capacitación || 1324 Directores y gerentes en centros de investigación y desarrollo tecnológico
6110,1,5,5611,1512,1,NA,requiere_revision_semantica,4,3765,"Jefes de departamento, coordinadores y supervisores en contabilidad y finanzas",1512|3101,"1512 Coordinadores y jefes de área en servicios contables, financieros, banca y seguros || 3101 Supervisores de secretarias, capturistas, cajeros y trabajadores de control de archivo y transporte"
1204,3,1,8111,2621,2,NA,requiere_revision_semantica,6,3758,"Técnicos en ingeniería química, industrial y mecánica",2621|2631|2633|2635|2637|2645,"2621 Auxiliares y técnicos industriales y químicos || 2631 Técnicos en mantenimiento y reparación de vehículos de motor || 2633 Técnicos en mantenimiento y reparación de maquinaria e instrumentos industriales || 2635 Técnicos en mantenimiento y reparación de instrumentos de precisión y musicales || 2637 Técnicos en la instalación, reparación y mantenimiento de equipos de refrigeración, climas y aire acondicionado || 2645 Técnicos en reparación de equipos electromecánicos"
5246,1,6,2122,2634,8,8,original_coincide_con_consenso_oficial,17,3748,"Mecánicos, ajustadores, instaladores y trabajadores de mantenimiento y reparación de maquinaria, instrumentos industriales y equipos de refrigeración",2634|2638,"2634 Mecánicos en mantenimiento y reparación de maquinaria e instrumentos industriales || 2638 Mecánicos en instalación, mantenimiento y reparación de equipos de refrigeración, climas y aire acondicionado."
1230,1,2,6211,2612,2,NA,requiere_revision_semantica,12,3678,Técnicos laboratoristas químicos y biólogos,2612|2813|2827,"2612 Auxiliares y técnicos en ciencias biológicas, químicas y del medio ambiente || 2813 Técnicos de laboratorios médicos || 2827 Fumigadores y controladores de plagas"
1204,1,6,3380,2621,2,NA,requiere_revision_semantica,10,3671,"Técnicos en ingeniería química, industrial y mecánica",2621|2631|2633|2635|2637|2645,"2621 Auxiliares y técnicos industriales y químicos || 2631 Técnicos en mantenimiento y reparación de vehículos de motor || 2633 Técnicos en mantenimiento y reparación de maquinaria e instrumentos industriales || 2635 Técnicos en mantenimiento y reparación de instrumentos de precisión y musicales || 2637 Técnicos en la instalación, reparación y mantenimiento de equipos de refrigeración, climas y aire acondicionado || 2645 Técnicos en reparación de equipos electromecánicos"
6180,1,6,9314,1723,1,NA,requiere_revision_semantica,21,3659,"Otros jefes de departamento, coordinadores y supervisores en actividades no clasificadas anteriormente",1723|5201|9601,"1723 Coordinadores y jefes de área en servicios funerarios y otros servicios || 5201 Supervisores y encargados de trabajadores en cuidados personales y del hogar || 9601 Supervisores en limpieza, amas de llaves, mayordomos y en estacionamientos"
1250,1,3,5411,2531,3,NA,requiere_revision_semantica,13,3652,Técnicos en ciencias sociales,2531|2532|2711,2531 Auxiliares en ciencias sociales y humanistas || 2532 Auxiliares en servicios jurídicos || 2711 Auxiliares y técnicos en pedagogía y en educación
6121,1,6,4840,1623,1,NA,requiere_revision_semantica,12,3651,"Jefes de departamento, coordinadores y supervisores en la coordinación del transporte",1623|2661|2662|8301,"1623 Coordinadores y jefes de área en servicios de transporte || 2661 Controladores de tráfico aéreo || 2662 Controladores de tráfico de otros transportes (terrestre, ferroviario y marítimo) || 8301 Supervisores de conductores de transporte y de maquinaria móvil"
6160,1,6,5411,1711,1,1,original_coincide_con_consenso_oficial,5,3629,"Jefes de departamento, coordinadores y supervisores en servicios de restaurante, hospedaje y comercio",1711|1712,"1711 Coordinadores y jefes de área de ventas, comercialización y alquiler || 1712 Coordinadores y jefes de área de restaurantes y hoteles"
1230,1,6,6212,2612,2,NA,requiere_revision_semantica,9,3613,Técnicos laboratoristas químicos y biólogos,2612|2813|2827,"2612 Auxiliares y técnicos en ciencias biológicas, químicas y del medio ambiente || 2813 Técnicos de laboratorios médicos || 2827 Fumigadores y controladores de plagas"
7121,1,5,4310,8344,8,NA,requiere_revision_semantica,18,3554,Repartidores,8344|9723,8344 Conductores de motocicleta || 9723 Repartidores de mercancías (a pie y en bicicleta)
5170,1,6,2210,1613,1,NA,requiere_revision_semantica,17,3525,"Jefes, coordinadores y similares en la generación de energía, la instalación, reparación y mantenimiento de equipo eléctrico y de telecomunicaciones",1613|8101,1613 Coordinadores y jefes de área en generación y provisión de energía eléctrica y agua || 8101 Supervisores de operadores de maquinaria industrial
1204,1,6,3110,2621,2,NA,requiere_revision_semantica,6,3464,"Técnicos en ingeniería química, industrial y mecánica",2621|2631|2633|2635|2637|2645,"2621 Auxiliares y técnicos industriales y químicos || 2631 Técnicos en mantenimiento y reparación de vehículos de motor || 2633 Técnicos en mantenimiento y reparación de maquinaria e instrumentos industriales || 2635 Técnicos en mantenimiento y reparación de instrumentos de precisión y musicales || 2637 Técnicos en la instalación, reparación y mantenimiento de equipos de refrigeración, climas y aire acondicionado || 2645 Técnicos en reparación de equipos electromecánicos"
5400,1,6,7210,9236,10,10,original_coincide_con_consenso_oficial,22,3464,"Ayudantes, peones y similares en la fabricación de alimentos, bebidas y productos de tabaco",9236|9411,"9236 Trabajadores de apoyo en la industria de alimentos, bebidas y productos de tabaco || 9411 Ayudantes en la preparación de alimentos"
7121,1,6,3120,8344,8,NA,requiere_revision_semantica,18,3455,Repartidores,8344|9723,8344 Conductores de motocicleta || 9723 Repartidores de mercancías (a pie y en bicicleta)
7121,1,5,5110,8344,8,NA,requiere_revision_semantica,6,3430,Repartidores,8344|9723,8344 Conductores de motocicleta || 9723 Repartidores de mercancías (a pie y en bicicleta)
6160,1,5,7210,1711,1,1,original_coincide_con_consenso_oficial,11,3420,"Jefes de departamento, coordinadores y supervisores en servicios de restaurante, hospedaje y comercio",1711|1712,"1711 Coordinadores y jefes de área de ventas, comercialización y alquiler || 1712 Coordinadores y jefes de área de restaurantes y hoteles"
6260,1,6,4620,3141,3,3,original_coincide_con_consenso_oficial,2,3345,"Despachadores, checadores y similares en la operación del transporte",3141|3142,3141 Despachadores de transporte || 3142 Checadores y revisores de transporte
6110,1,3,5221,1512,2,2,original_coincide_con_consenso_oficial,8,3334,"Jefes de departamento, coordinadores y supervisores en contabilidad y finanzas",1512|3101,"1512 Coordinadores y jefes de área en servicios contables, financieros, banca y seguros || 3101 Supervisores de secretarias, capturistas, cajeros y trabajadores de control de archivo y transporte"
5111,1,6,2110,7101,7,7,original_coincide_con_consenso_oficial,12,3323,"Supervisores, inspectores y similares en la extracción en minas, canteras y pozos",7101|8101,"7101 Supervisores de trabajadores en la extracción, albañiles y en acabados de la construcción || 8101 Supervisores de operadores de maquinaria industrial"
5246,1,6,3150,2634,8,8,original_coincide_con_consenso_oficial,7,3280,"Mecánicos, ajustadores, instaladores y trabajadores de mantenimiento y reparación de maquinaria, instrumentos industriales y equipos de refrigeración",2634|2638,"2634 Mecánicos en mantenimiento y reparación de maquinaria e instrumentos industriales || 2638 Mecánicos en instalación, mantenimiento y reparación de equipos de refrigeración, climas y aire acondicionado."
6130,3,1,5611,1621,2,2,original_coincide_con_consenso_oficial,3,3278,"Jefes de departamento, coordinadores y supervisores en servicios estadísticos e informáticos",1621|3201,1621 Coordinadores y jefes de área en informática || 3201 Supervisores de trabajadores que brindan y manejan información
6150,3,1,8121,1721,2,2,original_coincide_con_consenso_oficial,2,3249,"Jefes de departamento, coordinadores y supervisores en servicios culturales y de esparcimiento",1721|1722,"1721 Coordinadores y jefes de área en actividades artísticas, de cine, teatro y afines || 1722 Coordinadores y jefes de área en museos, cines, deportivos y servicios culturales"
6150,1,6,9313,1721,1,1,original_coincide_con_consenso_oficial,22,3244,"Jefes de departamento, coordinadores y supervisores en servicios culturales y de esparcimiento",1721|1722,"1721 Coordinadores y jefes de área en actividades artísticas, de cine, teatro y afines || 1722 Coordinadores y jefes de área en museos, cines, deportivos y servicios culturales"
1230,1,3,5613,2612,2,NA,requiere_revision_semantica,8,3243,Técnicos laboratoristas químicos y biólogos,2612|2813|2827,"2612 Auxiliares y técnicos en ciencias biológicas, químicas y del medio ambiente || 2813 Técnicos de laboratorios médicos || 2827 Fumigadores y controladores de plagas"
7121,1,3,4310,8344,9,NA,requiere_revision_semantica,5,3234,Repartidores,8344|9723,8344 Conductores de motocicleta || 9723 Repartidores de mercancías (a pie y en bicicleta)
6110,1,5,5221,1512,1,NA,requiere_revision_semantica,15,3232,"Jefes de departamento, coordinadores y supervisores en contabilidad y finanzas",1512|3101,"1512 Coordinadores y jefes de área en servicios contables, financieros, banca y seguros || 3101 Supervisores de secretarias, capturistas, cajeros y trabajadores de control de archivo y transporte"
5380,1,6,3130,8131,8,NA,requiere_revision_semantica,3,3221,Operadores de máquinas para el tratamiento de sustancias químicas y agua,8131|8134,8131 Operadores de máquinas para la elaboración de productos químicos || 8134 Operadores de máquinas para el tratamiento de agua
5100,3,2,3110,1614,2,NA,requiere_revision_semantica,3,3210,"Jefes, coordinadores y similares en la fabricación de alimentos, bebidas y productos de tabaco",1614|5101,"1614 Coordinadores y jefes de área en producción manufacturera || 5101 Supervisores en la preparación y servicio de alimentos y bebidas, así como en servicios de esparcimiento y de hotelería"
6180,1,6,5240,1723,1,NA,requiere_revision_semantica,9,3209,"Otros jefes de departamento, coordinadores y supervisores en actividades no clasificadas anteriormente",1723|5201|9601,"1723 Coordinadores y jefes de área en servicios funerarios y otros servicios || 5201 Supervisores y encargados de trabajadores en cuidados personales y del hogar || 9601 Supervisores en limpieza, amas de llaves, mayordomos y en estacionamientos"
4170,1,2,1110,6101,7,7,original_coincide_con_consenso_oficial,12,3206,"Capataces, caporales, mayorales y similares en actividades agropecuarias,silvícolas y pesqueras",6101|6201,"6101 Supervisores, encargados y capataces agropecuarios || 6201 Supervisores, encargados y capataces de trabajadores en actividades pesqueras, acuícolas, forestales, caza y similares"
5246,1,6,3270,2634,8,8,original_coincide_con_consenso_oficial,13,3204,"Mecánicos, ajustadores, instaladores y trabajadores de mantenimiento y reparación de maquinaria, instrumentos industriales y equipos de refrigeración",2634|2638,"2634 Mecánicos en mantenimiento y reparación de maquinaria e instrumentos industriales || 2638 Mecánicos en instalación, mantenimiento y reparación de equipos de refrigeración, climas y aire acondicionado."
5246,1,6,3130,2634,8,8,original_coincide_con_consenso_oficial,9,3200,"Mecánicos, ajustadores, instaladores y trabajadores de mantenimiento y reparación de maquinaria, instrumentos industriales y equipos de refrigeración",2634|2638,"2634 Mecánicos en mantenimiento y reparación de maquinaria e instrumentos industriales || 2638 Mecánicos en instalación, mantenimiento y reparación de equipos de refrigeración, climas y aire acondicionado."
4109,3,1,1130,6119,12,NA,requiere_revision_semantica,8,3189,Otros trabajadores que desempeñan una ocupación afín a las comprendidas en este subgrupo,6119|9111,"6119 Otros trabajadores en actividades agrícolas, no clasificados anteriormente || 9111 Trabajadores de apoyo en actividades agrícolas"
7201,3,2,4612,4224,3,NA,requiere_revision_semantica,14,3170,Vendedores ambulantes de artículos diversos,4224|9512|9661|9663,4224 Vendedores por catálogo || 9512 Vendedores ambulantes de artículos diversos (excluyendo los de venta de alimentos) || 9661 Recolectores de basura y material reciclable || 9663 Recolectores de otros materiales
5141,1,6,3260,2630,2,NA,requiere_revision_semantica,6,3163,"Supervisores, inspectores y similares en la fabricación metalúrgica y en la fabricación de productos eléctricos y electrónicos, la reparación y mantenimiento de maquinaria y productos metálicos y de precisión",2630|7201|8201,"2630 Supervisores de mecánicos y técnicos en mantenimiento y reparación de equipos mecánicos, vehículos de motor, instrumentos industriales y equipo de refrigeración || 7201 Supervisores de artesanos y trabajadores en el tratamiento y elaboración de productos de metal || 8201 Supervisores en procesos de ensamblado y montaje de maquinaria, herramientas y productos metálicos y electrónicos"
4109,1,6,1110,6119,13,NA,requiere_revision_semantica,16,3161,Otros trabajadores que desempeñan una ocupación afín a las comprendidas en este subgrupo,6119|9111,"6119 Otros trabajadores en actividades agrícolas, no clasificados anteriormente || 9111 Trabajadores de apoyo en actividades agrícolas"
4150,2,7,8130,6211,NA,NA,original_tampoco_resuelve,3,3144,Pescadores,6211|9122,6211 Trabajadores en actividades pesqueras || 9122 Trabajadores de apoyo en actividades de acuicultura y pesca
7121,1,5,3110,8344,8,NA,requiere_revision_semantica,12,3111,Repartidores,8344|9723,8344 Conductores de motocicleta || 9723 Repartidores de mercancías (a pie y en bicicleta)
6121,1,6,4850,1623,1,NA,requiere_revision_semantica,17,3105,"Jefes de departamento, coordinadores y supervisores en la coordinación del transporte",1623|2661|2662|8301,"1623 Coordinadores y jefes de área en servicios de transporte || 2661 Controladores de tráfico aéreo || 2662 Controladores de tráfico de otros transportes (terrestre, ferroviario y marítimo) || 8301 Supervisores de conductores de transporte y de maquinaria móvil"
8150,1,3,7131,3222,4,NA,requiere_revision_semantica,10,3077,"Trabajadores de apoyo para la realización de espectáculos, turismo y deporte",3222|4233|5251|5254|9713,"3222 Guías de turismo en museos, casinos, parques, cines y otros centros recreativos || 4233 Modelos de moda, arte y publicidad || 5251 Astrólogos, adivinadores y afines || 5254 Entrenadores de animales y ocupaciones relacionadas con el cuidado de mascotas || 9713 Trabajadores de apoyo a la realización de espectáculos, deportes y en parques de diversiones"
1230,4,6,6222,2612,2,NA,requiere_revision_semantica,7,3069,Técnicos laboratoristas químicos y biólogos,2612|2813|2827,"2612 Auxiliares y técnicos en ciencias biológicas, químicas y del medio ambiente || 2813 Técnicos de laboratorios médicos || 2827 Fumigadores y controladores de plagas"
1204,1,6,6222,2621,2,NA,requiere_revision_semantica,10,3068,"Técnicos en ingeniería química, industrial y mecánica",2621|2631|2633|2635|2637|2645,"2621 Auxiliares y técnicos industriales y químicos || 2631 Técnicos en mantenimiento y reparación de vehículos de motor || 2633 Técnicos en mantenimiento y reparación de maquinaria e instrumentos industriales || 2635 Técnicos en mantenimiento y reparación de instrumentos de precisión y musicales || 2637 Técnicos en la instalación, reparación y mantenimiento de equipos de refrigeración, climas y aire acondicionado || 2645 Técnicos en reparación de equipos electromecánicos"
6260,1,5,8130,3141,3,3,original_coincide_con_consenso_oficial,2,3054,"Despachadores, checadores y similares en la operación del transporte",3141|3142,3141 Despachadores de transporte || 3142 Checadores y revisores de transporte
2121,1,3,5221,1211,2,NA,requiere_revision_semantica,11,3027,"Directores, gerentes y administradores de área o establecimientos de finanzas, contabilidad, recursos humanos, administración e impartición de justicia",1211|1212|1224|1321,"1211 Directores y gerentes en administración, recursos humanos y mercadotecnia || 1212 Directores y gerentes en servicios contables, financieros, banca y seguros || 1224 Jueces de juzgado, directores y gerentes en servicios legales y procuración de justicia || 1321 Directores y gerentes en informática"
1204,1,6,3350,2621,2,NA,requiere_revision_semantica,9,3006,"Técnicos en ingeniería química, industrial y mecánica",2621|2631|2633|2635|2637|2645,"2621 Auxiliares y técnicos industriales y químicos || 2631 Técnicos en mantenimiento y reparación de vehículos de motor || 2633 Técnicos en mantenimiento y reparación de maquinaria e instrumentos industriales || 2635 Técnicos en mantenimiento y reparación de instrumentos de precisión y musicales || 2637 Técnicos en la instalación, reparación y mantenimiento de equipos de refrigeración, climas y aire acondicionado || 2645 Técnicos en reparación de equipos electromecánicos"
2124,1,5,3110,1312,1,1,original_coincide_con_consenso_oficial,3,3006,"Directores, gerentes y administradores de área o establecimientos en actividades de producción en industrias manufactureras, en la construcción y los servicios de reparación y mantenimiento",1312|1313|1314|1315,"1312 Directores y gerentes en producción minera, petrolera y gas || 1313 Directores y gerentes en generación y provisión de energía eléctrica y agua || 1314 Directores y gerentes en producción manufacturera || 1315 Directores y gerentes en construcción, reparación y mantenimiento"
2125,2,2,6111,1223,2,2,original_coincide_con_consenso_oficial,7,2988,Directores gerentes y administradores de área o establecimientos de enseñanza e investigación,1223|1324,1223 Directores y gerentes en centros de enseñanza y capacitación || 1324 Directores y gerentes en centros de investigación y desarrollo tecnológico
5100,3,2,7221,1614,2,NA,requiere_revision_semantica,4,2936,"Jefes, coordinadores y similares en la fabricación de alimentos, bebidas y productos de tabaco",1614|5101,"1614 Coordinadores y jefes de área en producción manufacturera || 5101 Supervisores en la preparación y servicio de alimentos y bebidas, así como en servicios de esparcimiento y de hotelería"
6160,1,4,7221,1711,2,2,original_coincide_con_consenso_oficial,11,2935,"Jefes de departamento, coordinadores y supervisores en servicios de restaurante, hospedaje y comercio",1711|1712,"1711 Coordinadores y jefes de área de ventas, comercialización y alquiler || 1712 Coordinadores y jefes de área de restaurantes y hoteles"
5141,1,7,3360,2630,2,NA,requiere_revision_semantica,8,2932,"Supervisores, inspectores y similares en la fabricación metalúrgica y en la fabricación de productos eléctricos y electrónicos, la reparación y mantenimiento de maquinaria y productos metálicos y de precisión",2630|7201|8201,"2630 Supervisores de mecánicos y técnicos en mantenimiento y reparación de equipos mecánicos, vehículos de motor, instrumentos industriales y equipo de refrigeración || 7201 Supervisores de artesanos y trabajadores en el tratamiento y elaboración de productos de metal || 8201 Supervisores en procesos de ensamblado y montaje de maquinaria, herramientas y productos metálicos y electrónicos"
8150,1,7,7131,3222,4,NA,requiere_revision_semantica,8,2925,"Trabajadores de apoyo para la realización de espectáculos, turismo y deporte",3222|4233|5251|5254|9713,"3222 Guías de turismo en museos, casinos, parques, cines y otros centros recreativos || 4233 Modelos de moda, arte y publicidad || 5251 Astrólogos, adivinadores y afines || 5254 Entrenadores de animales y ocupaciones relacionadas con el cuidado de mascotas || 9713 Trabajadores de apoyo a la realización de espectáculos, deportes y en parques de diversiones"
4109,3,1,1150,6119,12,NA,requiere_revision_semantica,6,2913,Otros trabajadores que desempeñan una ocupación afín a las comprendidas en este subgrupo,6119|9111,"6119 Otros trabajadores en actividades agrícolas, no clasificados anteriormente || 9111 Trabajadores de apoyo en actividades agrícolas"
1230,1,6,6132,2612,2,NA,requiere_revision_semantica,7,2868,Técnicos laboratoristas químicos y biólogos,2612|2813|2827,"2612 Auxiliares y técnicos en ciencias biológicas, químicas y del medio ambiente || 2813 Técnicos de laboratorios médicos || 2827 Fumigadores y controladores de plagas"
8150,1,2,5322,3222,4,NA,requiere_revision_semantica,6,2858,"Trabajadores de apoyo para la realización de espectáculos, turismo y deporte",3222|4233|5251|5254|9713,"3222 Guías de turismo en museos, casinos, parques, cines y otros centros recreativos || 4233 Modelos de moda, arte y publicidad || 5251 Astrólogos, adivinadores y afines || 5254 Entrenadores de animales y ocupaciones relacionadas con el cuidado de mascotas || 9713 Trabajadores de apoyo a la realización de espectáculos, deportes y en parques de diversiones"
5400,1,5,3110,9236,10,10,original_coincide_con_consenso_oficial,10,2839,"Ayudantes, peones y similares en la fabricación de alimentos, bebidas y productos de tabaco",9236|9411,"9236 Trabajadores de apoyo en la industria de alimentos, bebidas y productos de tabaco || 9411 Ayudantes en la preparación de alimentos"
5100,1,3,7221,1614,2,NA,requiere_revision_semantica,19,2827,"Jefes, coordinadores y similares en la fabricación de alimentos, bebidas y productos de tabaco",1614|5101,"1614 Coordinadores y jefes de área en producción manufacturera || 5101 Supervisores en la preparación y servicio de alimentos y bebidas, así como en servicios de esparcimiento y de hotelería"
6121,1,6,3220,1623,1,NA,requiere_revision_semantica,2,2813,"Jefes de departamento, coordinadores y supervisores en la coordinación del transporte",1623|2661|2662|8301,"1623 Coordinadores y jefes de área en servicios de transporte || 2661 Controladores de tráfico aéreo || 2662 Controladores de tráfico de otros transportes (terrestre, ferroviario y marítimo) || 8301 Supervisores de conductores de transporte y de maquinaria móvil"
6260,1,3,4850,3141,3,3,original_coincide_con_consenso_oficial,3,2791,"Despachadores, checadores y similares en la operación del transporte",3141|3142,3141 Despachadores de transporte || 3142 Checadores y revisores de transporte
2124,1,5,8111,1312,1,1,original_coincide_con_consenso_oficial,2,2778,"Directores, gerentes y administradores de área o establecimientos en actividades de producción en industrias manufactureras, en la construcción y los servicios de reparación y mantenimiento",1312|1313|1314|1315,"1312 Directores y gerentes en producción minera, petrolera y gas || 1313 Directores y gerentes en generación y provisión de energía eléctrica y agua || 1314 Directores y gerentes en producción manufacturera || 1315 Directores y gerentes en construcción, reparación y mantenimiento"
6260,3,1,4881,3141,3,3,original_coincide_con_consenso_oficial,5,2766,"Despachadores, checadores y similares en la operación del transporte",3141|3142,3141 Despachadores de transporte || 3142 Checadores y revisores de transporte
7201,3,1,4641,4224,3,NA,requiere_revision_semantica,3,2736,Vendedores ambulantes de artículos diversos,4224|9512|9661|9663,4224 Vendedores por catálogo || 9512 Vendedores ambulantes de artículos diversos (excluyendo los de venta de alimentos) || 9661 Recolectores de basura y material reciclable || 9663 Recolectores de otros materiales
1250,1,6,6112,2531,3,NA,requiere_revision_semantica,12,2716,Técnicos en ciencias sociales,2531|2532|2711,2531 Auxiliares en ciencias sociales y humanistas || 2532 Auxiliares en servicios jurídicos || 2711 Auxiliares y técnicos en pedagogía y en educación
4109,4,2,1110,6119,13,NA,requiere_revision_semantica,28,2705,Otros trabajadores que desempeñan una ocupación afín a las comprendidas en este subgrupo,6119|9111,"6119 Otros trabajadores en actividades agrícolas, no clasificados anteriormente || 9111 Trabajadores de apoyo en actividades agrícolas"
5246,1,6,3350,2634,8,8,original_coincide_con_consenso_oficial,9,2699,"Mecánicos, ajustadores, instaladores y trabajadores de mantenimiento y reparación de maquinaria, instrumentos industriales y equipos de refrigeración",2634|2638,"2634 Mecánicos en mantenimiento y reparación de maquinaria e instrumentos industriales || 2638 Mecánicos en instalación, mantenimiento y reparación de equipos de refrigeración, climas y aire acondicionado."
7121,1,2,4661,8344,9,NA,requiere_revision_semantica,4,2688,Repartidores,8344|9723,8344 Conductores de motocicleta || 9723 Repartidores de mercancías (a pie y en bicicleta)
5246,1,6,3340,2634,8,8,original_coincide_con_consenso_oficial,5,2671,"Mecánicos, ajustadores, instaladores y trabajadores de mantenimiento y reparación de maquinaria, instrumentos industriales y equipos de refrigeración",2634|2638,"2634 Mecánicos en mantenimiento y reparación de maquinaria e instrumentos industriales || 2638 Mecánicos en instalación, mantenimiento y reparación de equipos de refrigeración, climas y aire acondicionado."
6180,1,2,8111,1723,2,NA,requiere_revision_semantica,4,2649,"Otros jefes de departamento, coordinadores y supervisores en actividades no clasificadas anteriormente",1723|5201|9601,"1723 Coordinadores y jefes de área en servicios funerarios y otros servicios || 5201 Supervisores y encargados de trabajadores en cuidados personales y del hogar || 9601 Supervisores en limpieza, amas de llaves, mayordomos y en estacionamientos"
8150,4,2,7131,3222,4,NA,requiere_revision_semantica,8,2601,"Trabajadores de apoyo para la realización de espectáculos, turismo y deporte",3222|4233|5251|5254|9713,"3222 Guías de turismo en museos, casinos, parques, cines y otros centros recreativos || 4233 Modelos de moda, arte y publicidad || 5251 Astrólogos, adivinadores y afines || 5254 Entrenadores de animales y ocupaciones relacionadas con el cuidado de mascotas || 9713 Trabajadores de apoyo a la realización de espectáculos, deportes y en parques de diversiones"
1250,1,6,8130,2531,3,NA,requiere_revision_semantica,16,2600,Técnicos en ciencias sociales,2531|2532|2711,2531 Auxiliares en ciencias sociales y humanistas || 2532 Auxiliares en servicios jurídicos || 2711 Auxiliares y técnicos en pedagogía y en educación
5141,1,5,3330,2630,2,NA,requiere_revision_semantica,4,2594,"Supervisores, inspectores y similares en la fabricación metalúrgica y en la fabricación de productos eléctricos y electrónicos, la reparación y mantenimiento de maquinaria y productos metálicos y de precisión",2630|7201|8201,"2630 Supervisores de mecánicos y técnicos en mantenimiento y reparación de equipos mecánicos, vehículos de motor, instrumentos industriales y equipo de refrigeración || 7201 Supervisores de artesanos y trabajadores en el tratamiento y elaboración de productos de metal || 8201 Supervisores en procesos de ensamblado y montaje de maquinaria, herramientas y productos metálicos y electrónicos"
2123,1,6,9313,1322,1,1,original_coincide_con_consenso_oficial,5,2591,"Directores, gerentes y administradores de área o establecimientos en comunicaciones y transportes",1322|1323,1322 Directores y gerentes en comunicación y telecomunicaciones || 1323 Directores y gerentes en servicios de transporte
2125,1,7,6112,1223,2,NA,requiere_revision_semantica,11,2582,Directores gerentes y administradores de área o establecimientos de enseñanza e investigación,1223|1324,1223 Directores y gerentes en centros de enseñanza y capacitación || 1324 Directores y gerentes en centros de investigación y desarrollo tecnológico
2124,2,2,3120,1312,2,2,original_coincide_con_consenso_oficial,11,2569,"Directores, gerentes y administradores de área o establecimientos en actividades de producción en industrias manufactureras, en la construcción y los servicios de reparación y mantenimiento",1312|1313|1314|1315,"1312 Directores y gerentes en producción minera, petrolera y gas || 1313 Directores y gerentes en generación y provisión de energía eléctrica y agua || 1314 Directores y gerentes en producción manufacturera || 1315 Directores y gerentes en construcción, reparación y mantenimiento"
7201,4,2,4690,4224,3,NA,requiere_revision_semantica,16,2565,Vendedores ambulantes de artículos diversos,4224|9512|9661|9663,4224 Vendedores por catálogo || 9512 Vendedores ambulantes de artículos diversos (excluyendo los de venta de alimentos) || 9661 Recolectores de basura y material reciclable || 9663 Recolectores de otros materiales
7121,1,4,3110,8344,9,NA,requiere_revision_semantica,9,2562,Repartidores,8344|9723,8344 Conductores de motocicleta || 9723 Repartidores de mercancías (a pie y en bicicleta)
7201,2,2,4682,4224,3,NA,requiere_revision_semantica,3,2553,Vendedores ambulantes de artículos diversos,4224|9512|9661|9663,4224 Vendedores por catálogo || 9512 Vendedores ambulantes de artículos diversos (excluyendo los de venta de alimentos) || 9661 Recolectores de basura y material reciclable || 9663 Recolectores de otros materiales
6110,1,6,3350,1512,1,NA,requiere_revision_semantica,2,2549,"Jefes de departamento, coordinadores y supervisores en contabilidad y finanzas",1512|3101,"1512 Coordinadores y jefes de área en servicios contables, financieros, banca y seguros || 3101 Supervisores de secretarias, capturistas, cajeros y trabajadores de control de archivo y transporte"
1429,1,6,7120,NA,NA,NA,original_tampoco_resuelve,3,2546,NA,NA,NA
5246,1,6,3380,2634,8,8,original_coincide_con_consenso_oficial,5,2534,"Mecánicos, ajustadores, instaladores y trabajadores de mantenimiento y reparación de maquinaria, instrumentos industriales y equipos de refrigeración",2634|2638,"2634 Mecánicos en mantenimiento y reparación de maquinaria e instrumentos industriales || 2638 Mecánicos en instalación, mantenimiento y reparación de equipos de refrigeración, climas y aire acondicionado."
6150,1,3,7111,1721,2,2,original_coincide_con_consenso_oficial,2,2524,"Jefes de departamento, coordinadores y supervisores en servicios culturales y de esparcimiento",1721|1722,"1721 Coordinadores y jefes de área en actividades artísticas, de cine, teatro y afines || 1722 Coordinadores y jefes de área en museos, cines, deportivos y servicios culturales"
8150,1,7,5120,3222,4,NA,requiere_revision_semantica,3,2523,"Trabajadores de apoyo para la realización de espectáculos, turismo y deporte",3222|4233|5251|5254|9713,"3222 Guías de turismo en museos, casinos, parques, cines y otros centros recreativos || 4233 Modelos de moda, arte y publicidad || 5251 Astrólogos, adivinadores y afines || 5254 Entrenadores de animales y ocupaciones relacionadas con el cuidado de mascotas || 9713 Trabajadores de apoyo a la realización de espectáculos, deportes y en parques de diversiones"
7201,3,2,4690,4224,3,NA,requiere_revision_semantica,15,2493,Vendedores ambulantes de artículos diversos,4224|9512|9661|9663,4224 Vendedores por catálogo || 9512 Vendedores ambulantes de artículos diversos (excluyendo los de venta de alimentos) || 9661 Recolectores de basura y material reciclable || 9663 Recolectores de otros materiales
6260,1,2,4850,3141,3,3,original_coincide_con_consenso_oficial,15,2489,"Despachadores, checadores y similares en la operación del transporte",3141|3142,3141 Despachadores de transporte || 3142 Checadores y revisores de transporte
7201,4,2,4612,4224,3,NA,requiere_revision_semantica,11,2461,Vendedores ambulantes de artículos diversos,4224|9512|9661|9663,4224 Vendedores por catálogo || 9512 Vendedores ambulantes de artículos diversos (excluyendo los de venta de alimentos) || 9661 Recolectores de basura y material reciclable || 9663 Recolectores de otros materiales
8150,1,3,8130,3222,4,NA,requiere_revision_semantica,4,2460,"Trabajadores de apoyo para la realización de espectáculos, turismo y deporte",3222|4233|5251|5254|9713,"3222 Guías de turismo en museos, casinos, parques, cines y otros centros recreativos || 4233 Modelos de moda, arte y publicidad || 5251 Astrólogos, adivinadores y afines || 5254 Entrenadores de animales y ocupaciones relacionadas con el cuidado de mascotas || 9713 Trabajadores de apoyo a la realización de espectáculos, deportes y en parques de diversiones"
5100,1,4,7221,1614,2,NA,requiere_revision_semantica,11,2458,"Jefes, coordinadores y similares en la fabricación de alimentos, bebidas y productos de tabaco",1614|5101,"1614 Coordinadores y jefes de área en producción manufacturera || 5101 Supervisores en la preparación y servicio de alimentos y bebidas, así como en servicios de esparcimiento y de hotelería"
2124,1,6,3260,1312,1,1,original_coincide_con_consenso_oficial,3,2453,"Directores, gerentes y administradores de área o establecimientos en actividades de producción en industrias manufactureras, en la construcción y los servicios de reparación y mantenimiento",1312|1313|1314|1315,"1312 Directores y gerentes en producción minera, petrolera y gas || 1313 Directores y gerentes en generación y provisión de energía eléctrica y agua || 1314 Directores y gerentes en producción manufacturera || 1315 Directores y gerentes en construcción, reparación y mantenimiento"
7121,1,6,3110,8344,8,NA,requiere_revision_semantica,13,2435,Repartidores,8344|9723,8344 Conductores de motocicleta || 9723 Repartidores de mercancías (a pie y en bicicleta)
1204,1,6,3340,2621,2,NA,requiere_revision_semantica,9,2415,"Técnicos en ingeniería química, industrial y mecánica",2621|2631|2633|2635|2637|2645,"2621 Auxiliares y técnicos industriales y químicos || 2631 Técnicos en mantenimiento y reparación de vehículos de motor || 2633 Técnicos en mantenimiento y reparación de maquinaria e instrumentos industriales || 2635 Técnicos en mantenimiento y reparación de instrumentos de precisión y musicales || 2637 Técnicos en la instalación, reparación y mantenimiento de equipos de refrigeración, climas y aire acondicionado || 2645 Técnicos en reparación de equipos electromecánicos"
7201,2,2,4662,4224,3,NA,requiere_revision_semantica,8,2415,Vendedores ambulantes de artículos diversos,4224|9512|9661|9663,4224 Vendedores por catálogo || 9512 Vendedores ambulantes de artículos diversos (excluyendo los de venta de alimentos) || 9661 Recolectores de basura y material reciclable || 9663 Recolectores de otros materiales
4151,1,3,1122,6212,13,NA,requiere_revision_semantica,5,2409,Trabajadores en actividades de acuacultura,6212|9122,6212 Trabajadores en actividades de acuacultura || 9122 Trabajadores de apoyo en actividades de acuicultura y pesca
1423,2,3,5411,2541,5,5,original_coincide_con_consenso_oficial,2,2407,Decoradores y diseñadores,2541|2542|2543|2544,"2541 Diseñadores de moda y vestuario || 2542 Diseñadores industriales || 2543 Diseñadores gráficos || 2544 Decoradores de interiores, jardines y diversos materiales (tazas, llaveros, etcétera)"
6160,1,5,4671,1711,1,1,original_coincide_con_consenso_oficial,3,2398,"Jefes de departamento, coordinadores y supervisores en servicios de restaurante, hospedaje y comercio",1711|1712,"1711 Coordinadores y jefes de área de ventas, comercialización y alquiler || 1712 Coordinadores y jefes de área de restaurantes y hoteles"
6180,1,6,6132,1723,1,NA,requiere_revision_semantica,7,2394,"Otros jefes de departamento, coordinadores y supervisores en actividades no clasificadas anteriormente",1723|5201|9601,"1723 Coordinadores y jefes de área en servicios funerarios y otros servicios || 5201 Supervisores y encargados de trabajadores en cuidados personales y del hogar || 9601 Supervisores en limpieza, amas de llaves, mayordomos y en estacionamientos"
7201,1,2,4690,4224,3,NA,requiere_revision_semantica,11,2379,Vendedores ambulantes de artículos diversos,4224|9512|9661|9663,4224 Vendedores por catálogo || 9512 Vendedores ambulantes de artículos diversos (excluyendo los de venta de alimentos) || 9661 Recolectores de basura y material reciclable || 9663 Recolectores de otros materiales
5400,1,6,3120,9236,10,10,original_coincide_con_consenso_oficial,8,2371,"Ayudantes, peones y similares en la fabricación de alimentos, bebidas y productos de tabaco",9236|9411,"9236 Trabajadores de apoyo en la industria de alimentos, bebidas y productos de tabaco || 9411 Ayudantes en la preparación de alimentos"
5100,1,5,7210,1614,1,NA,requiere_revision_semantica,5,2367,"Jefes, coordinadores y similares en la fabricación de alimentos, bebidas y productos de tabaco",1614|5101,"1614 Coordinadores y jefes de área en producción manufacturera || 5101 Supervisores en la preparación y servicio de alimentos y bebidas, así como en servicios de esparcimiento y de hotelería"
1204,1,2,2381,2621,2,NA,requiere_revision_semantica,9,2362,"Técnicos en ingeniería química, industrial y mecánica",2621|2631|2633|2635|2637|2645,"2621 Auxiliares y técnicos industriales y químicos || 2631 Técnicos en mantenimiento y reparación de vehículos de motor || 2633 Técnicos en mantenimiento y reparación de maquinaria e instrumentos industriales || 2635 Técnicos en mantenimiento y reparación de instrumentos de precisión y musicales || 2637 Técnicos en la instalación, reparación y mantenimiento de equipos de refrigeración, climas y aire acondicionado || 2645 Técnicos en reparación de equipos electromecánicos"
6160,1,5,4611,1711,1,1,original_coincide_con_consenso_oficial,7,2350,"Jefes de departamento, coordinadores y supervisores en servicios de restaurante, hospedaje y comercio",1711|1712,"1711 Coordinadores y jefes de área de ventas, comercialización y alquiler || 1712 Coordinadores y jefes de área de restaurantes y hoteles"
6121,1,5,4850,1623,1,NA,requiere_revision_semantica,8,2342,"Jefes de departamento, coordinadores y supervisores en la coordinación del transporte",1623|2661|2662|8301,"1623 Coordinadores y jefes de área en servicios de transporte || 2661 Controladores de tráfico aéreo || 2662 Controladores de tráfico de otros transportes (terrestre, ferroviario y marítimo) || 8301 Supervisores de conductores de transporte y de maquinaria móvil"
2100,1,6,9313,1111,1,1,original_coincide_con_consenso_oficial,12,2341,Altas autoridades gubernamentales y legislativas,1111|1112,1111 Altas autoridades gubernamentales y jurisdiccionales || 1112 Legisladores
2125,2,2,6251,1223,2,2,original_coincide_con_consenso_oficial,9,2338,Directores gerentes y administradores de área o establecimientos de enseñanza e investigación,1223|1324,1223 Directores y gerentes en centros de enseñanza y capacitación || 1324 Directores y gerentes en centros de investigación y desarrollo tecnológico
1423,2,2,3230,2541,5,5,original_coincide_con_consenso_oficial,6,2336,Decoradores y diseñadores,2541|2542|2543|2544,"2541 Diseñadores de moda y vestuario || 2542 Diseñadores industriales || 2543 Diseñadores gráficos || 2544 Decoradores de interiores, jardines y diversos materiales (tazas, llaveros, etcétera)"
5111,1,6,2122,7101,7,7,original_coincide_con_consenso_oficial,16,2334,"Supervisores, inspectores y similares en la extracción en minas, canteras y pozos",7101|8101,"7101 Supervisores de trabajadores en la extracción, albañiles y en acabados de la construcción || 8101 Supervisores de operadores de maquinaria industrial"
6180,1,6,9313,1723,1,NA,requiere_revision_semantica,9,2332,"Otros jefes de departamento, coordinadores y supervisores en actividades no clasificadas anteriormente",1723|5201|9601,"1723 Coordinadores y jefes de área en servicios funerarios y otros servicios || 5201 Supervisores y encargados de trabajadores en cuidados personales y del hogar || 9601 Supervisores en limpieza, amas de llaves, mayordomos y en estacionamientos"
2124,1,6,3230,1312,1,1,original_coincide_con_consenso_oficial,1,2327,"Directores, gerentes y administradores de área o establecimientos en actividades de producción en industrias manufactureras, en la construcción y los servicios de reparación y mantenimiento",1312|1313|1314|1315,"1312 Directores y gerentes en producción minera, petrolera y gas || 1313 Directores y gerentes en generación y provisión de energía eléctrica y agua || 1314 Directores y gerentes en producción manufacturera || 1315 Directores y gerentes en construcción, reparación y mantenimiento"
8100,1,7,7221,5112,4,4,original_coincide_con_consenso_oficial,18,2322,Fonderos (preparan y sirven alimentos) en establecimientos,5112|5114,"5112 Fonderos, vendedores y comerciantes de comida || 5114 Taqueros y preparadores de comida rápida, antojitos, pizzas, hot dogs, jugos, café, etcétera"
5246,1,6,6222,2634,8,8,original_coincide_con_consenso_oficial,2,2320,"Mecánicos, ajustadores, instaladores y trabajadores de mantenimiento y reparación de maquinaria, instrumentos industriales y equipos de refrigeración",2634|2638,"2634 Mecánicos en mantenimiento y reparación de maquinaria e instrumentos industriales || 2638 Mecánicos en instalación, mantenimiento y reparación de equipos de refrigeración, climas y aire acondicionado."
5100,1,6,4620,1614,1,NA,requiere_revision_semantica,8,2311,"Jefes, coordinadores y similares en la fabricación de alimentos, bebidas y productos de tabaco",1614|5101,"1614 Coordinadores y jefes de área en producción manufacturera || 5101 Supervisores en la preparación y servicio de alimentos y bebidas, así como en servicios de esparcimiento y de hotelería"
8150,1,6,7131,3222,4,NA,requiere_revision_semantica,12,2303,"Trabajadores de apoyo para la realización de espectáculos, turismo y deporte",3222|4233|5251|5254|9713,"3222 Guías de turismo en museos, casinos, parques, cines y otros centros recreativos || 4233 Modelos de moda, arte y publicidad || 5251 Astrólogos, adivinadores y afines || 5254 Entrenadores de animales y ocupaciones relacionadas con el cuidado de mascotas || 9713 Trabajadores de apoyo a la realización de espectáculos, deportes y en parques de diversiones"
5141,1,5,3320,2630,2,NA,requiere_revision_semantica,7,2303,"Supervisores, inspectores y similares en la fabricación metalúrgica y en la fabricación de productos eléctricos y electrónicos, la reparación y mantenimiento de maquinaria y productos metálicos y de precisión",2630|7201|8201,"2630 Supervisores de mecánicos y técnicos en mantenimiento y reparación de equipos mecánicos, vehículos de motor, instrumentos industriales y equipo de refrigeración || 7201 Supervisores de artesanos y trabajadores en el tratamiento y elaboración de productos de metal || 8201 Supervisores en procesos de ensamblado y montaje de maquinaria, herramientas y productos metálicos y electrónicos"
6131,1,6,3270,NA,NA,NA,original_tampoco_resuelve,2,2293,NA,NA,NA
5400,1,6,4620,9236,10,10,original_coincide_con_consenso_oficial,11,2288,"Ayudantes, peones y similares en la fabricación de alimentos, bebidas y productos de tabaco",9236|9411,"9236 Trabajadores de apoyo en la industria de alimentos, bebidas y productos de tabaco || 9411 Ayudantes en la preparación de alimentos"
6101,1,2,6112,1523,2,2,original_coincide_con_consenso_oficial,2,2288,"Jefes de departamento, coordinadores y supervisores en servicios de educación",1523|2311,1523 Coordinadores y jefes de área en centros de enseñanza y capacitación || 2311 Supervisores e inspectores educativos
8150,1,6,7120,3222,4,NA,requiere_revision_semantica,10,2271,"Trabajadores de apoyo para la realización de espectáculos, turismo y deporte",3222|4233|5251|5254|9713,"3222 Guías de turismo en museos, casinos, parques, cines y otros centros recreativos || 4233 Modelos de moda, arte y publicidad || 5251 Astrólogos, adivinadores y afines || 5254 Entrenadores de animales y ocupaciones relacionadas con el cuidado de mascotas || 9713 Trabajadores de apoyo a la realización de espectáculos, deportes y en parques de diversiones"
7201,4,2,4632,4224,3,NA,requiere_revision_semantica,9,2256,Vendedores ambulantes de artículos diversos,4224|9512|9661|9663,4224 Vendedores por catálogo || 9512 Vendedores ambulantes de artículos diversos (excluyendo los de venta de alimentos) || 9661 Recolectores de basura y material reciclable || 9663 Recolectores de otros materiales
5246,1,6,3330,2634,8,8,original_coincide_con_consenso_oficial,10,2256,"Mecánicos, ajustadores, instaladores y trabajadores de mantenimiento y reparación de maquinaria, instrumentos industriales y equipos de refrigeración",2634|2638,"2634 Mecánicos en mantenimiento y reparación de maquinaria e instrumentos industriales || 2638 Mecánicos en instalación, mantenimiento y reparación de equipos de refrigeración, climas y aire acondicionado."
2124,1,6,3340,1312,1,1,original_coincide_con_consenso_oficial,5,2222,"Directores, gerentes y administradores de área o establecimientos en actividades de producción en industrias manufactureras, en la construcción y los servicios de reparación y mantenimiento",1312|1313|1314|1315,"1312 Directores y gerentes en producción minera, petrolera y gas || 1313 Directores y gerentes en generación y provisión de energía eléctrica y agua || 1314 Directores y gerentes en producción manufacturera || 1315 Directores y gerentes en construcción, reparación y mantenimiento"
6160,2,2,7221,1711,2,2,original_coincide_con_consenso_oficial,7,2220,"Jefes de departamento, coordinadores y supervisores en servicios de restaurante, hospedaje y comercio",1711|1712,"1711 Coordinadores y jefes de área de ventas, comercialización y alquiler || 1712 Coordinadores y jefes de área de restaurantes y hoteles"
7121,1,6,5110,8344,8,NA,requiere_revision_semantica,11,2215,Repartidores,8344|9723,8344 Conductores de motocicleta || 9723 Repartidores de mercancías (a pie y en bicicleta)
5246,1,6,3120,2634,8,8,original_coincide_con_consenso_oficial,12,2207,"Mecánicos, ajustadores, instaladores y trabajadores de mantenimiento y reparación de maquinaria, instrumentos industriales y equipos de refrigeración",2634|2638,"2634 Mecánicos en mantenimiento y reparación de maquinaria e instrumentos industriales || 2638 Mecánicos en instalación, mantenimiento y reparación de equipos de refrigeración, climas y aire acondicionado."
5100,1,6,7210,1614,1,NA,requiere_revision_semantica,7,2203,"Jefes, coordinadores y similares en la fabricación de alimentos, bebidas y productos de tabaco",1614|5101,"1614 Coordinadores y jefes de área en producción manufacturera || 5101 Supervisores en la preparación y servicio de alimentos y bebidas, así como en servicios de esparcimiento y de hotelería"
2125,1,3,6111,1223,2,2,original_coincide_con_consenso_oficial,6,2202,Directores gerentes y administradores de área o establecimientos de enseñanza e investigación,1223|1324,1223 Directores y gerentes en centros de enseñanza y capacitación || 1324 Directores y gerentes en centros de investigación y desarrollo tecnológico
2124,1,6,2361,1312,1,1,original_coincide_con_consenso_oficial,9,2195,"Directores, gerentes y administradores de área o establecimientos en actividades de producción en industrias manufactureras, en la construcción y los servicios de reparación y mantenimiento",1312|1313|1314|1315,"1312 Directores y gerentes en producción minera, petrolera y gas || 1313 Directores y gerentes en generación y provisión de energía eléctrica y agua || 1314 Directores y gerentes en producción manufacturera || 1315 Directores y gerentes en construcción, reparación y mantenimiento"
1230,1,6,5411,2612,2,NA,requiere_revision_semantica,2,2194,Técnicos laboratoristas químicos y biólogos,2612|2813|2827,"2612 Auxiliares y técnicos en ciencias biológicas, químicas y del medio ambiente || 2813 Técnicos de laboratorios médicos || 2827 Fumigadores y controladores de plagas"
6110,1,5,5411,1512,1,NA,requiere_revision_semantica,4,2169,"Jefes de departamento, coordinadores y supervisores en contabilidad y finanzas",1512|3101,"1512 Coordinadores y jefes de área en servicios contables, financieros, banca y seguros || 3101 Supervisores de secretarias, capturistas, cajeros y trabajadores de control de archivo y transporte"
2124,2,3,2361,1312,2,2,original_coincide_con_consenso_oficial,10,2162,"Directores, gerentes y administradores de área o establecimientos en actividades de producción en industrias manufactureras, en la construcción y los servicios de reparación y mantenimiento",1312|1313|1314|1315,"1312 Directores y gerentes en producción minera, petrolera y gas || 1313 Directores y gerentes en generación y provisión de energía eléctrica y agua || 1314 Directores y gerentes en producción manufacturera || 1315 Directores y gerentes en construcción, reparación y mantenimiento"
1230,1,5,4611,2612,2,NA,requiere_revision_semantica,1,2160,Técnicos laboratoristas químicos y biólogos,2612|2813|2827,"2612 Auxiliares y técnicos en ciencias biológicas, químicas y del medio ambiente || 2813 Técnicos de laboratorios médicos || 2827 Fumigadores y controladores de plagas"
8150,1,5,7221,3222,4,NA,requiere_revision_semantica,5,2159,"Trabajadores de apoyo para la realización de espectáculos, turismo y deporte",3222|4233|5251|5254|9713,"3222 Guías de turismo en museos, casinos, parques, cines y otros centros recreativos || 4233 Modelos de moda, arte y publicidad || 5251 Astrólogos, adivinadores y afines || 5254 Entrenadores de animales y ocupaciones relacionadas con el cuidado de mascotas || 9713 Trabajadores de apoyo a la realización de espectáculos, deportes y en parques de diversiones"
6160,1,5,4310,1711,1,1,original_coincide_con_consenso_oficial,10,2145,"Jefes de departamento, coordinadores y supervisores en servicios de restaurante, hospedaje y comercio",1711|1712,"1711 Coordinadores y jefes de área de ventas, comercialización y alquiler || 1712 Coordinadores y jefes de área de restaurantes y hoteles"
5380,1,6,3240,8131,8,NA,requiere_revision_semantica,3,2133,Operadores de máquinas para el tratamiento de sustancias químicas y agua,8131|8134,8131 Operadores de máquinas para la elaboración de productos químicos || 8134 Operadores de máquinas para el tratamiento de agua
4160,3,1,3130,6117,12,12,original_coincide_con_consenso_oficial,20,2117,Trabajadores en actividades de beneficio de productos agropecuarios,6117|6128,6117 Trabajadores en actividades de beneficio de productos agrícolas || 6128 Trabajadores en actividades de beneficio de productos pecuarios
4120,1,2,1121,6131,13,NA,requiere_revision_semantica,13,2095,Trabajadores que combinan actividades agrícolas con ganaderas,6131|9113,6131 Trabajadores que combinan actividades agrícolas con ganaderas || 9113 Trabajadores de apoyo que realizan actividades agrícolas y ganaderas
1204,1,6,3330,2621,2,NA,requiere_revision_semantica,8,2077,"Técnicos en ingeniería química, industrial y mecánica",2621|2631|2633|2635|2637|2645,"2621 Auxiliares y técnicos industriales y químicos || 2631 Técnicos en mantenimiento y reparación de vehículos de motor || 2633 Técnicos en mantenimiento y reparación de maquinaria e instrumentos industriales || 2635 Técnicos en mantenimiento y reparación de instrumentos de precisión y musicales || 2637 Técnicos en la instalación, reparación y mantenimiento de equipos de refrigeración, climas y aire acondicionado || 2645 Técnicos en reparación de equipos electromecánicos"
6101,1,5,6131,1523,1,NA,requiere_revision_semantica,11,2077,"Jefes de departamento, coordinadores y supervisores en servicios de educación",1523|2311,1523 Coordinadores y jefes de área en centros de enseñanza y capacitación || 2311 Supervisores e inspectores educativos
1250,1,3,6112,2531,3,NA,requiere_revision_semantica,4,2062,Técnicos en ciencias sociales,2531|2532|2711,2531 Auxiliares en ciencias sociales y humanistas || 2532 Auxiliares en servicios jurídicos || 2711 Auxiliares y técnicos en pedagogía y en educación
6260,1,5,4840,3141,3,3,original_coincide_con_consenso_oficial,2,2055,"Despachadores, checadores y similares en la operación del transporte",3141|3142,3141 Despachadores de transporte || 3142 Checadores y revisores de transporte
6160,1,6,4681,1711,1,1,original_coincide_con_consenso_oficial,7,2051,"Jefes de departamento, coordinadores y supervisores en servicios de restaurante, hospedaje y comercio",1711|1712,"1711 Coordinadores y jefes de área de ventas, comercialización y alquiler || 1712 Coordinadores y jefes de área de restaurantes y hoteles"
6160,1,6,9312,1711,1,1,original_coincide_con_consenso_oficial,7,2037,"Jefes de departamento, coordinadores y supervisores en servicios de restaurante, hospedaje y comercio",1711|1712,"1711 Coordinadores y jefes de área de ventas, comercialización y alquiler || 1712 Coordinadores y jefes de área de restaurantes y hoteles"
2124,1,6,3250,1312,1,1,original_coincide_con_consenso_oficial,4,2031,"Directores, gerentes y administradores de área o establecimientos en actividades de producción en industrias manufactureras, en la construcción y los servicios de reparación y mantenimiento",1312|1313|1314|1315,"1312 Directores y gerentes en producción minera, petrolera y gas || 1313 Directores y gerentes en generación y provisión de energía eléctrica y agua || 1314 Directores y gerentes en producción manufacturera || 1315 Directores y gerentes en construcción, reparación y mantenimiento"
2124,2,2,3230,1312,2,2,original_coincide_con_consenso_oficial,5,2024,"Directores, gerentes y administradores de área o establecimientos en actividades de producción en industrias manufactureras, en la construcción y los servicios de reparación y mantenimiento",1312|1313|1314|1315,"1312 Directores y gerentes en producción minera, petrolera y gas || 1313 Directores y gerentes en generación y provisión de energía eléctrica y agua || 1314 Directores y gerentes en producción manufacturera || 1315 Directores y gerentes en construcción, reparación y mantenimiento"
6160,1,5,5611,1711,1,1,original_coincide_con_consenso_oficial,5,2017,"Jefes de departamento, coordinadores y supervisores en servicios de restaurante, hospedaje y comercio",1711|1712,"1711 Coordinadores y jefes de área de ventas, comercialización y alquiler || 1712 Coordinadores y jefes de área de restaurantes y hoteles"
5246,1,5,3150,2634,8,8,original_coincide_con_consenso_oficial,3,2017,"Mecánicos, ajustadores, instaladores y trabajadores de mantenimiento y reparación de maquinaria, instrumentos industriales y equipos de refrigeración",2634|2638,"2634 Mecánicos en mantenimiento y reparación de maquinaria e instrumentos industriales || 2638 Mecánicos en instalación, mantenimiento y reparación de equipos de refrigeración, climas y aire acondicionado."
6110,3,2,5411,1512,2,2,original_coincide_con_consenso_oficial,1,2004,"Jefes de departamento, coordinadores y supervisores en contabilidad y finanzas",1512|3101,"1512 Coordinadores y jefes de área en servicios contables, financieros, banca y seguros || 3101 Supervisores de secretarias, capturistas, cajeros y trabajadores de control de archivo y transporte"
5246,1,6,2110,2634,8,8,original_coincide_con_consenso_oficial,6,1994,"Mecánicos, ajustadores, instaladores y trabajadores de mantenimiento y reparación de maquinaria, instrumentos industriales y equipos de refrigeración",2634|2638,"2634 Mecánicos en mantenimiento y reparación de maquinaria e instrumentos industriales || 2638 Mecánicos en instalación, mantenimiento y reparación de equipos de refrigeración, climas y aire acondicionado."
6150,1,6,9312,1721,1,1,original_coincide_con_consenso_oficial,7,1988,"Jefes de departamento, coordinadores y supervisores en servicios culturales y de esparcimiento",1721|1722,"1721 Coordinadores y jefes de área en actividades artísticas, de cine, teatro y afines || 1722 Coordinadores y jefes de área en museos, cines, deportivos y servicios culturales"
5246,1,5,3270,2634,8,8,original_coincide_con_consenso_oficial,3,1983,"Mecánicos, ajustadores, instaladores y trabajadores de mantenimiento y reparación de maquinaria, instrumentos industriales y equipos de refrigeración",2634|2638,"2634 Mecánicos en mantenimiento y reparación de maquinaria e instrumentos industriales || 2638 Mecánicos en instalación, mantenimiento y reparación de equipos de refrigeración, climas y aire acondicionado."
7121,4,2,3110,8344,9,NA,requiere_revision_semantica,13,1982,Repartidores,8344|9723,8344 Conductores de motocicleta || 9723 Repartidores de mercancías (a pie y en bicicleta)
4134,4,2,1130,6225,13,NA,requiere_revision_semantica,7,1980,Cortadores y recolectores de leña,6225|9124,6225 Cortadores de leña || 9124 Recolectores de leña y acarreadores de agua
5190,1,5,3310,NA,NA,NA,original_tampoco_resuelve,1,1965,NA,NA,NA
5141,1,6,3270,2630,2,NA,requiere_revision_semantica,3,1963,"Supervisores, inspectores y similares en la fabricación metalúrgica y en la fabricación de productos eléctricos y electrónicos, la reparación y mantenimiento de maquinaria y productos metálicos y de precisión",2630|7201|8201,"2630 Supervisores de mecánicos y técnicos en mantenimiento y reparación de equipos mecánicos, vehículos de motor, instrumentos industriales y equipo de refrigeración || 7201 Supervisores de artesanos y trabajadores en el tratamiento y elaboración de productos de metal || 8201 Supervisores en procesos de ensamblado y montaje de maquinaria, herramientas y productos metálicos y electrónicos"
2123,2,3,4840,1322,2,2,original_coincide_con_consenso_oficial,5,1962,"Directores, gerentes y administradores de área o establecimientos en comunicaciones y transportes",1322|1323,1322 Directores y gerentes en comunicación y telecomunicaciones || 1323 Directores y gerentes en servicios de transporte
5246,1,7,3360,2634,9,9,original_coincide_con_consenso_oficial,4,1952,"Mecánicos, ajustadores, instaladores y trabajadores de mantenimiento y reparación de maquinaria, instrumentos industriales y equipos de refrigeración",2634|2638,"2634 Mecánicos en mantenimiento y reparación de maquinaria e instrumentos industriales || 2638 Mecánicos en instalación, mantenimiento y reparación de equipos de refrigeración, climas y aire acondicionado."
1204,1,6,2210,2621,2,NA,requiere_revision_semantica,3,1946,"Técnicos en ingeniería química, industrial y mecánica",2621|2631|2633|2635|2637|2645,"2621 Auxiliares y técnicos industriales y químicos || 2631 Técnicos en mantenimiento y reparación de vehículos de motor || 2633 Técnicos en mantenimiento y reparación de maquinaria e instrumentos industriales || 2635 Técnicos en mantenimiento y reparación de instrumentos de precisión y musicales || 2637 Técnicos en la instalación, reparación y mantenimiento de equipos de refrigeración, climas y aire acondicionado || 2645 Técnicos en reparación de equipos electromecánicos"
1230,1,5,6212,2612,2,NA,requiere_revision_semantica,4,1940,Técnicos laboratoristas químicos y biólogos,2612|2813|2827,"2612 Auxiliares y técnicos en ciencias biológicas, químicas y del medio ambiente || 2813 Técnicos de laboratorios médicos || 2827 Fumigadores y controladores de plagas"
2123,2,3,4850,1322,2,2,original_coincide_con_consenso_oficial,3,1934,"Directores, gerentes y administradores de área o establecimientos en comunicaciones y transportes",1322|1323,1322 Directores y gerentes en comunicación y telecomunicaciones || 1323 Directores y gerentes en servicios de transporte
2124,1,6,3110,1312,1,1,original_coincide_con_consenso_oficial,4,1932,"Directores, gerentes y administradores de área o establecimientos en actividades de producción en industrias manufactureras, en la construcción y los servicios de reparación y mantenimiento",1312|1313|1314|1315,"1312 Directores y gerentes en producción minera, petrolera y gas || 1313 Directores y gerentes en generación y provisión de energía eléctrica y agua || 1314 Directores y gerentes en producción manufacturera || 1315 Directores y gerentes en construcción, reparación y mantenimiento"
7121,1,2,4310,8344,9,NA,requiere_revision_semantica,7,1908,Repartidores,8344|9723,8344 Conductores de motocicleta || 9723 Repartidores de mercancías (a pie y en bicicleta)
5551,3,1,4840,9322,NA,NA,original_tampoco_resuelve,1,1899,"Conductores de transporte de tracción animal (carretas, arrieros)",9322,"9322 Conductores de transporte de tracción animal (carretas, arrieros, etcétera)"
1250,1,6,4810,2531,3,NA,requiere_revision_semantica,1,1898,Técnicos en ciencias sociales,2531|2532|2711,2531 Auxiliares en ciencias sociales y humanistas || 2532 Auxiliares en servicios jurídicos || 2711 Auxiliares y técnicos en pedagogía y en educación
2121,2,2,5411,1211,2,NA,requiere_revision_semantica,10,1889,"Directores, gerentes y administradores de área o establecimientos de finanzas, contabilidad, recursos humanos, administración e impartición de justicia",1211|1212|1224|1321,"1211 Directores y gerentes en administración, recursos humanos y mercadotecnia || 1212 Directores y gerentes en servicios contables, financieros, banca y seguros || 1224 Jueces de juzgado, directores y gerentes en servicios legales y procuración de justicia || 1321 Directores y gerentes en informática"
6160,1,6,4651,1711,1,1,original_coincide_con_consenso_oficial,4,1889,"Jefes de departamento, coordinadores y supervisores en servicios de restaurante, hospedaje y comercio",1711|1712,"1711 Coordinadores y jefes de área de ventas, comercialización y alquiler || 1712 Coordinadores y jefes de área de restaurantes y hoteles"
6150,1,6,7210,1721,1,1,original_coincide_con_consenso_oficial,1,1886,"Jefes de departamento, coordinadores y supervisores en servicios culturales y de esparcimiento",1721|1722,"1721 Coordinadores y jefes de área en actividades artísticas, de cine, teatro y afines || 1722 Coordinadores y jefes de área en museos, cines, deportivos y servicios culturales"
7121,1,5,4350,8344,8,NA,requiere_revision_semantica,2,1881,Repartidores,8344|9723,8344 Conductores de motocicleta || 9723 Repartidores de mercancías (a pie y en bicicleta)
5170,1,6,5170,1613,1,NA,requiere_revision_semantica,5,1863,"Jefes, coordinadores y similares en la generación de energía, la instalación, reparación y mantenimiento de equipo eléctrico y de telecomunicaciones",1613|8101,1613 Coordinadores y jefes de área en generación y provisión de energía eléctrica y agua || 8101 Supervisores de operadores de maquinaria industrial
6110,1,6,5510,1512,1,NA,requiere_revision_semantica,4,1863,"Jefes de departamento, coordinadores y supervisores en contabilidad y finanzas",1512|3101,"1512 Coordinadores y jefes de área en servicios contables, financieros, banca y seguros || 3101 Supervisores de secretarias, capturistas, cajeros y trabajadores de control de archivo y transporte"
7201,3,2,4632,4224,3,NA,requiere_revision_semantica,10,1859,Vendedores ambulantes de artículos diversos,4224|9512|9661|9663,4224 Vendedores por catálogo || 9512 Vendedores ambulantes de artículos diversos (excluyendo los de venta de alimentos) || 9661 Recolectores de basura y material reciclable || 9663 Recolectores de otros materiales
1204,1,6,3270,2621,2,NA,requiere_revision_semantica,10,1849,"Técnicos en ingeniería química, industrial y mecánica",2621|2631|2633|2635|2637|2645,"2621 Auxiliares y técnicos industriales y químicos || 2631 Técnicos en mantenimiento y reparación de vehículos de motor || 2633 Técnicos en mantenimiento y reparación de maquinaria e instrumentos industriales || 2635 Técnicos en mantenimiento y reparación de instrumentos de precisión y musicales || 2637 Técnicos en la instalación, reparación y mantenimiento de equipos de refrigeración, climas y aire acondicionado || 2645 Técnicos en reparación de equipos electromecánicos"
5100,2,3,3110,1614,2,NA,requiere_revision_semantica,5,1844,"Jefes, coordinadores y similares en la fabricación de alimentos, bebidas y productos de tabaco",1614|5101,"1614 Coordinadores y jefes de área en producción manufacturera || 5101 Supervisores en la preparación y servicio de alimentos y bebidas, así como en servicios de esparcimiento y de hotelería"
1250,1,5,5190,2531,3,NA,requiere_revision_semantica,2,1842,Técnicos en ciencias sociales,2531|2532|2711,2531 Auxiliares en ciencias sociales y humanistas || 2532 Auxiliares en servicios jurídicos || 2711 Auxiliares y técnicos en pedagogía y en educación
1250,1,6,5411,2531,3,NA,requiere_revision_semantica,3,1839,Técnicos en ciencias sociales,2531|2532|2711,2531 Auxiliares en ciencias sociales y humanistas || 2532 Auxiliares en servicios jurídicos || 2711 Auxiliares y técnicos en pedagogía y en educación
5400,1,5,4310,9236,10,10,original_coincide_con_consenso_oficial,4,1838,"Ayudantes, peones y similares en la fabricación de alimentos, bebidas y productos de tabaco",9236|9411,"9236 Trabajadores de apoyo en la industria de alimentos, bebidas y productos de tabaco || 9411 Ayudantes en la preparación de alimentos"
6160,1,7,4310,1711,2,2,original_coincide_con_consenso_oficial,11,1819,"Jefes de departamento, coordinadores y supervisores en servicios de restaurante, hospedaje y comercio",1711|1712,"1711 Coordinadores y jefes de área de ventas, comercialización y alquiler || 1712 Coordinadores y jefes de área de restaurantes y hoteles"
1250,1,6,9311,2531,3,NA,requiere_revision_semantica,2,1817,Técnicos en ciencias sociales,2531|2532|2711,2531 Auxiliares en ciencias sociales y humanistas || 2532 Auxiliares en servicios jurídicos || 2711 Auxiliares y técnicos en pedagogía y en educación
5100,1,3,3110,1614,2,NA,requiere_revision_semantica,7,1809,"Jefes, coordinadores y similares en la fabricación de alimentos, bebidas y productos de tabaco",1614|5101,"1614 Coordinadores y jefes de área en producción manufacturera || 5101 Supervisores en la preparación y servicio de alimentos y bebidas, así como en servicios de esparcimiento y de hotelería"
1204,1,3,2381,2621,2,NA,requiere_revision_semantica,3,1808,"Técnicos en ingeniería química, industrial y mecánica",2621|2631|2633|2635|2637|2645,"2621 Auxiliares y técnicos industriales y químicos || 2631 Técnicos en mantenimiento y reparación de vehículos de motor || 2633 Técnicos en mantenimiento y reparación de maquinaria e instrumentos industriales || 2635 Técnicos en mantenimiento y reparación de instrumentos de precisión y musicales || 2637 Técnicos en la instalación, reparación y mantenimiento de equipos de refrigeración, climas y aire acondicionado || 2645 Técnicos en reparación de equipos electromecánicos"
6121,1,6,4881,1623,1,NA,requiere_revision_semantica,9,1806,"Jefes de departamento, coordinadores y supervisores en la coordinación del transporte",1623|2661|2662|8301,"1623 Coordinadores y jefes de área en servicios de transporte || 2661 Controladores de tráfico aéreo || 2662 Controladores de tráfico de otros transportes (terrestre, ferroviario y marítimo) || 8301 Supervisores de conductores de transporte y de maquinaria móvil"
1250,2,2,5411,2531,3,NA,requiere_revision_semantica,3,1803,Técnicos en ciencias sociales,2531|2532|2711,2531 Auxiliares en ciencias sociales y humanistas || 2532 Auxiliares en servicios jurídicos || 2711 Auxiliares y técnicos en pedagogía y en educación
7201,3,2,4652,4224,3,NA,requiere_revision_semantica,16,1798,Vendedores ambulantes de artículos diversos,4224|9512|9661|9663,4224 Vendedores por catálogo || 9512 Vendedores ambulantes de artículos diversos (excluyendo los de venta de alimentos) || 9661 Recolectores de basura y material reciclable || 9663 Recolectores de otros materiales
2121,1,7,4661,1211,2,NA,requiere_revision_semantica,2,1794,"Directores, gerentes y administradores de área o establecimientos de finanzas, contabilidad, recursos humanos, administración e impartición de justicia",1211|1212|1224|1321,"1211 Directores y gerentes en administración, recursos humanos y mercadotecnia || 1212 Directores y gerentes en servicios contables, financieros, banca y seguros || 1224 Jueces de juzgado, directores y gerentes en servicios legales y procuración de justicia || 1321 Directores y gerentes en informática"
6131,1,6,9312,NA,NA,NA,original_tampoco_resuelve,10,1792,NA,NA,NA
7121,1,3,4641,8344,9,NA,requiere_revision_semantica,3,1782,Repartidores,8344|9723,8344 Conductores de motocicleta || 9723 Repartidores de mercancías (a pie y en bicicleta)
5141,1,7,4350,2630,2,NA,requiere_revision_semantica,1,1779,"Supervisores, inspectores y similares en la fabricación metalúrgica y en la fabricación de productos eléctricos y electrónicos, la reparación y mantenimiento de maquinaria y productos metálicos y de precisión",2630|7201|8201,"2630 Supervisores de mecánicos y técnicos en mantenimiento y reparación de equipos mecánicos, vehículos de motor, instrumentos industriales y equipo de refrigeración || 7201 Supervisores de artesanos y trabajadores en el tratamiento y elaboración de productos de metal || 8201 Supervisores en procesos de ensamblado y montaje de maquinaria, herramientas y productos metálicos y electrónicos"
6160,1,4,4631,1711,2,2,original_coincide_con_consenso_oficial,1,1776,"Jefes de departamento, coordinadores y supervisores en servicios de restaurante, hospedaje y comercio",1711|1712,"1711 Coordinadores y jefes de área de ventas, comercialización y alquiler || 1712 Coordinadores y jefes de área de restaurantes y hoteles"
6121,1,6,4620,1623,1,NA,requiere_revision_semantica,1,1774,"Jefes de departamento, coordinadores y supervisores en la coordinación del transporte",1623|2661|2662|8301,"1623 Coordinadores y jefes de área en servicios de transporte || 2661 Controladores de tráfico aéreo || 2662 Controladores de tráfico de otros transportes (terrestre, ferroviario y marítimo) || 8301 Supervisores de conductores de transporte y de maquinaria móvil"
6180,1,5,5240,1723,1,NA,requiere_revision_semantica,9,1771,"Otros jefes de departamento, coordinadores y supervisores en actividades no clasificadas anteriormente",1723|5201|9601,"1723 Coordinadores y jefes de área en servicios funerarios y otros servicios || 5201 Supervisores y encargados de trabajadores en cuidados personales y del hogar || 9601 Supervisores en limpieza, amas de llaves, mayordomos y en estacionamientos"
6160,1,2,7221,1711,2,2,original_coincide_con_consenso_oficial,12,1770,"Jefes de departamento, coordinadores y supervisores en servicios de restaurante, hospedaje y comercio",1711|1712,"1711 Coordinadores y jefes de área de ventas, comercialización y alquiler || 1712 Coordinadores y jefes de área de restaurantes y hoteles"
6160,1,2,4870,1711,2,2,original_coincide_con_consenso_oficial,1,1767,"Jefes de departamento, coordinadores y supervisores en servicios de restaurante, hospedaje y comercio",1711|1712,"1711 Coordinadores y jefes de área de ventas, comercialización y alquiler || 1712 Coordinadores y jefes de área de restaurantes y hoteles"
6110,1,5,4881,1512,1,NA,requiere_revision_semantica,2,1765,"Jefes de departamento, coordinadores y supervisores en contabilidad y finanzas",1512|3101,"1512 Coordinadores y jefes de área en servicios contables, financieros, banca y seguros || 3101 Supervisores de secretarias, capturistas, cajeros y trabajadores de control de archivo y transporte"
2123,1,4,4840,1322,2,2,original_coincide_con_consenso_oficial,3,1764,"Directores, gerentes y administradores de área o establecimientos en comunicaciones y transportes",1322|1323,1322 Directores y gerentes en comunicación y telecomunicaciones || 1323 Directores y gerentes en servicios de transporte
4134,3,2,1130,6225,12,NA,requiere_revision_semantica,7,1764,Cortadores y recolectores de leña,6225|9124,6225 Cortadores de leña || 9124 Recolectores de leña y acarreadores de agua
6121,1,5,4920,1623,1,NA,requiere_revision_semantica,1,1764,"Jefes de departamento, coordinadores y supervisores en la coordinación del transporte",1623|2661|2662|8301,"1623 Coordinadores y jefes de área en servicios de transporte || 2661 Controladores de tráfico aéreo || 2662 Controladores de tráfico de otros transportes (terrestre, ferroviario y marítimo) || 8301 Supervisores de conductores de transporte y de maquinaria móvil"
5380,1,5,5411,8131,8,NA,requiere_revision_semantica,1,1762,Operadores de máquinas para el tratamiento de sustancias químicas y agua,8131|8134,8131 Operadores de máquinas para la elaboración de productos químicos || 8134 Operadores de máquinas para el tratamiento de agua
6260,1,6,8130,3141,3,3,original_coincide_con_consenso_oficial,2,1744,"Despachadores, checadores y similares en la operación del transporte",3141|3142,3141 Despachadores de transporte || 3142 Checadores y revisores de transporte
1204,1,6,3120,2621,2,NA,requiere_revision_semantica,10,1737,"Técnicos en ingeniería química, industrial y mecánica",2621|2631|2633|2635|2637|2645,"2621 Auxiliares y técnicos industriales y químicos || 2631 Técnicos en mantenimiento y reparación de vehículos de motor || 2633 Técnicos en mantenimiento y reparación de maquinaria e instrumentos industriales || 2635 Técnicos en mantenimiento y reparación de instrumentos de precisión y musicales || 2637 Técnicos en la instalación, reparación y mantenimiento de equipos de refrigeración, climas y aire acondicionado || 2645 Técnicos en reparación de equipos electromecánicos"
8150,1,3,7120,3222,4,NA,requiere_revision_semantica,2,1736,"Trabajadores de apoyo para la realización de espectáculos, turismo y deporte",3222|4233|5251|5254|9713,"3222 Guías de turismo en museos, casinos, parques, cines y otros centros recreativos || 4233 Modelos de moda, arte y publicidad || 5251 Astrólogos, adivinadores y afines || 5254 Entrenadores de animales y ocupaciones relacionadas con el cuidado de mascotas || 9713 Trabajadores de apoyo a la realización de espectáculos, deportes y en parques de diversiones"
6180,1,5,5120,1723,1,NA,requiere_revision_semantica,1,1731,"Otros jefes de departamento, coordinadores y supervisores en actividades no clasificadas anteriormente",1723|5201|9601,"1723 Coordinadores y jefes de área en servicios funerarios y otros servicios || 5201 Supervisores y encargados de trabajadores en cuidados personales y del hogar || 9601 Supervisores en limpieza, amas de llaves, mayordomos y en estacionamientos"
5410,1,6,2132,9211,10,10,original_coincide_con_consenso_oficial,9,1729,"Ayudantes, peones y similares en la extracción en minas, canteras y pozos",9211|9212,9211 Trabajadores de apoyo en la minería || 9212 Trabajadores de apoyo en la extracción
5170,2,3,2382,1613,2,NA,requiere_revision_semantica,2,1714,"Jefes, coordinadores y similares en la generación de energía, la instalación, reparación y mantenimiento de equipo eléctrico y de telecomunicaciones",1613|8101,1613 Coordinadores y jefes de área en generación y provisión de energía eléctrica y agua || 8101 Supervisores de operadores de maquinaria industrial
5380,1,7,3250,8131,9,NA,requiere_revision_semantica,8,1712,Operadores de máquinas para el tratamiento de sustancias químicas y agua,8131|8134,8131 Operadores de máquinas para la elaboración de productos químicos || 8134 Operadores de máquinas para el tratamiento de agua
2124,2,3,3150,1312,2,2,original_coincide_con_consenso_oficial,2,1712,"Directores, gerentes y administradores de área o establecimientos en actividades de producción en industrias manufactureras, en la construcción y los servicios de reparación y mantenimiento",1312|1313|1314|1315,"1312 Directores y gerentes en producción minera, petrolera y gas || 1313 Directores y gerentes en generación y provisión de energía eléctrica y agua || 1314 Directores y gerentes en producción manufacturera || 1315 Directores y gerentes en construcción, reparación y mantenimiento"
6160,1,6,5240,1711,1,1,original_coincide_con_consenso_oficial,2,1708,"Jefes de departamento, coordinadores y supervisores en servicios de restaurante, hospedaje y comercio",1711|1712,"1711 Coordinadores y jefes de área de ventas, comercialización y alquiler || 1712 Coordinadores y jefes de área de restaurantes y hoteles"
7121,1,2,3120,8344,9,NA,requiere_revision_semantica,5,1701,Repartidores,8344|9723,8344 Conductores de motocicleta || 9723 Repartidores de mercancías (a pie y en bicicleta)
2124,2,4,3130,1312,2,2,original_coincide_con_consenso_oficial,1,1699,"Directores, gerentes y administradores de área o establecimientos en actividades de producción en industrias manufactureras, en la construcción y los servicios de reparación y mantenimiento",1312|1313|1314|1315,"1312 Directores y gerentes en producción minera, petrolera y gas || 1313 Directores y gerentes en generación y provisión de energía eléctrica y agua || 1314 Directores y gerentes en producción manufacturera || 1315 Directores y gerentes en construcción, reparación y mantenimiento"
6121,1,6,8130,1623,1,NA,requiere_revision_semantica,1,1686,"Jefes de departamento, coordinadores y supervisores en la coordinación del transporte",1623|2661|2662|8301,"1623 Coordinadores y jefes de área en servicios de transporte || 2661 Controladores de tráfico aéreo || 2662 Controladores de tráfico de otros transportes (terrestre, ferroviario y marítimo) || 8301 Supervisores de conductores de transporte y de maquinaria móvil"
7201,3,2,4340,4224,3,NA,requiere_revision_semantica,6,1685,Vendedores ambulantes de artículos diversos,4224|9512|9661|9663,4224 Vendedores por catálogo || 9512 Vendedores ambulantes de artículos diversos (excluyendo los de venta de alimentos) || 9661 Recolectores de basura y material reciclable || 9663 Recolectores de otros materiales
7201,1,3,4662,4224,3,NA,requiere_revision_semantica,3,1677,Vendedores ambulantes de artículos diversos,4224|9512|9661|9663,4224 Vendedores por catálogo || 9512 Vendedores ambulantes de artículos diversos (excluyendo los de venta de alimentos) || 9661 Recolectores de basura y material reciclable || 9663 Recolectores de otros materiales
1250,1,5,9314,2531,3,NA,requiere_revision_semantica,6,1675,Técnicos en ciencias sociales,2531|2532|2711,2531 Auxiliares en ciencias sociales y humanistas || 2532 Auxiliares en servicios jurídicos || 2711 Auxiliares y técnicos en pedagogía y en educación
2125,1,2,6111,1223,2,2,original_coincide_con_consenso_oficial,2,1671,Directores gerentes y administradores de área o establecimientos de enseñanza e investigación,1223|1324,1223 Directores y gerentes en centros de enseñanza y capacitación || 1324 Directores y gerentes en centros de investigación y desarrollo tecnológico
2124,2,3,3230,1312,2,2,original_coincide_con_consenso_oficial,6,1667,"Directores, gerentes y administradores de área o establecimientos en actividades de producción en industrias manufactureras, en la construcción y los servicios de reparación y mantenimiento",1312|1313|1314|1315,"1312 Directores y gerentes en producción minera, petrolera y gas || 1313 Directores y gerentes en generación y provisión de energía eléctrica y agua || 1314 Directores y gerentes en producción manufacturera || 1315 Directores y gerentes en construcción, reparación y mantenimiento"
6260,1,4,4850,3141,3,3,original_coincide_con_consenso_oficial,5,1666,"Despachadores, checadores y similares en la operación del transporte",3141|3142,3141 Despachadores de transporte || 3142 Checadores y revisores de transporte
6131,1,6,9314,NA,NA,NA,original_tampoco_resuelve,4,1660,NA,NA,NA
5190,1,5,6111,NA,NA,NA,original_tampoco_resuelve,1,1659,NA,NA,NA
6160,1,6,5170,1711,1,1,original_coincide_con_consenso_oficial,4,1659,"Jefes de departamento, coordinadores y supervisores en servicios de restaurante, hospedaje y comercio",1711|1712,"1711 Coordinadores y jefes de área de ventas, comercialización y alquiler || 1712 Coordinadores y jefes de área de restaurantes y hoteles"
6110,1,5,4681,1512,1,NA,requiere_revision_semantica,5,1652,"Jefes de departamento, coordinadores y supervisores en contabilidad y finanzas",1512|3101,"1512 Coordinadores y jefes de área en servicios contables, financieros, banca y seguros || 3101 Supervisores de secretarias, capturistas, cajeros y trabajadores de control de archivo y transporte"
1204,1,6,3220,2621,2,NA,requiere_revision_semantica,7,1644,"Técnicos en ingeniería química, industrial y mecánica",2621|2631|2633|2635|2637|2645,"2621 Auxiliares y técnicos industriales y químicos || 2631 Técnicos en mantenimiento y reparación de vehículos de motor || 2633 Técnicos en mantenimiento y reparación de maquinaria e instrumentos industriales || 2635 Técnicos en mantenimiento y reparación de instrumentos de precisión y musicales || 2637 Técnicos en la instalación, reparación y mantenimiento de equipos de refrigeración, climas y aire acondicionado || 2645 Técnicos en reparación de equipos electromecánicos"
6160,1,5,4681,1711,1,1,original_coincide_con_consenso_oficial,6,1643,"Jefes de departamento, coordinadores y supervisores en servicios de restaurante, hospedaje y comercio",1711|1712,"1711 Coordinadores y jefes de área de ventas, comercialización y alquiler || 1712 Coordinadores y jefes de área de restaurantes y hoteles"
2121,1,2,6111,1211,2,NA,requiere_revision_semantica,1,1642,"Directores, gerentes y administradores de área o establecimientos de finanzas, contabilidad, recursos humanos, administración e impartición de justicia",1211|1212|1224|1321,"1211 Directores y gerentes en administración, recursos humanos y mercadotecnia || 1212 Directores y gerentes en servicios contables, financieros, banca y seguros || 1224 Jueces de juzgado, directores y gerentes en servicios legales y procuración de justicia || 1321 Directores y gerentes en informática"
6150,3,1,7113,1721,2,2,original_coincide_con_consenso_oficial,2,1640,"Jefes de departamento, coordinadores y supervisores en servicios culturales y de esparcimiento",1721|1722,"1721 Coordinadores y jefes de área en actividades artísticas, de cine, teatro y afines || 1722 Coordinadores y jefes de área en museos, cines, deportivos y servicios culturales"
6160,1,6,3120,1711,1,1,original_coincide_con_consenso_oficial,12,1633,"Jefes de departamento, coordinadores y supervisores en servicios de restaurante, hospedaje y comercio",1711|1712,"1711 Coordinadores y jefes de área de ventas, comercialización y alquiler || 1712 Coordinadores y jefes de área de restaurantes y hoteles"
6121,1,6,3360,1623,1,NA,requiere_revision_semantica,4,1631,"Jefes de departamento, coordinadores y supervisores en la coordinación del transporte",1623|2661|2662|8301,"1623 Coordinadores y jefes de área en servicios de transporte || 2661 Controladores de tráfico aéreo || 2662 Controladores de tráfico de otros transportes (terrestre, ferroviario y marítimo) || 8301 Supervisores de conductores de transporte y de maquinaria móvil"
4170,1,6,3110,6101,7,7,original_coincide_con_consenso_oficial,5,1630,"Capataces, caporales, mayorales y similares en actividades agropecuarias,silvícolas y pesqueras",6101|6201,"6101 Supervisores, encargados y capataces agropecuarios || 6201 Supervisores, encargados y capataces de trabajadores en actividades pesqueras, acuícolas, forestales, caza y similares"
5190,2,2,3380,NA,NA,NA,original_tampoco_resuelve,2,1629,NA,NA,NA
1250,1,5,6112,2531,3,NA,requiere_revision_semantica,13,1627,Técnicos en ciencias sociales,2531|2532|2711,2531 Auxiliares en ciencias sociales y humanistas || 2532 Auxiliares en servicios jurídicos || 2711 Auxiliares y técnicos en pedagogía y en educación
6260,1,6,3270,3141,3,3,original_coincide_con_consenso_oficial,1,1622,"Despachadores, checadores y similares en la operación del transporte",3141|3142,3141 Despachadores de transporte || 3142 Checadores y revisores de transporte
4109,1,7,1110,6119,13,NA,requiere_revision_semantica,4,1621,Otros trabajadores que desempeñan una ocupación afín a las comprendidas en este subgrupo,6119|9111,"6119 Otros trabajadores en actividades agrícolas, no clasificados anteriormente || 9111 Trabajadores de apoyo en actividades agrícolas"
1230,1,3,6211,2612,2,NA,requiere_revision_semantica,7,1614,Técnicos laboratoristas químicos y biólogos,2612|2813|2827,"2612 Auxiliares y técnicos en ciencias biológicas, químicas y del medio ambiente || 2813 Técnicos de laboratorios médicos || 2827 Fumigadores y controladores de plagas"
5400,1,5,4611,9236,10,10,original_coincide_con_consenso_oficial,3,1614,"Ayudantes, peones y similares en la fabricación de alimentos, bebidas y productos de tabaco",9236|9411,"9236 Trabajadores de apoyo en la industria de alimentos, bebidas y productos de tabaco || 9411 Ayudantes en la preparación de alimentos"
6150,2,3,5611,1721,2,2,original_coincide_con_consenso_oficial,2,1601,"Jefes de departamento, coordinadores y supervisores en servicios culturales y de esparcimiento",1721|1722,"1721 Coordinadores y jefes de área en actividades artísticas, de cine, teatro y afines || 1722 Coordinadores y jefes de área en museos, cines, deportivos y servicios culturales"
2124,1,6,3270,1312,1,1,original_coincide_con_consenso_oficial,5,1599,"Directores, gerentes y administradores de área o establecimientos en actividades de producción en industrias manufactureras, en la construcción y los servicios de reparación y mantenimiento",1312|1313|1314|1315,"1312 Directores y gerentes en producción minera, petrolera y gas || 1313 Directores y gerentes en generación y provisión de energía eléctrica y agua || 1314 Directores y gerentes en producción manufacturera || 1315 Directores y gerentes en construcción, reparación y mantenimiento"
5190,1,6,3260,NA,NA,NA,original_tampoco_resuelve,4,1595,NA,NA,NA
1204,1,6,4810,2621,2,NA,requiere_revision_semantica,4,1592,"Técnicos en ingeniería química, industrial y mecánica",2621|2631|2633|2635|2637|2645,"2621 Auxiliares y técnicos industriales y químicos || 2631 Técnicos en mantenimiento y reparación de vehículos de motor || 2633 Técnicos en mantenimiento y reparación de maquinaria e instrumentos industriales || 2635 Técnicos en mantenimiento y reparación de instrumentos de precisión y musicales || 2637 Técnicos en la instalación, reparación y mantenimiento de equipos de refrigeración, climas y aire acondicionado || 2645 Técnicos en reparación de equipos electromecánicos"
6101,1,7,6112,1523,2,2,original_coincide_con_consenso_oficial,5,1590,"Jefes de departamento, coordinadores y supervisores en servicios de educación",1523|2311,1523 Coordinadores y jefes de área en centros de enseñanza y capacitación || 2311 Supervisores e inspectores educativos
2100,1,6,9311,1111,1,1,original_coincide_con_consenso_oficial,7,1583,Altas autoridades gubernamentales y legislativas,1111|1112,1111 Altas autoridades gubernamentales y jurisdiccionales || 1112 Legisladores
1230,1,7,6212,2612,2,NA,requiere_revision_semantica,3,1580,Técnicos laboratoristas químicos y biólogos,2612|2813|2827,"2612 Auxiliares y técnicos en ciencias biológicas, químicas y del medio ambiente || 2813 Técnicos de laboratorios médicos || 2827 Fumigadores y controladores de plagas"
5246,1,6,2132,2634,8,8,original_coincide_con_consenso_oficial,3,1566,"Mecánicos, ajustadores, instaladores y trabajadores de mantenimiento y reparación de maquinaria, instrumentos industriales y equipos de refrigeración",2634|2638,"2634 Mecánicos en mantenimiento y reparación de maquinaria e instrumentos industriales || 2638 Mecánicos en instalación, mantenimiento y reparación de equipos de refrigeración, climas y aire acondicionado."
2124,2,3,8111,1312,2,2,original_coincide_con_consenso_oficial,6,1562,"Directores, gerentes y administradores de área o establecimientos en actividades de producción en industrias manufactureras, en la construcción y los servicios de reparación y mantenimiento",1312|1313|1314|1315,"1312 Directores y gerentes en producción minera, petrolera y gas || 1313 Directores y gerentes en generación y provisión de energía eléctrica y agua || 1314 Directores y gerentes en producción manufacturera || 1315 Directores y gerentes en construcción, reparación y mantenimiento"
7121,1,7,5110,8344,9,NA,requiere_revision_semantica,3,1561,Repartidores,8344|9723,8344 Conductores de motocicleta || 9723 Repartidores de mercancías (a pie y en bicicleta)
4151,1,5,1122,6212,13,NA,requiere_revision_semantica,7,1559,Trabajadores en actividades de acuacultura,6212|9122,6212 Trabajadores en actividades de acuacultura || 9122 Trabajadores de apoyo en actividades de acuicultura y pesca
8100,4,3,7221,5112,4,4,original_coincide_con_consenso_oficial,11,1550,Fonderos (preparan y sirven alimentos) en establecimientos,5112|5114,"5112 Fonderos, vendedores y comerciantes de comida || 5114 Taqueros y preparadores de comida rápida, antojitos, pizzas, hot dogs, jugos, café, etcétera"
5141,1,5,3360,2630,2,NA,requiere_revision_semantica,9,1546,"Supervisores, inspectores y similares en la fabricación metalúrgica y en la fabricación de productos eléctricos y electrónicos, la reparación y mantenimiento de maquinaria y productos metálicos y de precisión",2630|7201|8201,"2630 Supervisores de mecánicos y técnicos en mantenimiento y reparación de equipos mecánicos, vehículos de motor, instrumentos industriales y equipo de refrigeración || 7201 Supervisores de artesanos y trabajadores en el tratamiento y elaboración de productos de metal || 8201 Supervisores en procesos de ensamblado y montaje de maquinaria, herramientas y productos metálicos y electrónicos"
7201,3,1,4671,4224,3,NA,requiere_revision_semantica,5,1535,Vendedores ambulantes de artículos diversos,4224|9512|9661|9663,4224 Vendedores por catálogo || 9512 Vendedores ambulantes de artículos diversos (excluyendo los de venta de alimentos) || 9661 Recolectores de basura y material reciclable || 9663 Recolectores de otros materiales
6160,1,5,4631,1711,1,1,original_coincide_con_consenso_oficial,3,1532,"Jefes de departamento, coordinadores y supervisores en servicios de restaurante, hospedaje y comercio",1711|1712,"1711 Coordinadores y jefes de área de ventas, comercialización y alquiler || 1712 Coordinadores y jefes de área de restaurantes y hoteles"
7201,1,2,9700,4224,3,NA,requiere_revision_semantica,6,1531,Vendedores ambulantes de artículos diversos,4224|9512|9661|9663,4224 Vendedores por catálogo || 9512 Vendedores ambulantes de artículos diversos (excluyendo los de venta de alimentos) || 9661 Recolectores de basura y material reciclable || 9663 Recolectores de otros materiales
6160,1,5,5411,1711,1,1,original_coincide_con_consenso_oficial,1,1530,"Jefes de departamento, coordinadores y supervisores en servicios de restaurante, hospedaje y comercio",1711|1712,"1711 Coordinadores y jefes de área de ventas, comercialización y alquiler || 1712 Coordinadores y jefes de área de restaurantes y hoteles"
1250,1,5,6131,2531,3,NA,requiere_revision_semantica,2,1526,Técnicos en ciencias sociales,2531|2532|2711,2531 Auxiliares en ciencias sociales y humanistas || 2532 Auxiliares en servicios jurídicos || 2711 Auxiliares y técnicos en pedagogía y en educación
6260,1,6,4881,3141,3,3,original_coincide_con_consenso_oficial,8,1523,"Despachadores, checadores y similares en la operación del transporte",3141|3142,3141 Despachadores de transporte || 3142 Checadores y revisores de transporte
6121,1,6,3120,1623,1,NA,requiere_revision_semantica,1,1517,"Jefes de departamento, coordinadores y supervisores en la coordinación del transporte",1623|2661|2662|8301,"1623 Coordinadores y jefes de área en servicios de transporte || 2661 Controladores de tráfico aéreo || 2662 Controladores de tráfico de otros transportes (terrestre, ferroviario y marítimo) || 8301 Supervisores de conductores de transporte y de maquinaria móvil"
1250,1,4,8130,2531,3,NA,requiere_revision_semantica,3,1516,Técnicos en ciencias sociales,2531|2532|2711,2531 Auxiliares en ciencias sociales y humanistas || 2532 Auxiliares en servicios jurídicos || 2711 Auxiliares y técnicos en pedagogía y en educación
4109,3,1,1110,6119,12,NA,requiere_revision_semantica,5,1505,Otros trabajadores que desempeñan una ocupación afín a las comprendidas en este subgrupo,6119|9111,"6119 Otros trabajadores en actividades agrícolas, no clasificados anteriormente || 9111 Trabajadores de apoyo en actividades agrícolas"
8100,1,6,8125,5112,4,4,original_coincide_con_consenso_oficial,1,1504,Fonderos (preparan y sirven alimentos) en establecimientos,5112|5114,"5112 Fonderos, vendedores y comerciantes de comida || 5114 Taqueros y preparadores de comida rápida, antojitos, pizzas, hot dogs, jugos, café, etcétera"
6180,1,5,9314,1723,1,NA,requiere_revision_semantica,1,1503,"Otros jefes de departamento, coordinadores y supervisores en actividades no clasificadas anteriormente",1723|5201|9601,"1723 Coordinadores y jefes de área en servicios funerarios y otros servicios || 5201 Supervisores y encargados de trabajadores en cuidados personales y del hogar || 9601 Supervisores en limpieza, amas de llaves, mayordomos y en estacionamientos"
4120,4,3,1110,6131,13,NA,requiere_revision_semantica,10,1502,Trabajadores que combinan actividades agrícolas con ganaderas,6131|9113,6131 Trabajadores que combinan actividades agrícolas con ganaderas || 9113 Trabajadores de apoyo que realizan actividades agrícolas y ganaderas
4109,1,3,1110,6119,13,NA,requiere_revision_semantica,5,1501,Otros trabajadores que desempeñan una ocupación afín a las comprendidas en este subgrupo,6119|9111,"6119 Otros trabajadores en actividades agrícolas, no clasificados anteriormente || 9111 Trabajadores de apoyo en actividades agrícolas"
2123,1,6,5170,1322,1,1,original_coincide_con_consenso_oficial,4,1499,"Directores, gerentes y administradores de área o establecimientos en comunicaciones y transportes",1322|1323,1322 Directores y gerentes en comunicación y telecomunicaciones || 1323 Directores y gerentes en servicios de transporte
7201,1,2,4672,4224,3,NA,requiere_revision_semantica,5,1491,Vendedores ambulantes de artículos diversos,4224|9512|9661|9663,4224 Vendedores por catálogo || 9512 Vendedores ambulantes de artículos diversos (excluyendo los de venta de alimentos) || 9661 Recolectores de basura y material reciclable || 9663 Recolectores de otros materiales
6160,4,3,7221,1711,2,2,original_coincide_con_consenso_oficial,1,1488,"Jefes de departamento, coordinadores y supervisores en servicios de restaurante, hospedaje y comercio",1711|1712,"1711 Coordinadores y jefes de área de ventas, comercialización y alquiler || 1712 Coordinadores y jefes de área de restaurantes y hoteles"
5380,1,6,7131,8131,8,NA,requiere_revision_semantica,1,1486,Operadores de máquinas para el tratamiento de sustancias químicas y agua,8131|8134,8131 Operadores de máquinas para la elaboración de productos químicos || 8134 Operadores de máquinas para el tratamiento de agua
2121,1,7,3270,1211,2,NA,requiere_revision_semantica,1,1481,"Directores, gerentes y administradores de área o establecimientos de finanzas, contabilidad, recursos humanos, administración e impartición de justicia",1211|1212|1224|1321,"1211 Directores y gerentes en administración, recursos humanos y mercadotecnia || 1212 Directores y gerentes en servicios contables, financieros, banca y seguros || 1224 Jueces de juzgado, directores y gerentes en servicios legales y procuración de justicia || 1321 Directores y gerentes en informática"
5100,1,6,6222,1614,1,NA,requiere_revision_semantica,5,1479,"Jefes, coordinadores y similares en la fabricación de alimentos, bebidas y productos de tabaco",1614|5101,"1614 Coordinadores y jefes de área en producción manufacturera || 5101 Supervisores en la preparación y servicio de alimentos y bebidas, así como en servicios de esparcimiento y de hotelería"
5100,1,2,3110,1614,2,NA,requiere_revision_semantica,8,1478,"Jefes, coordinadores y similares en la fabricación de alimentos, bebidas y productos de tabaco",1614|5101,"1614 Coordinadores y jefes de área en producción manufacturera || 5101 Supervisores en la preparación y servicio de alimentos y bebidas, así como en servicios de esparcimiento y de hotelería"
5410,1,6,2110,9211,10,10,original_coincide_con_consenso_oficial,8,1462,"Ayudantes, peones y similares en la extracción en minas, canteras y pozos",9211|9212,9211 Trabajadores de apoyo en la minería || 9212 Trabajadores de apoyo en la extracción
4119,3,1,1150,6129,12,NA,requiere_revision_semantica,1,1459,Otros trabajadores que desempeñan una ocupación afín a las comprendidas en este subgrupo,6129|9112,"6129 Otros trabajadores en actividades ganaderas y en la cría de animales, no clasificados anteriormente || 9112 Trabajadores de apoyo en actividades ganaderas"
1250,1,5,5411,2531,3,NA,requiere_revision_semantica,5,1455,Técnicos en ciencias sociales,2531|2532|2711,2531 Auxiliares en ciencias sociales y humanistas || 2532 Auxiliares en servicios jurídicos || 2711 Auxiliares y técnicos en pedagogía y en educación
6121,1,6,4810,1623,1,NA,requiere_revision_semantica,3,1452,"Jefes de departamento, coordinadores y supervisores en la coordinación del transporte",1623|2661|2662|8301,"1623 Coordinadores y jefes de área en servicios de transporte || 2661 Controladores de tráfico aéreo || 2662 Controladores de tráfico de otros transportes (terrestre, ferroviario y marítimo) || 8301 Supervisores de conductores de transporte y de maquinaria móvil"
6121,1,6,2361,1623,1,NA,requiere_revision_semantica,1,1452,"Jefes de departamento, coordinadores y supervisores en la coordinación del transporte",1623|2661|2662|8301,"1623 Coordinadores y jefes de área en servicios de transporte || 2661 Controladores de tráfico aéreo || 2662 Controladores de tráfico de otros transportes (terrestre, ferroviario y marítimo) || 8301 Supervisores de conductores de transporte y de maquinaria móvil"
6180,1,3,8111,1723,2,NA,requiere_revision_semantica,3,1449,"Otros jefes de departamento, coordinadores y supervisores en actividades no clasificadas anteriormente",1723|5201|9601,"1723 Coordinadores y jefes de área en servicios funerarios y otros servicios || 5201 Supervisores y encargados de trabajadores en cuidados personales y del hogar || 9601 Supervisores en limpieza, amas de llaves, mayordomos y en estacionamientos"
2124,1,5,3250,1312,1,1,original_coincide_con_consenso_oficial,3,1440,"Directores, gerentes y administradores de área o establecimientos en actividades de producción en industrias manufactureras, en la construcción y los servicios de reparación y mantenimiento",1312|1313|1314|1315,"1312 Directores y gerentes en producción minera, petrolera y gas || 1313 Directores y gerentes en generación y provisión de energía eléctrica y agua || 1314 Directores y gerentes en producción manufacturera || 1315 Directores y gerentes en construcción, reparación y mantenimiento"
2124,1,6,2363,1312,1,1,original_coincide_con_consenso_oficial,3,1437,"Directores, gerentes y administradores de área o establecimientos en actividades de producción en industrias manufactureras, en la construcción y los servicios de reparación y mantenimiento",1312|1313|1314|1315,"1312 Directores y gerentes en producción minera, petrolera y gas || 1313 Directores y gerentes en generación y provisión de energía eléctrica y agua || 1314 Directores y gerentes en producción manufacturera || 1315 Directores y gerentes en construcción, reparación y mantenimiento"
1204,3,1,2381,2621,2,NA,requiere_revision_semantica,7,1435,"Técnicos en ingeniería química, industrial y mecánica",2621|2631|2633|2635|2637|2645,"2621 Auxiliares y técnicos industriales y químicos || 2631 Técnicos en mantenimiento y reparación de vehículos de motor || 2633 Técnicos en mantenimiento y reparación de maquinaria e instrumentos industriales || 2635 Técnicos en mantenimiento y reparación de instrumentos de precisión y musicales || 2637 Técnicos en la instalación, reparación y mantenimiento de equipos de refrigeración, climas y aire acondicionado || 2645 Técnicos en reparación de equipos electromecánicos"
6180,1,2,8122,1723,2,NA,requiere_revision_semantica,1,1431,"Otros jefes de departamento, coordinadores y supervisores en actividades no clasificadas anteriormente",1723|5201|9601,"1723 Coordinadores y jefes de área en servicios funerarios y otros servicios || 5201 Supervisores y encargados de trabajadores en cuidados personales y del hogar || 9601 Supervisores en limpieza, amas de llaves, mayordomos y en estacionamientos"
2124,1,6,3370,1312,1,1,original_coincide_con_consenso_oficial,2,1426,"Directores, gerentes y administradores de área o establecimientos en actividades de producción en industrias manufactureras, en la construcción y los servicios de reparación y mantenimiento",1312|1313|1314|1315,"1312 Directores y gerentes en producción minera, petrolera y gas || 1313 Directores y gerentes en generación y provisión de energía eléctrica y agua || 1314 Directores y gerentes en producción manufacturera || 1315 Directores y gerentes en construcción, reparación y mantenimiento"
5100,2,4,4310,1614,2,NA,requiere_revision_semantica,1,1426,"Jefes, coordinadores y similares en la fabricación de alimentos, bebidas y productos de tabaco",1614|5101,"1614 Coordinadores y jefes de área en producción manufacturera || 5101 Supervisores en la preparación y servicio de alimentos y bebidas, así como en servicios de esparcimiento y de hotelería"
8150,1,6,5611,3222,4,NA,requiere_revision_semantica,2,1423,"Trabajadores de apoyo para la realización de espectáculos, turismo y deporte",3222|4233|5251|5254|9713,"3222 Guías de turismo en museos, casinos, parques, cines y otros centros recreativos || 4233 Modelos de moda, arte y publicidad || 5251 Astrólogos, adivinadores y afines || 5254 Entrenadores de animales y ocupaciones relacionadas con el cuidado de mascotas || 9713 Trabajadores de apoyo a la realización de espectáculos, deportes y en parques de diversiones"
5246,1,5,3110,2634,8,8,original_coincide_con_consenso_oficial,4,1411,"Mecánicos, ajustadores, instaladores y trabajadores de mantenimiento y reparación de maquinaria, instrumentos industriales y equipos de refrigeración",2634|2638,"2634 Mecánicos en mantenimiento y reparación de maquinaria e instrumentos industriales || 2638 Mecánicos en instalación, mantenimiento y reparación de equipos de refrigeración, climas y aire acondicionado."
5246,1,5,2381,2634,8,8,original_coincide_con_consenso_oficial,1,1410,"Mecánicos, ajustadores, instaladores y trabajadores de mantenimiento y reparación de maquinaria, instrumentos industriales y equipos de refrigeración",2634|2638,"2634 Mecánicos en mantenimiento y reparación de maquinaria e instrumentos industriales || 2638 Mecánicos en instalación, mantenimiento y reparación de equipos de refrigeración, climas y aire acondicionado."
2121,2,2,5611,1211,2,NA,requiere_revision_semantica,2,1399,"Directores, gerentes y administradores de área o establecimientos de finanzas, contabilidad, recursos humanos, administración e impartición de justicia",1211|1212|1224|1321,"1211 Directores y gerentes en administración, recursos humanos y mercadotecnia || 1212 Directores y gerentes en servicios contables, financieros, banca y seguros || 1224 Jueces de juzgado, directores y gerentes en servicios legales y procuración de justicia || 1321 Directores y gerentes en informática"
2124,2,2,5411,1312,2,2,original_coincide_con_consenso_oficial,2,1391,"Directores, gerentes y administradores de área o establecimientos en actividades de producción en industrias manufactureras, en la construcción y los servicios de reparación y mantenimiento",1312|1313|1314|1315,"1312 Directores y gerentes en producción minera, petrolera y gas || 1313 Directores y gerentes en generación y provisión de energía eléctrica y agua || 1314 Directores y gerentes en producción manufacturera || 1315 Directores y gerentes en construcción, reparación y mantenimiento"
6150,3,1,5611,1721,2,2,original_coincide_con_consenso_oficial,4,1391,"Jefes de departamento, coordinadores y supervisores en servicios culturales y de esparcimiento",1721|1722,"1721 Coordinadores y jefes de área en actividades artísticas, de cine, teatro y afines || 1722 Coordinadores y jefes de área en museos, cines, deportivos y servicios culturales"
1204,2,2,2381,2621,2,NA,requiere_revision_semantica,6,1388,"Técnicos en ingeniería química, industrial y mecánica",2621|2631|2633|2635|2637|2645,"2621 Auxiliares y técnicos industriales y químicos || 2631 Técnicos en mantenimiento y reparación de vehículos de motor || 2633 Técnicos en mantenimiento y reparación de maquinaria e instrumentos industriales || 2635 Técnicos en mantenimiento y reparación de instrumentos de precisión y musicales || 2637 Técnicos en la instalación, reparación y mantenimiento de equipos de refrigeración, climas y aire acondicionado || 2645 Técnicos en reparación de equipos electromecánicos"
6160,1,6,7221,1711,1,1,original_coincide_con_consenso_oficial,10,1385,"Jefes de departamento, coordinadores y supervisores en servicios de restaurante, hospedaje y comercio",1711|1712,"1711 Coordinadores y jefes de área de ventas, comercialización y alquiler || 1712 Coordinadores y jefes de área de restaurantes y hoteles"
1423,2,2,3150,2541,5,5,original_coincide_con_consenso_oficial,2,1383,Decoradores y diseñadores,2541|2542|2543|2544,"2541 Diseñadores de moda y vestuario || 2542 Diseñadores industriales || 2543 Diseñadores gráficos || 2544 Decoradores de interiores, jardines y diversos materiales (tazas, llaveros, etcétera)"
7201,4,2,4652,4224,3,NA,requiere_revision_semantica,12,1382,Vendedores ambulantes de artículos diversos,4224|9512|9661|9663,4224 Vendedores por catálogo || 9512 Vendedores ambulantes de artículos diversos (excluyendo los de venta de alimentos) || 9661 Recolectores de basura y material reciclable || 9663 Recolectores de otros materiales
1204,3,2,8112,2621,2,NA,requiere_revision_semantica,8,1381,"Técnicos en ingeniería química, industrial y mecánica",2621|2631|2633|2635|2637|2645,"2621 Auxiliares y técnicos industriales y químicos || 2631 Técnicos en mantenimiento y reparación de vehículos de motor || 2633 Técnicos en mantenimiento y reparación de maquinaria e instrumentos industriales || 2635 Técnicos en mantenimiento y reparación de instrumentos de precisión y musicales || 2637 Técnicos en la instalación, reparación y mantenimiento de equipos de refrigeración, climas y aire acondicionado || 2645 Técnicos en reparación de equipos electromecánicos"
1230,1,6,9312,2612,2,NA,requiere_revision_semantica,7,1381,Técnicos laboratoristas químicos y biólogos,2612|2813|2827,"2612 Auxiliares y técnicos en ciencias biológicas, químicas y del medio ambiente || 2813 Técnicos de laboratorios médicos || 2827 Fumigadores y controladores de plagas"
6121,1,5,3220,1623,1,NA,requiere_revision_semantica,1,1378,"Jefes de departamento, coordinadores y supervisores en la coordinación del transporte",1623|2661|2662|8301,"1623 Coordinadores y jefes de área en servicios de transporte || 2661 Controladores de tráfico aéreo || 2662 Controladores de tráfico de otros transportes (terrestre, ferroviario y marítimo) || 8301 Supervisores de conductores de transporte y de maquinaria móvil"
6160,1,4,4661,1711,2,2,original_coincide_con_consenso_oficial,3,1373,"Jefes de departamento, coordinadores y supervisores en servicios de restaurante, hospedaje y comercio",1711|1712,"1711 Coordinadores y jefes de área de ventas, comercialización y alquiler || 1712 Coordinadores y jefes de área de restaurantes y hoteles"
5141,1,6,3110,2630,2,NA,requiere_revision_semantica,5,1370,"Supervisores, inspectores y similares en la fabricación metalúrgica y en la fabricación de productos eléctricos y electrónicos, la reparación y mantenimiento de maquinaria y productos metálicos y de precisión",2630|7201|8201,"2630 Supervisores de mecánicos y técnicos en mantenimiento y reparación de equipos mecánicos, vehículos de motor, instrumentos industriales y equipo de refrigeración || 7201 Supervisores de artesanos y trabajadores en el tratamiento y elaboración de productos de metal || 8201 Supervisores en procesos de ensamblado y montaje de maquinaria, herramientas y productos metálicos y electrónicos"
7121,1,2,4671,8344,9,NA,requiere_revision_semantica,4,1367,Repartidores,8344|9723,8344 Conductores de motocicleta || 9723 Repartidores de mercancías (a pie y en bicicleta)
1230,3,1,5613,2612,2,NA,requiere_revision_semantica,5,1365,Técnicos laboratoristas químicos y biólogos,2612|2813|2827,"2612 Auxiliares y técnicos en ciencias biológicas, químicas y del medio ambiente || 2813 Técnicos de laboratorios médicos || 2827 Fumigadores y controladores de plagas"
6180,1,6,6222,1723,1,NA,requiere_revision_semantica,6,1357,"Otros jefes de departamento, coordinadores y supervisores en actividades no clasificadas anteriormente",1723|5201|9601,"1723 Coordinadores y jefes de área en servicios funerarios y otros servicios || 5201 Supervisores y encargados de trabajadores en cuidados personales y del hogar || 9601 Supervisores en limpieza, amas de llaves, mayordomos y en estacionamientos"
6110,1,3,5611,1512,2,2,original_coincide_con_consenso_oficial,2,1356,"Jefes de departamento, coordinadores y supervisores en contabilidad y finanzas",1512|3101,"1512 Coordinadores y jefes de área en servicios contables, financieros, banca y seguros || 3101 Supervisores de secretarias, capturistas, cajeros y trabajadores de control de archivo y transporte"
5100,1,5,3110,1614,1,NA,requiere_revision_semantica,5,1354,"Jefes, coordinadores y similares en la fabricación de alimentos, bebidas y productos de tabaco",1614|5101,"1614 Coordinadores y jefes de área en producción manufacturera || 5101 Supervisores en la preparación y servicio de alimentos y bebidas, así como en servicios de esparcimiento y de hotelería"
6121,1,6,3110,1623,1,NA,requiere_revision_semantica,4,1350,"Jefes de departamento, coordinadores y supervisores en la coordinación del transporte",1623|2661|2662|8301,"1623 Coordinadores y jefes de área en servicios de transporte || 2661 Controladores de tráfico aéreo || 2662 Controladores de tráfico de otros transportes (terrestre, ferroviario y marítimo) || 8301 Supervisores de conductores de transporte y de maquinaria móvil"
5400,1,6,6222,9236,10,10,original_coincide_con_consenso_oficial,9,1348,"Ayudantes, peones y similares en la fabricación de alimentos, bebidas y productos de tabaco",9236|9411,"9236 Trabajadores de apoyo en la industria de alimentos, bebidas y productos de tabaco || 9411 Ayudantes en la preparación de alimentos"
6121,1,7,3320,1623,2,2,original_coincide_con_consenso_oficial,1,1343,"Jefes de departamento, coordinadores y supervisores en la coordinación del transporte",1623|2661|2662|8301,"1623 Coordinadores y jefes de área en servicios de transporte || 2661 Controladores de tráfico aéreo || 2662 Controladores de tráfico de otros transportes (terrestre, ferroviario y marítimo) || 8301 Supervisores de conductores de transporte y de maquinaria móvil"
6110,1,6,4330,1512,1,NA,requiere_revision_semantica,2,1342,"Jefes de departamento, coordinadores y supervisores en contabilidad y finanzas",1512|3101,"1512 Coordinadores y jefes de área en servicios contables, financieros, banca y seguros || 3101 Supervisores de secretarias, capturistas, cajeros y trabajadores de control de archivo y transporte"
7121,1,5,4611,8344,8,NA,requiere_revision_semantica,3,1340,Repartidores,8344|9723,8344 Conductores de motocicleta || 9723 Repartidores de mercancías (a pie y en bicicleta)
5141,1,5,2381,2630,2,NA,requiere_revision_semantica,1,1337,"Supervisores, inspectores y similares en la fabricación metalúrgica y en la fabricación de productos eléctricos y electrónicos, la reparación y mantenimiento de maquinaria y productos metálicos y de precisión",2630|7201|8201,"2630 Supervisores de mecánicos y técnicos en mantenimiento y reparación de equipos mecánicos, vehículos de motor, instrumentos industriales y equipo de refrigeración || 7201 Supervisores de artesanos y trabajadores en el tratamiento y elaboración de productos de metal || 8201 Supervisores en procesos de ensamblado y montaje de maquinaria, herramientas y productos metálicos y electrónicos"
2124,2,7,2370,1312,2,2,original_coincide_con_consenso_oficial,1,1329,"Directores, gerentes y administradores de área o establecimientos en actividades de producción en industrias manufactureras, en la construcción y los servicios de reparación y mantenimiento",1312|1313|1314|1315,"1312 Directores y gerentes en producción minera, petrolera y gas || 1313 Directores y gerentes en generación y provisión de energía eléctrica y agua || 1314 Directores y gerentes en producción manufacturera || 1315 Directores y gerentes en construcción, reparación y mantenimiento"
5246,1,6,2370,2634,8,8,original_coincide_con_consenso_oficial,7,1327,"Mecánicos, ajustadores, instaladores y trabajadores de mantenimiento y reparación de maquinaria, instrumentos industriales y equipos de refrigeración",2634|2638,"2634 Mecánicos en mantenimiento y reparación de maquinaria e instrumentos industriales || 2638 Mecánicos en instalación, mantenimiento y reparación de equipos de refrigeración, climas y aire acondicionado."
7121,1,4,4681,8344,9,NA,requiere_revision_semantica,8,1326,Repartidores,8344|9723,8344 Conductores de motocicleta || 9723 Repartidores de mercancías (a pie y en bicicleta)
2124,2,2,3320,1312,2,2,original_coincide_con_consenso_oficial,9,1326,"Directores, gerentes y administradores de área o establecimientos en actividades de producción en industrias manufactureras, en la construcción y los servicios de reparación y mantenimiento",1312|1313|1314|1315,"1312 Directores y gerentes en producción minera, petrolera y gas || 1313 Directores y gerentes en generación y provisión de energía eléctrica y agua || 1314 Directores y gerentes en producción manufacturera || 1315 Directores y gerentes en construcción, reparación y mantenimiento"
6101,1,3,6112,1523,2,2,original_coincide_con_consenso_oficial,5,1325,"Jefes de departamento, coordinadores y supervisores en servicios de educación",1523|2311,1523 Coordinadores y jefes de área en centros de enseñanza y capacitación || 2311 Supervisores e inspectores educativos
4170,4,2,1121,6101,7,7,original_coincide_con_consenso_oficial,1,1325,"Capataces, caporales, mayorales y similares en actividades agropecuarias,silvícolas y pesqueras",6101|6201,"6101 Supervisores, encargados y capataces agropecuarios || 6201 Supervisores, encargados y capataces de trabajadores en actividades pesqueras, acuícolas, forestales, caza y similares"
1204,1,5,3150,2621,2,NA,requiere_revision_semantica,1,1324,"Técnicos en ingeniería química, industrial y mecánica",2621|2631|2633|2635|2637|2645,"2621 Auxiliares y técnicos industriales y químicos || 2631 Técnicos en mantenimiento y reparación de vehículos de motor || 2633 Técnicos en mantenimiento y reparación de maquinaria e instrumentos industriales || 2635 Técnicos en mantenimiento y reparación de instrumentos de precisión y musicales || 2637 Técnicos en la instalación, reparación y mantenimiento de equipos de refrigeración, climas y aire acondicionado || 2645 Técnicos en reparación de equipos electromecánicos"
5410,1,6,2122,9211,10,10,original_coincide_con_consenso_oficial,12,1318,"Ayudantes, peones y similares en la extracción en minas, canteras y pozos",9211|9212,9211 Trabajadores de apoyo en la minería || 9212 Trabajadores de apoyo en la extracción
5111,1,7,8112,7101,7,7,original_coincide_con_consenso_oficial,1,1314,"Supervisores, inspectores y similares en la extracción en minas, canteras y pozos",7101|8101,"7101 Supervisores de trabajadores en la extracción, albañiles y en acabados de la construcción || 8101 Supervisores de operadores de maquinaria industrial"
6160,1,6,4340,1711,1,1,original_coincide_con_consenso_oficial,4,1298,"Jefes de departamento, coordinadores y supervisores en servicios de restaurante, hospedaje y comercio",1711|1712,"1711 Coordinadores y jefes de área de ventas, comercialización y alquiler || 1712 Coordinadores y jefes de área de restaurantes y hoteles"
4160,1,5,1110,6117,13,13,original_coincide_con_consenso_oficial,4,1295,Trabajadores en actividades de beneficio de productos agropecuarios,6117|6128,6117 Trabajadores en actividades de beneficio de productos agrícolas || 6128 Trabajadores en actividades de beneficio de productos pecuarios
8100,1,6,7221,5112,4,4,original_coincide_con_consenso_oficial,5,1291,Fonderos (preparan y sirven alimentos) en establecimientos,5112|5114,"5112 Fonderos, vendedores y comerciantes de comida || 5114 Taqueros y preparadores de comida rápida, antojitos, pizzas, hot dogs, jugos, café, etcétera"
2125,1,4,6111,1223,2,2,original_coincide_con_consenso_oficial,5,1290,Directores gerentes y administradores de área o establecimientos de enseñanza e investigación,1223|1324,1223 Directores y gerentes en centros de enseñanza y capacitación || 1324 Directores y gerentes en centros de investigación y desarrollo tecnológico
2124,1,5,2123,1312,1,1,original_coincide_con_consenso_oficial,3,1290,"Directores, gerentes y administradores de área o establecimientos en actividades de producción en industrias manufactureras, en la construcción y los servicios de reparación y mantenimiento",1312|1313|1314|1315,"1312 Directores y gerentes en producción minera, petrolera y gas || 1313 Directores y gerentes en generación y provisión de energía eléctrica y agua || 1314 Directores y gerentes en producción manufacturera || 1315 Directores y gerentes en construcción, reparación y mantenimiento"
5190,1,6,3380,NA,NA,NA,original_tampoco_resuelve,5,1288,NA,NA,NA
5246,1,5,3380,2634,8,8,original_coincide_con_consenso_oficial,2,1285,"Mecánicos, ajustadores, instaladores y trabajadores de mantenimiento y reparación de maquinaria, instrumentos industriales y equipos de refrigeración",2634|2638,"2634 Mecánicos en mantenimiento y reparación de maquinaria e instrumentos industriales || 2638 Mecánicos en instalación, mantenimiento y reparación de equipos de refrigeración, climas y aire acondicionado."
5249,1,7,9800,2639,9,9,original_coincide_con_consenso_oficial,1,1282,Otros trabajadores que desempeñan una ocupación afín a las comprendidas en este subgrupo,2639|7214,"2639 Otras ocupaciones de mecánicos y técnicos en el mantenimiento y reparación de equipos mecánicos, vehículos de motor e instrumentos industriales, no clasificados anteriormente || 7214 Montadores de estructuras metálicas"
6160,1,3,7210,1711,2,2,original_coincide_con_consenso_oficial,5,1281,"Jefes de departamento, coordinadores y supervisores en servicios de restaurante, hospedaje y comercio",1711|1712,"1711 Coordinadores y jefes de área de ventas, comercialización y alquiler || 1712 Coordinadores y jefes de área de restaurantes y hoteles"
8100,1,2,4611,5112,4,4,original_coincide_con_consenso_oficial,2,1281,Fonderos (preparan y sirven alimentos) en establecimientos,5112|5114,"5112 Fonderos, vendedores y comerciantes de comida || 5114 Taqueros y preparadores de comida rápida, antojitos, pizzas, hot dogs, jugos, café, etcétera"
5380,1,6,2221,8131,8,NA,requiere_revision_semantica,9,1279,Operadores de máquinas para el tratamiento de sustancias químicas y agua,8131|8134,8131 Operadores de máquinas para la elaboración de productos químicos || 8134 Operadores de máquinas para el tratamiento de agua
2124,3,1,2361,1312,2,2,original_coincide_con_consenso_oficial,1,1277,"Directores, gerentes y administradores de área o establecimientos en actividades de producción en industrias manufactureras, en la construcción y los servicios de reparación y mantenimiento",1312|1313|1314|1315,"1312 Directores y gerentes en producción minera, petrolera y gas || 1313 Directores y gerentes en generación y provisión de energía eléctrica y agua || 1314 Directores y gerentes en producción manufacturera || 1315 Directores y gerentes en construcción, reparación y mantenimiento"
6131,1,6,2110,NA,NA,NA,original_tampoco_resuelve,4,1276,NA,NA,NA
5141,1,6,2110,2630,2,NA,requiere_revision_semantica,5,1273,"Supervisores, inspectores y similares en la fabricación metalúrgica y en la fabricación de productos eléctricos y electrónicos, la reparación y mantenimiento de maquinaria y productos metálicos y de precisión",2630|7201|8201,"2630 Supervisores de mecánicos y técnicos en mantenimiento y reparación de equipos mecánicos, vehículos de motor, instrumentos industriales y equipo de refrigeración || 7201 Supervisores de artesanos y trabajadores en el tratamiento y elaboración de productos de metal || 8201 Supervisores en procesos de ensamblado y montaje de maquinaria, herramientas y productos metálicos y electrónicos"
8100,4,2,3110,5112,4,4,original_coincide_con_consenso_oficial,2,1273,Fonderos (preparan y sirven alimentos) en establecimientos,5112|5114,"5112 Fonderos, vendedores y comerciantes de comida || 5114 Taqueros y preparadores de comida rápida, antojitos, pizzas, hot dogs, jugos, café, etcétera"
4170,2,4,1110,6101,12,NA,requiere_revision_semantica,3,1270,"Capataces, caporales, mayorales y similares en actividades agropecuarias,silvícolas y pesqueras",6101|6201,"6101 Supervisores, encargados y capataces agropecuarios || 6201 Supervisores, encargados y capataces de trabajadores en actividades pesqueras, acuícolas, forestales, caza y similares"
1250,1,5,8130,2531,3,NA,requiere_revision_semantica,7,1269,Técnicos en ciencias sociales,2531|2532|2711,2531 Auxiliares en ciencias sociales y humanistas || 2532 Auxiliares en servicios jurídicos || 2711 Auxiliares y técnicos en pedagogía y en educación
7121,1,3,4611,8344,9,NA,requiere_revision_semantica,7,1267,Repartidores,8344|9723,8344 Conductores de motocicleta || 9723 Repartidores de mercancías (a pie y en bicicleta)
6110,1,3,5411,1512,2,2,original_coincide_con_consenso_oficial,4,1261,"Jefes de departamento, coordinadores y supervisores en contabilidad y finanzas",1512|3101,"1512 Coordinadores y jefes de área en servicios contables, financieros, banca y seguros || 3101 Supervisores de secretarias, capturistas, cajeros y trabajadores de control de archivo y transporte"
5190,1,6,3340,NA,NA,NA,original_tampoco_resuelve,6,1260,NA,NA,NA
2121,1,4,5222,1211,2,NA,requiere_revision_semantica,9,1257,"Directores, gerentes y administradores de área o establecimientos de finanzas, contabilidad, recursos humanos, administración e impartición de justicia",1211|1212|1224|1321,"1211 Directores y gerentes en administración, recursos humanos y mercadotecnia || 1212 Directores y gerentes en servicios contables, financieros, banca y seguros || 1224 Jueces de juzgado, directores y gerentes en servicios legales y procuración de justicia || 1321 Directores y gerentes en informática"
4170,2,2,1110,6101,12,NA,requiere_revision_semantica,4,1253,"Capataces, caporales, mayorales y similares en actividades agropecuarias,silvícolas y pesqueras",6101|6201,"6101 Supervisores, encargados y capataces agropecuarios || 6201 Supervisores, encargados y capataces de trabajadores en actividades pesqueras, acuícolas, forestales, caza y similares"
6150,1,4,6122,1721,2,2,original_coincide_con_consenso_oficial,1,1253,"Jefes de departamento, coordinadores y supervisores en servicios culturales y de esparcimiento",1721|1722,"1721 Coordinadores y jefes de área en actividades artísticas, de cine, teatro y afines || 1722 Coordinadores y jefes de área en museos, cines, deportivos y servicios culturales"
1250,1,3,6111,2531,3,NA,requiere_revision_semantica,2,1245,Técnicos en ciencias sociales,2531|2532|2711,2531 Auxiliares en ciencias sociales y humanistas || 2532 Auxiliares en servicios jurídicos || 2711 Auxiliares y técnicos en pedagogía y en educación
7121,1,7,4310,8344,9,NA,requiere_revision_semantica,9,1242,Repartidores,8344|9723,8344 Conductores de motocicleta || 9723 Repartidores de mercancías (a pie y en bicicleta)
2124,2,4,3230,1312,2,2,original_coincide_con_consenso_oficial,3,1236,"Directores, gerentes y administradores de área o establecimientos en actividades de producción en industrias manufactureras, en la construcción y los servicios de reparación y mantenimiento",1312|1313|1314|1315,"1312 Directores y gerentes en producción minera, petrolera y gas || 1313 Directores y gerentes en generación y provisión de energía eléctrica y agua || 1314 Directores y gerentes en producción manufacturera || 1315 Directores y gerentes en construcción, reparación y mantenimiento"
6131,1,6,5412,NA,NA,NA,original_tampoco_resuelve,1,1235,NA,NA,NA
1204,1,4,8111,2621,2,NA,requiere_revision_semantica,3,1226,"Técnicos en ingeniería química, industrial y mecánica",2621|2631|2633|2635|2637|2645,"2621 Auxiliares y técnicos industriales y químicos || 2631 Técnicos en mantenimiento y reparación de vehículos de motor || 2633 Técnicos en mantenimiento y reparación de maquinaria e instrumentos industriales || 2635 Técnicos en mantenimiento y reparación de instrumentos de precisión y musicales || 2637 Técnicos en la instalación, reparación y mantenimiento de equipos de refrigeración, climas y aire acondicionado || 2645 Técnicos en reparación de equipos electromecánicos"
6150,1,5,7111,1721,1,1,original_coincide_con_consenso_oficial,3,1222,"Jefes de departamento, coordinadores y supervisores en servicios culturales y de esparcimiento",1721|1722,"1721 Coordinadores y jefes de área en actividades artísticas, de cine, teatro y afines || 1722 Coordinadores y jefes de área en museos, cines, deportivos y servicios culturales"
5400,1,6,7131,9236,10,10,original_coincide_con_consenso_oficial,3,1220,"Ayudantes, peones y similares en la fabricación de alimentos, bebidas y productos de tabaco",9236|9411,"9236 Trabajadores de apoyo en la industria de alimentos, bebidas y productos de tabaco || 9411 Ayudantes en la preparación de alimentos"
8150,1,5,7111,3222,4,NA,requiere_revision_semantica,3,1220,"Trabajadores de apoyo para la realización de espectáculos, turismo y deporte",3222|4233|5251|5254|9713,"3222 Guías de turismo en museos, casinos, parques, cines y otros centros recreativos || 4233 Modelos de moda, arte y publicidad || 5251 Astrólogos, adivinadores y afines || 5254 Entrenadores de animales y ocupaciones relacionadas con el cuidado de mascotas || 9713 Trabajadores de apoyo a la realización de espectáculos, deportes y en parques de diversiones"
6121,1,7,4850,1623,2,2,original_coincide_con_consenso_oficial,1,1219,"Jefes de departamento, coordinadores y supervisores en la coordinación del transporte",1623|2661|2662|8301,"1623 Coordinadores y jefes de área en servicios de transporte || 2661 Controladores de tráfico aéreo || 2662 Controladores de tráfico de otros transportes (terrestre, ferroviario y marítimo) || 8301 Supervisores de conductores de transporte y de maquinaria móvil"
5246,1,6,2210,2634,8,8,original_coincide_con_consenso_oficial,6,1217,"Mecánicos, ajustadores, instaladores y trabajadores de mantenimiento y reparación de maquinaria, instrumentos industriales y equipos de refrigeración",2634|2638,"2634 Mecánicos en mantenimiento y reparación de maquinaria e instrumentos industriales || 2638 Mecánicos en instalación, mantenimiento y reparación de equipos de refrigeración, climas y aire acondicionado."
1250,3,1,6141,2531,3,NA,requiere_revision_semantica,1,1216,Técnicos en ciencias sociales,2531|2532|2711,2531 Auxiliares en ciencias sociales y humanistas || 2532 Auxiliares en servicios jurídicos || 2711 Auxiliares y técnicos en pedagogía y en educación
6160,1,4,4611,1711,2,2,original_coincide_con_consenso_oficial,2,1216,"Jefes de departamento, coordinadores y supervisores en servicios de restaurante, hospedaje y comercio",1711|1712,"1711 Coordinadores y jefes de área de ventas, comercialización y alquiler || 1712 Coordinadores y jefes de área de restaurantes y hoteles"
7201,4,2,4340,4224,3,NA,requiere_revision_semantica,4,1214,Vendedores ambulantes de artículos diversos,4224|9512|9661|9663,4224 Vendedores por catálogo || 9512 Vendedores ambulantes de artículos diversos (excluyendo los de venta de alimentos) || 9661 Recolectores de basura y material reciclable || 9663 Recolectores de otros materiales
6150,1,6,7132,1721,1,1,original_coincide_con_consenso_oficial,2,1205,"Jefes de departamento, coordinadores y supervisores en servicios culturales y de esparcimiento",1721|1722,"1721 Coordinadores y jefes de área en actividades artísticas, de cine, teatro y afines || 1722 Coordinadores y jefes de área en museos, cines, deportivos y servicios culturales"
2133,1,2,8130,1134,1,1,original_coincide_con_consenso_oficial,3,1204,"Directivos de organizaciones humanitarias, religiosas, asociaciones civiles y ejidales",1134|1135,1134 Directores de organizaciones agrarias || 1135 Directores de organizaciones civiles y religiosas
4119,1,3,1121,6129,13,NA,requiere_revision_semantica,6,1199,Otros trabajadores que desempeñan una ocupación afín a las comprendidas en este subgrupo,6129|9112,"6129 Otros trabajadores en actividades ganaderas y en la cría de animales, no clasificados anteriormente || 9112 Trabajadores de apoyo en actividades ganaderas"
5141,1,6,3380,2630,2,NA,requiere_revision_semantica,6,1191,"Supervisores, inspectores y similares en la fabricación metalúrgica y en la fabricación de productos eléctricos y electrónicos, la reparación y mantenimiento de maquinaria y productos metálicos y de precisión",2630|7201|8201,"2630 Supervisores de mecánicos y técnicos en mantenimiento y reparación de equipos mecánicos, vehículos de motor, instrumentos industriales y equipo de refrigeración || 7201 Supervisores de artesanos y trabajadores en el tratamiento y elaboración de productos de metal || 8201 Supervisores en procesos de ensamblado y montaje de maquinaria, herramientas y productos metálicos y electrónicos"
1230,2,2,4350,2612,2,NA,requiere_revision_semantica,1,1183,Técnicos laboratoristas químicos y biólogos,2612|2813|2827,"2612 Auxiliares y técnicos en ciencias biológicas, químicas y del medio ambiente || 2813 Técnicos de laboratorios médicos || 2827 Fumigadores y controladores de plagas"
6131,1,6,9313,NA,NA,NA,original_tampoco_resuelve,13,1182,NA,NA,NA
2124,2,2,2361,1312,2,2,original_coincide_con_consenso_oficial,3,1181,"Directores, gerentes y administradores de área o establecimientos en actividades de producción en industrias manufactureras, en la construcción y los servicios de reparación y mantenimiento",1312|1313|1314|1315,"1312 Directores y gerentes en producción minera, petrolera y gas || 1313 Directores y gerentes en generación y provisión de energía eléctrica y agua || 1314 Directores y gerentes en producción manufacturera || 1315 Directores y gerentes en construcción, reparación y mantenimiento"
4170,1,3,1121,6101,7,7,original_coincide_con_consenso_oficial,5,1172,"Capataces, caporales, mayorales y similares en actividades agropecuarias,silvícolas y pesqueras",6101|6201,"6101 Supervisores, encargados y capataces agropecuarios || 6201 Supervisores, encargados y capataces de trabajadores en actividades pesqueras, acuícolas, forestales, caza y similares"
2124,2,3,3160,1312,2,2,original_coincide_con_consenso_oficial,5,1172,"Directores, gerentes y administradores de área o establecimientos en actividades de producción en industrias manufactureras, en la construcción y los servicios de reparación y mantenimiento",1312|1313|1314|1315,"1312 Directores y gerentes en producción minera, petrolera y gas || 1313 Directores y gerentes en generación y provisión de energía eléctrica y agua || 1314 Directores y gerentes en producción manufacturera || 1315 Directores y gerentes en construcción, reparación y mantenimiento"
8150,1,6,7210,3222,4,NA,requiere_revision_semantica,9,1170,"Trabajadores de apoyo para la realización de espectáculos, turismo y deporte",3222|4233|5251|5254|9713,"3222 Guías de turismo en museos, casinos, parques, cines y otros centros recreativos || 4233 Modelos de moda, arte y publicidad || 5251 Astrólogos, adivinadores y afines || 5254 Entrenadores de animales y ocupaciones relacionadas con el cuidado de mascotas || 9713 Trabajadores de apoyo a la realización de espectáculos, deportes y en parques de diversiones"
5400,1,5,6112,9236,10,10,original_coincide_con_consenso_oficial,2,1165,"Ayudantes, peones y similares en la fabricación de alimentos, bebidas y productos de tabaco",9236|9411,"9236 Trabajadores de apoyo en la industria de alimentos, bebidas y productos de tabaco || 9411 Ayudantes en la preparación de alimentos"
2124,1,3,2363,1312,2,2,original_coincide_con_consenso_oficial,2,1163,"Directores, gerentes y administradores de área o establecimientos en actividades de producción en industrias manufactureras, en la construcción y los servicios de reparación y mantenimiento",1312|1313|1314|1315,"1312 Directores y gerentes en producción minera, petrolera y gas || 1313 Directores y gerentes en generación y provisión de energía eléctrica y agua || 1314 Directores y gerentes en producción manufacturera || 1315 Directores y gerentes en construcción, reparación y mantenimiento"
2126,1,6,9312,1222,1,NA,requiere_revision_semantica,3,1160,"Directores, gerentes y administradores de área o establecimientos en servicios asistenciales y de readaptación social",1222|1225|1226,1222 Directores y gerentes en desarrollo social y económico || 1225 Comandantes de las fuerzas armadas || 1226 Directores en servicios de vigilancia y seguridad
2124,1,2,3110,1312,2,2,original_coincide_con_consenso_oficial,3,1156,"Directores, gerentes y administradores de área o establecimientos en actividades de producción en industrias manufactureras, en la construcción y los servicios de reparación y mantenimiento",1312|1313|1314|1315,"1312 Directores y gerentes en producción minera, petrolera y gas || 1313 Directores y gerentes en generación y provisión de energía eléctrica y agua || 1314 Directores y gerentes en producción manufacturera || 1315 Directores y gerentes en construcción, reparación y mantenimiento"
6121,1,3,4840,1623,2,2,original_coincide_con_consenso_oficial,4,1147,"Jefes de departamento, coordinadores y supervisores en la coordinación del transporte",1623|2661|2662|8301,"1623 Coordinadores y jefes de área en servicios de transporte || 2661 Controladores de tráfico aéreo || 2662 Controladores de tráfico de otros transportes (terrestre, ferroviario y marítimo) || 8301 Supervisores de conductores de transporte y de maquinaria móvil"
4160,1,6,1121,6117,13,13,original_coincide_con_consenso_oficial,2,1147,Trabajadores en actividades de beneficio de productos agropecuarios,6117|6128,6117 Trabajadores en actividades de beneficio de productos agrícolas || 6128 Trabajadores en actividades de beneficio de productos pecuarios
2124,2,2,3150,1312,2,2,original_coincide_con_consenso_oficial,5,1146,"Directores, gerentes y administradores de área o establecimientos en actividades de producción en industrias manufactureras, en la construcción y los servicios de reparación y mantenimiento",1312|1313|1314|1315,"1312 Directores y gerentes en producción minera, petrolera y gas || 1313 Directores y gerentes en generación y provisión de energía eléctrica y agua || 1314 Directores y gerentes en producción manufacturera || 1315 Directores y gerentes en construcción, reparación y mantenimiento"
7121,1,6,3150,8344,8,NA,requiere_revision_semantica,2,1140,Repartidores,8344|9723,8344 Conductores de motocicleta || 9723 Repartidores de mercancías (a pie y en bicicleta)
2124,1,6,6211,1312,1,1,original_coincide_con_consenso_oficial,1,1140,"Directores, gerentes y administradores de área o establecimientos en actividades de producción en industrias manufactureras, en la construcción y los servicios de reparación y mantenimiento",1312|1313|1314|1315,"1312 Directores y gerentes en producción minera, petrolera y gas || 1313 Directores y gerentes en generación y provisión de energía eléctrica y agua || 1314 Directores y gerentes en producción manufacturera || 1315 Directores y gerentes en construcción, reparación y mantenimiento"
2126,1,6,9314,1222,1,NA,requiere_revision_semantica,4,1134,"Directores, gerentes y administradores de área o establecimientos en servicios asistenciales y de readaptación social",1222|1225|1226,1222 Directores y gerentes en desarrollo social y económico || 1225 Comandantes de las fuerzas armadas || 1226 Directores en servicios de vigilancia y seguridad
8150,2,2,7131,3222,5,NA,requiere_revision_semantica,7,1133,"Trabajadores de apoyo para la realización de espectáculos, turismo y deporte",3222|4233|5251|5254|9713,"3222 Guías de turismo en museos, casinos, parques, cines y otros centros recreativos || 4233 Modelos de moda, arte y publicidad || 5251 Astrólogos, adivinadores y afines || 5254 Entrenadores de animales y ocupaciones relacionadas con el cuidado de mascotas || 9713 Trabajadores de apoyo a la realización de espectáculos, deportes y en parques de diversiones"
2124,2,2,3370,1312,2,2,original_coincide_con_consenso_oficial,3,1132,"Directores, gerentes y administradores de área o establecimientos en actividades de producción en industrias manufactureras, en la construcción y los servicios de reparación y mantenimiento",1312|1313|1314|1315,"1312 Directores y gerentes en producción minera, petrolera y gas || 1313 Directores y gerentes en generación y provisión de energía eléctrica y agua || 1314 Directores y gerentes en producción manufacturera || 1315 Directores y gerentes en construcción, reparación y mantenimiento"
6180,1,6,2363,1723,1,NA,requiere_revision_semantica,1,1130,"Otros jefes de departamento, coordinadores y supervisores en actividades no clasificadas anteriormente",1723|5201|9601,"1723 Coordinadores y jefes de área en servicios funerarios y otros servicios || 5201 Supervisores y encargados de trabajadores en cuidados personales y del hogar || 9601 Supervisores en limpieza, amas de llaves, mayordomos y en estacionamientos"
5141,1,6,5611,2630,2,NA,requiere_revision_semantica,4,1129,"Supervisores, inspectores y similares en la fabricación metalúrgica y en la fabricación de productos eléctricos y electrónicos, la reparación y mantenimiento de maquinaria y productos metálicos y de precisión",2630|7201|8201,"2630 Supervisores de mecánicos y técnicos en mantenimiento y reparación de equipos mecánicos, vehículos de motor, instrumentos industriales y equipo de refrigeración || 7201 Supervisores de artesanos y trabajadores en el tratamiento y elaboración de productos de metal || 8201 Supervisores en procesos de ensamblado y montaje de maquinaria, herramientas y productos metálicos y electrónicos"
1204,1,3,8112,2621,2,NA,requiere_revision_semantica,11,1125,"Técnicos en ingeniería química, industrial y mecánica",2621|2631|2633|2635|2637|2645,"2621 Auxiliares y técnicos industriales y químicos || 2631 Técnicos en mantenimiento y reparación de vehículos de motor || 2633 Técnicos en mantenimiento y reparación de maquinaria e instrumentos industriales || 2635 Técnicos en mantenimiento y reparación de instrumentos de precisión y musicales || 2637 Técnicos en la instalación, reparación y mantenimiento de equipos de refrigeración, climas y aire acondicionado || 2645 Técnicos en reparación de equipos electromecánicos"
7121,4,2,4340,8344,9,NA,requiere_revision_semantica,1,1123,Repartidores,8344|9723,8344 Conductores de motocicleta || 9723 Repartidores de mercancías (a pie y en bicicleta)
5141,1,5,3370,2630,2,NA,requiere_revision_semantica,1,1118,"Supervisores, inspectores y similares en la fabricación metalúrgica y en la fabricación de productos eléctricos y electrónicos, la reparación y mantenimiento de maquinaria y productos metálicos y de precisión",2630|7201|8201,"2630 Supervisores de mecánicos y técnicos en mantenimiento y reparación de equipos mecánicos, vehículos de motor, instrumentos industriales y equipo de refrigeración || 7201 Supervisores de artesanos y trabajadores en el tratamiento y elaboración de productos de metal || 8201 Supervisores en procesos de ensamblado y montaje de maquinaria, herramientas y productos metálicos y electrónicos"
7201,4,2,4661,4224,3,NA,requiere_revision_semantica,3,1116,Vendedores ambulantes de artículos diversos,4224|9512|9661|9663,4224 Vendedores por catálogo || 9512 Vendedores ambulantes de artículos diversos (excluyendo los de venta de alimentos) || 9661 Recolectores de basura y material reciclable || 9663 Recolectores de otros materiales
5400,1,6,4310,9236,10,10,original_coincide_con_consenso_oficial,4,1114,"Ayudantes, peones y similares en la fabricación de alimentos, bebidas y productos de tabaco",9236|9411,"9236 Trabajadores de apoyo en la industria de alimentos, bebidas y productos de tabaco || 9411 Ayudantes en la preparación de alimentos"
6101,1,3,6132,1523,2,2,original_coincide_con_consenso_oficial,1,1112,"Jefes de departamento, coordinadores y supervisores en servicios de educación",1523|2311,1523 Coordinadores y jefes de área en centros de enseñanza y capacitación || 2311 Supervisores e inspectores educativos
5249,1,3,4681,2639,9,9,original_coincide_con_consenso_oficial,4,1111,Otros trabajadores que desempeñan una ocupación afín a las comprendidas en este subgrupo,2639|7214,"2639 Otras ocupaciones de mecánicos y técnicos en el mantenimiento y reparación de equipos mecánicos, vehículos de motor e instrumentos industriales, no clasificados anteriormente || 7214 Montadores de estructuras metálicas"
2121,1,4,4681,1211,2,NA,requiere_revision_semantica,3,1111,"Directores, gerentes y administradores de área o establecimientos de finanzas, contabilidad, recursos humanos, administración e impartición de justicia",1211|1212|1224|1321,"1211 Directores y gerentes en administración, recursos humanos y mercadotecnia || 1212 Directores y gerentes en servicios contables, financieros, banca y seguros || 1224 Jueces de juzgado, directores y gerentes en servicios legales y procuración de justicia || 1321 Directores y gerentes en informática"
2124,3,2,3110,1312,2,2,original_coincide_con_consenso_oficial,4,1105,"Directores, gerentes y administradores de área o establecimientos en actividades de producción en industrias manufactureras, en la construcción y los servicios de reparación y mantenimiento",1312|1313|1314|1315,"1312 Directores y gerentes en producción minera, petrolera y gas || 1313 Directores y gerentes en generación y provisión de energía eléctrica y agua || 1314 Directores y gerentes en producción manufacturera || 1315 Directores y gerentes en construcción, reparación y mantenimiento"
1204,1,6,3130,2621,2,NA,requiere_revision_semantica,3,1103,"Técnicos en ingeniería química, industrial y mecánica",2621|2631|2633|2635|2637|2645,"2621 Auxiliares y técnicos industriales y químicos || 2631 Técnicos en mantenimiento y reparación de vehículos de motor || 2633 Técnicos en mantenimiento y reparación de maquinaria e instrumentos industriales || 2635 Técnicos en mantenimiento y reparación de instrumentos de precisión y musicales || 2637 Técnicos en la instalación, reparación y mantenimiento de equipos de refrigeración, climas y aire acondicionado || 2645 Técnicos en reparación de equipos electromecánicos"
6160,1,4,4620,1711,2,2,original_coincide_con_consenso_oficial,2,1102,"Jefes de departamento, coordinadores y supervisores en servicios de restaurante, hospedaje y comercio",1711|1712,"1711 Coordinadores y jefes de área de ventas, comercialización y alquiler || 1712 Coordinadores y jefes de área de restaurantes y hoteles"
6110,1,6,3120,1512,1,NA,requiere_revision_semantica,4,1099,"Jefes de departamento, coordinadores y supervisores en contabilidad y finanzas",1512|3101,"1512 Coordinadores y jefes de área en servicios contables, financieros, banca y seguros || 3101 Supervisores de secretarias, capturistas, cajeros y trabajadores de control de archivo y transporte"
6180,2,3,8111,1723,2,NA,requiere_revision_semantica,1,1099,"Otros jefes de departamento, coordinadores y supervisores en actividades no clasificadas anteriormente",1723|5201|9601,"1723 Coordinadores y jefes de área en servicios funerarios y otros servicios || 5201 Supervisores y encargados de trabajadores en cuidados personales y del hogar || 9601 Supervisores en limpieza, amas de llaves, mayordomos y en estacionamientos"
5400,1,6,3150,9236,10,10,original_coincide_con_consenso_oficial,1,1092,"Ayudantes, peones y similares en la fabricación de alimentos, bebidas y productos de tabaco",9236|9411,"9236 Trabajadores de apoyo en la industria de alimentos, bebidas y productos de tabaco || 9411 Ayudantes en la preparación de alimentos"
5190,1,6,9314,NA,NA,NA,original_tampoco_resuelve,2,1088,NA,NA,NA
6110,1,2,5310,1512,2,2,original_coincide_con_consenso_oficial,1,1086,"Jefes de departamento, coordinadores y supervisores en contabilidad y finanzas",1512|3101,"1512 Coordinadores y jefes de área en servicios contables, financieros, banca y seguros || 3101 Supervisores de secretarias, capturistas, cajeros y trabajadores de control de archivo y transporte"
1204,3,1,2382,2621,2,NA,requiere_revision_semantica,3,1079,"Técnicos en ingeniería química, industrial y mecánica",2621|2631|2633|2635|2637|2645,"2621 Auxiliares y técnicos industriales y químicos || 2631 Técnicos en mantenimiento y reparación de vehículos de motor || 2633 Técnicos en mantenimiento y reparación de maquinaria e instrumentos industriales || 2635 Técnicos en mantenimiento y reparación de instrumentos de precisión y musicales || 2637 Técnicos en la instalación, reparación y mantenimiento de equipos de refrigeración, climas y aire acondicionado || 2645 Técnicos en reparación de equipos electromecánicos"
6160,1,3,4651,1711,2,2,original_coincide_con_consenso_oficial,3,1078,"Jefes de departamento, coordinadores y supervisores en servicios de restaurante, hospedaje y comercio",1711|1712,"1711 Coordinadores y jefes de área de ventas, comercialización y alquiler || 1712 Coordinadores y jefes de área de restaurantes y hoteles"
2121,1,7,5611,1211,2,NA,requiere_revision_semantica,2,1078,"Directores, gerentes y administradores de área o establecimientos de finanzas, contabilidad, recursos humanos, administración e impartición de justicia",1211|1212|1224|1321,"1211 Directores y gerentes en administración, recursos humanos y mercadotecnia || 1212 Directores y gerentes en servicios contables, financieros, banca y seguros || 1224 Jueces de juzgado, directores y gerentes en servicios legales y procuración de justicia || 1321 Directores y gerentes en informática"
6260,1,3,9700,3141,3,3,original_coincide_con_consenso_oficial,3,1077,"Despachadores, checadores y similares en la operación del transporte",3141|3142,3141 Despachadores de transporte || 3142 Checadores y revisores de transporte
5141,1,6,3250,2630,2,NA,requiere_revision_semantica,2,1072,"Supervisores, inspectores y similares en la fabricación metalúrgica y en la fabricación de productos eléctricos y electrónicos, la reparación y mantenimiento de maquinaria y productos metálicos y de precisión",2630|7201|8201,"2630 Supervisores de mecánicos y técnicos en mantenimiento y reparación de equipos mecánicos, vehículos de motor, instrumentos industriales y equipo de refrigeración || 7201 Supervisores de artesanos y trabajadores en el tratamiento y elaboración de productos de metal || 8201 Supervisores en procesos de ensamblado y montaje de maquinaria, herramientas y productos metálicos y electrónicos"
1204,1,6,8111,2621,2,NA,requiere_revision_semantica,1,1070,"Técnicos en ingeniería química, industrial y mecánica",2621|2631|2633|2635|2637|2645,"2621 Auxiliares y técnicos industriales y químicos || 2631 Técnicos en mantenimiento y reparación de vehículos de motor || 2633 Técnicos en mantenimiento y reparación de maquinaria e instrumentos industriales || 2635 Técnicos en mantenimiento y reparación de instrumentos de precisión y musicales || 2637 Técnicos en la instalación, reparación y mantenimiento de equipos de refrigeración, climas y aire acondicionado || 2645 Técnicos en reparación de equipos electromecánicos"
5400,1,6,1110,9236,10,10,original_coincide_con_consenso_oficial,7,1068,"Ayudantes, peones y similares en la fabricación de alimentos, bebidas y productos de tabaco",9236|9411,"9236 Trabajadores de apoyo en la industria de alimentos, bebidas y productos de tabaco || 9411 Ayudantes en la preparación de alimentos"
2124,1,4,2361,1312,2,2,original_coincide_con_consenso_oficial,2,1064,"Directores, gerentes y administradores de área o establecimientos en actividades de producción en industrias manufactureras, en la construcción y los servicios de reparación y mantenimiento",1312|1313|1314|1315,"1312 Directores y gerentes en producción minera, petrolera y gas || 1313 Directores y gerentes en generación y provisión de energía eléctrica y agua || 1314 Directores y gerentes en producción manufacturera || 1315 Directores y gerentes en construcción, reparación y mantenimiento"
6160,1,6,4881,1711,1,1,original_coincide_con_consenso_oficial,2,1063,"Jefes de departamento, coordinadores y supervisores en servicios de restaurante, hospedaje y comercio",1711|1712,"1711 Coordinadores y jefes de área de ventas, comercialización y alquiler || 1712 Coordinadores y jefes de área de restaurantes y hoteles"
5141,1,5,3310,2630,2,NA,requiere_revision_semantica,4,1063,"Supervisores, inspectores y similares en la fabricación metalúrgica y en la fabricación de productos eléctricos y electrónicos, la reparación y mantenimiento de maquinaria y productos metálicos y de precisión",2630|7201|8201,"2630 Supervisores de mecánicos y técnicos en mantenimiento y reparación de equipos mecánicos, vehículos de motor, instrumentos industriales y equipo de refrigeración || 7201 Supervisores de artesanos y trabajadores en el tratamiento y elaboración de productos de metal || 8201 Supervisores en procesos de ensamblado y montaje de maquinaria, herramientas y productos metálicos y electrónicos"
5246,1,7,2361,2634,9,9,original_coincide_con_consenso_oficial,1,1057,"Mecánicos, ajustadores, instaladores y trabajadores de mantenimiento y reparación de maquinaria, instrumentos industriales y equipos de refrigeración",2634|2638,"2634 Mecánicos en mantenimiento y reparación de maquinaria e instrumentos industriales || 2638 Mecánicos en instalación, mantenimiento y reparación de equipos de refrigeración, climas y aire acondicionado."
2125,1,7,6111,1223,2,NA,requiere_revision_semantica,6,1050,Directores gerentes y administradores de área o establecimientos de enseñanza e investigación,1223|1324,1223 Directores y gerentes en centros de enseñanza y capacitación || 1324 Directores y gerentes en centros de investigación y desarrollo tecnológico
8150,1,6,9314,3222,4,NA,requiere_revision_semantica,4,1048,"Trabajadores de apoyo para la realización de espectáculos, turismo y deporte",3222|4233|5251|5254|9713,"3222 Guías de turismo en museos, casinos, parques, cines y otros centros recreativos || 4233 Modelos de moda, arte y publicidad || 5251 Astrólogos, adivinadores y afines || 5254 Entrenadores de animales y ocupaciones relacionadas con el cuidado de mascotas || 9713 Trabajadores de apoyo a la realización de espectáculos, deportes y en parques de diversiones"
6150,1,5,6112,1721,1,1,original_coincide_con_consenso_oficial,1,1038,"Jefes de departamento, coordinadores y supervisores en servicios culturales y de esparcimiento",1721|1722,"1721 Coordinadores y jefes de área en actividades artísticas, de cine, teatro y afines || 1722 Coordinadores y jefes de área en museos, cines, deportivos y servicios culturales"
2121,2,3,5411,1211,2,NA,requiere_revision_semantica,7,1032,"Directores, gerentes y administradores de área o establecimientos de finanzas, contabilidad, recursos humanos, administración e impartición de justicia",1211|1212|1224|1321,"1211 Directores y gerentes en administración, recursos humanos y mercadotecnia || 1212 Directores y gerentes en servicios contables, financieros, banca y seguros || 1224 Jueces de juzgado, directores y gerentes en servicios legales y procuración de justicia || 1321 Directores y gerentes en informática"
2124,1,6,8112,1312,1,1,original_coincide_con_consenso_oficial,3,1030,"Directores, gerentes y administradores de área o establecimientos en actividades de producción en industrias manufactureras, en la construcción y los servicios de reparación y mantenimiento",1312|1313|1314|1315,"1312 Directores y gerentes en producción minera, petrolera y gas || 1313 Directores y gerentes en generación y provisión de energía eléctrica y agua || 1314 Directores y gerentes en producción manufacturera || 1315 Directores y gerentes en construcción, reparación y mantenimiento"
5190,2,2,2382,NA,NA,NA,original_tampoco_resuelve,1,1030,NA,NA,NA
5170,1,6,2370,1613,1,NA,requiere_revision_semantica,2,1025,"Jefes, coordinadores y similares en la generación de energía, la instalación, reparación y mantenimiento de equipo eléctrico y de telecomunicaciones",1613|8101,1613 Coordinadores y jefes de área en generación y provisión de energía eléctrica y agua || 8101 Supervisores de operadores de maquinaria industrial
6150,1,6,2381,1721,1,1,original_coincide_con_consenso_oficial,1,1025,"Jefes de departamento, coordinadores y supervisores en servicios culturales y de esparcimiento",1721|1722,"1721 Coordinadores y jefes de área en actividades artísticas, de cine, teatro y afines || 1722 Coordinadores y jefes de área en museos, cines, deportivos y servicios culturales"
7201,3,1,7222,4224,3,NA,requiere_revision_semantica,3,1019,Vendedores ambulantes de artículos diversos,4224|9512|9661|9663,4224 Vendedores por catálogo || 9512 Vendedores ambulantes de artículos diversos (excluyendo los de venta de alimentos) || 9661 Recolectores de basura y material reciclable || 9663 Recolectores de otros materiales
1204,1,6,3310,2621,2,NA,requiere_revision_semantica,5,1018,"Técnicos en ingeniería química, industrial y mecánica",2621|2631|2633|2635|2637|2645,"2621 Auxiliares y técnicos industriales y químicos || 2631 Técnicos en mantenimiento y reparación de vehículos de motor || 2633 Técnicos en mantenimiento y reparación de maquinaria e instrumentos industriales || 2635 Técnicos en mantenimiento y reparación de instrumentos de precisión y musicales || 2637 Técnicos en la instalación, reparación y mantenimiento de equipos de refrigeración, climas y aire acondicionado || 2645 Técnicos en reparación de equipos electromecánicos"
1250,1,2,6111,2531,3,NA,requiere_revision_semantica,1,1018,Técnicos en ciencias sociales,2531|2532|2711,2531 Auxiliares en ciencias sociales y humanistas || 2532 Auxiliares en servicios jurídicos || 2711 Auxiliares y técnicos en pedagogía y en educación
1230,1,6,6131,2612,2,NA,requiere_revision_semantica,1,1018,Técnicos laboratoristas químicos y biólogos,2612|2813|2827,"2612 Auxiliares y técnicos en ciencias biológicas, químicas y del medio ambiente || 2813 Técnicos de laboratorios médicos || 2827 Fumigadores y controladores de plagas"
5190,1,6,6131,NA,NA,NA,original_tampoco_resuelve,1,1017,NA,NA,NA
6150,1,7,6112,1721,2,2,original_coincide_con_consenso_oficial,1,1009,"Jefes de departamento, coordinadores y supervisores en servicios culturales y de esparcimiento",1721|1722,"1721 Coordinadores y jefes de área en actividades artísticas, de cine, teatro y afines || 1722 Coordinadores y jefes de área en museos, cines, deportivos y servicios culturales"
2121,2,3,2381,1211,2,NA,requiere_revision_semantica,1,1008,"Directores, gerentes y administradores de área o establecimientos de finanzas, contabilidad, recursos humanos, administración e impartición de justicia",1211|1212|1224|1321,"1211 Directores y gerentes en administración, recursos humanos y mercadotecnia || 1212 Directores y gerentes en servicios contables, financieros, banca y seguros || 1224 Jueces de juzgado, directores y gerentes en servicios legales y procuración de justicia || 1321 Directores y gerentes en informática"
6110,1,6,4310,1512,1,NA,requiere_revision_semantica,4,1007,"Jefes de departamento, coordinadores y supervisores en contabilidad y finanzas",1512|3101,"1512 Coordinadores y jefes de área en servicios contables, financieros, banca y seguros || 3101 Supervisores de secretarias, capturistas, cajeros y trabajadores de control de archivo y transporte"
6110,1,5,5210,1512,1,NA,requiere_revision_semantica,1,1006,"Jefes de departamento, coordinadores y supervisores en contabilidad y finanzas",1512|3101,"1512 Coordinadores y jefes de área en servicios contables, financieros, banca y seguros || 3101 Supervisores de secretarias, capturistas, cajeros y trabajadores de control de archivo y transporte"
5111,1,6,2132,7101,7,7,original_coincide_con_consenso_oficial,12,1003,"Supervisores, inspectores y similares en la extracción en minas, canteras y pozos",7101|8101,"7101 Supervisores de trabajadores en la extracción, albañiles y en acabados de la construcción || 8101 Supervisores de operadores de maquinaria industrial"
5190,1,6,9312,NA,NA,NA,original_tampoco_resuelve,2,1002,NA,NA,NA
2123,1,5,5150,1322,1,1,original_coincide_con_consenso_oficial,3,1001,"Directores, gerentes y administradores de área o establecimientos en comunicaciones y transportes",1322|1323,1322 Directores y gerentes en comunicación y telecomunicaciones || 1323 Directores y gerentes en servicios de transporte
8150,3,1,5322,3222,6,NA,requiere_revision_semantica,3,1000,"Trabajadores de apoyo para la realización de espectáculos, turismo y deporte",3222|4233|5251|5254|9713,"3222 Guías de turismo en museos, casinos, parques, cines y otros centros recreativos || 4233 Modelos de moda, arte y publicidad || 5251 Astrólogos, adivinadores y afines || 5254 Entrenadores de animales y ocupaciones relacionadas con el cuidado de mascotas || 9713 Trabajadores de apoyo a la realización de espectáculos, deportes y en parques de diversiones"
5100,1,5,5411,1614,1,NA,requiere_revision_semantica,1,993,"Jefes, coordinadores y similares en la fabricación de alimentos, bebidas y productos de tabaco",1614|5101,"1614 Coordinadores y jefes de área en producción manufacturera || 5101 Supervisores en la preparación y servicio de alimentos y bebidas, así como en servicios de esparcimiento y de hotelería"
4120,1,3,1110,6131,13,NA,requiere_revision_semantica,5,988,Trabajadores que combinan actividades agrícolas con ganaderas,6131|9113,6131 Trabajadores que combinan actividades agrícolas con ganaderas || 9113 Trabajadores de apoyo que realizan actividades agrícolas y ganaderas
6180,1,5,7210,1723,1,NA,requiere_revision_semantica,3,986,"Otros jefes de departamento, coordinadores y supervisores en actividades no clasificadas anteriormente",1723|5201|9601,"1723 Coordinadores y jefes de área en servicios funerarios y otros servicios || 5201 Supervisores y encargados de trabajadores en cuidados personales y del hogar || 9601 Supervisores en limpieza, amas de llaves, mayordomos y en estacionamientos"
7121,1,2,4681,8344,9,NA,requiere_revision_semantica,5,986,Repartidores,8344|9723,8344 Conductores de motocicleta || 9723 Repartidores de mercancías (a pie y en bicicleta)
7201,3,1,4681,4224,3,NA,requiere_revision_semantica,4,979,Vendedores ambulantes de artículos diversos,4224|9512|9661|9663,4224 Vendedores por catálogo || 9512 Vendedores ambulantes de artículos diversos (excluyendo los de venta de alimentos) || 9661 Recolectores de basura y material reciclable || 9663 Recolectores de otros materiales
5190,1,6,5611,NA,NA,NA,original_tampoco_resuelve,4,979,NA,NA,NA
7201,3,1,4651,4224,3,NA,requiere_revision_semantica,4,976,Vendedores ambulantes de artículos diversos,4224|9512|9661|9663,4224 Vendedores por catálogo || 9512 Vendedores ambulantes de artículos diversos (excluyendo los de venta de alimentos) || 9661 Recolectores de basura y material reciclable || 9663 Recolectores de otros materiales
2123,1,3,4840,1322,2,2,original_coincide_con_consenso_oficial,2,975,"Directores, gerentes y administradores de área o establecimientos en comunicaciones y transportes",1322|1323,1322 Directores y gerentes en comunicación y telecomunicaciones || 1323 Directores y gerentes en servicios de transporte
2124,1,6,9314,1312,1,1,original_coincide_con_consenso_oficial,3,972,"Directores, gerentes y administradores de área o establecimientos en actividades de producción en industrias manufactureras, en la construcción y los servicios de reparación y mantenimiento",1312|1313|1314|1315,"1312 Directores y gerentes en producción minera, petrolera y gas || 1313 Directores y gerentes en generación y provisión de energía eléctrica y agua || 1314 Directores y gerentes en producción manufacturera || 1315 Directores y gerentes en construcción, reparación y mantenimiento"
1429,1,6,9312,NA,NA,NA,original_tampoco_resuelve,6,972,NA,NA,NA
5380,1,6,3380,8131,8,NA,requiere_revision_semantica,5,971,Operadores de máquinas para el tratamiento de sustancias químicas y agua,8131|8134,8131 Operadores de máquinas para la elaboración de productos químicos || 8134 Operadores de máquinas para el tratamiento de agua
6160,1,7,9800,1711,2,2,original_coincide_con_consenso_oficial,1,967,"Jefes de departamento, coordinadores y supervisores en servicios de restaurante, hospedaje y comercio",1711|1712,"1711 Coordinadores y jefes de área de ventas, comercialización y alquiler || 1712 Coordinadores y jefes de área de restaurantes y hoteles"
6160,1,6,5150,1711,1,1,original_coincide_con_consenso_oficial,2,965,"Jefes de departamento, coordinadores y supervisores en servicios de restaurante, hospedaje y comercio",1711|1712,"1711 Coordinadores y jefes de área de ventas, comercialización y alquiler || 1712 Coordinadores y jefes de área de restaurantes y hoteles"
1204,1,6,7131,2621,2,NA,requiere_revision_semantica,2,960,"Técnicos en ingeniería química, industrial y mecánica",2621|2631|2633|2635|2637|2645,"2621 Auxiliares y técnicos industriales y químicos || 2631 Técnicos en mantenimiento y reparación de vehículos de motor || 2633 Técnicos en mantenimiento y reparación de maquinaria e instrumentos industriales || 2635 Técnicos en mantenimiento y reparación de instrumentos de precisión y musicales || 2637 Técnicos en la instalación, reparación y mantenimiento de equipos de refrigeración, climas y aire acondicionado || 2645 Técnicos en reparación de equipos electromecánicos"
2121,2,3,6111,1211,2,NA,requiere_revision_semantica,1,959,"Directores, gerentes y administradores de área o establecimientos de finanzas, contabilidad, recursos humanos, administración e impartición de justicia",1211|1212|1224|1321,"1211 Directores y gerentes en administración, recursos humanos y mercadotecnia || 1212 Directores y gerentes en servicios contables, financieros, banca y seguros || 1224 Jueces de juzgado, directores y gerentes en servicios legales y procuración de justicia || 1321 Directores y gerentes en informática"
6101,1,6,6111,1523,1,NA,requiere_revision_semantica,6,959,"Jefes de departamento, coordinadores y supervisores en servicios de educación",1523|2311,1523 Coordinadores y jefes de área en centros de enseñanza y capacitación || 2311 Supervisores e inspectores educativos
6260,1,6,3260,3141,3,3,original_coincide_con_consenso_oficial,1,957,"Despachadores, checadores y similares en la operación del transporte",3141|3142,3141 Despachadores de transporte || 3142 Checadores y revisores de transporte
6160,1,6,3330,1711,1,1,original_coincide_con_consenso_oficial,1,954,"Jefes de departamento, coordinadores y supervisores en servicios de restaurante, hospedaje y comercio",1711|1712,"1711 Coordinadores y jefes de área de ventas, comercialización y alquiler || 1712 Coordinadores y jefes de área de restaurantes y hoteles"
2121,1,4,5221,1211,2,NA,requiere_revision_semantica,8,952,"Directores, gerentes y administradores de área o establecimientos de finanzas, contabilidad, recursos humanos, administración e impartición de justicia",1211|1212|1224|1321,"1211 Directores y gerentes en administración, recursos humanos y mercadotecnia || 1212 Directores y gerentes en servicios contables, financieros, banca y seguros || 1224 Jueces de juzgado, directores y gerentes en servicios legales y procuración de justicia || 1321 Directores y gerentes en informática"
6150,1,6,5120,1721,1,1,original_coincide_con_consenso_oficial,2,950,"Jefes de departamento, coordinadores y supervisores en servicios culturales y de esparcimiento",1721|1722,"1721 Coordinadores y jefes de área en actividades artísticas, de cine, teatro y afines || 1722 Coordinadores y jefes de área en museos, cines, deportivos y servicios culturales"
1250,4,6,9313,2531,3,NA,requiere_revision_semantica,7,949,Técnicos en ciencias sociales,2531|2532|2711,2531 Auxiliares en ciencias sociales y humanistas || 2532 Auxiliares en servicios jurídicos || 2711 Auxiliares y técnicos en pedagogía y en educación
8100,1,4,8130,5112,4,4,original_coincide_con_consenso_oficial,1,946,Fonderos (preparan y sirven alimentos) en establecimientos,5112|5114,"5112 Fonderos, vendedores y comerciantes de comida || 5114 Taqueros y preparadores de comida rápida, antojitos, pizzas, hot dogs, jugos, café, etcétera"
6180,1,6,5310,1723,1,NA,requiere_revision_semantica,1,945,"Otros jefes de departamento, coordinadores y supervisores en actividades no clasificadas anteriormente",1723|5201|9601,"1723 Coordinadores y jefes de área en servicios funerarios y otros servicios || 5201 Supervisores y encargados de trabajadores en cuidados personales y del hogar || 9601 Supervisores en limpieza, amas de llaves, mayordomos y en estacionamientos"
7201,2,2,4690,4224,3,NA,requiere_revision_semantica,5,943,Vendedores ambulantes de artículos diversos,4224|9512|9661|9663,4224 Vendedores por catálogo || 9512 Vendedores ambulantes de artículos diversos (excluyendo los de venta de alimentos) || 9661 Recolectores de basura y material reciclable || 9663 Recolectores de otros materiales
7201,1,6,4690,4224,3,NA,requiere_revision_semantica,3,940,Vendedores ambulantes de artículos diversos,4224|9512|9661|9663,4224 Vendedores por catálogo || 9512 Vendedores ambulantes de artículos diversos (excluyendo los de venta de alimentos) || 9661 Recolectores de basura y material reciclable || 9663 Recolectores de otros materiales
6110,1,6,5611,1512,1,NA,requiere_revision_semantica,5,937,"Jefes de departamento, coordinadores y supervisores en contabilidad y finanzas",1512|3101,"1512 Coordinadores y jefes de área en servicios contables, financieros, banca y seguros || 3101 Supervisores de secretarias, capturistas, cajeros y trabajadores de control de archivo y transporte"
5246,1,7,2122,2634,9,9,original_coincide_con_consenso_oficial,4,936,"Mecánicos, ajustadores, instaladores y trabajadores de mantenimiento y reparación de maquinaria, instrumentos industriales y equipos de refrigeración",2634|2638,"2634 Mecánicos en mantenimiento y reparación de maquinaria e instrumentos industriales || 2638 Mecánicos en instalación, mantenimiento y reparación de equipos de refrigeración, climas y aire acondicionado."
6110,1,2,5411,1512,2,2,original_coincide_con_consenso_oficial,1,936,"Jefes de departamento, coordinadores y supervisores en contabilidad y finanzas",1512|3101,"1512 Coordinadores y jefes de área en servicios contables, financieros, banca y seguros || 3101 Supervisores de secretarias, capturistas, cajeros y trabajadores de control de archivo y transporte"
5246,1,7,3310,2634,9,9,original_coincide_con_consenso_oficial,3,926,"Mecánicos, ajustadores, instaladores y trabajadores de mantenimiento y reparación de maquinaria, instrumentos industriales y equipos de refrigeración",2634|2638,"2634 Mecánicos en mantenimiento y reparación de maquinaria e instrumentos industriales || 2638 Mecánicos en instalación, mantenimiento y reparación de equipos de refrigeración, climas y aire acondicionado."
2124,1,3,3320,1312,2,2,original_coincide_con_consenso_oficial,3,924,"Directores, gerentes y administradores de área o establecimientos en actividades de producción en industrias manufactureras, en la construcción y los servicios de reparación y mantenimiento",1312|1313|1314|1315,"1312 Directores y gerentes en producción minera, petrolera y gas || 1313 Directores y gerentes en generación y provisión de energía eléctrica y agua || 1314 Directores y gerentes en producción manufacturera || 1315 Directores y gerentes en construcción, reparación y mantenimiento"
7201,1,2,4612,4224,3,NA,requiere_revision_semantica,6,923,Vendedores ambulantes de artículos diversos,4224|9512|9661|9663,4224 Vendedores por catálogo || 9512 Vendedores ambulantes de artículos diversos (excluyendo los de venta de alimentos) || 9661 Recolectores de basura y material reciclable || 9663 Recolectores de otros materiales
5100,1,7,7221,1614,2,NA,requiere_revision_semantica,6,923,"Jefes, coordinadores y similares en la fabricación de alimentos, bebidas y productos de tabaco",1614|5101,"1614 Coordinadores y jefes de área en producción manufacturera || 5101 Supervisores en la preparación y servicio de alimentos y bebidas, así como en servicios de esparcimiento y de hotelería"
2124,1,6,3140,1312,1,1,original_coincide_con_consenso_oficial,1,919,"Directores, gerentes y administradores de área o establecimientos en actividades de producción en industrias manufactureras, en la construcción y los servicios de reparación y mantenimiento",1312|1313|1314|1315,"1312 Directores y gerentes en producción minera, petrolera y gas || 1313 Directores y gerentes en generación y provisión de energía eléctrica y agua || 1314 Directores y gerentes en producción manufacturera || 1315 Directores y gerentes en construcción, reparación y mantenimiento"
5400,1,5,7210,9236,10,10,original_coincide_con_consenso_oficial,7,917,"Ayudantes, peones y similares en la fabricación de alimentos, bebidas y productos de tabaco",9236|9411,"9236 Trabajadores de apoyo en la industria de alimentos, bebidas y productos de tabaco || 9411 Ayudantes en la preparación de alimentos"
2124,2,4,5411,1312,2,2,original_coincide_con_consenso_oficial,3,916,"Directores, gerentes y administradores de área o establecimientos en actividades de producción en industrias manufactureras, en la construcción y los servicios de reparación y mantenimiento",1312|1313|1314|1315,"1312 Directores y gerentes en producción minera, petrolera y gas || 1313 Directores y gerentes en generación y provisión de energía eléctrica y agua || 1314 Directores y gerentes en producción manufacturera || 1315 Directores y gerentes en construcción, reparación y mantenimiento"
2124,2,4,3320,1312,2,2,original_coincide_con_consenso_oficial,2,915,"Directores, gerentes y administradores de área o establecimientos en actividades de producción en industrias manufactureras, en la construcción y los servicios de reparación y mantenimiento",1312|1313|1314|1315,"1312 Directores y gerentes en producción minera, petrolera y gas || 1313 Directores y gerentes en generación y provisión de energía eléctrica y agua || 1314 Directores y gerentes en producción manufacturera || 1315 Directores y gerentes en construcción, reparación y mantenimiento"
6131,1,6,5411,NA,NA,NA,original_tampoco_resuelve,2,909,NA,NA,NA
4109,1,3,1121,6119,13,NA,requiere_revision_semantica,6,907,Otros trabajadores que desempeñan una ocupación afín a las comprendidas en este subgrupo,6119|9111,"6119 Otros trabajadores en actividades agrícolas, no clasificados anteriormente || 9111 Trabajadores de apoyo en actividades agrícolas"
1230,1,5,6211,2612,2,NA,requiere_revision_semantica,3,906,Técnicos laboratoristas químicos y biólogos,2612|2813|2827,"2612 Auxiliares y técnicos en ciencias biológicas, químicas y del medio ambiente || 2813 Técnicos de laboratorios médicos || 2827 Fumigadores y controladores de plagas"
7201,1,5,4690,4224,3,NA,requiere_revision_semantica,4,905,Vendedores ambulantes de artículos diversos,4224|9512|9661|9663,4224 Vendedores por catálogo || 9512 Vendedores ambulantes de artículos diversos (excluyendo los de venta de alimentos) || 9661 Recolectores de basura y material reciclable || 9663 Recolectores de otros materiales
5410,1,5,2122,9211,10,10,original_coincide_con_consenso_oficial,4,900,"Ayudantes, peones y similares en la extracción en minas, canteras y pozos",9211|9212,9211 Trabajadores de apoyo en la minería || 9212 Trabajadores de apoyo en la extracción
2121,1,2,4310,1211,2,NA,requiere_revision_semantica,2,895,"Directores, gerentes y administradores de área o establecimientos de finanzas, contabilidad, recursos humanos, administración e impartición de justicia",1211|1212|1224|1321,"1211 Directores y gerentes en administración, recursos humanos y mercadotecnia || 1212 Directores y gerentes en servicios contables, financieros, banca y seguros || 1224 Jueces de juzgado, directores y gerentes en servicios legales y procuración de justicia || 1321 Directores y gerentes en informática"
2124,4,2,8112,1312,2,2,original_coincide_con_consenso_oficial,1,895,"Directores, gerentes y administradores de área o establecimientos en actividades de producción en industrias manufactureras, en la construcción y los servicios de reparación y mantenimiento",1312|1313|1314|1315,"1312 Directores y gerentes en producción minera, petrolera y gas || 1313 Directores y gerentes en generación y provisión de energía eléctrica y agua || 1314 Directores y gerentes en producción manufacturera || 1315 Directores y gerentes en construcción, reparación y mantenimiento"
7121,1,3,4681,8344,9,NA,requiere_revision_semantica,8,892,Repartidores,8344|9723,8344 Conductores de motocicleta || 9723 Repartidores de mercancías (a pie y en bicicleta)
6150,1,2,8130,1721,2,2,original_coincide_con_consenso_oficial,2,891,"Jefes de departamento, coordinadores y supervisores en servicios culturales y de esparcimiento",1721|1722,"1721 Coordinadores y jefes de área en actividades artísticas, de cine, teatro y afines || 1722 Coordinadores y jefes de área en museos, cines, deportivos y servicios culturales"
1369,1,6,9313,NA,NA,NA,original_tampoco_resuelve,1,889,NA,NA,NA
1250,1,7,6112,2531,3,NA,requiere_revision_semantica,3,888,Técnicos en ciencias sociales,2531|2532|2711,2531 Auxiliares en ciencias sociales y humanistas || 2532 Auxiliares en servicios jurídicos || 2711 Auxiliares y técnicos en pedagogía y en educación
6110,1,6,2361,1512,1,NA,requiere_revision_semantica,2,884,"Jefes de departamento, coordinadores y supervisores en contabilidad y finanzas",1512|3101,"1512 Coordinadores y jefes de área en servicios contables, financieros, banca y seguros || 3101 Supervisores de secretarias, capturistas, cajeros y trabajadores de control de archivo y transporte"
6150,1,2,5611,1721,2,2,original_coincide_con_consenso_oficial,9,884,"Jefes de departamento, coordinadores y supervisores en servicios culturales y de esparcimiento",1721|1722,"1721 Coordinadores y jefes de área en actividades artísticas, de cine, teatro y afines || 1722 Coordinadores y jefes de área en museos, cines, deportivos y servicios culturales"
6101,2,2,6111,1523,2,2,original_coincide_con_consenso_oficial,1,883,"Jefes de departamento, coordinadores y supervisores en servicios de educación",1523|2311,1523 Coordinadores y jefes de área en centros de enseñanza y capacitación || 2311 Supervisores e inspectores educativos
6110,1,4,4310,1512,2,2,original_coincide_con_consenso_oficial,1,882,"Jefes de departamento, coordinadores y supervisores en contabilidad y finanzas",1512|3101,"1512 Coordinadores y jefes de área en servicios contables, financieros, banca y seguros || 3101 Supervisores de secretarias, capturistas, cajeros y trabajadores de control de archivo y transporte"
7201,1,2,4652,4224,3,NA,requiere_revision_semantica,6,880,Vendedores ambulantes de artículos diversos,4224|9512|9661|9663,4224 Vendedores por catálogo || 9512 Vendedores ambulantes de artículos diversos (excluyendo los de venta de alimentos) || 9661 Recolectores de basura y material reciclable || 9663 Recolectores de otros materiales
7121,1,3,3120,8344,9,NA,requiere_revision_semantica,5,879,Repartidores,8344|9723,8344 Conductores de motocicleta || 9723 Repartidores de mercancías (a pie y en bicicleta)
5400,1,5,4620,9236,10,10,original_coincide_con_consenso_oficial,2,879,"Ayudantes, peones y similares en la fabricación de alimentos, bebidas y productos de tabaco",9236|9411,"9236 Trabajadores de apoyo en la industria de alimentos, bebidas y productos de tabaco || 9411 Ayudantes en la preparación de alimentos"
6150,1,2,7131,1721,2,2,original_coincide_con_consenso_oficial,1,877,"Jefes de departamento, coordinadores y supervisores en servicios culturales y de esparcimiento",1721|1722,"1721 Coordinadores y jefes de área en actividades artísticas, de cine, teatro y afines || 1722 Coordinadores y jefes de área en museos, cines, deportivos y servicios culturales"
5380,1,6,3260,8131,8,NA,requiere_revision_semantica,3,877,Operadores de máquinas para el tratamiento de sustancias químicas y agua,8131|8134,8131 Operadores de máquinas para la elaboración de productos químicos || 8134 Operadores de máquinas para el tratamiento de agua
1204,1,7,8112,2621,2,NA,requiere_revision_semantica,5,874,"Técnicos en ingeniería química, industrial y mecánica",2621|2631|2633|2635|2637|2645,"2621 Auxiliares y técnicos industriales y químicos || 2631 Técnicos en mantenimiento y reparación de vehículos de motor || 2633 Técnicos en mantenimiento y reparación de maquinaria e instrumentos industriales || 2635 Técnicos en mantenimiento y reparación de instrumentos de precisión y musicales || 2637 Técnicos en la instalación, reparación y mantenimiento de equipos de refrigeración, climas y aire acondicionado || 2645 Técnicos en reparación de equipos electromecánicos"
1204,1,7,3330,2621,2,NA,requiere_revision_semantica,3,872,"Técnicos en ingeniería química, industrial y mecánica",2621|2631|2633|2635|2637|2645,"2621 Auxiliares y técnicos industriales y químicos || 2631 Técnicos en mantenimiento y reparación de vehículos de motor || 2633 Técnicos en mantenimiento y reparación de maquinaria e instrumentos industriales || 2635 Técnicos en mantenimiento y reparación de instrumentos de precisión y musicales || 2637 Técnicos en la instalación, reparación y mantenimiento de equipos de refrigeración, climas y aire acondicionado || 2645 Técnicos en reparación de equipos electromecánicos"
5551,1,2,4870,9322,NA,NA,original_tampoco_resuelve,2,872,"Conductores de transporte de tracción animal (carretas, arrieros)",9322,"9322 Conductores de transporte de tracción animal (carretas, arrieros, etcétera)"
5246,1,2,3330,2634,9,9,original_coincide_con_consenso_oficial,1,872,"Mecánicos, ajustadores, instaladores y trabajadores de mantenimiento y reparación de maquinaria, instrumentos industriales y equipos de refrigeración",2634|2638,"2634 Mecánicos en mantenimiento y reparación de maquinaria e instrumentos industriales || 2638 Mecánicos en instalación, mantenimiento y reparación de equipos de refrigeración, climas y aire acondicionado."
5380,1,6,9313,8131,8,NA,requiere_revision_semantica,3,866,Operadores de máquinas para el tratamiento de sustancias químicas y agua,8131|8134,8131 Operadores de máquinas para la elaboración de productos químicos || 8134 Operadores de máquinas para el tratamiento de agua
6160,1,5,3380,1711,1,1,original_coincide_con_consenso_oficial,1,866,"Jefes de departamento, coordinadores y supervisores en servicios de restaurante, hospedaje y comercio",1711|1712,"1711 Coordinadores y jefes de área de ventas, comercialización y alquiler || 1712 Coordinadores y jefes de área de restaurantes y hoteles"
5400,1,6,3350,9236,10,10,original_coincide_con_consenso_oficial,1,866,"Ayudantes, peones y similares en la fabricación de alimentos, bebidas y productos de tabaco",9236|9411,"9236 Trabajadores de apoyo en la industria de alimentos, bebidas y productos de tabaco || 9411 Ayudantes en la preparación de alimentos"
6160,1,6,6132,1711,1,1,original_coincide_con_consenso_oficial,2,863,"Jefes de departamento, coordinadores y supervisores en servicios de restaurante, hospedaje y comercio",1711|1712,"1711 Coordinadores y jefes de área de ventas, comercialización y alquiler || 1712 Coordinadores y jefes de área de restaurantes y hoteles"
1204,1,4,8112,2621,2,NA,requiere_revision_semantica,6,860,"Técnicos en ingeniería química, industrial y mecánica",2621|2631|2633|2635|2637|2645,"2621 Auxiliares y técnicos industriales y químicos || 2631 Técnicos en mantenimiento y reparación de vehículos de motor || 2633 Técnicos en mantenimiento y reparación de maquinaria e instrumentos industriales || 2635 Técnicos en mantenimiento y reparación de instrumentos de precisión y musicales || 2637 Técnicos en la instalación, reparación y mantenimiento de equipos de refrigeración, climas y aire acondicionado || 2645 Técnicos en reparación de equipos electromecánicos"
4109,1,2,1121,6119,13,NA,requiere_revision_semantica,6,860,Otros trabajadores que desempeñan una ocupación afín a las comprendidas en este subgrupo,6119|9111,"6119 Otros trabajadores en actividades agrícolas, no clasificados anteriormente || 9111 Trabajadores de apoyo en actividades agrícolas"
6100,1,4,6251,1521,2,2,original_coincide_con_consenso_oficial,3,857,"Jefes de departamento, coordinadores y supervisores en servicios de salud y asistencia social",1521|2524,"1521 Coordinadores y jefes de área en servicios de salud, protección civil y medio ambiente || 2524 Inspectores en seguridad social, de precios y otros inspectores públicos"
6180,1,6,7210,1723,1,NA,requiere_revision_semantica,8,856,"Otros jefes de departamento, coordinadores y supervisores en actividades no clasificadas anteriormente",1723|5201|9601,"1723 Coordinadores y jefes de área en servicios funerarios y otros servicios || 5201 Supervisores y encargados de trabajadores en cuidados personales y del hogar || 9601 Supervisores en limpieza, amas de llaves, mayordomos y en estacionamientos"
2125,2,3,6131,1223,2,2,original_coincide_con_consenso_oficial,2,855,Directores gerentes y administradores de área o establecimientos de enseñanza e investigación,1223|1324,1223 Directores y gerentes en centros de enseñanza y capacitación || 1324 Directores y gerentes en centros de investigación y desarrollo tecnológico
1230,1,6,6112,2612,2,NA,requiere_revision_semantica,3,851,Técnicos laboratoristas químicos y biólogos,2612|2813|2827,"2612 Auxiliares y técnicos en ciencias biológicas, químicas y del medio ambiente || 2813 Técnicos de laboratorios médicos || 2827 Fumigadores y controladores de plagas"
6160,1,6,4810,1711,1,1,original_coincide_con_consenso_oficial,1,848,"Jefes de departamento, coordinadores y supervisores en servicios de restaurante, hospedaje y comercio",1711|1712,"1711 Coordinadores y jefes de área de ventas, comercialización y alquiler || 1712 Coordinadores y jefes de área de restaurantes y hoteles"
6121,1,6,6111,1623,1,NA,requiere_revision_semantica,1,848,"Jefes de departamento, coordinadores y supervisores en la coordinación del transporte",1623|2661|2662|8301,"1623 Coordinadores y jefes de área en servicios de transporte || 2661 Controladores de tráfico aéreo || 2662 Controladores de tráfico de otros transportes (terrestre, ferroviario y marítimo) || 8301 Supervisores de conductores de transporte y de maquinaria móvil"
1250,1,5,4651,2531,3,NA,requiere_revision_semantica,1,846,Técnicos en ciencias sociales,2531|2532|2711,2531 Auxiliares en ciencias sociales y humanistas || 2532 Auxiliares en servicios jurídicos || 2711 Auxiliares y técnicos en pedagogía y en educación
1250,1,5,5222,2531,3,NA,requiere_revision_semantica,2,846,Técnicos en ciencias sociales,2531|2532|2711,2531 Auxiliares en ciencias sociales y humanistas || 2532 Auxiliares en servicios jurídicos || 2711 Auxiliares y técnicos en pedagogía y en educación
6160,1,5,4651,1711,1,1,original_coincide_con_consenso_oficial,6,845,"Jefes de departamento, coordinadores y supervisores en servicios de restaurante, hospedaje y comercio",1711|1712,"1711 Coordinadores y jefes de área de ventas, comercialización y alquiler || 1712 Coordinadores y jefes de área de restaurantes y hoteles"
6101,1,6,5170,1523,1,NA,requiere_revision_semantica,1,844,"Jefes de departamento, coordinadores y supervisores en servicios de educación",1523|2311,1523 Coordinadores y jefes de área en centros de enseñanza y capacitación || 2311 Supervisores e inspectores educativos
8150,1,6,9312,3222,4,NA,requiere_revision_semantica,2,840,"Trabajadores de apoyo para la realización de espectáculos, turismo y deporte",3222|4233|5251|5254|9713,"3222 Guías de turismo en museos, casinos, parques, cines y otros centros recreativos || 4233 Modelos de moda, arte y publicidad || 5251 Astrólogos, adivinadores y afines || 5254 Entrenadores de animales y ocupaciones relacionadas con el cuidado de mascotas || 9713 Trabajadores de apoyo a la realización de espectáculos, deportes y en parques de diversiones"
6160,1,5,4920,1711,1,1,original_coincide_con_consenso_oficial,1,840,"Jefes de departamento, coordinadores y supervisores en servicios de restaurante, hospedaje y comercio",1711|1712,"1711 Coordinadores y jefes de área de ventas, comercialización y alquiler || 1712 Coordinadores y jefes de área de restaurantes y hoteles"
2124,1,6,2382,1312,1,1,original_coincide_con_consenso_oficial,1,839,"Directores, gerentes y administradores de área o establecimientos en actividades de producción en industrias manufactureras, en la construcción y los servicios de reparación y mantenimiento",1312|1313|1314|1315,"1312 Directores y gerentes en producción minera, petrolera y gas || 1313 Directores y gerentes en generación y provisión de energía eléctrica y agua || 1314 Directores y gerentes en producción manufacturera || 1315 Directores y gerentes en construcción, reparación y mantenimiento"
8150,2,3,4870,3222,5,NA,requiere_revision_semantica,1,838,"Trabajadores de apoyo para la realización de espectáculos, turismo y deporte",3222|4233|5251|5254|9713,"3222 Guías de turismo en museos, casinos, parques, cines y otros centros recreativos || 4233 Modelos de moda, arte y publicidad || 5251 Astrólogos, adivinadores y afines || 5254 Entrenadores de animales y ocupaciones relacionadas con el cuidado de mascotas || 9713 Trabajadores de apoyo a la realización de espectáculos, deportes y en parques de diversiones"
6150,1,7,8130,1721,2,2,original_coincide_con_consenso_oficial,1,836,"Jefes de departamento, coordinadores y supervisores en servicios culturales y de esparcimiento",1721|1722,"1721 Coordinadores y jefes de área en actividades artísticas, de cine, teatro y afines || 1722 Coordinadores y jefes de área en museos, cines, deportivos y servicios culturales"
6101,1,2,8130,1523,2,2,original_coincide_con_consenso_oficial,2,834,"Jefes de departamento, coordinadores y supervisores en servicios de educación",1523|2311,1523 Coordinadores y jefes de área en centros de enseñanza y capacitación || 2311 Supervisores e inspectores educativos
8100,1,6,7210,5112,4,4,original_coincide_con_consenso_oficial,2,832,Fonderos (preparan y sirven alimentos) en establecimientos,5112|5114,"5112 Fonderos, vendedores y comerciantes de comida || 5114 Taqueros y preparadores de comida rápida, antojitos, pizzas, hot dogs, jugos, café, etcétera"
6160,1,5,4340,1711,1,1,original_coincide_con_consenso_oficial,4,830,"Jefes de departamento, coordinadores y supervisores en servicios de restaurante, hospedaje y comercio",1711|1712,"1711 Coordinadores y jefes de área de ventas, comercialización y alquiler || 1712 Coordinadores y jefes de área de restaurantes y hoteles"
6160,1,2,4671,1711,2,2,original_coincide_con_consenso_oficial,1,823,"Jefes de departamento, coordinadores y supervisores en servicios de restaurante, hospedaje y comercio",1711|1712,"1711 Coordinadores y jefes de área de ventas, comercialización y alquiler || 1712 Coordinadores y jefes de área de restaurantes y hoteles"
6110,1,6,7221,1512,1,NA,requiere_revision_semantica,1,822,"Jefes de departamento, coordinadores y supervisores en contabilidad y finanzas",1512|3101,"1512 Coordinadores y jefes de área en servicios contables, financieros, banca y seguros || 3101 Supervisores de secretarias, capturistas, cajeros y trabajadores de control de archivo y transporte"
5246,1,6,2361,2634,8,8,original_coincide_con_consenso_oficial,2,822,"Mecánicos, ajustadores, instaladores y trabajadores de mantenimiento y reparación de maquinaria, instrumentos industriales y equipos de refrigeración",2634|2638,"2634 Mecánicos en mantenimiento y reparación de maquinaria e instrumentos industriales || 2638 Mecánicos en instalación, mantenimiento y reparación de equipos de refrigeración, climas y aire acondicionado."
4170,1,7,1110,6101,7,7,original_coincide_con_consenso_oficial,6,821,"Capataces, caporales, mayorales y similares en actividades agropecuarias,silvícolas y pesqueras",6101|6201,"6101 Supervisores, encargados y capataces agropecuarios || 6201 Supervisores, encargados y capataces de trabajadores en actividades pesqueras, acuícolas, forestales, caza y similares"
2124,1,6,3320,1312,1,1,original_coincide_con_consenso_oficial,4,820,"Directores, gerentes y administradores de área o establecimientos en actividades de producción en industrias manufactureras, en la construcción y los servicios de reparación y mantenimiento",1312|1313|1314|1315,"1312 Directores y gerentes en producción minera, petrolera y gas || 1313 Directores y gerentes en generación y provisión de energía eléctrica y agua || 1314 Directores y gerentes en producción manufacturera || 1315 Directores y gerentes en construcción, reparación y mantenimiento"
5380,1,6,9314,8131,8,NA,requiere_revision_semantica,1,819,Operadores de máquinas para el tratamiento de sustancias químicas y agua,8131|8134,8131 Operadores de máquinas para la elaboración de productos químicos || 8134 Operadores de máquinas para el tratamiento de agua
1230,1,5,6111,2612,2,NA,requiere_revision_semantica,1,819,Técnicos laboratoristas químicos y biólogos,2612|2813|2827,"2612 Auxiliares y técnicos en ciencias biológicas, químicas y del medio ambiente || 2813 Técnicos de laboratorios médicos || 2827 Fumigadores y controladores de plagas"
7121,1,7,4340,8344,9,NA,requiere_revision_semantica,2,818,Repartidores,8344|9723,8344 Conductores de motocicleta || 9723 Repartidores de mercancías (a pie y en bicicleta)
6260,1,5,4810,3141,3,3,original_coincide_con_consenso_oficial,6,817,"Despachadores, checadores y similares en la operación del transporte",3141|3142,3141 Despachadores de transporte || 3142 Checadores y revisores de transporte
2121,1,3,5222,1211,2,NA,requiere_revision_semantica,8,817,"Directores, gerentes y administradores de área o establecimientos de finanzas, contabilidad, recursos humanos, administración e impartición de justicia",1211|1212|1224|1321,"1211 Directores y gerentes en administración, recursos humanos y mercadotecnia || 1212 Directores y gerentes en servicios contables, financieros, banca y seguros || 1224 Jueces de juzgado, directores y gerentes en servicios legales y procuración de justicia || 1321 Directores y gerentes en informática"
5100,1,5,4620,1614,1,NA,requiere_revision_semantica,1,815,"Jefes, coordinadores y similares en la fabricación de alimentos, bebidas y productos de tabaco",1614|5101,"1614 Coordinadores y jefes de área en producción manufacturera || 5101 Supervisores en la preparación y servicio de alimentos y bebidas, así como en servicios de esparcimiento y de hotelería"
6121,1,6,3340,1623,1,NA,requiere_revision_semantica,1,815,"Jefes de departamento, coordinadores y supervisores en la coordinación del transporte",1623|2661|2662|8301,"1623 Coordinadores y jefes de área en servicios de transporte || 2661 Controladores de tráfico aéreo || 2662 Controladores de tráfico de otros transportes (terrestre, ferroviario y marítimo) || 8301 Supervisores de conductores de transporte y de maquinaria móvil"
1250,1,6,3150,2531,3,NA,requiere_revision_semantica,1,811,Técnicos en ciencias sociales,2531|2532|2711,2531 Auxiliares en ciencias sociales y humanistas || 2532 Auxiliares en servicios jurídicos || 2711 Auxiliares y técnicos en pedagogía y en educación
5246,1,5,4350,2634,8,8,original_coincide_con_consenso_oficial,3,810,"Mecánicos, ajustadores, instaladores y trabajadores de mantenimiento y reparación de maquinaria, instrumentos industriales y equipos de refrigeración",2634|2638,"2634 Mecánicos en mantenimiento y reparación de maquinaria e instrumentos industriales || 2638 Mecánicos en instalación, mantenimiento y reparación de equipos de refrigeración, climas y aire acondicionado."
6121,1,6,4330,1623,1,NA,requiere_revision_semantica,1,808,"Jefes de departamento, coordinadores y supervisores en la coordinación del transporte",1623|2661|2662|8301,"1623 Coordinadores y jefes de área en servicios de transporte || 2661 Controladores de tráfico aéreo || 2662 Controladores de tráfico de otros transportes (terrestre, ferroviario y marítimo) || 8301 Supervisores de conductores de transporte y de maquinaria móvil"
5246,1,4,3320,2634,9,9,original_coincide_con_consenso_oficial,2,807,"Mecánicos, ajustadores, instaladores y trabajadores de mantenimiento y reparación de maquinaria, instrumentos industriales y equipos de refrigeración",2634|2638,"2634 Mecánicos en mantenimiento y reparación de maquinaria e instrumentos industriales || 2638 Mecánicos en instalación, mantenimiento y reparación de equipos de refrigeración, climas y aire acondicionado."
4134,1,2,1130,6225,13,NA,requiere_revision_semantica,4,803,Cortadores y recolectores de leña,6225|9124,6225 Cortadores de leña || 9124 Recolectores de leña y acarreadores de agua
2124,2,2,8112,1312,2,2,original_coincide_con_consenso_oficial,4,802,"Directores, gerentes y administradores de área o establecimientos en actividades de producción en industrias manufactureras, en la construcción y los servicios de reparación y mantenimiento",1312|1313|1314|1315,"1312 Directores y gerentes en producción minera, petrolera y gas || 1313 Directores y gerentes en generación y provisión de energía eléctrica y agua || 1314 Directores y gerentes en producción manufacturera || 1315 Directores y gerentes en construcción, reparación y mantenimiento"
1204,1,6,2122,2621,2,NA,requiere_revision_semantica,3,801,"Técnicos en ingeniería química, industrial y mecánica",2621|2631|2633|2635|2637|2645,"2621 Auxiliares y técnicos industriales y químicos || 2631 Técnicos en mantenimiento y reparación de vehículos de motor || 2633 Técnicos en mantenimiento y reparación de maquinaria e instrumentos industriales || 2635 Técnicos en mantenimiento y reparación de instrumentos de precisión y musicales || 2637 Técnicos en la instalación, reparación y mantenimiento de equipos de refrigeración, climas y aire acondicionado || 2645 Técnicos en reparación de equipos electromecánicos"
5170,1,6,9313,1613,1,NA,requiere_revision_semantica,1,789,"Jefes, coordinadores y similares en la generación de energía, la instalación, reparación y mantenimiento de equipo eléctrico y de telecomunicaciones",1613|8101,1613 Coordinadores y jefes de área en generación y provisión de energía eléctrica y agua || 8101 Supervisores de operadores de maquinaria industrial
6180,1,6,3360,1723,1,NA,requiere_revision_semantica,2,784,"Otros jefes de departamento, coordinadores y supervisores en actividades no clasificadas anteriormente",1723|5201|9601,"1723 Coordinadores y jefes de área en servicios funerarios y otros servicios || 5201 Supervisores y encargados de trabajadores en cuidados personales y del hogar || 9601 Supervisores en limpieza, amas de llaves, mayordomos y en estacionamientos"
6160,1,6,3310,1711,1,1,original_coincide_con_consenso_oficial,2,783,"Jefes de departamento, coordinadores y supervisores en servicios de restaurante, hospedaje y comercio",1711|1712,"1711 Coordinadores y jefes de área de ventas, comercialización y alquiler || 1712 Coordinadores y jefes de área de restaurantes y hoteles"
6110,1,5,5222,1512,1,NA,requiere_revision_semantica,7,783,"Jefes de departamento, coordinadores y supervisores en contabilidad y finanzas",1512|3101,"1512 Coordinadores y jefes de área en servicios contables, financieros, banca y seguros || 3101 Supervisores de secretarias, capturistas, cajeros y trabajadores de control de archivo y transporte"
4109,1,6,2221,6119,13,NA,requiere_revision_semantica,2,780,Otros trabajadores que desempeñan una ocupación afín a las comprendidas en este subgrupo,6119|9111,"6119 Otros trabajadores en actividades agrícolas, no clasificados anteriormente || 9111 Trabajadores de apoyo en actividades agrícolas"
7201,3,1,5170,4224,3,NA,requiere_revision_semantica,1,770,Vendedores ambulantes de artículos diversos,4224|9512|9661|9663,4224 Vendedores por catálogo || 9512 Vendedores ambulantes de artículos diversos (excluyendo los de venta de alimentos) || 9661 Recolectores de basura y material reciclable || 9663 Recolectores de otros materiales
2124,1,5,5411,1312,1,1,original_coincide_con_consenso_oficial,1,769,"Directores, gerentes y administradores de área o establecimientos en actividades de producción en industrias manufactureras, en la construcción y los servicios de reparación y mantenimiento",1312|1313|1314|1315,"1312 Directores y gerentes en producción minera, petrolera y gas || 1313 Directores y gerentes en generación y provisión de energía eléctrica y agua || 1314 Directores y gerentes en producción manufacturera || 1315 Directores y gerentes en construcción, reparación y mantenimiento"
6101,1,6,9314,1523,1,NA,requiere_revision_semantica,4,765,"Jefes de departamento, coordinadores y supervisores en servicios de educación",1523|2311,1523 Coordinadores y jefes de área en centros de enseñanza y capacitación || 2311 Supervisores e inspectores educativos
6180,1,6,8122,1723,1,NA,requiere_revision_semantica,1,764,"Otros jefes de departamento, coordinadores y supervisores en actividades no clasificadas anteriormente",1723|5201|9601,"1723 Coordinadores y jefes de área en servicios funerarios y otros servicios || 5201 Supervisores y encargados de trabajadores en cuidados personales y del hogar || 9601 Supervisores en limpieza, amas de llaves, mayordomos y en estacionamientos"
8150,3,1,7120,3222,6,NA,requiere_revision_semantica,1,764,"Trabajadores de apoyo para la realización de espectáculos, turismo y deporte",3222|4233|5251|5254|9713,"3222 Guías de turismo en museos, casinos, parques, cines y otros centros recreativos || 4233 Modelos de moda, arte y publicidad || 5251 Astrólogos, adivinadores y afines || 5254 Entrenadores de animales y ocupaciones relacionadas con el cuidado de mascotas || 9713 Trabajadores de apoyo a la realización de espectáculos, deportes y en parques de diversiones"
5400,1,6,9313,9236,10,10,original_coincide_con_consenso_oficial,5,763,"Ayudantes, peones y similares en la fabricación de alimentos, bebidas y productos de tabaco",9236|9411,"9236 Trabajadores de apoyo en la industria de alimentos, bebidas y productos de tabaco || 9411 Ayudantes en la preparación de alimentos"
5170,2,2,8112,1613,2,NA,requiere_revision_semantica,1,762,"Jefes, coordinadores y similares en la generación de energía, la instalación, reparación y mantenimiento de equipo eléctrico y de telecomunicaciones",1613|8101,1613 Coordinadores y jefes de área en generación y provisión de energía eléctrica y agua || 8101 Supervisores de operadores de maquinaria industrial
4170,1,4,1110,6101,7,7,original_coincide_con_consenso_oficial,2,762,"Capataces, caporales, mayorales y similares en actividades agropecuarias,silvícolas y pesqueras",6101|6201,"6101 Supervisores, encargados y capataces agropecuarios || 6201 Supervisores, encargados y capataces de trabajadores en actividades pesqueras, acuícolas, forestales, caza y similares"
6290,1,6,6222,NA,NA,NA,original_tampoco_resuelve,1,760,NA,NA,NA
6121,1,6,9314,1623,1,NA,requiere_revision_semantica,5,759,"Jefes de departamento, coordinadores y supervisores en la coordinación del transporte",1623|2661|2662|8301,"1623 Coordinadores y jefes de área en servicios de transporte || 2661 Controladores de tráfico aéreo || 2662 Controladores de tráfico de otros transportes (terrestre, ferroviario y marítimo) || 8301 Supervisores de conductores de transporte y de maquinaria móvil"
4134,2,2,1130,6225,12,NA,requiere_revision_semantica,2,756,Cortadores y recolectores de leña,6225|9124,6225 Cortadores de leña || 9124 Recolectores de leña y acarreadores de agua
7201,1,2,4340,4224,3,NA,requiere_revision_semantica,3,756,Vendedores ambulantes de artículos diversos,4224|9512|9661|9663,4224 Vendedores por catálogo || 9512 Vendedores ambulantes de artículos diversos (excluyendo los de venta de alimentos) || 9661 Recolectores de basura y material reciclable || 9663 Recolectores de otros materiales
2123,1,6,4840,1322,1,1,original_coincide_con_consenso_oficial,3,754,"Directores, gerentes y administradores de área o establecimientos en comunicaciones y transportes",1322|1323,1322 Directores y gerentes en comunicación y telecomunicaciones || 1323 Directores y gerentes en servicios de transporte
5111,3,2,2121,7101,6,6,original_coincide_con_consenso_oficial,1,754,"Supervisores, inspectores y similares en la extracción en minas, canteras y pozos",7101|8101,"7101 Supervisores de trabajadores en la extracción, albañiles y en acabados de la construcción || 8101 Supervisores de operadores de maquinaria industrial"
1250,1,6,6142,2531,3,NA,requiere_revision_semantica,1,754,Técnicos en ciencias sociales,2531|2532|2711,2531 Auxiliares en ciencias sociales y humanistas || 2532 Auxiliares en servicios jurídicos || 2711 Auxiliares y técnicos en pedagogía y en educación
6160,1,6,4611,1711,1,1,original_coincide_con_consenso_oficial,4,752,"Jefes de departamento, coordinadores y supervisores en servicios de restaurante, hospedaje y comercio",1711|1712,"1711 Coordinadores y jefes de área de ventas, comercialización y alquiler || 1712 Coordinadores y jefes de área de restaurantes y hoteles"
6131,1,5,9314,NA,NA,NA,original_tampoco_resuelve,1,752,NA,NA,NA
2124,1,5,3340,1312,1,1,original_coincide_con_consenso_oficial,1,752,"Directores, gerentes y administradores de área o establecimientos en actividades de producción en industrias manufactureras, en la construcción y los servicios de reparación y mantenimiento",1312|1313|1314|1315,"1312 Directores y gerentes en producción minera, petrolera y gas || 1313 Directores y gerentes en generación y provisión de energía eléctrica y agua || 1314 Directores y gerentes en producción manufacturera || 1315 Directores y gerentes en construcción, reparación y mantenimiento"
6260,1,7,4840,3141,3,3,original_coincide_con_consenso_oficial,1,743,"Despachadores, checadores y similares en la operación del transporte",3141|3142,3141 Despachadores de transporte || 3142 Checadores y revisores de transporte
4109,1,4,1110,6119,13,NA,requiere_revision_semantica,4,742,Otros trabajadores que desempeñan una ocupación afín a las comprendidas en este subgrupo,6119|9111,"6119 Otros trabajadores en actividades agrícolas, no clasificados anteriormente || 9111 Trabajadores de apoyo en actividades agrícolas"
2124,3,2,3120,1312,2,2,original_coincide_con_consenso_oficial,1,742,"Directores, gerentes y administradores de área o establecimientos en actividades de producción en industrias manufactureras, en la construcción y los servicios de reparación y mantenimiento",1312|1313|1314|1315,"1312 Directores y gerentes en producción minera, petrolera y gas || 1313 Directores y gerentes en generación y provisión de energía eléctrica y agua || 1314 Directores y gerentes en producción manufacturera || 1315 Directores y gerentes en construcción, reparación y mantenimiento"
5170,1,4,8130,1613,2,NA,requiere_revision_semantica,1,739,"Jefes, coordinadores y similares en la generación de energía, la instalación, reparación y mantenimiento de equipo eléctrico y de telecomunicaciones",1613|8101,1613 Coordinadores y jefes de área en generación y provisión de energía eléctrica y agua || 8101 Supervisores de operadores de maquinaria industrial
7201,3,1,4620,4224,3,NA,requiere_revision_semantica,3,737,Vendedores ambulantes de artículos diversos,4224|9512|9661|9663,4224 Vendedores por catálogo || 9512 Vendedores ambulantes de artículos diversos (excluyendo los de venta de alimentos) || 9661 Recolectores de basura y material reciclable || 9663 Recolectores de otros materiales
2121,1,3,9314,1211,2,NA,requiere_revision_semantica,2,736,"Directores, gerentes y administradores de área o establecimientos de finanzas, contabilidad, recursos humanos, administración e impartición de justicia",1211|1212|1224|1321,"1211 Directores y gerentes en administración, recursos humanos y mercadotecnia || 1212 Directores y gerentes en servicios contables, financieros, banca y seguros || 1224 Jueces de juzgado, directores y gerentes en servicios legales y procuración de justicia || 1321 Directores y gerentes en informática"
1230,1,5,2221,2612,2,NA,requiere_revision_semantica,1,736,Técnicos laboratoristas químicos y biólogos,2612|2813|2827,"2612 Auxiliares y técnicos en ciencias biológicas, químicas y del medio ambiente || 2813 Técnicos de laboratorios médicos || 2827 Fumigadores y controladores de plagas"
6110,1,6,7210,1512,1,NA,requiere_revision_semantica,6,735,"Jefes de departamento, coordinadores y supervisores en contabilidad y finanzas",1512|3101,"1512 Coordinadores y jefes de área en servicios contables, financieros, banca y seguros || 3101 Supervisores de secretarias, capturistas, cajeros y trabajadores de control de archivo y transporte"
6150,1,6,6132,1721,1,1,original_coincide_con_consenso_oficial,4,731,"Jefes de departamento, coordinadores y supervisores en servicios culturales y de esparcimiento",1721|1722,"1721 Coordinadores y jefes de área en actividades artísticas, de cine, teatro y afines || 1722 Coordinadores y jefes de área en museos, cines, deportivos y servicios culturales"
5190,1,5,3350,NA,NA,NA,original_tampoco_resuelve,1,730,NA,NA,NA
2133,4,3,8130,1134,1,1,original_coincide_con_consenso_oficial,1,725,"Directivos de organizaciones humanitarias, religiosas, asociaciones civiles y ejidales",1134|1135,1134 Directores de organizaciones agrarias || 1135 Directores de organizaciones civiles y religiosas
5190,1,6,3350,NA,NA,NA,original_tampoco_resuelve,4,723,NA,NA,NA
2121,1,4,5240,1211,2,NA,requiere_revision_semantica,2,721,"Directores, gerentes y administradores de área o establecimientos de finanzas, contabilidad, recursos humanos, administración e impartición de justicia",1211|1212|1224|1321,"1211 Directores y gerentes en administración, recursos humanos y mercadotecnia || 1212 Directores y gerentes en servicios contables, financieros, banca y seguros || 1224 Jueces de juzgado, directores y gerentes en servicios legales y procuración de justicia || 1321 Directores y gerentes en informática"
6160,1,6,4671,1711,1,1,original_coincide_con_consenso_oficial,6,720,"Jefes de departamento, coordinadores y supervisores en servicios de restaurante, hospedaje y comercio",1711|1712,"1711 Coordinadores y jefes de área de ventas, comercialización y alquiler || 1712 Coordinadores y jefes de área de restaurantes y hoteles"
5246,1,7,3340,2634,9,9,original_coincide_con_consenso_oficial,1,720,"Mecánicos, ajustadores, instaladores y trabajadores de mantenimiento y reparación de maquinaria, instrumentos industriales y equipos de refrigeración",2634|2638,"2634 Mecánicos en mantenimiento y reparación de maquinaria e instrumentos industriales || 2638 Mecánicos en instalación, mantenimiento y reparación de equipos de refrigeración, climas y aire acondicionado."
1204,1,6,5170,2621,2,NA,requiere_revision_semantica,2,718,"Técnicos en ingeniería química, industrial y mecánica",2621|2631|2633|2635|2637|2645,"2621 Auxiliares y técnicos industriales y químicos || 2631 Técnicos en mantenimiento y reparación de vehículos de motor || 2633 Técnicos en mantenimiento y reparación de maquinaria e instrumentos industriales || 2635 Técnicos en mantenimiento y reparación de instrumentos de precisión y musicales || 2637 Técnicos en la instalación, reparación y mantenimiento de equipos de refrigeración, climas y aire acondicionado || 2645 Técnicos en reparación de equipos electromecánicos"
7121,1,5,3120,8344,8,NA,requiere_revision_semantica,5,717,Repartidores,8344|9723,8344 Conductores de motocicleta || 9723 Repartidores de mercancías (a pie y en bicicleta)
1250,1,4,9313,2531,3,NA,requiere_revision_semantica,1,717,Técnicos en ciencias sociales,2531|2532|2711,2531 Auxiliares en ciencias sociales y humanistas || 2532 Auxiliares en servicios jurídicos || 2711 Auxiliares y técnicos en pedagogía y en educación
7201,4,2,9700,4224,3,NA,requiere_revision_semantica,1,716,Vendedores ambulantes de artículos diversos,4224|9512|9661|9663,4224 Vendedores por catálogo || 9512 Vendedores ambulantes de artículos diversos (excluyendo los de venta de alimentos) || 9661 Recolectores de basura y material reciclable || 9663 Recolectores de otros materiales
1369,1,6,9312,NA,NA,NA,original_tampoco_resuelve,3,714,NA,NA,NA
2124,1,3,3230,1312,2,2,original_coincide_con_consenso_oficial,3,714,"Directores, gerentes y administradores de área o establecimientos en actividades de producción en industrias manufactureras, en la construcción y los servicios de reparación y mantenimiento",1312|1313|1314|1315,"1312 Directores y gerentes en producción minera, petrolera y gas || 1313 Directores y gerentes en generación y provisión de energía eléctrica y agua || 1314 Directores y gerentes en producción manufacturera || 1315 Directores y gerentes en construcción, reparación y mantenimiento"
6110,1,5,4651,1512,1,NA,requiere_revision_semantica,2,713,"Jefes de departamento, coordinadores y supervisores en contabilidad y finanzas",1512|3101,"1512 Coordinadores y jefes de área en servicios contables, financieros, banca y seguros || 3101 Supervisores de secretarias, capturistas, cajeros y trabajadores de control de archivo y transporte"
5190,1,6,3270,NA,NA,NA,original_tampoco_resuelve,3,713,NA,NA,NA
5170,1,6,5412,1613,1,NA,requiere_revision_semantica,1,712,"Jefes, coordinadores y similares en la generación de energía, la instalación, reparación y mantenimiento de equipo eléctrico y de telecomunicaciones",1613|8101,1613 Coordinadores y jefes de área en generación y provisión de energía eléctrica y agua || 8101 Supervisores de operadores de maquinaria industrial
2121,4,2,3120,1211,2,NA,requiere_revision_semantica,1,712,"Directores, gerentes y administradores de área o establecimientos de finanzas, contabilidad, recursos humanos, administración e impartición de justicia",1211|1212|1224|1321,"1211 Directores y gerentes en administración, recursos humanos y mercadotecnia || 1212 Directores y gerentes en servicios contables, financieros, banca y seguros || 1224 Jueces de juzgado, directores y gerentes en servicios legales y procuración de justicia || 1321 Directores y gerentes en informática"
7201,4,2,1110,4224,3,NA,requiere_revision_semantica,1,708,Vendedores ambulantes de artículos diversos,4224|9512|9661|9663,4224 Vendedores por catálogo || 9512 Vendedores ambulantes de artículos diversos (excluyendo los de venta de alimentos) || 9661 Recolectores de basura y material reciclable || 9663 Recolectores de otros materiales
5380,1,6,3350,8131,8,NA,requiere_revision_semantica,4,704,Operadores de máquinas para el tratamiento de sustancias químicas y agua,8131|8134,8131 Operadores de máquinas para la elaboración de productos químicos || 8134 Operadores de máquinas para el tratamiento de agua
6110,1,3,5222,1512,2,2,original_coincide_con_consenso_oficial,5,702,"Jefes de departamento, coordinadores y supervisores en contabilidad y finanzas",1512|3101,"1512 Coordinadores y jefes de área en servicios contables, financieros, banca y seguros || 3101 Supervisores de secretarias, capturistas, cajeros y trabajadores de control de archivo y transporte"
6121,1,4,4850,1623,2,2,original_coincide_con_consenso_oficial,2,700,"Jefes de departamento, coordinadores y supervisores en la coordinación del transporte",1623|2661|2662|8301,"1623 Coordinadores y jefes de área en servicios de transporte || 2661 Controladores de tráfico aéreo || 2662 Controladores de tráfico de otros transportes (terrestre, ferroviario y marítimo) || 8301 Supervisores de conductores de transporte y de maquinaria móvil"
2121,1,3,9313,1211,2,NA,requiere_revision_semantica,2,698,"Directores, gerentes y administradores de área o establecimientos de finanzas, contabilidad, recursos humanos, administración e impartición de justicia",1211|1212|1224|1321,"1211 Directores y gerentes en administración, recursos humanos y mercadotecnia || 1212 Directores y gerentes en servicios contables, financieros, banca y seguros || 1224 Jueces de juzgado, directores y gerentes en servicios legales y procuración de justicia || 1321 Directores y gerentes en informática"
6260,1,4,2123,3141,3,3,original_coincide_con_consenso_oficial,1,698,"Despachadores, checadores y similares en la operación del transporte",3141|3142,3141 Despachadores de transporte || 3142 Checadores y revisores de transporte
1230,1,4,6211,2612,2,NA,requiere_revision_semantica,4,697,Técnicos laboratoristas químicos y biólogos,2612|2813|2827,"2612 Auxiliares y técnicos en ciencias biológicas, químicas y del medio ambiente || 2813 Técnicos de laboratorios médicos || 2827 Fumigadores y controladores de plagas"
5190,1,6,5411,NA,NA,NA,original_tampoco_resuelve,2,691,NA,NA,NA
2121,1,4,5611,1211,2,NA,requiere_revision_semantica,1,688,"Directores, gerentes y administradores de área o establecimientos de finanzas, contabilidad, recursos humanos, administración e impartición de justicia",1211|1212|1224|1321,"1211 Directores y gerentes en administración, recursos humanos y mercadotecnia || 1212 Directores y gerentes en servicios contables, financieros, banca y seguros || 1224 Jueces de juzgado, directores y gerentes en servicios legales y procuración de justicia || 1321 Directores y gerentes en informática"
1230,1,3,5411,2612,2,NA,requiere_revision_semantica,4,687,Técnicos laboratoristas químicos y biólogos,2612|2813|2827,"2612 Auxiliares y técnicos en ciencias biológicas, químicas y del medio ambiente || 2813 Técnicos de laboratorios médicos || 2827 Fumigadores y controladores de plagas"
6110,1,5,4350,1512,1,NA,requiere_revision_semantica,2,687,"Jefes de departamento, coordinadores y supervisores en contabilidad y finanzas",1512|3101,"1512 Coordinadores y jefes de área en servicios contables, financieros, banca y seguros || 3101 Supervisores de secretarias, capturistas, cajeros y trabajadores de control de archivo y transporte"
7121,1,6,5321,8344,8,NA,requiere_revision_semantica,1,685,Repartidores,8344|9723,8344 Conductores de motocicleta || 9723 Repartidores de mercancías (a pie y en bicicleta)
6121,1,5,4881,1623,1,NA,requiere_revision_semantica,5,685,"Jefes de departamento, coordinadores y supervisores en la coordinación del transporte",1623|2661|2662|8301,"1623 Coordinadores y jefes de área en servicios de transporte || 2661 Controladores de tráfico aéreo || 2662 Controladores de tráfico de otros transportes (terrestre, ferroviario y marítimo) || 8301 Supervisores de conductores de transporte y de maquinaria móvil"
4119,1,6,1121,6129,13,NA,requiere_revision_semantica,1,682,Otros trabajadores que desempeñan una ocupación afín a las comprendidas en este subgrupo,6129|9112,"6129 Otros trabajadores en actividades ganaderas y en la cría de animales, no clasificados anteriormente || 9112 Trabajadores de apoyo en actividades ganaderas"
4119,1,4,1121,6129,13,NA,requiere_revision_semantica,1,682,Otros trabajadores que desempeñan una ocupación afín a las comprendidas en este subgrupo,6129|9112,"6129 Otros trabajadores en actividades ganaderas y en la cría de animales, no clasificados anteriormente || 9112 Trabajadores de apoyo en actividades ganaderas"
5249,1,2,4681,2639,9,9,original_coincide_con_consenso_oficial,4,681,Otros trabajadores que desempeñan una ocupación afín a las comprendidas en este subgrupo,2639|7214,"2639 Otras ocupaciones de mecánicos y técnicos en el mantenimiento y reparación de equipos mecánicos, vehículos de motor e instrumentos industriales, no clasificados anteriormente || 7214 Montadores de estructuras metálicas"
4120,1,3,1121,6131,13,NA,requiere_revision_semantica,3,670,Trabajadores que combinan actividades agrícolas con ganaderas,6131|9113,6131 Trabajadores que combinan actividades agrícolas con ganaderas || 9113 Trabajadores de apoyo que realizan actividades agrícolas y ganaderas
1230,1,6,3350,2612,2,NA,requiere_revision_semantica,2,669,Técnicos laboratoristas químicos y biólogos,2612|2813|2827,"2612 Auxiliares y técnicos en ciencias biológicas, químicas y del medio ambiente || 2813 Técnicos de laboratorios médicos || 2827 Fumigadores y controladores de plagas"
6130,4,7,9700,1621,2,2,original_coincide_con_consenso_oficial,1,669,"Jefes de departamento, coordinadores y supervisores en servicios estadísticos e informáticos",1621|3201,1621 Coordinadores y jefes de área en informática || 3201 Supervisores de trabajadores que brindan y manejan información
8100,4,2,7210,5112,4,4,original_coincide_con_consenso_oficial,1,669,Fonderos (preparan y sirven alimentos) en establecimientos,5112|5114,"5112 Fonderos, vendedores y comerciantes de comida || 5114 Taqueros y preparadores de comida rápida, antojitos, pizzas, hot dogs, jugos, café, etcétera"
6101,1,6,7210,1523,1,NA,requiere_revision_semantica,1,667,"Jefes de departamento, coordinadores y supervisores en servicios de educación",1523|2311,1523 Coordinadores y jefes de área en centros de enseñanza y capacitación || 2311 Supervisores e inspectores educativos
6130,1,7,9312,1621,2,2,original_coincide_con_consenso_oficial,1,667,"Jefes de departamento, coordinadores y supervisores en servicios estadísticos e informáticos",1621|3201,1621 Coordinadores y jefes de área en informática || 3201 Supervisores de trabajadores que brindan y manejan información
2121,1,2,5222,1211,2,NA,requiere_revision_semantica,3,664,"Directores, gerentes y administradores de área o establecimientos de finanzas, contabilidad, recursos humanos, administración e impartición de justicia",1211|1212|1224|1321,"1211 Directores y gerentes en administración, recursos humanos y mercadotecnia || 1212 Directores y gerentes en servicios contables, financieros, banca y seguros || 1224 Jueces de juzgado, directores y gerentes en servicios legales y procuración de justicia || 1321 Directores y gerentes en informática"
6101,1,7,6111,1523,2,2,original_coincide_con_consenso_oficial,3,663,"Jefes de departamento, coordinadores y supervisores en servicios de educación",1523|2311,1523 Coordinadores y jefes de área en centros de enseñanza y capacitación || 2311 Supervisores e inspectores educativos
5246,1,3,2381,2634,9,9,original_coincide_con_consenso_oficial,1,663,"Mecánicos, ajustadores, instaladores y trabajadores de mantenimiento y reparación de maquinaria, instrumentos industriales y equipos de refrigeración",2634|2638,"2634 Mecánicos en mantenimiento y reparación de maquinaria e instrumentos industriales || 2638 Mecánicos en instalación, mantenimiento y reparación de equipos de refrigeración, climas y aire acondicionado."
6110,1,7,4661,1512,2,2,original_coincide_con_consenso_oficial,2,663,"Jefes de departamento, coordinadores y supervisores en contabilidad y finanzas",1512|3101,"1512 Coordinadores y jefes de área en servicios contables, financieros, banca y seguros || 3101 Supervisores de secretarias, capturistas, cajeros y trabajadores de control de archivo y transporte"
6160,1,7,4661,1711,2,2,original_coincide_con_consenso_oficial,3,662,"Jefes de departamento, coordinadores y supervisores en servicios de restaurante, hospedaje y comercio",1711|1712,"1711 Coordinadores y jefes de área de ventas, comercialización y alquiler || 1712 Coordinadores y jefes de área de restaurantes y hoteles"
5380,1,4,3380,8131,9,NA,requiere_revision_semantica,1,662,Operadores de máquinas para el tratamiento de sustancias químicas y agua,8131|8134,8131 Operadores de máquinas para la elaboración de productos químicos || 8134 Operadores de máquinas para el tratamiento de agua
6160,1,4,4340,1711,2,2,original_coincide_con_consenso_oficial,1,662,"Jefes de departamento, coordinadores y supervisores en servicios de restaurante, hospedaje y comercio",1711|1712,"1711 Coordinadores y jefes de área de ventas, comercialización y alquiler || 1712 Coordinadores y jefes de área de restaurantes y hoteles"
6160,1,6,5611,1711,1,1,original_coincide_con_consenso_oficial,5,658,"Jefes de departamento, coordinadores y supervisores en servicios de restaurante, hospedaje y comercio",1711|1712,"1711 Coordinadores y jefes de área de ventas, comercialización y alquiler || 1712 Coordinadores y jefes de área de restaurantes y hoteles"
6131,2,2,5411,NA,NA,NA,original_tampoco_resuelve,1,654,NA,NA,NA
5190,1,6,3250,NA,NA,NA,original_tampoco_resuelve,4,653,NA,NA,NA
4170,1,3,1110,6101,7,7,original_coincide_con_consenso_oficial,4,644,"Capataces, caporales, mayorales y similares en actividades agropecuarias,silvícolas y pesqueras",6101|6201,"6101 Supervisores, encargados y capataces agropecuarios || 6201 Supervisores, encargados y capataces de trabajadores en actividades pesqueras, acuícolas, forestales, caza y similares"
2125,2,3,6111,1223,2,2,original_coincide_con_consenso_oficial,4,643,Directores gerentes y administradores de área o establecimientos de enseñanza e investigación,1223|1324,1223 Directores y gerentes en centros de enseñanza y capacitación || 1324 Directores y gerentes en centros de investigación y desarrollo tecnológico
6260,1,7,4850,3141,3,3,original_coincide_con_consenso_oficial,3,643,"Despachadores, checadores y similares en la operación del transporte",3141|3142,3141 Despachadores de transporte || 3142 Checadores y revisores de transporte
2124,1,6,3120,1312,1,1,original_coincide_con_consenso_oficial,2,640,"Directores, gerentes y administradores de área o establecimientos en actividades de producción en industrias manufactureras, en la construcción y los servicios de reparación y mantenimiento",1312|1313|1314|1315,"1312 Directores y gerentes en producción minera, petrolera y gas || 1313 Directores y gerentes en generación y provisión de energía eléctrica y agua || 1314 Directores y gerentes en producción manufacturera || 1315 Directores y gerentes en construcción, reparación y mantenimiento"
2124,1,3,8111,1312,2,2,original_coincide_con_consenso_oficial,5,639,"Directores, gerentes y administradores de área o establecimientos en actividades de producción en industrias manufactureras, en la construcción y los servicios de reparación y mantenimiento",1312|1313|1314|1315,"1312 Directores y gerentes en producción minera, petrolera y gas || 1313 Directores y gerentes en generación y provisión de energía eléctrica y agua || 1314 Directores y gerentes en producción manufacturera || 1315 Directores y gerentes en construcción, reparación y mantenimiento"
6160,1,6,4350,1711,1,1,original_coincide_con_consenso_oficial,3,636,"Jefes de departamento, coordinadores y supervisores en servicios de restaurante, hospedaje y comercio",1711|1712,"1711 Coordinadores y jefes de área de ventas, comercialización y alquiler || 1712 Coordinadores y jefes de área de restaurantes y hoteles"
6260,2,2,4850,3141,3,3,original_coincide_con_consenso_oficial,1,636,"Despachadores, checadores y similares en la operación del transporte",3141|3142,3141 Despachadores de transporte || 3142 Checadores y revisores de transporte
6160,1,6,3360,1711,1,1,original_coincide_con_consenso_oficial,2,629,"Jefes de departamento, coordinadores y supervisores en servicios de restaurante, hospedaje y comercio",1711|1712,"1711 Coordinadores y jefes de área de ventas, comercialización y alquiler || 1712 Coordinadores y jefes de área de restaurantes y hoteles"
1250,1,6,3380,2531,3,NA,requiere_revision_semantica,1,628,Técnicos en ciencias sociales,2531|2532|2711,2531 Auxiliares en ciencias sociales y humanistas || 2532 Auxiliares en servicios jurídicos || 2711 Auxiliares y técnicos en pedagogía y en educación
5170,1,6,8112,1613,1,NA,requiere_revision_semantica,1,628,"Jefes, coordinadores y similares en la generación de energía, la instalación, reparación y mantenimiento de equipo eléctrico y de telecomunicaciones",1613|8101,1613 Coordinadores y jefes de área en generación y provisión de energía eléctrica y agua || 8101 Supervisores de operadores de maquinaria industrial
2124,1,5,2370,1312,1,1,original_coincide_con_consenso_oficial,6,626,"Directores, gerentes y administradores de área o establecimientos en actividades de producción en industrias manufactureras, en la construcción y los servicios de reparación y mantenimiento",1312|1313|1314|1315,"1312 Directores y gerentes en producción minera, petrolera y gas || 1313 Directores y gerentes en generación y provisión de energía eléctrica y agua || 1314 Directores y gerentes en producción manufacturera || 1315 Directores y gerentes en construcción, reparación y mantenimiento"
2124,1,5,4681,1312,1,1,original_coincide_con_consenso_oficial,2,626,"Directores, gerentes y administradores de área o establecimientos en actividades de producción en industrias manufactureras, en la construcción y los servicios de reparación y mantenimiento",1312|1313|1314|1315,"1312 Directores y gerentes en producción minera, petrolera y gas || 1313 Directores y gerentes en generación y provisión de energía eléctrica y agua || 1314 Directores y gerentes en producción manufacturera || 1315 Directores y gerentes en construcción, reparación y mantenimiento"
2124,1,5,2361,1312,1,1,original_coincide_con_consenso_oficial,6,625,"Directores, gerentes y administradores de área o establecimientos en actividades de producción en industrias manufactureras, en la construcción y los servicios de reparación y mantenimiento",1312|1313|1314|1315,"1312 Directores y gerentes en producción minera, petrolera y gas || 1313 Directores y gerentes en generación y provisión de energía eléctrica y agua || 1314 Directores y gerentes en producción manufacturera || 1315 Directores y gerentes en construcción, reparación y mantenimiento"
1250,1,2,6112,2531,3,NA,requiere_revision_semantica,1,625,Técnicos en ciencias sociales,2531|2532|2711,2531 Auxiliares en ciencias sociales y humanistas || 2532 Auxiliares en servicios jurídicos || 2711 Auxiliares y técnicos en pedagogía y en educación
1204,1,5,3110,2621,2,NA,requiere_revision_semantica,3,624,"Técnicos en ingeniería química, industrial y mecánica",2621|2631|2633|2635|2637|2645,"2621 Auxiliares y técnicos industriales y químicos || 2631 Técnicos en mantenimiento y reparación de vehículos de motor || 2633 Técnicos en mantenimiento y reparación de maquinaria e instrumentos industriales || 2635 Técnicos en mantenimiento y reparación de instrumentos de precisión y musicales || 2637 Técnicos en la instalación, reparación y mantenimiento de equipos de refrigeración, climas y aire acondicionado || 2645 Técnicos en reparación de equipos electromecánicos"
7121,1,2,9700,8344,9,NA,requiere_revision_semantica,5,623,Repartidores,8344|9723,8344 Conductores de motocicleta || 9723 Repartidores de mercancías (a pie y en bicicleta)
2125,1,7,6131,1223,2,NA,requiere_revision_semantica,3,620,Directores gerentes y administradores de área o establecimientos de enseñanza e investigación,1223|1324,1223 Directores y gerentes en centros de enseñanza y capacitación || 1324 Directores y gerentes en centros de investigación y desarrollo tecnológico
5400,4,6,7210,9236,10,10,original_coincide_con_consenso_oficial,5,619,"Ayudantes, peones y similares en la fabricación de alimentos, bebidas y productos de tabaco",9236|9411,"9236 Trabajadores de apoyo en la industria de alimentos, bebidas y productos de tabaco || 9411 Ayudantes en la preparación de alimentos"
8150,1,6,8121,3222,4,NA,requiere_revision_semantica,1,619,"Trabajadores de apoyo para la realización de espectáculos, turismo y deporte",3222|4233|5251|5254|9713,"3222 Guías de turismo en museos, casinos, parques, cines y otros centros recreativos || 4233 Modelos de moda, arte y publicidad || 5251 Astrólogos, adivinadores y afines || 5254 Entrenadores de animales y ocupaciones relacionadas con el cuidado de mascotas || 9713 Trabajadores de apoyo a la realización de espectáculos, deportes y en parques de diversiones"
5141,1,3,3320,2630,2,NA,requiere_revision_semantica,1,619,"Supervisores, inspectores y similares en la fabricación metalúrgica y en la fabricación de productos eléctricos y electrónicos, la reparación y mantenimiento de maquinaria y productos metálicos y de precisión",2630|7201|8201,"2630 Supervisores de mecánicos y técnicos en mantenimiento y reparación de equipos mecánicos, vehículos de motor, instrumentos industriales y equipo de refrigeración || 7201 Supervisores de artesanos y trabajadores en el tratamiento y elaboración de productos de metal || 8201 Supervisores en procesos de ensamblado y montaje de maquinaria, herramientas y productos metálicos y electrónicos"
1204,1,4,5411,2621,2,NA,requiere_revision_semantica,1,619,"Técnicos en ingeniería química, industrial y mecánica",2621|2631|2633|2635|2637|2645,"2621 Auxiliares y técnicos industriales y químicos || 2631 Técnicos en mantenimiento y reparación de vehículos de motor || 2633 Técnicos en mantenimiento y reparación de maquinaria e instrumentos industriales || 2635 Técnicos en mantenimiento y reparación de instrumentos de precisión y musicales || 2637 Técnicos en la instalación, reparación y mantenimiento de equipos de refrigeración, climas y aire acondicionado || 2645 Técnicos en reparación de equipos electromecánicos"
5141,1,5,5611,2630,2,NA,requiere_revision_semantica,6,615,"Supervisores, inspectores y similares en la fabricación metalúrgica y en la fabricación de productos eléctricos y electrónicos, la reparación y mantenimiento de maquinaria y productos metálicos y de precisión",2630|7201|8201,"2630 Supervisores de mecánicos y técnicos en mantenimiento y reparación de equipos mecánicos, vehículos de motor, instrumentos industriales y equipo de refrigeración || 7201 Supervisores de artesanos y trabajadores en el tratamiento y elaboración de productos de metal || 8201 Supervisores en procesos de ensamblado y montaje de maquinaria, herramientas y productos metálicos y electrónicos"
8150,1,3,5310,3222,4,NA,requiere_revision_semantica,3,614,"Trabajadores de apoyo para la realización de espectáculos, turismo y deporte",3222|4233|5251|5254|9713,"3222 Guías de turismo en museos, casinos, parques, cines y otros centros recreativos || 4233 Modelos de moda, arte y publicidad || 5251 Astrólogos, adivinadores y afines || 5254 Entrenadores de animales y ocupaciones relacionadas con el cuidado de mascotas || 9713 Trabajadores de apoyo a la realización de espectáculos, deportes y en parques de diversiones"
1204,1,6,3260,2621,2,NA,requiere_revision_semantica,4,613,"Técnicos en ingeniería química, industrial y mecánica",2621|2631|2633|2635|2637|2645,"2621 Auxiliares y técnicos industriales y químicos || 2631 Técnicos en mantenimiento y reparación de vehículos de motor || 2633 Técnicos en mantenimiento y reparación de maquinaria e instrumentos industriales || 2635 Técnicos en mantenimiento y reparación de instrumentos de precisión y musicales || 2637 Técnicos en la instalación, reparación y mantenimiento de equipos de refrigeración, climas y aire acondicionado || 2645 Técnicos en reparación de equipos electromecánicos"
4170,1,4,4310,6101,7,7,original_coincide_con_consenso_oficial,2,612,"Capataces, caporales, mayorales y similares en actividades agropecuarias,silvícolas y pesqueras",6101|6201,"6101 Supervisores, encargados y capataces agropecuarios || 6201 Supervisores, encargados y capataces de trabajadores en actividades pesqueras, acuícolas, forestales, caza y similares"
2124,2,2,2381,1312,2,2,original_coincide_con_consenso_oficial,1,612,"Directores, gerentes y administradores de área o establecimientos en actividades de producción en industrias manufactureras, en la construcción y los servicios de reparación y mantenimiento",1312|1313|1314|1315,"1312 Directores y gerentes en producción minera, petrolera y gas || 1313 Directores y gerentes en generación y provisión de energía eléctrica y agua || 1314 Directores y gerentes en producción manufacturera || 1315 Directores y gerentes en construcción, reparación y mantenimiento"
4160,4,2,3130,6117,13,13,original_coincide_con_consenso_oficial,5,612,Trabajadores en actividades de beneficio de productos agropecuarios,6117|6128,6117 Trabajadores en actividades de beneficio de productos agrícolas || 6128 Trabajadores en actividades de beneficio de productos pecuarios
1230,1,6,2210,2612,2,NA,requiere_revision_semantica,2,611,Técnicos laboratoristas químicos y biólogos,2612|2813|2827,"2612 Auxiliares y técnicos en ciencias biológicas, químicas y del medio ambiente || 2813 Técnicos de laboratorios médicos || 2827 Fumigadores y controladores de plagas"
5100,2,2,3120,1614,2,NA,requiere_revision_semantica,8,610,"Jefes, coordinadores y similares en la fabricación de alimentos, bebidas y productos de tabaco",1614|5101,"1614 Coordinadores y jefes de área en producción manufacturera || 5101 Supervisores en la preparación y servicio de alimentos y bebidas, así como en servicios de esparcimiento y de hotelería"
6150,1,5,5120,1721,1,1,original_coincide_con_consenso_oficial,2,609,"Jefes de departamento, coordinadores y supervisores en servicios culturales y de esparcimiento",1721|1722,"1721 Coordinadores y jefes de área en actividades artísticas, de cine, teatro y afines || 1722 Coordinadores y jefes de área en museos, cines, deportivos y servicios culturales"
5190,1,6,3399,NA,NA,NA,original_tampoco_resuelve,1,608,NA,NA,NA
6160,1,6,5510,1711,1,1,original_coincide_con_consenso_oficial,3,607,"Jefes de departamento, coordinadores y supervisores en servicios de restaurante, hospedaje y comercio",1711|1712,"1711 Coordinadores y jefes de área de ventas, comercialización y alquiler || 1712 Coordinadores y jefes de área de restaurantes y hoteles"
6110,1,7,7131,1512,2,2,original_coincide_con_consenso_oficial,2,607,"Jefes de departamento, coordinadores y supervisores en contabilidad y finanzas",1512|3101,"1512 Coordinadores y jefes de área en servicios contables, financieros, banca y seguros || 3101 Supervisores de secretarias, capturistas, cajeros y trabajadores de control de archivo y transporte"
5246,1,6,2221,2634,8,8,original_coincide_con_consenso_oficial,2,606,"Mecánicos, ajustadores, instaladores y trabajadores de mantenimiento y reparación de maquinaria, instrumentos industriales y equipos de refrigeración",2634|2638,"2634 Mecánicos en mantenimiento y reparación de maquinaria e instrumentos industriales || 2638 Mecánicos en instalación, mantenimiento y reparación de equipos de refrigeración, climas y aire acondicionado."
6160,1,3,4671,1711,2,2,original_coincide_con_consenso_oficial,1,606,"Jefes de departamento, coordinadores y supervisores en servicios de restaurante, hospedaje y comercio",1711|1712,"1711 Coordinadores y jefes de área de ventas, comercialización y alquiler || 1712 Coordinadores y jefes de área de restaurantes y hoteles"
6150,1,5,5615,1721,1,1,original_coincide_con_consenso_oficial,1,604,"Jefes de departamento, coordinadores y supervisores en servicios culturales y de esparcimiento",1721|1722,"1721 Coordinadores y jefes de área en actividades artísticas, de cine, teatro y afines || 1722 Coordinadores y jefes de área en museos, cines, deportivos y servicios culturales"
4170,1,5,1121,6101,7,7,original_coincide_con_consenso_oficial,3,602,"Capataces, caporales, mayorales y similares en actividades agropecuarias,silvícolas y pesqueras",6101|6201,"6101 Supervisores, encargados y capataces agropecuarios || 6201 Supervisores, encargados y capataces de trabajadores en actividades pesqueras, acuícolas, forestales, caza y similares"
5246,1,5,4681,2634,8,8,original_coincide_con_consenso_oficial,2,601,"Mecánicos, ajustadores, instaladores y trabajadores de mantenimiento y reparación de maquinaria, instrumentos industriales y equipos de refrigeración",2634|2638,"2634 Mecánicos en mantenimiento y reparación de maquinaria e instrumentos industriales || 2638 Mecánicos en instalación, mantenimiento y reparación de equipos de refrigeración, climas y aire acondicionado."
6260,1,6,2370,3141,3,3,original_coincide_con_consenso_oficial,6,601,"Despachadores, checadores y similares en la operación del transporte",3141|3142,3141 Despachadores de transporte || 3142 Checadores y revisores de transporte
1230,1,6,3250,2612,2,NA,requiere_revision_semantica,6,601,Técnicos laboratoristas químicos y biólogos,2612|2813|2827,"2612 Auxiliares y técnicos en ciencias biológicas, químicas y del medio ambiente || 2813 Técnicos de laboratorios médicos || 2827 Fumigadores y controladores de plagas"
2124,1,5,3270,1312,1,1,original_coincide_con_consenso_oficial,3,600,"Directores, gerentes y administradores de área o establecimientos en actividades de producción en industrias manufactureras, en la construcción y los servicios de reparación y mantenimiento",1312|1313|1314|1315,"1312 Directores y gerentes en producción minera, petrolera y gas || 1313 Directores y gerentes en generación y provisión de energía eléctrica y agua || 1314 Directores y gerentes en producción manufacturera || 1315 Directores y gerentes en construcción, reparación y mantenimiento"
6150,1,6,7131,1721,1,1,original_coincide_con_consenso_oficial,6,599,"Jefes de departamento, coordinadores y supervisores en servicios culturales y de esparcimiento",1721|1722,"1721 Coordinadores y jefes de área en actividades artísticas, de cine, teatro y afines || 1722 Coordinadores y jefes de área en museos, cines, deportivos y servicios culturales"
6121,2,2,4840,1623,2,2,original_coincide_con_consenso_oficial,3,599,"Jefes de departamento, coordinadores y supervisores en la coordinación del transporte",1623|2661|2662|8301,"1623 Coordinadores y jefes de área en servicios de transporte || 2661 Controladores de tráfico aéreo || 2662 Controladores de tráfico de otros transportes (terrestre, ferroviario y marítimo) || 8301 Supervisores de conductores de transporte y de maquinaria móvil"
6180,1,6,2210,1723,1,NA,requiere_revision_semantica,1,599,"Otros jefes de departamento, coordinadores y supervisores en actividades no clasificadas anteriormente",1723|5201|9601,"1723 Coordinadores y jefes de área en servicios funerarios y otros servicios || 5201 Supervisores y encargados de trabajadores en cuidados personales y del hogar || 9601 Supervisores en limpieza, amas de llaves, mayordomos y en estacionamientos"
7121,1,5,4641,8344,8,NA,requiere_revision_semantica,2,594,Repartidores,8344|9723,8344 Conductores de motocicleta || 9723 Repartidores de mercancías (a pie y en bicicleta)
2124,1,6,9313,1312,1,1,original_coincide_con_consenso_oficial,4,594,"Directores, gerentes y administradores de área o establecimientos en actividades de producción en industrias manufactureras, en la construcción y los servicios de reparación y mantenimiento",1312|1313|1314|1315,"1312 Directores y gerentes en producción minera, petrolera y gas || 1313 Directores y gerentes en generación y provisión de energía eléctrica y agua || 1314 Directores y gerentes en producción manufacturera || 1315 Directores y gerentes en construcción, reparación y mantenimiento"
4109,1,2,9700,6119,13,NA,requiere_revision_semantica,2,593,Otros trabajadores que desempeñan una ocupación afín a las comprendidas en este subgrupo,6119|9111,"6119 Otros trabajadores en actividades agrícolas, no clasificados anteriormente || 9111 Trabajadores de apoyo en actividades agrícolas"
2124,2,4,8111,1312,2,2,original_coincide_con_consenso_oficial,1,591,"Directores, gerentes y administradores de área o establecimientos en actividades de producción en industrias manufactureras, en la construcción y los servicios de reparación y mantenimiento",1312|1313|1314|1315,"1312 Directores y gerentes en producción minera, petrolera y gas || 1313 Directores y gerentes en generación y provisión de energía eléctrica y agua || 1314 Directores y gerentes en producción manufacturera || 1315 Directores y gerentes en construcción, reparación y mantenimiento"
7201,1,4,4661,4224,3,NA,requiere_revision_semantica,2,590,Vendedores ambulantes de artículos diversos,4224|9512|9661|9663,4224 Vendedores por catálogo || 9512 Vendedores ambulantes de artículos diversos (excluyendo los de venta de alimentos) || 9661 Recolectores de basura y material reciclable || 9663 Recolectores de otros materiales
2133,1,6,8130,1134,1,1,original_coincide_con_consenso_oficial,1,590,"Directivos de organizaciones humanitarias, religiosas, asociaciones civiles y ejidales",1134|1135,1134 Directores de organizaciones agrarias || 1135 Directores de organizaciones civiles y religiosas
2121,2,3,4671,1211,2,NA,requiere_revision_semantica,1,588,"Directores, gerentes y administradores de área o establecimientos de finanzas, contabilidad, recursos humanos, administración e impartición de justicia",1211|1212|1224|1321,"1211 Directores y gerentes en administración, recursos humanos y mercadotecnia || 1212 Directores y gerentes en servicios contables, financieros, banca y seguros || 1224 Jueces de juzgado, directores y gerentes en servicios legales y procuración de justicia || 1321 Directores y gerentes en informática"
7201,1,2,4682,4224,3,NA,requiere_revision_semantica,4,588,Vendedores ambulantes de artículos diversos,4224|9512|9661|9663,4224 Vendedores por catálogo || 9512 Vendedores ambulantes de artículos diversos (excluyendo los de venta de alimentos) || 9661 Recolectores de basura y material reciclable || 9663 Recolectores de otros materiales
1250,1,5,6111,2531,3,NA,requiere_revision_semantica,5,588,Técnicos en ciencias sociales,2531|2532|2711,2531 Auxiliares en ciencias sociales y humanistas || 2532 Auxiliares en servicios jurídicos || 2711 Auxiliares y técnicos en pedagogía y en educación
1204,1,4,2381,2621,2,NA,requiere_revision_semantica,5,588,"Técnicos en ingeniería química, industrial y mecánica",2621|2631|2633|2635|2637|2645,"2621 Auxiliares y técnicos industriales y químicos || 2631 Técnicos en mantenimiento y reparación de vehículos de motor || 2633 Técnicos en mantenimiento y reparación de maquinaria e instrumentos industriales || 2635 Técnicos en mantenimiento y reparación de instrumentos de precisión y musicales || 2637 Técnicos en la instalación, reparación y mantenimiento de equipos de refrigeración, climas y aire acondicionado || 2645 Técnicos en reparación de equipos electromecánicos"
6160,1,5,3110,1711,1,1,original_coincide_con_consenso_oficial,7,587,"Jefes de departamento, coordinadores y supervisores en servicios de restaurante, hospedaje y comercio",1711|1712,"1711 Coordinadores y jefes de área de ventas, comercialización y alquiler || 1712 Coordinadores y jefes de área de restaurantes y hoteles"
1250,4,2,5411,2531,3,NA,requiere_revision_semantica,7,585,Técnicos en ciencias sociales,2531|2532|2711,2531 Auxiliares en ciencias sociales y humanistas || 2532 Auxiliares en servicios jurídicos || 2711 Auxiliares y técnicos en pedagogía y en educación
7201,4,2,3380,4224,3,NA,requiere_revision_semantica,1,584,Vendedores ambulantes de artículos diversos,4224|9512|9661|9663,4224 Vendedores por catálogo || 9512 Vendedores ambulantes de artículos diversos (excluyendo los de venta de alimentos) || 9661 Recolectores de basura y material reciclable || 9663 Recolectores de otros materiales
4119,1,7,1121,6129,13,NA,requiere_revision_semantica,2,584,Otros trabajadores que desempeñan una ocupación afín a las comprendidas en este subgrupo,6129|9112,"6129 Otros trabajadores en actividades ganaderas y en la cría de animales, no clasificados anteriormente || 9112 Trabajadores de apoyo en actividades ganaderas"
5249,1,6,4681,2639,8,8,original_coincide_con_consenso_oficial,1,584,Otros trabajadores que desempeñan una ocupación afín a las comprendidas en este subgrupo,2639|7214,"2639 Otras ocupaciones de mecánicos y técnicos en el mantenimiento y reparación de equipos mecánicos, vehículos de motor e instrumentos industriales, no clasificados anteriormente || 7214 Montadores de estructuras metálicas"
6121,1,5,3120,1623,1,NA,requiere_revision_semantica,1,577,"Jefes de departamento, coordinadores y supervisores en la coordinación del transporte",1623|2661|2662|8301,"1623 Coordinadores y jefes de área en servicios de transporte || 2661 Controladores de tráfico aéreo || 2662 Controladores de tráfico de otros transportes (terrestre, ferroviario y marítimo) || 8301 Supervisores de conductores de transporte y de maquinaria móvil"
5141,1,6,4882,2630,2,NA,requiere_revision_semantica,2,577,"Supervisores, inspectores y similares en la fabricación metalúrgica y en la fabricación de productos eléctricos y electrónicos, la reparación y mantenimiento de maquinaria y productos metálicos y de precisión",2630|7201|8201,"2630 Supervisores de mecánicos y técnicos en mantenimiento y reparación de equipos mecánicos, vehículos de motor, instrumentos industriales y equipo de refrigeración || 7201 Supervisores de artesanos y trabajadores en el tratamiento y elaboración de productos de metal || 8201 Supervisores en procesos de ensamblado y montaje de maquinaria, herramientas y productos metálicos y electrónicos"
5141,1,5,5411,2630,2,NA,requiere_revision_semantica,4,576,"Supervisores, inspectores y similares en la fabricación metalúrgica y en la fabricación de productos eléctricos y electrónicos, la reparación y mantenimiento de maquinaria y productos metálicos y de precisión",2630|7201|8201,"2630 Supervisores de mecánicos y técnicos en mantenimiento y reparación de equipos mecánicos, vehículos de motor, instrumentos industriales y equipo de refrigeración || 7201 Supervisores de artesanos y trabajadores en el tratamiento y elaboración de productos de metal || 8201 Supervisores en procesos de ensamblado y montaje de maquinaria, herramientas y productos metálicos y electrónicos"
6180,1,7,5613,1723,2,NA,requiere_revision_semantica,4,576,"Otros jefes de departamento, coordinadores y supervisores en actividades no clasificadas anteriormente",1723|5201|9601,"1723 Coordinadores y jefes de área en servicios funerarios y otros servicios || 5201 Supervisores y encargados de trabajadores en cuidados personales y del hogar || 9601 Supervisores en limpieza, amas de llaves, mayordomos y en estacionamientos"
5170,1,5,9314,1613,1,NA,requiere_revision_semantica,1,576,"Jefes, coordinadores y similares en la generación de energía, la instalación, reparación y mantenimiento de equipo eléctrico y de telecomunicaciones",1613|8101,1613 Coordinadores y jefes de área en generación y provisión de energía eléctrica y agua || 8101 Supervisores de operadores de maquinaria industrial
2124,2,3,2370,1312,2,2,original_coincide_con_consenso_oficial,6,575,"Directores, gerentes y administradores de área o establecimientos en actividades de producción en industrias manufactureras, en la construcción y los servicios de reparación y mantenimiento",1312|1313|1314|1315,"1312 Directores y gerentes en producción minera, petrolera y gas || 1313 Directores y gerentes en generación y provisión de energía eléctrica y agua || 1314 Directores y gerentes en producción manufacturera || 1315 Directores y gerentes en construcción, reparación y mantenimiento"
6160,1,4,4641,1711,2,2,original_coincide_con_consenso_oficial,3,575,"Jefes de departamento, coordinadores y supervisores en servicios de restaurante, hospedaje y comercio",1711|1712,"1711 Coordinadores y jefes de área de ventas, comercialización y alquiler || 1712 Coordinadores y jefes de área de restaurantes y hoteles"
8150,1,5,5611,3222,4,NA,requiere_revision_semantica,3,575,"Trabajadores de apoyo para la realización de espectáculos, turismo y deporte",3222|4233|5251|5254|9713,"3222 Guías de turismo en museos, casinos, parques, cines y otros centros recreativos || 4233 Modelos de moda, arte y publicidad || 5251 Astrólogos, adivinadores y afines || 5254 Entrenadores de animales y ocupaciones relacionadas con el cuidado de mascotas || 9713 Trabajadores de apoyo a la realización de espectáculos, deportes y en parques de diversiones"
6150,1,6,8130,1721,1,1,original_coincide_con_consenso_oficial,5,574,"Jefes de departamento, coordinadores y supervisores en servicios culturales y de esparcimiento",1721|1722,"1721 Coordinadores y jefes de área en actividades artísticas, de cine, teatro y afines || 1722 Coordinadores y jefes de área en museos, cines, deportivos y servicios culturales"
5246,1,7,5411,2634,9,9,original_coincide_con_consenso_oficial,1,574,"Mecánicos, ajustadores, instaladores y trabajadores de mantenimiento y reparación de maquinaria, instrumentos industriales y equipos de refrigeración",2634|2638,"2634 Mecánicos en mantenimiento y reparación de maquinaria e instrumentos industriales || 2638 Mecánicos en instalación, mantenimiento y reparación de equipos de refrigeración, climas y aire acondicionado."
8100,1,3,6112,5112,4,4,original_coincide_con_consenso_oficial,1,570,Fonderos (preparan y sirven alimentos) en establecimientos,5112|5114,"5112 Fonderos, vendedores y comerciantes de comida || 5114 Taqueros y preparadores de comida rápida, antojitos, pizzas, hot dogs, jugos, café, etcétera"
6121,2,4,4840,1623,2,2,original_coincide_con_consenso_oficial,3,569,"Jefes de departamento, coordinadores y supervisores en la coordinación del transporte",1623|2661|2662|8301,"1623 Coordinadores y jefes de área en servicios de transporte || 2661 Controladores de tráfico aéreo || 2662 Controladores de tráfico de otros transportes (terrestre, ferroviario y marítimo) || 8301 Supervisores de conductores de transporte y de maquinaria móvil"
1204,1,4,6211,2621,2,NA,requiere_revision_semantica,1,564,"Técnicos en ingeniería química, industrial y mecánica",2621|2631|2633|2635|2637|2645,"2621 Auxiliares y técnicos industriales y químicos || 2631 Técnicos en mantenimiento y reparación de vehículos de motor || 2633 Técnicos en mantenimiento y reparación de maquinaria e instrumentos industriales || 2635 Técnicos en mantenimiento y reparación de instrumentos de precisión y musicales || 2637 Técnicos en la instalación, reparación y mantenimiento de equipos de refrigeración, climas y aire acondicionado || 2645 Técnicos en reparación de equipos electromecánicos"
5400,1,5,5611,9236,10,10,original_coincide_con_consenso_oficial,2,564,"Ayudantes, peones y similares en la fabricación de alimentos, bebidas y productos de tabaco",9236|9411,"9236 Trabajadores de apoyo en la industria de alimentos, bebidas y productos de tabaco || 9411 Ayudantes en la preparación de alimentos"
6101,1,5,6132,1523,1,NA,requiere_revision_semantica,6,563,"Jefes de departamento, coordinadores y supervisores en servicios de educación",1523|2311,1523 Coordinadores y jefes de área en centros de enseñanza y capacitación || 2311 Supervisores e inspectores educativos
6101,1,4,6131,1523,2,2,original_coincide_con_consenso_oficial,1,563,"Jefes de departamento, coordinadores y supervisores en servicios de educación",1523|2311,1523 Coordinadores y jefes de área en centros de enseñanza y capacitación || 2311 Supervisores e inspectores educativos
1204,1,6,4840,2621,2,NA,requiere_revision_semantica,1,561,"Técnicos en ingeniería química, industrial y mecánica",2621|2631|2633|2635|2637|2645,"2621 Auxiliares y técnicos industriales y químicos || 2631 Técnicos en mantenimiento y reparación de vehículos de motor || 2633 Técnicos en mantenimiento y reparación de maquinaria e instrumentos industriales || 2635 Técnicos en mantenimiento y reparación de instrumentos de precisión y musicales || 2637 Técnicos en la instalación, reparación y mantenimiento de equipos de refrigeración, climas y aire acondicionado || 2645 Técnicos en reparación de equipos electromecánicos"
6101,1,7,6252,1523,2,2,original_coincide_con_consenso_oficial,1,561,"Jefes de departamento, coordinadores y supervisores en servicios de educación",1523|2311,1523 Coordinadores y jefes de área en centros de enseñanza y capacitación || 2311 Supervisores e inspectores educativos
5141,1,7,9800,2630,2,NA,requiere_revision_semantica,1,561,"Supervisores, inspectores y similares en la fabricación metalúrgica y en la fabricación de productos eléctricos y electrónicos, la reparación y mantenimiento de maquinaria y productos metálicos y de precisión",2630|7201|8201,"2630 Supervisores de mecánicos y técnicos en mantenimiento y reparación de equipos mecánicos, vehículos de motor, instrumentos industriales y equipo de refrigeración || 7201 Supervisores de artesanos y trabajadores en el tratamiento y elaboración de productos de metal || 8201 Supervisores en procesos de ensamblado y montaje de maquinaria, herramientas y productos metálicos y electrónicos"
2121,1,2,3320,1211,2,NA,requiere_revision_semantica,1,559,"Directores, gerentes y administradores de área o establecimientos de finanzas, contabilidad, recursos humanos, administración e impartición de justicia",1211|1212|1224|1321,"1211 Directores y gerentes en administración, recursos humanos y mercadotecnia || 1212 Directores y gerentes en servicios contables, financieros, banca y seguros || 1224 Jueces de juzgado, directores y gerentes en servicios legales y procuración de justicia || 1321 Directores y gerentes en informática"
7201,3,1,4661,4224,3,NA,requiere_revision_semantica,5,557,Vendedores ambulantes de artículos diversos,4224|9512|9661|9663,4224 Vendedores por catálogo || 9512 Vendedores ambulantes de artículos diversos (excluyendo los de venta de alimentos) || 9661 Recolectores de basura y material reciclable || 9663 Recolectores de otros materiales
2124,1,5,2363,1312,1,1,original_coincide_con_consenso_oficial,1,554,"Directores, gerentes y administradores de área o establecimientos en actividades de producción en industrias manufactureras, en la construcción y los servicios de reparación y mantenimiento",1312|1313|1314|1315,"1312 Directores y gerentes en producción minera, petrolera y gas || 1313 Directores y gerentes en generación y provisión de energía eléctrica y agua || 1314 Directores y gerentes en producción manufacturera || 1315 Directores y gerentes en construcción, reparación y mantenimiento"
4160,3,2,3130,6117,12,12,original_coincide_con_consenso_oficial,4,553,Trabajadores en actividades de beneficio de productos agropecuarios,6117|6128,6117 Trabajadores en actividades de beneficio de productos agrícolas || 6128 Trabajadores en actividades de beneficio de productos pecuarios
5141,1,6,3120,2630,2,NA,requiere_revision_semantica,1,552,"Supervisores, inspectores y similares en la fabricación metalúrgica y en la fabricación de productos eléctricos y electrónicos, la reparación y mantenimiento de maquinaria y productos metálicos y de precisión",2630|7201|8201,"2630 Supervisores de mecánicos y técnicos en mantenimiento y reparación de equipos mecánicos, vehículos de motor, instrumentos industriales y equipo de refrigeración || 7201 Supervisores de artesanos y trabajadores en el tratamiento y elaboración de productos de metal || 8201 Supervisores en procesos de ensamblado y montaje de maquinaria, herramientas y productos metálicos y electrónicos"
2121,3,1,5411,1211,2,NA,requiere_revision_semantica,2,550,"Directores, gerentes y administradores de área o establecimientos de finanzas, contabilidad, recursos humanos, administración e impartición de justicia",1211|1212|1224|1321,"1211 Directores y gerentes en administración, recursos humanos y mercadotecnia || 1212 Directores y gerentes en servicios contables, financieros, banca y seguros || 1224 Jueces de juzgado, directores y gerentes en servicios legales y procuración de justicia || 1321 Directores y gerentes en informática"
6160,1,3,4399,1711,2,2,original_coincide_con_consenso_oficial,1,550,"Jefes de departamento, coordinadores y supervisores en servicios de restaurante, hospedaje y comercio",1711|1712,"1711 Coordinadores y jefes de área de ventas, comercialización y alquiler || 1712 Coordinadores y jefes de área de restaurantes y hoteles"
2124,2,3,3320,1312,2,2,original_coincide_con_consenso_oficial,4,540,"Directores, gerentes y administradores de área o establecimientos en actividades de producción en industrias manufactureras, en la construcción y los servicios de reparación y mantenimiento",1312|1313|1314|1315,"1312 Directores y gerentes en producción minera, petrolera y gas || 1313 Directores y gerentes en generación y provisión de energía eléctrica y agua || 1314 Directores y gerentes en producción manufacturera || 1315 Directores y gerentes en construcción, reparación y mantenimiento"
7121,1,2,4340,8344,9,NA,requiere_revision_semantica,1,540,Repartidores,8344|9723,8344 Conductores de motocicleta || 9723 Repartidores de mercancías (a pie y en bicicleta)
6160,1,5,4661,1711,1,1,original_coincide_con_consenso_oficial,4,538,"Jefes de departamento, coordinadores y supervisores en servicios de restaurante, hospedaje y comercio",1711|1712,"1711 Coordinadores y jefes de área de ventas, comercialización y alquiler || 1712 Coordinadores y jefes de área de restaurantes y hoteles"
5246,1,3,3320,2634,9,9,original_coincide_con_consenso_oficial,2,538,"Mecánicos, ajustadores, instaladores y trabajadores de mantenimiento y reparación de maquinaria, instrumentos industriales y equipos de refrigeración",2634|2638,"2634 Mecánicos en mantenimiento y reparación de maquinaria e instrumentos industriales || 2638 Mecánicos en instalación, mantenimiento y reparación de equipos de refrigeración, climas y aire acondicionado."
2121,1,3,3150,1211,2,NA,requiere_revision_semantica,1,538,"Directores, gerentes y administradores de área o establecimientos de finanzas, contabilidad, recursos humanos, administración e impartición de justicia",1211|1212|1224|1321,"1211 Directores y gerentes en administración, recursos humanos y mercadotecnia || 1212 Directores y gerentes en servicios contables, financieros, banca y seguros || 1224 Jueces de juzgado, directores y gerentes en servicios legales y procuración de justicia || 1321 Directores y gerentes en informática"
6121,1,7,4820,1623,2,2,original_coincide_con_consenso_oficial,2,536,"Jefes de departamento, coordinadores y supervisores en la coordinación del transporte",1623|2661|2662|8301,"1623 Coordinadores y jefes de área en servicios de transporte || 2661 Controladores de tráfico aéreo || 2662 Controladores de tráfico de otros transportes (terrestre, ferroviario y marítimo) || 8301 Supervisores de conductores de transporte y de maquinaria móvil"
2124,3,2,3160,1312,2,2,original_coincide_con_consenso_oficial,2,533,"Directores, gerentes y administradores de área o establecimientos en actividades de producción en industrias manufactureras, en la construcción y los servicios de reparación y mantenimiento",1312|1313|1314|1315,"1312 Directores y gerentes en producción minera, petrolera y gas || 1313 Directores y gerentes en generación y provisión de energía eléctrica y agua || 1314 Directores y gerentes en producción manufacturera || 1315 Directores y gerentes en construcción, reparación y mantenimiento"
8150,1,2,1121,3222,4,NA,requiere_revision_semantica,2,532,"Trabajadores de apoyo para la realización de espectáculos, turismo y deporte",3222|4233|5251|5254|9713,"3222 Guías de turismo en museos, casinos, parques, cines y otros centros recreativos || 4233 Modelos de moda, arte y publicidad || 5251 Astrólogos, adivinadores y afines || 5254 Entrenadores de animales y ocupaciones relacionadas con el cuidado de mascotas || 9713 Trabajadores de apoyo a la realización de espectáculos, deportes y en parques de diversiones"
6130,1,3,9312,1621,2,2,original_coincide_con_consenso_oficial,1,531,"Jefes de departamento, coordinadores y supervisores en servicios estadísticos e informáticos",1621|3201,1621 Coordinadores y jefes de área en informática || 3201 Supervisores de trabajadores que brindan y manejan información
5380,1,6,3150,8131,8,NA,requiere_revision_semantica,1,528,Operadores de máquinas para el tratamiento de sustancias químicas y agua,8131|8134,8131 Operadores de máquinas para la elaboración de productos químicos || 8134 Operadores de máquinas para el tratamiento de agua
5170,1,6,5150,1613,1,NA,requiere_revision_semantica,1,525,"Jefes, coordinadores y similares en la generación de energía, la instalación, reparación y mantenimiento de equipo eléctrico y de telecomunicaciones",1613|8101,1613 Coordinadores y jefes de área en generación y provisión de energía eléctrica y agua || 8101 Supervisores de operadores de maquinaria industrial
7121,1,5,1121,8344,8,NA,requiere_revision_semantica,1,525,Repartidores,8344|9723,8344 Conductores de motocicleta || 9723 Repartidores de mercancías (a pie y en bicicleta)
6121,1,7,4881,1623,2,2,original_coincide_con_consenso_oficial,2,525,"Jefes de departamento, coordinadores y supervisores en la coordinación del transporte",1623|2661|2662|8301,"1623 Coordinadores y jefes de área en servicios de transporte || 2661 Controladores de tráfico aéreo || 2662 Controladores de tráfico de otros transportes (terrestre, ferroviario y marítimo) || 8301 Supervisores de conductores de transporte y de maquinaria móvil"
2124,1,3,2370,1312,2,2,original_coincide_con_consenso_oficial,2,525,"Directores, gerentes y administradores de área o establecimientos en actividades de producción en industrias manufactureras, en la construcción y los servicios de reparación y mantenimiento",1312|1313|1314|1315,"1312 Directores y gerentes en producción minera, petrolera y gas || 1313 Directores y gerentes en generación y provisión de energía eléctrica y agua || 1314 Directores y gerentes en producción manufacturera || 1315 Directores y gerentes en construcción, reparación y mantenimiento"
1230,1,6,2122,2612,2,NA,requiere_revision_semantica,3,525,Técnicos laboratoristas químicos y biólogos,2612|2813|2827,"2612 Auxiliares y técnicos en ciencias biológicas, químicas y del medio ambiente || 2813 Técnicos de laboratorios médicos || 2827 Fumigadores y controladores de plagas"
2124,1,3,3110,1312,2,2,original_coincide_con_consenso_oficial,4,523,"Directores, gerentes y administradores de área o establecimientos en actividades de producción en industrias manufactureras, en la construcción y los servicios de reparación y mantenimiento",1312|1313|1314|1315,"1312 Directores y gerentes en producción minera, petrolera y gas || 1313 Directores y gerentes en generación y provisión de energía eléctrica y agua || 1314 Directores y gerentes en producción manufacturera || 1315 Directores y gerentes en construcción, reparación y mantenimiento"
5246,1,6,4620,2634,8,8,original_coincide_con_consenso_oficial,3,523,"Mecánicos, ajustadores, instaladores y trabajadores de mantenimiento y reparación de maquinaria, instrumentos industriales y equipos de refrigeración",2634|2638,"2634 Mecánicos en mantenimiento y reparación de maquinaria e instrumentos industriales || 2638 Mecánicos en instalación, mantenimiento y reparación de equipos de refrigeración, climas y aire acondicionado."
5141,3,1,8111,2630,2,NA,requiere_revision_semantica,1,521,"Supervisores, inspectores y similares en la fabricación metalúrgica y en la fabricación de productos eléctricos y electrónicos, la reparación y mantenimiento de maquinaria y productos metálicos y de precisión",2630|7201|8201,"2630 Supervisores de mecánicos y técnicos en mantenimiento y reparación de equipos mecánicos, vehículos de motor, instrumentos industriales y equipo de refrigeración || 7201 Supervisores de artesanos y trabajadores en el tratamiento y elaboración de productos de metal || 8201 Supervisores en procesos de ensamblado y montaje de maquinaria, herramientas y productos metálicos y electrónicos"
6100,4,3,8130,1521,2,2,original_coincide_con_consenso_oficial,1,517,"Jefes de departamento, coordinadores y supervisores en servicios de salud y asistencia social",1521|2524,"1521 Coordinadores y jefes de área en servicios de salud, protección civil y medio ambiente || 2524 Inspectores en seguridad social, de precios y otros inspectores públicos"
2124,2,3,2399,1312,2,2,original_coincide_con_consenso_oficial,1,516,"Directores, gerentes y administradores de área o establecimientos en actividades de producción en industrias manufactureras, en la construcción y los servicios de reparación y mantenimiento",1312|1313|1314|1315,"1312 Directores y gerentes en producción minera, petrolera y gas || 1313 Directores y gerentes en generación y provisión de energía eléctrica y agua || 1314 Directores y gerentes en producción manufacturera || 1315 Directores y gerentes en construcción, reparación y mantenimiento"
1230,1,5,5413,2612,2,NA,requiere_revision_semantica,1,514,Técnicos laboratoristas químicos y biólogos,2612|2813|2827,"2612 Auxiliares y técnicos en ciencias biológicas, químicas y del medio ambiente || 2813 Técnicos de laboratorios médicos || 2827 Fumigadores y controladores de plagas"
5400,4,6,9312,9236,10,10,original_coincide_con_consenso_oficial,1,511,"Ayudantes, peones y similares en la fabricación de alimentos, bebidas y productos de tabaco",9236|9411,"9236 Trabajadores de apoyo en la industria de alimentos, bebidas y productos de tabaco || 9411 Ayudantes en la preparación de alimentos"
1204,1,6,2132,2621,2,NA,requiere_revision_semantica,2,510,"Técnicos en ingeniería química, industrial y mecánica",2621|2631|2633|2635|2637|2645,"2621 Auxiliares y técnicos industriales y químicos || 2631 Técnicos en mantenimiento y reparación de vehículos de motor || 2633 Técnicos en mantenimiento y reparación de maquinaria e instrumentos industriales || 2635 Técnicos en mantenimiento y reparación de instrumentos de precisión y musicales || 2637 Técnicos en la instalación, reparación y mantenimiento de equipos de refrigeración, climas y aire acondicionado || 2645 Técnicos en reparación de equipos electromecánicos"
5141,1,6,4681,2630,2,NA,requiere_revision_semantica,3,509,"Supervisores, inspectores y similares en la fabricación metalúrgica y en la fabricación de productos eléctricos y electrónicos, la reparación y mantenimiento de maquinaria y productos metálicos y de precisión",2630|7201|8201,"2630 Supervisores de mecánicos y técnicos en mantenimiento y reparación de equipos mecánicos, vehículos de motor, instrumentos industriales y equipo de refrigeración || 7201 Supervisores de artesanos y trabajadores en el tratamiento y elaboración de productos de metal || 8201 Supervisores en procesos de ensamblado y montaje de maquinaria, herramientas y productos metálicos y electrónicos"
6101,1,6,6122,1523,1,NA,requiere_revision_semantica,1,509,"Jefes de departamento, coordinadores y supervisores en servicios de educación",1523|2311,1523 Coordinadores y jefes de área en centros de enseñanza y capacitación || 2311 Supervisores e inspectores educativos
6180,1,6,4881,1723,1,NA,requiere_revision_semantica,3,508,"Otros jefes de departamento, coordinadores y supervisores en actividades no clasificadas anteriormente",1723|5201|9601,"1723 Coordinadores y jefes de área en servicios funerarios y otros servicios || 5201 Supervisores y encargados de trabajadores en cuidados personales y del hogar || 9601 Supervisores en limpieza, amas de llaves, mayordomos y en estacionamientos"
7121,1,6,4340,8344,8,NA,requiere_revision_semantica,2,507,Repartidores,8344|9723,8344 Conductores de motocicleta || 9723 Repartidores de mercancías (a pie y en bicicleta)
1250,1,6,5510,2531,3,NA,requiere_revision_semantica,2,507,Técnicos en ciencias sociales,2531|2532|2711,2531 Auxiliares en ciencias sociales y humanistas || 2532 Auxiliares en servicios jurídicos || 2711 Auxiliares y técnicos en pedagogía y en educación
2121,2,3,4651,1211,2,NA,requiere_revision_semantica,2,506,"Directores, gerentes y administradores de área o establecimientos de finanzas, contabilidad, recursos humanos, administración e impartición de justicia",1211|1212|1224|1321,"1211 Directores y gerentes en administración, recursos humanos y mercadotecnia || 1212 Directores y gerentes en servicios contables, financieros, banca y seguros || 1224 Jueces de juzgado, directores y gerentes en servicios legales y procuración de justicia || 1321 Directores y gerentes en informática"
8150,4,2,9314,3222,4,NA,requiere_revision_semantica,1,506,"Trabajadores de apoyo para la realización de espectáculos, turismo y deporte",3222|4233|5251|5254|9713,"3222 Guías de turismo en museos, casinos, parques, cines y otros centros recreativos || 4233 Modelos de moda, arte y publicidad || 5251 Astrólogos, adivinadores y afines || 5254 Entrenadores de animales y ocupaciones relacionadas con el cuidado de mascotas || 9713 Trabajadores de apoyo a la realización de espectáculos, deportes y en parques de diversiones"
5141,1,7,3350,2630,2,NA,requiere_revision_semantica,1,506,"Supervisores, inspectores y similares en la fabricación metalúrgica y en la fabricación de productos eléctricos y electrónicos, la reparación y mantenimiento de maquinaria y productos metálicos y de precisión",2630|7201|8201,"2630 Supervisores de mecánicos y técnicos en mantenimiento y reparación de equipos mecánicos, vehículos de motor, instrumentos industriales y equipo de refrigeración || 7201 Supervisores de artesanos y trabajadores en el tratamiento y elaboración de productos de metal || 8201 Supervisores en procesos de ensamblado y montaje de maquinaria, herramientas y productos metálicos y electrónicos"
5380,1,5,5616,8131,8,NA,requiere_revision_semantica,1,505,Operadores de máquinas para el tratamiento de sustancias químicas y agua,8131|8134,8131 Operadores de máquinas para la elaboración de productos químicos || 8134 Operadores de máquinas para el tratamiento de agua
5246,1,7,3380,2634,9,9,original_coincide_con_consenso_oficial,2,503,"Mecánicos, ajustadores, instaladores y trabajadores de mantenimiento y reparación de maquinaria, instrumentos industriales y equipos de refrigeración",2634|2638,"2634 Mecánicos en mantenimiento y reparación de maquinaria e instrumentos industriales || 2638 Mecánicos en instalación, mantenimiento y reparación de equipos de refrigeración, climas y aire acondicionado."
2124,1,2,3330,1312,2,2,original_coincide_con_consenso_oficial,1,502,"Directores, gerentes y administradores de área o establecimientos en actividades de producción en industrias manufactureras, en la construcción y los servicios de reparación y mantenimiento",1312|1313|1314|1315,"1312 Directores y gerentes en producción minera, petrolera y gas || 1313 Directores y gerentes en generación y provisión de energía eléctrica y agua || 1314 Directores y gerentes en producción manufacturera || 1315 Directores y gerentes en construcción, reparación y mantenimiento"
2100,1,3,9311,1111,1,1,original_coincide_con_consenso_oficial,1,502,Altas autoridades gubernamentales y legislativas,1111|1112,1111 Altas autoridades gubernamentales y jurisdiccionales || 1112 Legisladores
6101,1,4,6112,1523,2,2,original_coincide_con_consenso_oficial,2,499,"Jefes de departamento, coordinadores y supervisores en servicios de educación",1523|2311,1523 Coordinadores y jefes de área en centros de enseñanza y capacitación || 2311 Supervisores e inspectores educativos
6101,1,7,6121,1523,2,2,original_coincide_con_consenso_oficial,1,498,"Jefes de departamento, coordinadores y supervisores en servicios de educación",1523|2311,1523 Coordinadores y jefes de área en centros de enseñanza y capacitación || 2311 Supervisores e inspectores educativos
5400,1,6,5611,9236,10,10,original_coincide_con_consenso_oficial,1,497,"Ayudantes, peones y similares en la fabricación de alimentos, bebidas y productos de tabaco",9236|9411,"9236 Trabajadores de apoyo en la industria de alimentos, bebidas y productos de tabaco || 9411 Ayudantes en la preparación de alimentos"
8150,1,4,5611,3222,4,NA,requiere_revision_semantica,1,496,"Trabajadores de apoyo para la realización de espectáculos, turismo y deporte",3222|4233|5251|5254|9713,"3222 Guías de turismo en museos, casinos, parques, cines y otros centros recreativos || 4233 Modelos de moda, arte y publicidad || 5251 Astrólogos, adivinadores y afines || 5254 Entrenadores de animales y ocupaciones relacionadas con el cuidado de mascotas || 9713 Trabajadores de apoyo a la realización de espectáculos, deportes y en parques de diversiones"
2124,4,2,6211,1312,2,2,original_coincide_con_consenso_oficial,1,496,"Directores, gerentes y administradores de área o establecimientos en actividades de producción en industrias manufactureras, en la construcción y los servicios de reparación y mantenimiento",1312|1313|1314|1315,"1312 Directores y gerentes en producción minera, petrolera y gas || 1313 Directores y gerentes en generación y provisión de energía eléctrica y agua || 1314 Directores y gerentes en producción manufacturera || 1315 Directores y gerentes en construcción, reparación y mantenimiento"
8150,3,1,5611,3222,6,NA,requiere_revision_semantica,1,493,"Trabajadores de apoyo para la realización de espectáculos, turismo y deporte",3222|4233|5251|5254|9713,"3222 Guías de turismo en museos, casinos, parques, cines y otros centros recreativos || 4233 Modelos de moda, arte y publicidad || 5251 Astrólogos, adivinadores y afines || 5254 Entrenadores de animales y ocupaciones relacionadas con el cuidado de mascotas || 9713 Trabajadores de apoyo a la realización de espectáculos, deportes y en parques de diversiones"
5380,1,6,5613,8131,8,NA,requiere_revision_semantica,1,489,Operadores de máquinas para el tratamiento de sustancias químicas y agua,8131|8134,8131 Operadores de máquinas para la elaboración de productos químicos || 8134 Operadores de máquinas para el tratamiento de agua
6101,1,5,9313,1523,1,NA,requiere_revision_semantica,3,487,"Jefes de departamento, coordinadores y supervisores en servicios de educación",1523|2311,1523 Coordinadores y jefes de área en centros de enseñanza y capacitación || 2311 Supervisores e inspectores educativos
2121,2,2,4340,1211,2,NA,requiere_revision_semantica,1,487,"Directores, gerentes y administradores de área o establecimientos de finanzas, contabilidad, recursos humanos, administración e impartición de justicia",1211|1212|1224|1321,"1211 Directores y gerentes en administración, recursos humanos y mercadotecnia || 1212 Directores y gerentes en servicios contables, financieros, banca y seguros || 1224 Jueces de juzgado, directores y gerentes en servicios legales y procuración de justicia || 1321 Directores y gerentes en informática"
2125,2,3,6251,1223,2,2,original_coincide_con_consenso_oficial,1,487,Directores gerentes y administradores de área o establecimientos de enseñanza e investigación,1223|1324,1223 Directores y gerentes en centros de enseñanza y capacitación || 1324 Directores y gerentes en centros de investigación y desarrollo tecnológico
4119,1,5,1121,6129,13,NA,requiere_revision_semantica,3,487,Otros trabajadores que desempeñan una ocupación afín a las comprendidas en este subgrupo,6129|9112,"6129 Otros trabajadores en actividades ganaderas y en la cría de animales, no clasificados anteriormente || 9112 Trabajadores de apoyo en actividades ganaderas"
6160,1,3,5411,1711,2,2,original_coincide_con_consenso_oficial,2,486,"Jefes de departamento, coordinadores y supervisores en servicios de restaurante, hospedaje y comercio",1711|1712,"1711 Coordinadores y jefes de área de ventas, comercialización y alquiler || 1712 Coordinadores y jefes de área de restaurantes y hoteles"
8150,3,1,7112,3222,6,NA,requiere_revision_semantica,2,483,"Trabajadores de apoyo para la realización de espectáculos, turismo y deporte",3222|4233|5251|5254|9713,"3222 Guías de turismo en museos, casinos, parques, cines y otros centros recreativos || 4233 Modelos de moda, arte y publicidad || 5251 Astrólogos, adivinadores y afines || 5254 Entrenadores de animales y ocupaciones relacionadas con el cuidado de mascotas || 9713 Trabajadores de apoyo a la realización de espectáculos, deportes y en parques de diversiones"
1250,1,3,9312,2531,3,NA,requiere_revision_semantica,1,482,Técnicos en ciencias sociales,2531|2532|2711,2531 Auxiliares en ciencias sociales y humanistas || 2532 Auxiliares en servicios jurídicos || 2711 Auxiliares y técnicos en pedagogía y en educación
1230,2,2,5413,2612,2,NA,requiere_revision_semantica,1,481,Técnicos laboratoristas químicos y biólogos,2612|2813|2827,"2612 Auxiliares y técnicos en ciencias biológicas, químicas y del medio ambiente || 2813 Técnicos de laboratorios médicos || 2827 Fumigadores y controladores de plagas"
1250,1,4,6112,2531,3,NA,requiere_revision_semantica,2,481,Técnicos en ciencias sociales,2531|2532|2711,2531 Auxiliares en ciencias sociales y humanistas || 2532 Auxiliares en servicios jurídicos || 2711 Auxiliares y técnicos en pedagogía y en educación
1204,1,6,9313,2621,2,NA,requiere_revision_semantica,6,480,"Técnicos en ingeniería química, industrial y mecánica",2621|2631|2633|2635|2637|2645,"2621 Auxiliares y técnicos industriales y químicos || 2631 Técnicos en mantenimiento y reparación de vehículos de motor || 2633 Técnicos en mantenimiento y reparación de maquinaria e instrumentos industriales || 2635 Técnicos en mantenimiento y reparación de instrumentos de precisión y musicales || 2637 Técnicos en la instalación, reparación y mantenimiento de equipos de refrigeración, climas y aire acondicionado || 2645 Técnicos en reparación de equipos electromecánicos"
8100,4,2,9700,5112,4,4,original_coincide_con_consenso_oficial,1,480,Fonderos (preparan y sirven alimentos) en establecimientos,5112|5114,"5112 Fonderos, vendedores y comerciantes de comida || 5114 Taqueros y preparadores de comida rápida, antojitos, pizzas, hot dogs, jugos, café, etcétera"
6160,1,7,3260,1711,2,2,original_coincide_con_consenso_oficial,1,480,"Jefes de departamento, coordinadores y supervisores en servicios de restaurante, hospedaje y comercio",1711|1712,"1711 Coordinadores y jefes de área de ventas, comercialización y alquiler || 1712 Coordinadores y jefes de área de restaurantes y hoteles"
6160,1,7,7221,1711,2,2,original_coincide_con_consenso_oficial,5,479,"Jefes de departamento, coordinadores y supervisores en servicios de restaurante, hospedaje y comercio",1711|1712,"1711 Coordinadores y jefes de área de ventas, comercialización y alquiler || 1712 Coordinadores y jefes de área de restaurantes y hoteles"
2124,2,3,3370,1312,2,2,original_coincide_con_consenso_oficial,2,479,"Directores, gerentes y administradores de área o establecimientos en actividades de producción en industrias manufactureras, en la construcción y los servicios de reparación y mantenimiento",1312|1313|1314|1315,"1312 Directores y gerentes en producción minera, petrolera y gas || 1313 Directores y gerentes en generación y provisión de energía eléctrica y agua || 1314 Directores y gerentes en producción manufacturera || 1315 Directores y gerentes en construcción, reparación y mantenimiento"
6150,1,2,9314,1721,2,2,original_coincide_con_consenso_oficial,1,478,"Jefes de departamento, coordinadores y supervisores en servicios culturales y de esparcimiento",1721|1722,"1721 Coordinadores y jefes de área en actividades artísticas, de cine, teatro y afines || 1722 Coordinadores y jefes de área en museos, cines, deportivos y servicios culturales"
6160,1,6,9314,1711,1,1,original_coincide_con_consenso_oficial,5,477,"Jefes de departamento, coordinadores y supervisores en servicios de restaurante, hospedaje y comercio",1711|1712,"1711 Coordinadores y jefes de área de ventas, comercialización y alquiler || 1712 Coordinadores y jefes de área de restaurantes y hoteles"
5141,1,7,3310,2630,2,NA,requiere_revision_semantica,2,477,"Supervisores, inspectores y similares en la fabricación metalúrgica y en la fabricación de productos eléctricos y electrónicos, la reparación y mantenimiento de maquinaria y productos metálicos y de precisión",2630|7201|8201,"2630 Supervisores de mecánicos y técnicos en mantenimiento y reparación de equipos mecánicos, vehículos de motor, instrumentos industriales y equipo de refrigeración || 7201 Supervisores de artesanos y trabajadores en el tratamiento y elaboración de productos de metal || 8201 Supervisores en procesos de ensamblado y montaje de maquinaria, herramientas y productos metálicos y electrónicos"
2121,1,4,5411,1211,2,NA,requiere_revision_semantica,5,477,"Directores, gerentes y administradores de área o establecimientos de finanzas, contabilidad, recursos humanos, administración e impartición de justicia",1211|1212|1224|1321,"1211 Directores y gerentes en administración, recursos humanos y mercadotecnia || 1212 Directores y gerentes en servicios contables, financieros, banca y seguros || 1224 Jueces de juzgado, directores y gerentes en servicios legales y procuración de justicia || 1321 Directores y gerentes en informática"
1230,1,2,5412,2612,2,NA,requiere_revision_semantica,2,476,Técnicos laboratoristas químicos y biólogos,2612|2813|2827,"2612 Auxiliares y técnicos en ciencias biológicas, químicas y del medio ambiente || 2813 Técnicos de laboratorios médicos || 2827 Fumigadores y controladores de plagas"
2124,1,6,2370,1312,1,1,original_coincide_con_consenso_oficial,4,475,"Directores, gerentes y administradores de área o establecimientos en actividades de producción en industrias manufactureras, en la construcción y los servicios de reparación y mantenimiento",1312|1313|1314|1315,"1312 Directores y gerentes en producción minera, petrolera y gas || 1313 Directores y gerentes en generación y provisión de energía eléctrica y agua || 1314 Directores y gerentes en producción manufacturera || 1315 Directores y gerentes en construcción, reparación y mantenimiento"
7121,1,3,4651,8344,9,NA,requiere_revision_semantica,3,474,Repartidores,8344|9723,8344 Conductores de motocicleta || 9723 Repartidores de mercancías (a pie y en bicicleta)
6260,1,5,4881,3141,3,3,original_coincide_con_consenso_oficial,5,472,"Despachadores, checadores y similares en la operación del transporte",3141|3142,3141 Despachadores de transporte || 3142 Checadores y revisores de transporte
2121,1,7,4681,1211,2,NA,requiere_revision_semantica,2,470,"Directores, gerentes y administradores de área o establecimientos de finanzas, contabilidad, recursos humanos, administración e impartición de justicia",1211|1212|1224|1321,"1211 Directores y gerentes en administración, recursos humanos y mercadotecnia || 1212 Directores y gerentes en servicios contables, financieros, banca y seguros || 1224 Jueces de juzgado, directores y gerentes en servicios legales y procuración de justicia || 1321 Directores y gerentes en informática"
5170,1,6,3340,1613,1,NA,requiere_revision_semantica,2,470,"Jefes, coordinadores y similares en la generación de energía, la instalación, reparación y mantenimiento de equipo eléctrico y de telecomunicaciones",1613|8101,1613 Coordinadores y jefes de área en generación y provisión de energía eléctrica y agua || 8101 Supervisores de operadores de maquinaria industrial
6121,1,3,4850,1623,2,2,original_coincide_con_consenso_oficial,1,469,"Jefes de departamento, coordinadores y supervisores en la coordinación del transporte",1623|2661|2662|8301,"1623 Coordinadores y jefes de área en servicios de transporte || 2661 Controladores de tráfico aéreo || 2662 Controladores de tráfico de otros transportes (terrestre, ferroviario y marítimo) || 8301 Supervisores de conductores de transporte y de maquinaria móvil"
1204,1,6,3370,2621,2,NA,requiere_revision_semantica,1,467,"Técnicos en ingeniería química, industrial y mecánica",2621|2631|2633|2635|2637|2645,"2621 Auxiliares y técnicos industriales y químicos || 2631 Técnicos en mantenimiento y reparación de vehículos de motor || 2633 Técnicos en mantenimiento y reparación de maquinaria e instrumentos industriales || 2635 Técnicos en mantenimiento y reparación de instrumentos de precisión y musicales || 2637 Técnicos en la instalación, reparación y mantenimiento de equipos de refrigeración, climas y aire acondicionado || 2645 Técnicos en reparación de equipos electromecánicos"
5380,1,5,9800,8131,8,NA,requiere_revision_semantica,1,467,Operadores de máquinas para el tratamiento de sustancias químicas y agua,8131|8134,8131 Operadores de máquinas para la elaboración de productos químicos || 8134 Operadores de máquinas para el tratamiento de agua
1204,1,2,5613,2621,2,NA,requiere_revision_semantica,1,466,"Técnicos en ingeniería química, industrial y mecánica",2621|2631|2633|2635|2637|2645,"2621 Auxiliares y técnicos industriales y químicos || 2631 Técnicos en mantenimiento y reparación de vehículos de motor || 2633 Técnicos en mantenimiento y reparación de maquinaria e instrumentos industriales || 2635 Técnicos en mantenimiento y reparación de instrumentos de precisión y musicales || 2637 Técnicos en la instalación, reparación y mantenimiento de equipos de refrigeración, climas y aire acondicionado || 2645 Técnicos en reparación de equipos electromecánicos"
2121,1,3,3220,1211,2,NA,requiere_revision_semantica,1,466,"Directores, gerentes y administradores de área o establecimientos de finanzas, contabilidad, recursos humanos, administración e impartición de justicia",1211|1212|1224|1321,"1211 Directores y gerentes en administración, recursos humanos y mercadotecnia || 1212 Directores y gerentes en servicios contables, financieros, banca y seguros || 1224 Jueces de juzgado, directores y gerentes en servicios legales y procuración de justicia || 1321 Directores y gerentes en informática"
2124,2,3,3270,1312,2,2,original_coincide_con_consenso_oficial,3,465,"Directores, gerentes y administradores de área o establecimientos en actividades de producción en industrias manufactureras, en la construcción y los servicios de reparación y mantenimiento",1312|1313|1314|1315,"1312 Directores y gerentes en producción minera, petrolera y gas || 1313 Directores y gerentes en generación y provisión de energía eléctrica y agua || 1314 Directores y gerentes en producción manufacturera || 1315 Directores y gerentes en construcción, reparación y mantenimiento"
2123,2,4,5150,1322,2,2,original_coincide_con_consenso_oficial,1,465,"Directores, gerentes y administradores de área o establecimientos en comunicaciones y transportes",1322|1323,1322 Directores y gerentes en comunicación y telecomunicaciones || 1323 Directores y gerentes en servicios de transporte
5400,1,6,4340,9236,10,10,original_coincide_con_consenso_oficial,1,465,"Ayudantes, peones y similares en la fabricación de alimentos, bebidas y productos de tabaco",9236|9411,"9236 Trabajadores de apoyo en la industria de alimentos, bebidas y productos de tabaco || 9411 Ayudantes en la preparación de alimentos"
5246,1,6,1110,2634,8,8,original_coincide_con_consenso_oficial,2,462,"Mecánicos, ajustadores, instaladores y trabajadores de mantenimiento y reparación de maquinaria, instrumentos industriales y equipos de refrigeración",2634|2638,"2634 Mecánicos en mantenimiento y reparación de maquinaria e instrumentos industriales || 2638 Mecánicos en instalación, mantenimiento y reparación de equipos de refrigeración, climas y aire acondicionado."
5380,1,3,3380,8131,9,NA,requiere_revision_semantica,1,460,Operadores de máquinas para el tratamiento de sustancias químicas y agua,8131|8134,8131 Operadores de máquinas para la elaboración de productos químicos || 8134 Operadores de máquinas para el tratamiento de agua
1204,1,5,3370,2621,2,NA,requiere_revision_semantica,1,460,"Técnicos en ingeniería química, industrial y mecánica",2621|2631|2633|2635|2637|2645,"2621 Auxiliares y técnicos industriales y químicos || 2631 Técnicos en mantenimiento y reparación de vehículos de motor || 2633 Técnicos en mantenimiento y reparación de maquinaria e instrumentos industriales || 2635 Técnicos en mantenimiento y reparación de instrumentos de precisión y musicales || 2637 Técnicos en la instalación, reparación y mantenimiento de equipos de refrigeración, climas y aire acondicionado || 2645 Técnicos en reparación de equipos electromecánicos"
2124,4,3,2370,1312,2,2,original_coincide_con_consenso_oficial,1,460,"Directores, gerentes y administradores de área o establecimientos en actividades de producción en industrias manufactureras, en la construcción y los servicios de reparación y mantenimiento",1312|1313|1314|1315,"1312 Directores y gerentes en producción minera, petrolera y gas || 1313 Directores y gerentes en generación y provisión de energía eléctrica y agua || 1314 Directores y gerentes en producción manufacturera || 1315 Directores y gerentes en construcción, reparación y mantenimiento"
2124,2,2,2382,1312,2,2,original_coincide_con_consenso_oficial,4,459,"Directores, gerentes y administradores de área o establecimientos en actividades de producción en industrias manufactureras, en la construcción y los servicios de reparación y mantenimiento",1312|1313|1314|1315,"1312 Directores y gerentes en producción minera, petrolera y gas || 1313 Directores y gerentes en generación y provisión de energía eléctrica y agua || 1314 Directores y gerentes en producción manufacturera || 1315 Directores y gerentes en construcción, reparación y mantenimiento"
5141,1,6,3370,2630,2,NA,requiere_revision_semantica,3,457,"Supervisores, inspectores y similares en la fabricación metalúrgica y en la fabricación de productos eléctricos y electrónicos, la reparación y mantenimiento de maquinaria y productos metálicos y de precisión",2630|7201|8201,"2630 Supervisores de mecánicos y técnicos en mantenimiento y reparación de equipos mecánicos, vehículos de motor, instrumentos industriales y equipo de refrigeración || 7201 Supervisores de artesanos y trabajadores en el tratamiento y elaboración de productos de metal || 8201 Supervisores en procesos de ensamblado y montaje de maquinaria, herramientas y productos metálicos y electrónicos"
4170,1,6,1121,6101,7,7,original_coincide_con_consenso_oficial,3,457,"Capataces, caporales, mayorales y similares en actividades agropecuarias,silvícolas y pesqueras",6101|6201,"6101 Supervisores, encargados y capataces agropecuarios || 6201 Supervisores, encargados y capataces de trabajadores en actividades pesqueras, acuícolas, forestales, caza y similares"
7121,1,7,3110,8344,9,NA,requiere_revision_semantica,3,457,Repartidores,8344|9723,8344 Conductores de motocicleta || 9723 Repartidores de mercancías (a pie y en bicicleta)
1230,1,4,5613,2612,2,NA,requiere_revision_semantica,2,456,Técnicos laboratoristas químicos y biólogos,2612|2813|2827,"2612 Auxiliares y técnicos en ciencias biológicas, químicas y del medio ambiente || 2813 Técnicos de laboratorios médicos || 2827 Fumigadores y controladores de plagas"
7201,1,3,4690,4224,3,NA,requiere_revision_semantica,2,456,Vendedores ambulantes de artículos diversos,4224|9512|9661|9663,4224 Vendedores por catálogo || 9512 Vendedores ambulantes de artículos diversos (excluyendo los de venta de alimentos) || 9661 Recolectores de basura y material reciclable || 9663 Recolectores de otros materiales
1204,1,6,3140,2621,2,NA,requiere_revision_semantica,1,455,"Técnicos en ingeniería química, industrial y mecánica",2621|2631|2633|2635|2637|2645,"2621 Auxiliares y técnicos industriales y químicos || 2631 Técnicos en mantenimiento y reparación de vehículos de motor || 2633 Técnicos en mantenimiento y reparación de maquinaria e instrumentos industriales || 2635 Técnicos en mantenimiento y reparación de instrumentos de precisión y musicales || 2637 Técnicos en la instalación, reparación y mantenimiento de equipos de refrigeración, climas y aire acondicionado || 2645 Técnicos en reparación de equipos electromecánicos"
6101,1,6,6142,1523,1,NA,requiere_revision_semantica,4,453,"Jefes de departamento, coordinadores y supervisores en servicios de educación",1523|2311,1523 Coordinadores y jefes de área en centros de enseñanza y capacitación || 2311 Supervisores e inspectores educativos
6101,1,6,8130,1523,1,NA,requiere_revision_semantica,2,453,"Jefes de departamento, coordinadores y supervisores en servicios de educación",1523|2311,1523 Coordinadores y jefes de área en centros de enseñanza y capacitación || 2311 Supervisores e inspectores educativos
5141,1,5,3110,2630,2,NA,requiere_revision_semantica,1,450,"Supervisores, inspectores y similares en la fabricación metalúrgica y en la fabricación de productos eléctricos y electrónicos, la reparación y mantenimiento de maquinaria y productos metálicos y de precisión",2630|7201|8201,"2630 Supervisores de mecánicos y técnicos en mantenimiento y reparación de equipos mecánicos, vehículos de motor, instrumentos industriales y equipo de refrigeración || 7201 Supervisores de artesanos y trabajadores en el tratamiento y elaboración de productos de metal || 8201 Supervisores en procesos de ensamblado y montaje de maquinaria, herramientas y productos metálicos y electrónicos"
5141,1,4,3370,2630,2,NA,requiere_revision_semantica,1,450,"Supervisores, inspectores y similares en la fabricación metalúrgica y en la fabricación de productos eléctricos y electrónicos, la reparación y mantenimiento de maquinaria y productos metálicos y de precisión",2630|7201|8201,"2630 Supervisores de mecánicos y técnicos en mantenimiento y reparación de equipos mecánicos, vehículos de motor, instrumentos industriales y equipo de refrigeración || 7201 Supervisores de artesanos y trabajadores en el tratamiento y elaboración de productos de metal || 8201 Supervisores en procesos de ensamblado y montaje de maquinaria, herramientas y productos metálicos y electrónicos"
5246,1,7,2381,2634,9,9,original_coincide_con_consenso_oficial,2,449,"Mecánicos, ajustadores, instaladores y trabajadores de mantenimiento y reparación de maquinaria, instrumentos industriales y equipos de refrigeración",2634|2638,"2634 Mecánicos en mantenimiento y reparación de maquinaria e instrumentos industriales || 2638 Mecánicos en instalación, mantenimiento y reparación de equipos de refrigeración, climas y aire acondicionado."
1230,3,2,6211,2612,2,NA,requiere_revision_semantica,1,448,Técnicos laboratoristas químicos y biólogos,2612|2813|2827,"2612 Auxiliares y técnicos en ciencias biológicas, químicas y del medio ambiente || 2813 Técnicos de laboratorios médicos || 2827 Fumigadores y controladores de plagas"
4109,1,4,1150,6119,13,NA,requiere_revision_semantica,2,448,Otros trabajadores que desempeñan una ocupación afín a las comprendidas en este subgrupo,6119|9111,"6119 Otros trabajadores en actividades agrícolas, no clasificados anteriormente || 9111 Trabajadores de apoyo en actividades agrícolas"
6110,1,6,6111,1512,1,NA,requiere_revision_semantica,1,447,"Jefes de departamento, coordinadores y supervisores en contabilidad y finanzas",1512|3101,"1512 Coordinadores y jefes de área en servicios contables, financieros, banca y seguros || 3101 Supervisores de secretarias, capturistas, cajeros y trabajadores de control de archivo y transporte"
2121,1,7,4310,1211,2,NA,requiere_revision_semantica,4,447,"Directores, gerentes y administradores de área o establecimientos de finanzas, contabilidad, recursos humanos, administración e impartición de justicia",1211|1212|1224|1321,"1211 Directores y gerentes en administración, recursos humanos y mercadotecnia || 1212 Directores y gerentes en servicios contables, financieros, banca y seguros || 1224 Jueces de juzgado, directores y gerentes en servicios legales y procuración de justicia || 1321 Directores y gerentes en informática"
5100,1,4,3110,1614,2,NA,requiere_revision_semantica,3,447,"Jefes, coordinadores y similares en la fabricación de alimentos, bebidas y productos de tabaco",1614|5101,"1614 Coordinadores y jefes de área en producción manufacturera || 5101 Supervisores en la preparación y servicio de alimentos y bebidas, así como en servicios de esparcimiento y de hotelería"
7121,1,3,4661,8344,9,NA,requiere_revision_semantica,2,446,Repartidores,8344|9723,8344 Conductores de motocicleta || 9723 Repartidores de mercancías (a pie y en bicicleta)
7121,2,2,3110,8344,5,5,original_coincide_con_consenso_oficial,1,445,Repartidores,8344|9723,8344 Conductores de motocicleta || 9723 Repartidores de mercancías (a pie y en bicicleta)
6260,1,6,4820,3141,3,3,original_coincide_con_consenso_oficial,2,444,"Despachadores, checadores y similares en la operación del transporte",3141|3142,3141 Despachadores de transporte || 3142 Checadores y revisores de transporte
6160,1,5,6141,1711,1,1,original_coincide_con_consenso_oficial,1,444,"Jefes de departamento, coordinadores y supervisores en servicios de restaurante, hospedaje y comercio",1711|1712,"1711 Coordinadores y jefes de área de ventas, comercialización y alquiler || 1712 Coordinadores y jefes de área de restaurantes y hoteles"
6180,1,3,5611,1723,2,NA,requiere_revision_semantica,1,444,"Otros jefes de departamento, coordinadores y supervisores en actividades no clasificadas anteriormente",1723|5201|9601,"1723 Coordinadores y jefes de área en servicios funerarios y otros servicios || 5201 Supervisores y encargados de trabajadores en cuidados personales y del hogar || 9601 Supervisores en limpieza, amas de llaves, mayordomos y en estacionamientos"
6260,1,6,4840,3141,3,3,original_coincide_con_consenso_oficial,1,444,"Despachadores, checadores y similares en la operación del transporte",3141|3142,3141 Despachadores de transporte || 3142 Checadores y revisores de transporte
6121,1,3,4920,1623,2,2,original_coincide_con_consenso_oficial,2,442,"Jefes de departamento, coordinadores y supervisores en la coordinación del transporte",1623|2661|2662|8301,"1623 Coordinadores y jefes de área en servicios de transporte || 2661 Controladores de tráfico aéreo || 2662 Controladores de tráfico de otros transportes (terrestre, ferroviario y marítimo) || 8301 Supervisores de conductores de transporte y de maquinaria móvil"
4109,3,2,1110,6119,12,NA,requiere_revision_semantica,2,440,Otros trabajadores que desempeñan una ocupación afín a las comprendidas en este subgrupo,6119|9111,"6119 Otros trabajadores en actividades agrícolas, no clasificados anteriormente || 9111 Trabajadores de apoyo en actividades agrícolas"
6131,1,6,3310,NA,NA,NA,original_tampoco_resuelve,1,439,NA,NA,NA
6180,1,3,8121,1723,2,NA,requiere_revision_semantica,1,438,"Otros jefes de departamento, coordinadores y supervisores en actividades no clasificadas anteriormente",1723|5201|9601,"1723 Coordinadores y jefes de área en servicios funerarios y otros servicios || 5201 Supervisores y encargados de trabajadores en cuidados personales y del hogar || 9601 Supervisores en limpieza, amas de llaves, mayordomos y en estacionamientos"
4151,1,7,1122,6212,13,NA,requiere_revision_semantica,2,436,Trabajadores en actividades de acuacultura,6212|9122,6212 Trabajadores en actividades de acuacultura || 9122 Trabajadores de apoyo en actividades de acuicultura y pesca
2121,1,7,5222,1211,2,NA,requiere_revision_semantica,3,434,"Directores, gerentes y administradores de área o establecimientos de finanzas, contabilidad, recursos humanos, administración e impartición de justicia",1211|1212|1224|1321,"1211 Directores y gerentes en administración, recursos humanos y mercadotecnia || 1212 Directores y gerentes en servicios contables, financieros, banca y seguros || 1224 Jueces de juzgado, directores y gerentes en servicios legales y procuración de justicia || 1321 Directores y gerentes en informática"
7121,1,4,4310,8344,9,NA,requiere_revision_semantica,4,433,Repartidores,8344|9723,8344 Conductores de motocicleta || 9723 Repartidores de mercancías (a pie y en bicicleta)
6160,1,2,7210,1711,2,2,original_coincide_con_consenso_oficial,4,433,"Jefes de departamento, coordinadores y supervisores en servicios de restaurante, hospedaje y comercio",1711|1712,"1711 Coordinadores y jefes de área de ventas, comercialización y alquiler || 1712 Coordinadores y jefes de área de restaurantes y hoteles"
6110,1,4,4661,1512,2,2,original_coincide_con_consenso_oficial,1,433,"Jefes de departamento, coordinadores y supervisores en contabilidad y finanzas",1512|3101,"1512 Coordinadores y jefes de área en servicios contables, financieros, banca y seguros || 3101 Supervisores de secretarias, capturistas, cajeros y trabajadores de control de archivo y transporte"
1204,1,3,5613,2621,2,NA,requiere_revision_semantica,2,432,"Técnicos en ingeniería química, industrial y mecánica",2621|2631|2633|2635|2637|2645,"2621 Auxiliares y técnicos industriales y químicos || 2631 Técnicos en mantenimiento y reparación de vehículos de motor || 2633 Técnicos en mantenimiento y reparación de maquinaria e instrumentos industriales || 2635 Técnicos en mantenimiento y reparación de instrumentos de precisión y musicales || 2637 Técnicos en la instalación, reparación y mantenimiento de equipos de refrigeración, climas y aire acondicionado || 2645 Técnicos en reparación de equipos electromecánicos"
2124,2,3,3330,1312,2,2,original_coincide_con_consenso_oficial,1,432,"Directores, gerentes y administradores de área o establecimientos en actividades de producción en industrias manufactureras, en la construcción y los servicios de reparación y mantenimiento",1312|1313|1314|1315,"1312 Directores y gerentes en producción minera, petrolera y gas || 1313 Directores y gerentes en generación y provisión de energía eléctrica y agua || 1314 Directores y gerentes en producción manufacturera || 1315 Directores y gerentes en construcción, reparación y mantenimiento"
5141,2,2,8112,2630,2,NA,requiere_revision_semantica,2,430,"Supervisores, inspectores y similares en la fabricación metalúrgica y en la fabricación de productos eléctricos y electrónicos, la reparación y mantenimiento de maquinaria y productos metálicos y de precisión",2630|7201|8201,"2630 Supervisores de mecánicos y técnicos en mantenimiento y reparación de equipos mecánicos, vehículos de motor, instrumentos industriales y equipo de refrigeración || 7201 Supervisores de artesanos y trabajadores en el tratamiento y elaboración de productos de metal || 8201 Supervisores en procesos de ensamblado y montaje de maquinaria, herramientas y productos metálicos y electrónicos"
5190,1,6,9313,NA,NA,NA,original_tampoco_resuelve,2,429,NA,NA,NA
5141,1,3,3310,2630,2,NA,requiere_revision_semantica,2,428,"Supervisores, inspectores y similares en la fabricación metalúrgica y en la fabricación de productos eléctricos y electrónicos, la reparación y mantenimiento de maquinaria y productos metálicos y de precisión",2630|7201|8201,"2630 Supervisores de mecánicos y técnicos en mantenimiento y reparación de equipos mecánicos, vehículos de motor, instrumentos industriales y equipo de refrigeración || 7201 Supervisores de artesanos y trabajadores en el tratamiento y elaboración de productos de metal || 8201 Supervisores en procesos de ensamblado y montaje de maquinaria, herramientas y productos metálicos y electrónicos"
2124,2,4,2361,1312,2,2,original_coincide_con_consenso_oficial,4,428,"Directores, gerentes y administradores de área o establecimientos en actividades de producción en industrias manufactureras, en la construcción y los servicios de reparación y mantenimiento",1312|1313|1314|1315,"1312 Directores y gerentes en producción minera, petrolera y gas || 1313 Directores y gerentes en generación y provisión de energía eléctrica y agua || 1314 Directores y gerentes en producción manufacturera || 1315 Directores y gerentes en construcción, reparación y mantenimiento"
2124,2,3,8112,1312,2,2,original_coincide_con_consenso_oficial,4,427,"Directores, gerentes y administradores de área o establecimientos en actividades de producción en industrias manufactureras, en la construcción y los servicios de reparación y mantenimiento",1312|1313|1314|1315,"1312 Directores y gerentes en producción minera, petrolera y gas || 1313 Directores y gerentes en generación y provisión de energía eléctrica y agua || 1314 Directores y gerentes en producción manufacturera || 1315 Directores y gerentes en construcción, reparación y mantenimiento"
8150,1,3,7221,3222,4,NA,requiere_revision_semantica,1,427,"Trabajadores de apoyo para la realización de espectáculos, turismo y deporte",3222|4233|5251|5254|9713,"3222 Guías de turismo en museos, casinos, parques, cines y otros centros recreativos || 4233 Modelos de moda, arte y publicidad || 5251 Astrólogos, adivinadores y afines || 5254 Entrenadores de animales y ocupaciones relacionadas con el cuidado de mascotas || 9713 Trabajadores de apoyo a la realización de espectáculos, deportes y en parques de diversiones"
7121,1,4,4641,8344,9,NA,requiere_revision_semantica,3,426,Repartidores,8344|9723,8344 Conductores de motocicleta || 9723 Repartidores de mercancías (a pie y en bicicleta)
5246,1,5,3310,2634,8,8,original_coincide_con_consenso_oficial,1,426,"Mecánicos, ajustadores, instaladores y trabajadores de mantenimiento y reparación de maquinaria, instrumentos industriales y equipos de refrigeración",2634|2638,"2634 Mecánicos en mantenimiento y reparación de maquinaria e instrumentos industriales || 2638 Mecánicos en instalación, mantenimiento y reparación de equipos de refrigeración, climas y aire acondicionado."
5246,1,5,4340,2634,8,8,original_coincide_con_consenso_oficial,1,426,"Mecánicos, ajustadores, instaladores y trabajadores de mantenimiento y reparación de maquinaria, instrumentos industriales y equipos de refrigeración",2634|2638,"2634 Mecánicos en mantenimiento y reparación de maquinaria e instrumentos industriales || 2638 Mecánicos en instalación, mantenimiento y reparación de equipos de refrigeración, climas y aire acondicionado."
6160,1,7,7210,1711,2,2,original_coincide_con_consenso_oficial,4,425,"Jefes de departamento, coordinadores y supervisores en servicios de restaurante, hospedaje y comercio",1711|1712,"1711 Coordinadores y jefes de área de ventas, comercialización y alquiler || 1712 Coordinadores y jefes de área de restaurantes y hoteles"
7201,1,2,4661,4224,3,NA,requiere_revision_semantica,2,425,Vendedores ambulantes de artículos diversos,4224|9512|9661|9663,4224 Vendedores por catálogo || 9512 Vendedores ambulantes de artículos diversos (excluyendo los de venta de alimentos) || 9661 Recolectores de basura y material reciclable || 9663 Recolectores de otros materiales
5246,1,5,2132,2634,8,8,original_coincide_con_consenso_oficial,2,424,"Mecánicos, ajustadores, instaladores y trabajadores de mantenimiento y reparación de maquinaria, instrumentos industriales y equipos de refrigeración",2634|2638,"2634 Mecánicos en mantenimiento y reparación de maquinaria e instrumentos industriales || 2638 Mecánicos en instalación, mantenimiento y reparación de equipos de refrigeración, climas y aire acondicionado."
8150,4,2,5322,3222,4,NA,requiere_revision_semantica,2,424,"Trabajadores de apoyo para la realización de espectáculos, turismo y deporte",3222|4233|5251|5254|9713,"3222 Guías de turismo en museos, casinos, parques, cines y otros centros recreativos || 4233 Modelos de moda, arte y publicidad || 5251 Astrólogos, adivinadores y afines || 5254 Entrenadores de animales y ocupaciones relacionadas con el cuidado de mascotas || 9713 Trabajadores de apoyo a la realización de espectáculos, deportes y en parques de diversiones"
6110,1,6,5222,1512,1,NA,requiere_revision_semantica,5,423,"Jefes de departamento, coordinadores y supervisores en contabilidad y finanzas",1512|3101,"1512 Coordinadores y jefes de área en servicios contables, financieros, banca y seguros || 3101 Supervisores de secretarias, capturistas, cajeros y trabajadores de control de archivo y transporte"
6260,1,5,9700,3141,3,3,original_coincide_con_consenso_oficial,2,422,"Despachadores, checadores y similares en la operación del transporte",3141|3142,3141 Despachadores de transporte || 3142 Checadores y revisores de transporte
1230,1,5,3250,2612,2,NA,requiere_revision_semantica,1,422,Técnicos laboratoristas químicos y biólogos,2612|2813|2827,"2612 Auxiliares y técnicos en ciencias biológicas, químicas y del medio ambiente || 2813 Técnicos de laboratorios médicos || 2827 Fumigadores y controladores de plagas"
6150,1,5,9314,1721,1,1,original_coincide_con_consenso_oficial,3,422,"Jefes de departamento, coordinadores y supervisores en servicios culturales y de esparcimiento",1721|1722,"1721 Coordinadores y jefes de área en actividades artísticas, de cine, teatro y afines || 1722 Coordinadores y jefes de área en museos, cines, deportivos y servicios culturales"
1204,1,5,5310,2621,2,NA,requiere_revision_semantica,1,422,"Técnicos en ingeniería química, industrial y mecánica",2621|2631|2633|2635|2637|2645,"2621 Auxiliares y técnicos industriales y químicos || 2631 Técnicos en mantenimiento y reparación de vehículos de motor || 2633 Técnicos en mantenimiento y reparación de maquinaria e instrumentos industriales || 2635 Técnicos en mantenimiento y reparación de instrumentos de precisión y musicales || 2637 Técnicos en la instalación, reparación y mantenimiento de equipos de refrigeración, climas y aire acondicionado || 2645 Técnicos en reparación de equipos electromecánicos"
5400,1,5,8121,9236,10,10,original_coincide_con_consenso_oficial,1,421,"Ayudantes, peones y similares en la fabricación de alimentos, bebidas y productos de tabaco",9236|9411,"9236 Trabajadores de apoyo en la industria de alimentos, bebidas y productos de tabaco || 9411 Ayudantes en la preparación de alimentos"
5111,1,6,2131,7101,7,7,original_coincide_con_consenso_oficial,1,420,"Supervisores, inspectores y similares en la extracción en minas, canteras y pozos",7101|8101,"7101 Supervisores de trabajadores en la extracción, albañiles y en acabados de la construcción || 8101 Supervisores de operadores de maquinaria industrial"
7201,4,2,4651,4224,3,NA,requiere_revision_semantica,2,420,Vendedores ambulantes de artículos diversos,4224|9512|9661|9663,4224 Vendedores por catálogo || 9512 Vendedores ambulantes de artículos diversos (excluyendo los de venta de alimentos) || 9661 Recolectores de basura y material reciclable || 9663 Recolectores de otros materiales
6121,2,2,4850,1623,2,2,original_coincide_con_consenso_oficial,1,419,"Jefes de departamento, coordinadores y supervisores en la coordinación del transporte",1623|2661|2662|8301,"1623 Coordinadores y jefes de área en servicios de transporte || 2661 Controladores de tráfico aéreo || 2662 Controladores de tráfico de otros transportes (terrestre, ferroviario y marítimo) || 8301 Supervisores de conductores de transporte y de maquinaria móvil"
2124,1,6,3220,1312,1,1,original_coincide_con_consenso_oficial,1,418,"Directores, gerentes y administradores de área o establecimientos en actividades de producción en industrias manufactureras, en la construcción y los servicios de reparación y mantenimiento",1312|1313|1314|1315,"1312 Directores y gerentes en producción minera, petrolera y gas || 1313 Directores y gerentes en generación y provisión de energía eléctrica y agua || 1314 Directores y gerentes en producción manufacturera || 1315 Directores y gerentes en construcción, reparación y mantenimiento"
5400,1,6,2122,9236,10,10,original_coincide_con_consenso_oficial,2,418,"Ayudantes, peones y similares en la fabricación de alimentos, bebidas y productos de tabaco",9236|9411,"9236 Trabajadores de apoyo en la industria de alimentos, bebidas y productos de tabaco || 9411 Ayudantes en la preparación de alimentos"
7201,1,2,4632,4224,3,NA,requiere_revision_semantica,3,418,Vendedores ambulantes de artículos diversos,4224|9512|9661|9663,4224 Vendedores por catálogo || 9512 Vendedores ambulantes de artículos diversos (excluyendo los de venta de alimentos) || 9661 Recolectores de basura y material reciclable || 9663 Recolectores de otros materiales
8150,1,5,8121,3222,4,NA,requiere_revision_semantica,2,417,"Trabajadores de apoyo para la realización de espectáculos, turismo y deporte",3222|4233|5251|5254|9713,"3222 Guías de turismo en museos, casinos, parques, cines y otros centros recreativos || 4233 Modelos de moda, arte y publicidad || 5251 Astrólogos, adivinadores y afines || 5254 Entrenadores de animales y ocupaciones relacionadas con el cuidado de mascotas || 9713 Trabajadores de apoyo a la realización de espectáculos, deportes y en parques de diversiones"
6110,1,4,4620,1512,2,2,original_coincide_con_consenso_oficial,4,417,"Jefes de departamento, coordinadores y supervisores en contabilidad y finanzas",1512|3101,"1512 Coordinadores y jefes de área en servicios contables, financieros, banca y seguros || 3101 Supervisores de secretarias, capturistas, cajeros y trabajadores de control de archivo y transporte"
2124,2,4,3370,1312,2,2,original_coincide_con_consenso_oficial,2,416,"Directores, gerentes y administradores de área o establecimientos en actividades de producción en industrias manufactureras, en la construcción y los servicios de reparación y mantenimiento",1312|1313|1314|1315,"1312 Directores y gerentes en producción minera, petrolera y gas || 1313 Directores y gerentes en generación y provisión de energía eléctrica y agua || 1314 Directores y gerentes en producción manufacturera || 1315 Directores y gerentes en construcción, reparación y mantenimiento"
5111,1,2,2370,7101,7,7,original_coincide_con_consenso_oficial,1,416,"Supervisores, inspectores y similares en la extracción en minas, canteras y pozos",7101|8101,"7101 Supervisores de trabajadores en la extracción, albañiles y en acabados de la construcción || 8101 Supervisores de operadores de maquinaria industrial"
6110,1,6,3110,1512,1,NA,requiere_revision_semantica,1,416,"Jefes de departamento, coordinadores y supervisores en contabilidad y finanzas",1512|3101,"1512 Coordinadores y jefes de área en servicios contables, financieros, banca y seguros || 3101 Supervisores de secretarias, capturistas, cajeros y trabajadores de control de archivo y transporte"
6110,1,6,3340,1512,1,NA,requiere_revision_semantica,1,416,"Jefes de departamento, coordinadores y supervisores en contabilidad y finanzas",1512|3101,"1512 Coordinadores y jefes de área en servicios contables, financieros, banca y seguros || 3101 Supervisores de secretarias, capturistas, cajeros y trabajadores de control de archivo y transporte"
6160,1,5,4350,1711,1,1,original_coincide_con_consenso_oficial,2,416,"Jefes de departamento, coordinadores y supervisores en servicios de restaurante, hospedaje y comercio",1711|1712,"1711 Coordinadores y jefes de área de ventas, comercialización y alquiler || 1712 Coordinadores y jefes de área de restaurantes y hoteles"
6260,1,6,3110,3141,3,3,original_coincide_con_consenso_oficial,3,414,"Despachadores, checadores y similares en la operación del transporte",3141|3142,3141 Despachadores de transporte || 3142 Checadores y revisores de transporte
6101,1,4,9312,1523,2,2,original_coincide_con_consenso_oficial,1,412,"Jefes de departamento, coordinadores y supervisores en servicios de educación",1523|2311,1523 Coordinadores y jefes de área en centros de enseñanza y capacitación || 2311 Supervisores e inspectores educativos
6160,2,3,4661,1711,2,2,original_coincide_con_consenso_oficial,1,412,"Jefes de departamento, coordinadores y supervisores en servicios de restaurante, hospedaje y comercio",1711|1712,"1711 Coordinadores y jefes de área de ventas, comercialización y alquiler || 1712 Coordinadores y jefes de área de restaurantes y hoteles"
6110,1,5,4661,1512,1,NA,requiere_revision_semantica,2,411,"Jefes de departamento, coordinadores y supervisores en contabilidad y finanzas",1512|3101,"1512 Coordinadores y jefes de área en servicios contables, financieros, banca y seguros || 3101 Supervisores de secretarias, capturistas, cajeros y trabajadores de control de archivo y transporte"
2123,1,4,5170,1322,2,2,original_coincide_con_consenso_oficial,1,411,"Directores, gerentes y administradores de área o establecimientos en comunicaciones y transportes",1322|1323,1322 Directores y gerentes en comunicación y telecomunicaciones || 1323 Directores y gerentes en servicios de transporte
1204,1,6,9312,2621,2,NA,requiere_revision_semantica,2,410,"Técnicos en ingeniería química, industrial y mecánica",2621|2631|2633|2635|2637|2645,"2621 Auxiliares y técnicos industriales y químicos || 2631 Técnicos en mantenimiento y reparación de vehículos de motor || 2633 Técnicos en mantenimiento y reparación de maquinaria e instrumentos industriales || 2635 Técnicos en mantenimiento y reparación de instrumentos de precisión y musicales || 2637 Técnicos en la instalación, reparación y mantenimiento de equipos de refrigeración, climas y aire acondicionado || 2645 Técnicos en reparación de equipos electromecánicos"
1204,1,6,8112,2621,2,NA,requiere_revision_semantica,5,408,"Técnicos en ingeniería química, industrial y mecánica",2621|2631|2633|2635|2637|2645,"2621 Auxiliares y técnicos industriales y químicos || 2631 Técnicos en mantenimiento y reparación de vehículos de motor || 2633 Técnicos en mantenimiento y reparación de maquinaria e instrumentos industriales || 2635 Técnicos en mantenimiento y reparación de instrumentos de precisión y musicales || 2637 Técnicos en la instalación, reparación y mantenimiento de equipos de refrigeración, climas y aire acondicionado || 2645 Técnicos en reparación de equipos electromecánicos"
6110,1,6,6131,1512,1,NA,requiere_revision_semantica,2,407,"Jefes de departamento, coordinadores y supervisores en contabilidad y finanzas",1512|3101,"1512 Coordinadores y jefes de área en servicios contables, financieros, banca y seguros || 3101 Supervisores de secretarias, capturistas, cajeros y trabajadores de control de archivo y transporte"
1204,1,7,3250,2621,2,NA,requiere_revision_semantica,1,406,"Técnicos en ingeniería química, industrial y mecánica",2621|2631|2633|2635|2637|2645,"2621 Auxiliares y técnicos industriales y químicos || 2631 Técnicos en mantenimiento y reparación de vehículos de motor || 2633 Técnicos en mantenimiento y reparación de maquinaria e instrumentos industriales || 2635 Técnicos en mantenimiento y reparación de instrumentos de precisión y musicales || 2637 Técnicos en la instalación, reparación y mantenimiento de equipos de refrigeración, climas y aire acondicionado || 2645 Técnicos en reparación de equipos electromecánicos"
5190,1,5,3110,NA,NA,NA,original_tampoco_resuelve,1,406,NA,NA,NA
5246,1,5,4310,2634,8,8,original_coincide_con_consenso_oficial,1,405,"Mecánicos, ajustadores, instaladores y trabajadores de mantenimiento y reparación de maquinaria, instrumentos industriales y equipos de refrigeración",2634|2638,"2634 Mecánicos en mantenimiento y reparación de maquinaria e instrumentos industriales || 2638 Mecánicos en instalación, mantenimiento y reparación de equipos de refrigeración, climas y aire acondicionado."
6100,1,2,6211,1521,2,2,original_coincide_con_consenso_oficial,1,404,"Jefes de departamento, coordinadores y supervisores en servicios de salud y asistencia social",1521|2524,"1521 Coordinadores y jefes de área en servicios de salud, protección civil y medio ambiente || 2524 Inspectores en seguridad social, de precios y otros inspectores públicos"
4140,1,6,1110,6231,NA,NA,original_tampoco_resuelve,2,404,"Trabajadores en actividades de caza, trampería y similares",6231|9123,"6231 Trabajadores en actividades de caza, trampería y similares || 9123 Trabajadores de apoyo en actividades de caza y captura"
5246,1,6,9800,2634,8,8,original_coincide_con_consenso_oficial,2,403,"Mecánicos, ajustadores, instaladores y trabajadores de mantenimiento y reparación de maquinaria, instrumentos industriales y equipos de refrigeración",2634|2638,"2634 Mecánicos en mantenimiento y reparación de maquinaria e instrumentos industriales || 2638 Mecánicos en instalación, mantenimiento y reparación de equipos de refrigeración, climas y aire acondicionado."
7121,1,7,3120,8344,9,NA,requiere_revision_semantica,2,403,Repartidores,8344|9723,8344 Conductores de motocicleta || 9723 Repartidores de mercancías (a pie y en bicicleta)
4139,1,2,1130,6999,13,NA,requiere_revision_semantica,1,403,Otros trabajadores que desempeñan una ocupación afín a las comprendidas en este subgrupo,6999|9121,"6999 Otros trabajadores en actividades agrícolas, ganaderas, forestales, caza y pesca, no clasificados anteriormente || 9121 Trabajadores de apoyo en actividades silvícolas y forestales"
1204,1,5,4310,2621,2,NA,requiere_revision_semantica,1,403,"Técnicos en ingeniería química, industrial y mecánica",2621|2631|2633|2635|2637|2645,"2621 Auxiliares y técnicos industriales y químicos || 2631 Técnicos en mantenimiento y reparación de vehículos de motor || 2633 Técnicos en mantenimiento y reparación de maquinaria e instrumentos industriales || 2635 Técnicos en mantenimiento y reparación de instrumentos de precisión y musicales || 2637 Técnicos en la instalación, reparación y mantenimiento de equipos de refrigeración, climas y aire acondicionado || 2645 Técnicos en reparación de equipos electromecánicos"
4134,1,2,3210,6225,13,NA,requiere_revision_semantica,2,403,Cortadores y recolectores de leña,6225|9124,6225 Cortadores de leña || 9124 Recolectores de leña y acarreadores de agua
2124,1,5,5110,1312,1,1,original_coincide_con_consenso_oficial,1,402,"Directores, gerentes y administradores de área o establecimientos en actividades de producción en industrias manufactureras, en la construcción y los servicios de reparación y mantenimiento",1312|1313|1314|1315,"1312 Directores y gerentes en producción minera, petrolera y gas || 1313 Directores y gerentes en generación y provisión de energía eléctrica y agua || 1314 Directores y gerentes en producción manufacturera || 1315 Directores y gerentes en construcción, reparación y mantenimiento"
4120,1,6,9313,6131,13,NA,requiere_revision_semantica,1,402,Trabajadores que combinan actividades agrícolas con ganaderas,6131|9113,6131 Trabajadores que combinan actividades agrícolas con ganaderas || 9113 Trabajadores de apoyo que realizan actividades agrícolas y ganaderas
6131,1,6,3240,NA,NA,NA,original_tampoco_resuelve,1,402,NA,NA,NA
7121,1,5,4671,8344,8,NA,requiere_revision_semantica,3,401,Repartidores,8344|9723,8344 Conductores de motocicleta || 9723 Repartidores de mercancías (a pie y en bicicleta)
5141,1,6,2370,2630,2,NA,requiere_revision_semantica,3,400,"Supervisores, inspectores y similares en la fabricación metalúrgica y en la fabricación de productos eléctricos y electrónicos, la reparación y mantenimiento de maquinaria y productos metálicos y de precisión",2630|7201|8201,"2630 Supervisores de mecánicos y técnicos en mantenimiento y reparación de equipos mecánicos, vehículos de motor, instrumentos industriales y equipo de refrigeración || 7201 Supervisores de artesanos y trabajadores en el tratamiento y elaboración de productos de metal || 8201 Supervisores en procesos de ensamblado y montaje de maquinaria, herramientas y productos metálicos y electrónicos"
7201,2,2,4672,4224,3,NA,requiere_revision_semantica,3,398,Vendedores ambulantes de artículos diversos,4224|9512|9661|9663,4224 Vendedores por catálogo || 9512 Vendedores ambulantes de artículos diversos (excluyendo los de venta de alimentos) || 9661 Recolectores de basura y material reciclable || 9663 Recolectores de otros materiales
5400,1,5,3120,9236,10,10,original_coincide_con_consenso_oficial,4,397,"Ayudantes, peones y similares en la fabricación de alimentos, bebidas y productos de tabaco",9236|9411,"9236 Trabajadores de apoyo en la industria de alimentos, bebidas y productos de tabaco || 9411 Ayudantes en la preparación de alimentos"
5410,1,6,2123,9211,10,10,original_coincide_con_consenso_oficial,1,397,"Ayudantes, peones y similares en la extracción en minas, canteras y pozos",9211|9212,9211 Trabajadores de apoyo en la minería || 9212 Trabajadores de apoyo en la extracción
5246,1,6,4310,2634,8,8,original_coincide_con_consenso_oficial,1,395,"Mecánicos, ajustadores, instaladores y trabajadores de mantenimiento y reparación de maquinaria, instrumentos industriales y equipos de refrigeración",2634|2638,"2634 Mecánicos en mantenimiento y reparación de maquinaria e instrumentos industriales || 2638 Mecánicos en instalación, mantenimiento y reparación de equipos de refrigeración, climas y aire acondicionado."
1250,1,6,5190,2531,3,NA,requiere_revision_semantica,1,395,Técnicos en ciencias sociales,2531|2532|2711,2531 Auxiliares en ciencias sociales y humanistas || 2532 Auxiliares en servicios jurídicos || 2711 Auxiliares y técnicos en pedagogía y en educación
2125,2,3,6141,1223,2,2,original_coincide_con_consenso_oficial,2,394,Directores gerentes y administradores de área o establecimientos de enseñanza e investigación,1223|1324,1223 Directores y gerentes en centros de enseñanza y capacitación || 1324 Directores y gerentes en centros de investigación y desarrollo tecnológico
1204,1,6,4850,2621,2,NA,requiere_revision_semantica,1,391,"Técnicos en ingeniería química, industrial y mecánica",2621|2631|2633|2635|2637|2645,"2621 Auxiliares y técnicos industriales y químicos || 2631 Técnicos en mantenimiento y reparación de vehículos de motor || 2633 Técnicos en mantenimiento y reparación de maquinaria e instrumentos industriales || 2635 Técnicos en mantenimiento y reparación de instrumentos de precisión y musicales || 2637 Técnicos en la instalación, reparación y mantenimiento de equipos de refrigeración, climas y aire acondicionado || 2645 Técnicos en reparación de equipos electromecánicos"
6101,1,3,6211,1523,2,2,original_coincide_con_consenso_oficial,1,390,"Jefes de departamento, coordinadores y supervisores en servicios de educación",1523|2311,1523 Coordinadores y jefes de área en centros de enseñanza y capacitación || 2311 Supervisores e inspectores educativos
6260,2,2,4840,3141,3,3,original_coincide_con_consenso_oficial,2,388,"Despachadores, checadores y similares en la operación del transporte",3141|3142,3141 Despachadores de transporte || 3142 Checadores y revisores de transporte
6121,1,5,3370,1623,1,NA,requiere_revision_semantica,1,388,"Jefes de departamento, coordinadores y supervisores en la coordinación del transporte",1623|2661|2662|8301,"1623 Coordinadores y jefes de área en servicios de transporte || 2661 Controladores de tráfico aéreo || 2662 Controladores de tráfico de otros transportes (terrestre, ferroviario y marítimo) || 8301 Supervisores de conductores de transporte y de maquinaria móvil"
1230,1,5,6222,2612,2,NA,requiere_revision_semantica,4,387,Técnicos laboratoristas químicos y biólogos,2612|2813|2827,"2612 Auxiliares y técnicos en ciencias biológicas, químicas y del medio ambiente || 2813 Técnicos de laboratorios médicos || 2827 Fumigadores y controladores de plagas"
5246,1,4,3360,2634,9,9,original_coincide_con_consenso_oficial,1,387,"Mecánicos, ajustadores, instaladores y trabajadores de mantenimiento y reparación de maquinaria, instrumentos industriales y equipos de refrigeración",2634|2638,"2634 Mecánicos en mantenimiento y reparación de maquinaria e instrumentos industriales || 2638 Mecánicos en instalación, mantenimiento y reparación de equipos de refrigeración, climas y aire acondicionado."
2124,2,3,3260,1312,2,2,original_coincide_con_consenso_oficial,4,386,"Directores, gerentes y administradores de área o establecimientos en actividades de producción en industrias manufactureras, en la construcción y los servicios de reparación y mantenimiento",1312|1313|1314|1315,"1312 Directores y gerentes en producción minera, petrolera y gas || 1313 Directores y gerentes en generación y provisión de energía eléctrica y agua || 1314 Directores y gerentes en producción manufacturera || 1315 Directores y gerentes en construcción, reparación y mantenimiento"
1204,1,6,4310,2621,2,NA,requiere_revision_semantica,4,385,"Técnicos en ingeniería química, industrial y mecánica",2621|2631|2633|2635|2637|2645,"2621 Auxiliares y técnicos industriales y químicos || 2631 Técnicos en mantenimiento y reparación de vehículos de motor || 2633 Técnicos en mantenimiento y reparación de maquinaria e instrumentos industriales || 2635 Técnicos en mantenimiento y reparación de instrumentos de precisión y musicales || 2637 Técnicos en la instalación, reparación y mantenimiento de equipos de refrigeración, climas y aire acondicionado || 2645 Técnicos en reparación de equipos electromecánicos"
5190,1,6,4920,NA,NA,NA,original_tampoco_resuelve,1,385,NA,NA,NA
7121,1,5,4920,8344,8,NA,requiere_revision_semantica,1,385,Repartidores,8344|9723,8344 Conductores de motocicleta || 9723 Repartidores de mercancías (a pie y en bicicleta)
1204,1,5,2132,2621,2,NA,requiere_revision_semantica,1,385,"Técnicos en ingeniería química, industrial y mecánica",2621|2631|2633|2635|2637|2645,"2621 Auxiliares y técnicos industriales y químicos || 2631 Técnicos en mantenimiento y reparación de vehículos de motor || 2633 Técnicos en mantenimiento y reparación de maquinaria e instrumentos industriales || 2635 Técnicos en mantenimiento y reparación de instrumentos de precisión y musicales || 2637 Técnicos en la instalación, reparación y mantenimiento de equipos de refrigeración, climas y aire acondicionado || 2645 Técnicos en reparación de equipos electromecánicos"
2124,1,6,2210,1312,1,1,original_coincide_con_consenso_oficial,3,384,"Directores, gerentes y administradores de área o establecimientos en actividades de producción en industrias manufactureras, en la construcción y los servicios de reparación y mantenimiento",1312|1313|1314|1315,"1312 Directores y gerentes en producción minera, petrolera y gas || 1313 Directores y gerentes en generación y provisión de energía eléctrica y agua || 1314 Directores y gerentes en producción manufacturera || 1315 Directores y gerentes en construcción, reparación y mantenimiento"
2126,1,6,9313,1222,1,NA,requiere_revision_semantica,4,383,"Directores, gerentes y administradores de área o establecimientos en servicios asistenciales y de readaptación social",1222|1225|1226,1222 Directores y gerentes en desarrollo social y económico || 1225 Comandantes de las fuerzas armadas || 1226 Directores en servicios de vigilancia y seguridad
6110,1,6,5411,1512,1,NA,requiere_revision_semantica,2,383,"Jefes de departamento, coordinadores y supervisores en contabilidad y finanzas",1512|3101,"1512 Coordinadores y jefes de área en servicios contables, financieros, banca y seguros || 3101 Supervisores de secretarias, capturistas, cajeros y trabajadores de control de archivo y transporte"
2124,3,2,3230,1312,2,2,original_coincide_con_consenso_oficial,2,382,"Directores, gerentes y administradores de área o establecimientos en actividades de producción en industrias manufactureras, en la construcción y los servicios de reparación y mantenimiento",1312|1313|1314|1315,"1312 Directores y gerentes en producción minera, petrolera y gas || 1313 Directores y gerentes en generación y provisión de energía eléctrica y agua || 1314 Directores y gerentes en producción manufacturera || 1315 Directores y gerentes en construcción, reparación y mantenimiento"
2124,1,2,2363,1312,2,2,original_coincide_con_consenso_oficial,1,381,"Directores, gerentes y administradores de área o establecimientos en actividades de producción en industrias manufactureras, en la construcción y los servicios de reparación y mantenimiento",1312|1313|1314|1315,"1312 Directores y gerentes en producción minera, petrolera y gas || 1313 Directores y gerentes en generación y provisión de energía eléctrica y agua || 1314 Directores y gerentes en producción manufacturera || 1315 Directores y gerentes en construcción, reparación y mantenimiento"
7121,1,5,4330,8344,8,NA,requiere_revision_semantica,3,381,Repartidores,8344|9723,8344 Conductores de motocicleta || 9723 Repartidores de mercancías (a pie y en bicicleta)
6160,1,3,4620,1711,2,2,original_coincide_con_consenso_oficial,1,381,"Jefes de departamento, coordinadores y supervisores en servicios de restaurante, hospedaje y comercio",1711|1712,"1711 Coordinadores y jefes de área de ventas, comercialización y alquiler || 1712 Coordinadores y jefes de área de restaurantes y hoteles"
5551,3,1,4870,9322,NA,NA,original_tampoco_resuelve,2,381,"Conductores de transporte de tracción animal (carretas, arrieros)",9322,"9322 Conductores de transporte de tracción animal (carretas, arrieros, etcétera)"
2121,1,3,5150,1211,2,NA,requiere_revision_semantica,1,380,"Directores, gerentes y administradores de área o establecimientos de finanzas, contabilidad, recursos humanos, administración e impartición de justicia",1211|1212|1224|1321,"1211 Directores y gerentes en administración, recursos humanos y mercadotecnia || 1212 Directores y gerentes en servicios contables, financieros, banca y seguros || 1224 Jueces de juzgado, directores y gerentes en servicios legales y procuración de justicia || 1321 Directores y gerentes en informática"
1230,4,7,6112,2612,2,NA,requiere_revision_semantica,1,380,Técnicos laboratoristas químicos y biólogos,2612|2813|2827,"2612 Auxiliares y técnicos en ciencias biológicas, químicas y del medio ambiente || 2813 Técnicos de laboratorios médicos || 2827 Fumigadores y controladores de plagas"
6160,2,3,4340,1711,2,2,original_coincide_con_consenso_oficial,1,378,"Jefes de departamento, coordinadores y supervisores en servicios de restaurante, hospedaje y comercio",1711|1712,"1711 Coordinadores y jefes de área de ventas, comercialización y alquiler || 1712 Coordinadores y jefes de área de restaurantes y hoteles"
2124,1,6,3350,1312,1,1,original_coincide_con_consenso_oficial,1,378,"Directores, gerentes y administradores de área o establecimientos en actividades de producción en industrias manufactureras, en la construcción y los servicios de reparación y mantenimiento",1312|1313|1314|1315,"1312 Directores y gerentes en producción minera, petrolera y gas || 1313 Directores y gerentes en generación y provisión de energía eléctrica y agua || 1314 Directores y gerentes en producción manufacturera || 1315 Directores y gerentes en construcción, reparación y mantenimiento"
6110,1,7,5411,1512,2,2,original_coincide_con_consenso_oficial,2,377,"Jefes de departamento, coordinadores y supervisores en contabilidad y finanzas",1512|3101,"1512 Coordinadores y jefes de área en servicios contables, financieros, banca y seguros || 3101 Supervisores de secretarias, capturistas, cajeros y trabajadores de control de archivo y transporte"
2124,2,2,2370,1312,2,2,original_coincide_con_consenso_oficial,2,377,"Directores, gerentes y administradores de área o establecimientos en actividades de producción en industrias manufactureras, en la construcción y los servicios de reparación y mantenimiento",1312|1313|1314|1315,"1312 Directores y gerentes en producción minera, petrolera y gas || 1313 Directores y gerentes en generación y provisión de energía eléctrica y agua || 1314 Directores y gerentes en producción manufacturera || 1315 Directores y gerentes en construcción, reparación y mantenimiento"
6160,1,5,5110,1711,1,1,original_coincide_con_consenso_oficial,2,376,"Jefes de departamento, coordinadores y supervisores en servicios de restaurante, hospedaje y comercio",1711|1712,"1711 Coordinadores y jefes de área de ventas, comercialización y alquiler || 1712 Coordinadores y jefes de área de restaurantes y hoteles"
8150,1,3,5322,3222,4,NA,requiere_revision_semantica,5,376,"Trabajadores de apoyo para la realización de espectáculos, turismo y deporte",3222|4233|5251|5254|9713,"3222 Guías de turismo en museos, casinos, parques, cines y otros centros recreativos || 4233 Modelos de moda, arte y publicidad || 5251 Astrólogos, adivinadores y afines || 5254 Entrenadores de animales y ocupaciones relacionadas con el cuidado de mascotas || 9713 Trabajadores de apoyo a la realización de espectáculos, deportes y en parques de diversiones"
6180,1,5,3110,1723,1,NA,requiere_revision_semantica,1,376,"Otros jefes de departamento, coordinadores y supervisores en actividades no clasificadas anteriormente",1723|5201|9601,"1723 Coordinadores y jefes de área en servicios funerarios y otros servicios || 5201 Supervisores y encargados de trabajadores en cuidados personales y del hogar || 9601 Supervisores en limpieza, amas de llaves, mayordomos y en estacionamientos"
6110,1,4,5222,1512,2,2,original_coincide_con_consenso_oficial,1,376,"Jefes de departamento, coordinadores y supervisores en contabilidad y finanzas",1512|3101,"1512 Coordinadores y jefes de área en servicios contables, financieros, banca y seguros || 3101 Supervisores de secretarias, capturistas, cajeros y trabajadores de control de archivo y transporte"
5141,1,4,3250,2630,2,NA,requiere_revision_semantica,1,376,"Supervisores, inspectores y similares en la fabricación metalúrgica y en la fabricación de productos eléctricos y electrónicos, la reparación y mantenimiento de maquinaria y productos metálicos y de precisión",2630|7201|8201,"2630 Supervisores de mecánicos y técnicos en mantenimiento y reparación de equipos mecánicos, vehículos de motor, instrumentos industriales y equipo de refrigeración || 7201 Supervisores de artesanos y trabajadores en el tratamiento y elaboración de productos de metal || 8201 Supervisores en procesos de ensamblado y montaje de maquinaria, herramientas y productos metálicos y electrónicos"
5100,1,6,2132,1614,1,NA,requiere_revision_semantica,1,376,"Jefes, coordinadores y similares en la fabricación de alimentos, bebidas y productos de tabaco",1614|5101,"1614 Coordinadores y jefes de área en producción manufacturera || 5101 Supervisores en la preparación y servicio de alimentos y bebidas, así como en servicios de esparcimiento y de hotelería"
8150,4,6,7120,3222,4,NA,requiere_revision_semantica,2,375,"Trabajadores de apoyo para la realización de espectáculos, turismo y deporte",3222|4233|5251|5254|9713,"3222 Guías de turismo en museos, casinos, parques, cines y otros centros recreativos || 4233 Modelos de moda, arte y publicidad || 5251 Astrólogos, adivinadores y afines || 5254 Entrenadores de animales y ocupaciones relacionadas con el cuidado de mascotas || 9713 Trabajadores de apoyo a la realización de espectáculos, deportes y en parques de diversiones"
6110,1,3,4350,1512,2,2,original_coincide_con_consenso_oficial,1,375,"Jefes de departamento, coordinadores y supervisores en contabilidad y finanzas",1512|3101,"1512 Coordinadores y jefes de área en servicios contables, financieros, banca y seguros || 3101 Supervisores de secretarias, capturistas, cajeros y trabajadores de control de archivo y transporte"
5141,1,4,8112,2630,2,NA,requiere_revision_semantica,1,375,"Supervisores, inspectores y similares en la fabricación metalúrgica y en la fabricación de productos eléctricos y electrónicos, la reparación y mantenimiento de maquinaria y productos metálicos y de precisión",2630|7201|8201,"2630 Supervisores de mecánicos y técnicos en mantenimiento y reparación de equipos mecánicos, vehículos de motor, instrumentos industriales y equipo de refrigeración || 7201 Supervisores de artesanos y trabajadores en el tratamiento y elaboración de productos de metal || 8201 Supervisores en procesos de ensamblado y montaje de maquinaria, herramientas y productos metálicos y electrónicos"
2124,1,6,5222,1312,1,1,original_coincide_con_consenso_oficial,1,374,"Directores, gerentes y administradores de área o establecimientos en actividades de producción en industrias manufactureras, en la construcción y los servicios de reparación y mantenimiento",1312|1313|1314|1315,"1312 Directores y gerentes en producción minera, petrolera y gas || 1313 Directores y gerentes en generación y provisión de energía eléctrica y agua || 1314 Directores y gerentes en producción manufacturera || 1315 Directores y gerentes en construcción, reparación y mantenimiento"
5246,1,7,3370,2634,9,9,original_coincide_con_consenso_oficial,1,374,"Mecánicos, ajustadores, instaladores y trabajadores de mantenimiento y reparación de maquinaria, instrumentos industriales y equipos de refrigeración",2634|2638,"2634 Mecánicos en mantenimiento y reparación de maquinaria e instrumentos industriales || 2638 Mecánicos en instalación, mantenimiento y reparación de equipos de refrigeración, climas y aire acondicionado."
2124,1,3,2382,1312,2,2,original_coincide_con_consenso_oficial,1,374,"Directores, gerentes y administradores de área o establecimientos en actividades de producción en industrias manufactureras, en la construcción y los servicios de reparación y mantenimiento",1312|1313|1314|1315,"1312 Directores y gerentes en producción minera, petrolera y gas || 1313 Directores y gerentes en generación y provisión de energía eléctrica y agua || 1314 Directores y gerentes en producción manufacturera || 1315 Directores y gerentes en construcción, reparación y mantenimiento"
6180,2,4,5613,1723,2,NA,requiere_revision_semantica,1,374,"Otros jefes de departamento, coordinadores y supervisores en actividades no clasificadas anteriormente",1723|5201|9601,"1723 Coordinadores y jefes de área en servicios funerarios y otros servicios || 5201 Supervisores y encargados de trabajadores en cuidados personales y del hogar || 9601 Supervisores en limpieza, amas de llaves, mayordomos y en estacionamientos"
1423,2,2,2361,2541,5,5,original_coincide_con_consenso_oficial,1,374,Decoradores y diseñadores,2541|2542|2543|2544,"2541 Diseñadores de moda y vestuario || 2542 Diseñadores industriales || 2543 Diseñadores gráficos || 2544 Decoradores de interiores, jardines y diversos materiales (tazas, llaveros, etcétera)"
6150,3,3,5611,1721,2,2,original_coincide_con_consenso_oficial,1,374,"Jefes de departamento, coordinadores y supervisores en servicios culturales y de esparcimiento",1721|1722,"1721 Coordinadores y jefes de área en actividades artísticas, de cine, teatro y afines || 1722 Coordinadores y jefes de área en museos, cines, deportivos y servicios culturales"
7201,3,1,4631,4224,3,NA,requiere_revision_semantica,1,373,Vendedores ambulantes de artículos diversos,4224|9512|9661|9663,4224 Vendedores por catálogo || 9512 Vendedores ambulantes de artículos diversos (excluyendo los de venta de alimentos) || 9661 Recolectores de basura y material reciclable || 9663 Recolectores de otros materiales
8150,1,4,7131,3222,4,NA,requiere_revision_semantica,5,372,"Trabajadores de apoyo para la realización de espectáculos, turismo y deporte",3222|4233|5251|5254|9713,"3222 Guías de turismo en museos, casinos, parques, cines y otros centros recreativos || 4233 Modelos de moda, arte y publicidad || 5251 Astrólogos, adivinadores y afines || 5254 Entrenadores de animales y ocupaciones relacionadas con el cuidado de mascotas || 9713 Trabajadores de apoyo a la realización de espectáculos, deportes y en parques de diversiones"
2124,1,6,2221,1312,1,1,original_coincide_con_consenso_oficial,3,372,"Directores, gerentes y administradores de área o establecimientos en actividades de producción en industrias manufactureras, en la construcción y los servicios de reparación y mantenimiento",1312|1313|1314|1315,"1312 Directores y gerentes en producción minera, petrolera y gas || 1313 Directores y gerentes en generación y provisión de energía eléctrica y agua || 1314 Directores y gerentes en producción manufacturera || 1315 Directores y gerentes en construcción, reparación y mantenimiento"
1250,1,6,6132,2531,3,NA,requiere_revision_semantica,4,371,Técnicos en ciencias sociales,2531|2532|2711,2531 Auxiliares en ciencias sociales y humanistas || 2532 Auxiliares en servicios jurídicos || 2711 Auxiliares y técnicos en pedagogía y en educación
5141,4,7,3350,2630,2,NA,requiere_revision_semantica,1,371,"Supervisores, inspectores y similares en la fabricación metalúrgica y en la fabricación de productos eléctricos y electrónicos, la reparación y mantenimiento de maquinaria y productos metálicos y de precisión",2630|7201|8201,"2630 Supervisores de mecánicos y técnicos en mantenimiento y reparación de equipos mecánicos, vehículos de motor, instrumentos industriales y equipo de refrigeración || 7201 Supervisores de artesanos y trabajadores en el tratamiento y elaboración de productos de metal || 8201 Supervisores en procesos de ensamblado y montaje de maquinaria, herramientas y productos metálicos y electrónicos"
7201,1,3,4672,4224,3,NA,requiere_revision_semantica,2,370,Vendedores ambulantes de artículos diversos,4224|9512|9661|9663,4224 Vendedores por catálogo || 9512 Vendedores ambulantes de artículos diversos (excluyendo los de venta de alimentos) || 9661 Recolectores de basura y material reciclable || 9663 Recolectores de otros materiales
1204,1,2,2382,2621,2,NA,requiere_revision_semantica,1,370,"Técnicos en ingeniería química, industrial y mecánica",2621|2631|2633|2635|2637|2645,"2621 Auxiliares y técnicos industriales y químicos || 2631 Técnicos en mantenimiento y reparación de vehículos de motor || 2633 Técnicos en mantenimiento y reparación de maquinaria e instrumentos industriales || 2635 Técnicos en mantenimiento y reparación de instrumentos de precisión y musicales || 2637 Técnicos en la instalación, reparación y mantenimiento de equipos de refrigeración, climas y aire acondicionado || 2645 Técnicos en reparación de equipos electromecánicos"
5170,1,6,2110,1613,1,NA,requiere_revision_semantica,2,369,"Jefes, coordinadores y similares en la generación de energía, la instalación, reparación y mantenimiento de equipo eléctrico y de telecomunicaciones",1613|8101,1613 Coordinadores y jefes de área en generación y provisión de energía eléctrica y agua || 8101 Supervisores de operadores de maquinaria industrial
7201,3,2,4672,4224,3,NA,requiere_revision_semantica,2,368,Vendedores ambulantes de artículos diversos,4224|9512|9661|9663,4224 Vendedores por catálogo || 9512 Vendedores ambulantes de artículos diversos (excluyendo los de venta de alimentos) || 9661 Recolectores de basura y material reciclable || 9663 Recolectores de otros materiales
7201,4,2,4672,4224,3,NA,requiere_revision_semantica,2,368,Vendedores ambulantes de artículos diversos,4224|9512|9661|9663,4224 Vendedores por catálogo || 9512 Vendedores ambulantes de artículos diversos (excluyendo los de venta de alimentos) || 9661 Recolectores de basura y material reciclable || 9663 Recolectores de otros materiales
6110,1,6,4340,1512,1,NA,requiere_revision_semantica,1,368,"Jefes de departamento, coordinadores y supervisores en contabilidad y finanzas",1512|3101,"1512 Coordinadores y jefes de área en servicios contables, financieros, banca y seguros || 3101 Supervisores de secretarias, capturistas, cajeros y trabajadores de control de archivo y transporte"
1423,2,2,5611,2541,5,5,original_coincide_con_consenso_oficial,2,364,Decoradores y diseñadores,2541|2542|2543|2544,"2541 Diseñadores de moda y vestuario || 2542 Diseñadores industriales || 2543 Diseñadores gráficos || 2544 Decoradores de interiores, jardines y diversos materiales (tazas, llaveros, etcétera)"
6110,2,2,3260,1512,2,2,original_coincide_con_consenso_oficial,1,364,"Jefes de departamento, coordinadores y supervisores en contabilidad y finanzas",1512|3101,"1512 Coordinadores y jefes de área en servicios contables, financieros, banca y seguros || 3101 Supervisores de secretarias, capturistas, cajeros y trabajadores de control de archivo y transporte"
5246,1,6,5170,2634,8,8,original_coincide_con_consenso_oficial,1,363,"Mecánicos, ajustadores, instaladores y trabajadores de mantenimiento y reparación de maquinaria, instrumentos industriales y equipos de refrigeración",2634|2638,"2634 Mecánicos en mantenimiento y reparación de maquinaria e instrumentos industriales || 2638 Mecánicos en instalación, mantenimiento y reparación de equipos de refrigeración, climas y aire acondicionado."
5141,4,6,3270,2630,2,NA,requiere_revision_semantica,1,363,"Supervisores, inspectores y similares en la fabricación metalúrgica y en la fabricación de productos eléctricos y electrónicos, la reparación y mantenimiento de maquinaria y productos metálicos y de precisión",2630|7201|8201,"2630 Supervisores de mecánicos y técnicos en mantenimiento y reparación de equipos mecánicos, vehículos de motor, instrumentos industriales y equipo de refrigeración || 7201 Supervisores de artesanos y trabajadores en el tratamiento y elaboración de productos de metal || 8201 Supervisores en procesos de ensamblado y montaje de maquinaria, herramientas y productos metálicos y electrónicos"
6100,4,7,6222,1521,2,2,original_coincide_con_consenso_oficial,1,363,"Jefes de departamento, coordinadores y supervisores en servicios de salud y asistencia social",1521|2524,"1521 Coordinadores y jefes de área en servicios de salud, protección civil y medio ambiente || 2524 Inspectores en seguridad social, de precios y otros inspectores públicos"
1204,1,7,3310,2621,2,NA,requiere_revision_semantica,1,362,"Técnicos en ingeniería química, industrial y mecánica",2621|2631|2633|2635|2637|2645,"2621 Auxiliares y técnicos industriales y químicos || 2631 Técnicos en mantenimiento y reparación de vehículos de motor || 2633 Técnicos en mantenimiento y reparación de maquinaria e instrumentos industriales || 2635 Técnicos en mantenimiento y reparación de instrumentos de precisión y musicales || 2637 Técnicos en la instalación, reparación y mantenimiento de equipos de refrigeración, climas y aire acondicionado || 2645 Técnicos en reparación de equipos electromecánicos"
6180,1,4,8111,1723,2,NA,requiere_revision_semantica,2,361,"Otros jefes de departamento, coordinadores y supervisores en actividades no clasificadas anteriormente",1723|5201|9601,"1723 Coordinadores y jefes de área en servicios funerarios y otros servicios || 5201 Supervisores y encargados de trabajadores en cuidados personales y del hogar || 9601 Supervisores en limpieza, amas de llaves, mayordomos y en estacionamientos"
6131,1,6,5611,NA,NA,NA,original_tampoco_resuelve,2,360,NA,NA,NA
2124,2,2,8121,1312,2,2,original_coincide_con_consenso_oficial,1,359,"Directores, gerentes y administradores de área o establecimientos en actividades de producción en industrias manufactureras, en la construcción y los servicios de reparación y mantenimiento",1312|1313|1314|1315,"1312 Directores y gerentes en producción minera, petrolera y gas || 1313 Directores y gerentes en generación y provisión de energía eléctrica y agua || 1314 Directores y gerentes en producción manufacturera || 1315 Directores y gerentes en construcción, reparación y mantenimiento"
6180,1,6,4850,1723,1,NA,requiere_revision_semantica,3,357,"Otros jefes de departamento, coordinadores y supervisores en actividades no clasificadas anteriormente",1723|5201|9601,"1723 Coordinadores y jefes de área en servicios funerarios y otros servicios || 5201 Supervisores y encargados de trabajadores en cuidados personales y del hogar || 9601 Supervisores en limpieza, amas de llaves, mayordomos y en estacionamientos"
5170,1,6,2221,1613,1,NA,requiere_revision_semantica,2,357,"Jefes, coordinadores y similares en la generación de energía, la instalación, reparación y mantenimiento de equipo eléctrico y de telecomunicaciones",1613|8101,1613 Coordinadores y jefes de área en generación y provisión de energía eléctrica y agua || 8101 Supervisores de operadores de maquinaria industrial
5100,1,6,9314,1614,1,NA,requiere_revision_semantica,1,357,"Jefes, coordinadores y similares en la fabricación de alimentos, bebidas y productos de tabaco",1614|5101,"1614 Coordinadores y jefes de área en producción manufacturera || 5101 Supervisores en la preparación y servicio de alimentos y bebidas, así como en servicios de esparcimiento y de hotelería"
6290,1,6,9313,NA,NA,NA,original_tampoco_resuelve,4,357,NA,NA,NA
6130,1,7,5411,1621,2,2,original_coincide_con_consenso_oficial,1,357,"Jefes de departamento, coordinadores y supervisores en servicios estadísticos e informáticos",1621|3201,1621 Coordinadores y jefes de área en informática || 3201 Supervisores de trabajadores que brindan y manejan información
5170,1,5,2370,1613,1,NA,requiere_revision_semantica,1,357,"Jefes, coordinadores y similares en la generación de energía, la instalación, reparación y mantenimiento de equipo eléctrico y de telecomunicaciones",1613|8101,1613 Coordinadores y jefes de área en generación y provisión de energía eléctrica y agua || 8101 Supervisores de operadores de maquinaria industrial
5246,1,7,3110,2634,9,9,original_coincide_con_consenso_oficial,2,357,"Mecánicos, ajustadores, instaladores y trabajadores de mantenimiento y reparación de maquinaria, instrumentos industriales y equipos de refrigeración",2634|2638,"2634 Mecánicos en mantenimiento y reparación de maquinaria e instrumentos industriales || 2638 Mecánicos en instalación, mantenimiento y reparación de equipos de refrigeración, climas y aire acondicionado."
5246,1,6,4881,2634,8,8,original_coincide_con_consenso_oficial,3,356,"Mecánicos, ajustadores, instaladores y trabajadores de mantenimiento y reparación de maquinaria, instrumentos industriales y equipos de refrigeración",2634|2638,"2634 Mecánicos en mantenimiento y reparación de maquinaria e instrumentos industriales || 2638 Mecánicos en instalación, mantenimiento y reparación de equipos de refrigeración, climas y aire acondicionado."
5141,1,6,2210,2630,2,NA,requiere_revision_semantica,1,355,"Supervisores, inspectores y similares en la fabricación metalúrgica y en la fabricación de productos eléctricos y electrónicos, la reparación y mantenimiento de maquinaria y productos metálicos y de precisión",2630|7201|8201,"2630 Supervisores de mecánicos y técnicos en mantenimiento y reparación de equipos mecánicos, vehículos de motor, instrumentos industriales y equipo de refrigeración || 7201 Supervisores de artesanos y trabajadores en el tratamiento y elaboración de productos de metal || 8201 Supervisores en procesos de ensamblado y montaje de maquinaria, herramientas y productos metálicos y electrónicos"
5170,1,6,9312,1613,1,NA,requiere_revision_semantica,1,355,"Jefes, coordinadores y similares en la generación de energía, la instalación, reparación y mantenimiento de equipo eléctrico y de telecomunicaciones",1613|8101,1613 Coordinadores y jefes de área en generación y provisión de energía eléctrica y agua || 8101 Supervisores de operadores de maquinaria industrial
8100,1,6,5120,5112,4,4,original_coincide_con_consenso_oficial,1,354,Fonderos (preparan y sirven alimentos) en establecimientos,5112|5114,"5112 Fonderos, vendedores y comerciantes de comida || 5114 Taqueros y preparadores de comida rápida, antojitos, pizzas, hot dogs, jugos, café, etcétera"
1204,1,6,6221,2621,2,NA,requiere_revision_semantica,1,354,"Técnicos en ingeniería química, industrial y mecánica",2621|2631|2633|2635|2637|2645,"2621 Auxiliares y técnicos industriales y químicos || 2631 Técnicos en mantenimiento y reparación de vehículos de motor || 2633 Técnicos en mantenimiento y reparación de maquinaria e instrumentos industriales || 2635 Técnicos en mantenimiento y reparación de instrumentos de precisión y musicales || 2637 Técnicos en la instalación, reparación y mantenimiento de equipos de refrigeración, climas y aire acondicionado || 2645 Técnicos en reparación de equipos electromecánicos"
6121,1,6,4340,1623,1,NA,requiere_revision_semantica,1,354,"Jefes de departamento, coordinadores y supervisores en la coordinación del transporte",1623|2661|2662|8301,"1623 Coordinadores y jefes de área en servicios de transporte || 2661 Controladores de tráfico aéreo || 2662 Controladores de tráfico de otros transportes (terrestre, ferroviario y marítimo) || 8301 Supervisores de conductores de transporte y de maquinaria móvil"
5141,1,6,5510,2630,2,NA,requiere_revision_semantica,1,354,"Supervisores, inspectores y similares en la fabricación metalúrgica y en la fabricación de productos eléctricos y electrónicos, la reparación y mantenimiento de maquinaria y productos metálicos y de precisión",2630|7201|8201,"2630 Supervisores de mecánicos y técnicos en mantenimiento y reparación de equipos mecánicos, vehículos de motor, instrumentos industriales y equipo de refrigeración || 7201 Supervisores de artesanos y trabajadores en el tratamiento y elaboración de productos de metal || 8201 Supervisores en procesos de ensamblado y montaje de maquinaria, herramientas y productos metálicos y electrónicos"
5400,1,6,6221,9236,10,10,original_coincide_con_consenso_oficial,1,353,"Ayudantes, peones y similares en la fabricación de alimentos, bebidas y productos de tabaco",9236|9411,"9236 Trabajadores de apoyo en la industria de alimentos, bebidas y productos de tabaco || 9411 Ayudantes en la preparación de alimentos"
6180,1,6,7131,1723,1,NA,requiere_revision_semantica,1,353,"Otros jefes de departamento, coordinadores y supervisores en actividades no clasificadas anteriormente",1723|5201|9601,"1723 Coordinadores y jefes de área en servicios funerarios y otros servicios || 5201 Supervisores y encargados de trabajadores en cuidados personales y del hogar || 9601 Supervisores en limpieza, amas de llaves, mayordomos y en estacionamientos"
2121,1,3,5240,1211,2,NA,requiere_revision_semantica,1,353,"Directores, gerentes y administradores de área o establecimientos de finanzas, contabilidad, recursos humanos, administración e impartición de justicia",1211|1212|1224|1321,"1211 Directores y gerentes en administración, recursos humanos y mercadotecnia || 1212 Directores y gerentes en servicios contables, financieros, banca y seguros || 1224 Jueces de juzgado, directores y gerentes en servicios legales y procuración de justicia || 1321 Directores y gerentes en informática"
5141,1,5,3350,2630,2,NA,requiere_revision_semantica,1,351,"Supervisores, inspectores y similares en la fabricación metalúrgica y en la fabricación de productos eléctricos y electrónicos, la reparación y mantenimiento de maquinaria y productos metálicos y de precisión",2630|7201|8201,"2630 Supervisores de mecánicos y técnicos en mantenimiento y reparación de equipos mecánicos, vehículos de motor, instrumentos industriales y equipo de refrigeración || 7201 Supervisores de artesanos y trabajadores en el tratamiento y elaboración de productos de metal || 8201 Supervisores en procesos de ensamblado y montaje de maquinaria, herramientas y productos metálicos y electrónicos"
1204,1,6,9999,2621,2,NA,requiere_revision_semantica,1,351,"Técnicos en ingeniería química, industrial y mecánica",2621|2631|2633|2635|2637|2645,"2621 Auxiliares y técnicos industriales y químicos || 2631 Técnicos en mantenimiento y reparación de vehículos de motor || 2633 Técnicos en mantenimiento y reparación de maquinaria e instrumentos industriales || 2635 Técnicos en mantenimiento y reparación de instrumentos de precisión y musicales || 2637 Técnicos en la instalación, reparación y mantenimiento de equipos de refrigeración, climas y aire acondicionado || 2645 Técnicos en reparación de equipos electromecánicos"
6160,1,3,4690,1711,2,2,original_coincide_con_consenso_oficial,1,350,"Jefes de departamento, coordinadores y supervisores en servicios de restaurante, hospedaje y comercio",1711|1712,"1711 Coordinadores y jefes de área de ventas, comercialización y alquiler || 1712 Coordinadores y jefes de área de restaurantes y hoteles"
6121,1,6,3350,1623,1,NA,requiere_revision_semantica,1,350,"Jefes de departamento, coordinadores y supervisores en la coordinación del transporte",1623|2661|2662|8301,"1623 Coordinadores y jefes de área en servicios de transporte || 2661 Controladores de tráfico aéreo || 2662 Controladores de tráfico de otros transportes (terrestre, ferroviario y marítimo) || 8301 Supervisores de conductores de transporte y de maquinaria móvil"
5100,1,7,4620,1614,2,NA,requiere_revision_semantica,1,349,"Jefes, coordinadores y similares en la fabricación de alimentos, bebidas y productos de tabaco",1614|5101,"1614 Coordinadores y jefes de área en producción manufacturera || 5101 Supervisores en la preparación y servicio de alimentos y bebidas, así como en servicios de esparcimiento y de hotelería"
7121,1,5,5611,8344,8,NA,requiere_revision_semantica,2,348,Repartidores,8344|9723,8344 Conductores de motocicleta || 9723 Repartidores de mercancías (a pie y en bicicleta)
2124,1,6,3330,1312,1,1,original_coincide_con_consenso_oficial,3,347,"Directores, gerentes y administradores de área o establecimientos en actividades de producción en industrias manufactureras, en la construcción y los servicios de reparación y mantenimiento",1312|1313|1314|1315,"1312 Directores y gerentes en producción minera, petrolera y gas || 1313 Directores y gerentes en generación y provisión de energía eléctrica y agua || 1314 Directores y gerentes en producción manufacturera || 1315 Directores y gerentes en construcción, reparación y mantenimiento"
6260,1,6,9313,3141,3,3,original_coincide_con_consenso_oficial,3,346,"Despachadores, checadores y similares en la operación del transporte",3141|3142,3141 Despachadores de transporte || 3142 Checadores y revisores de transporte
6150,1,3,5120,1721,2,2,original_coincide_con_consenso_oficial,2,346,"Jefes de departamento, coordinadores y supervisores en servicios culturales y de esparcimiento",1721|1722,"1721 Coordinadores y jefes de área en actividades artísticas, de cine, teatro y afines || 1722 Coordinadores y jefes de área en museos, cines, deportivos y servicios culturales"
6180,1,6,2221,1723,1,NA,requiere_revision_semantica,1,346,"Otros jefes de departamento, coordinadores y supervisores en actividades no clasificadas anteriormente",1723|5201|9601,"1723 Coordinadores y jefes de área en servicios funerarios y otros servicios || 5201 Supervisores y encargados de trabajadores en cuidados personales y del hogar || 9601 Supervisores en limpieza, amas de llaves, mayordomos y en estacionamientos"
5170,1,6,2361,1613,1,NA,requiere_revision_semantica,1,344,"Jefes, coordinadores y similares en la generación de energía, la instalación, reparación y mantenimiento de equipo eléctrico y de telecomunicaciones",1613|8101,1613 Coordinadores y jefes de área en generación y provisión de energía eléctrica y agua || 8101 Supervisores de operadores de maquinaria industrial
6180,1,2,5240,1723,2,NA,requiere_revision_semantica,2,343,"Otros jefes de departamento, coordinadores y supervisores en actividades no clasificadas anteriormente",1723|5201|9601,"1723 Coordinadores y jefes de área en servicios funerarios y otros servicios || 5201 Supervisores y encargados de trabajadores en cuidados personales y del hogar || 9601 Supervisores en limpieza, amas de llaves, mayordomos y en estacionamientos"
6160,3,2,7221,1711,2,2,original_coincide_con_consenso_oficial,1,342,"Jefes de departamento, coordinadores y supervisores en servicios de restaurante, hospedaje y comercio",1711|1712,"1711 Coordinadores y jefes de área de ventas, comercialización y alquiler || 1712 Coordinadores y jefes de área de restaurantes y hoteles"
5246,1,5,3330,2634,8,8,original_coincide_con_consenso_oficial,1,342,"Mecánicos, ajustadores, instaladores y trabajadores de mantenimiento y reparación de maquinaria, instrumentos industriales y equipos de refrigeración",2634|2638,"2634 Mecánicos en mantenimiento y reparación de maquinaria e instrumentos industriales || 2638 Mecánicos en instalación, mantenimiento y reparación de equipos de refrigeración, climas y aire acondicionado."
2121,2,4,5411,1211,2,NA,requiere_revision_semantica,2,341,"Directores, gerentes y administradores de área o establecimientos de finanzas, contabilidad, recursos humanos, administración e impartición de justicia",1211|1212|1224|1321,"1211 Directores y gerentes en administración, recursos humanos y mercadotecnia || 1212 Directores y gerentes en servicios contables, financieros, banca y seguros || 1224 Jueces de juzgado, directores y gerentes en servicios legales y procuración de justicia || 1321 Directores y gerentes en informática"
6160,1,7,5170,1711,2,2,original_coincide_con_consenso_oficial,1,341,"Jefes de departamento, coordinadores y supervisores en servicios de restaurante, hospedaje y comercio",1711|1712,"1711 Coordinadores y jefes de área de ventas, comercialización y alquiler || 1712 Coordinadores y jefes de área de restaurantes y hoteles"
6121,1,6,4882,1623,1,NA,requiere_revision_semantica,1,340,"Jefes de departamento, coordinadores y supervisores en la coordinación del transporte",1623|2661|2662|8301,"1623 Coordinadores y jefes de área en servicios de transporte || 2661 Controladores de tráfico aéreo || 2662 Controladores de tráfico de otros transportes (terrestre, ferroviario y marítimo) || 8301 Supervisores de conductores de transporte y de maquinaria móvil"
2121,1,2,4661,1211,2,NA,requiere_revision_semantica,1,339,"Directores, gerentes y administradores de área o establecimientos de finanzas, contabilidad, recursos humanos, administración e impartición de justicia",1211|1212|1224|1321,"1211 Directores y gerentes en administración, recursos humanos y mercadotecnia || 1212 Directores y gerentes en servicios contables, financieros, banca y seguros || 1224 Jueces de juzgado, directores y gerentes en servicios legales y procuración de justicia || 1321 Directores y gerentes en informática"
7201,1,2,4330,4224,3,NA,requiere_revision_semantica,1,339,Vendedores ambulantes de artículos diversos,4224|9512|9661|9663,4224 Vendedores por catálogo || 9512 Vendedores ambulantes de artículos diversos (excluyendo los de venta de alimentos) || 9661 Recolectores de basura y material reciclable || 9663 Recolectores de otros materiales
6121,1,7,4840,1623,2,2,original_coincide_con_consenso_oficial,3,338,"Jefes de departamento, coordinadores y supervisores en la coordinación del transporte",1623|2661|2662|8301,"1623 Coordinadores y jefes de área en servicios de transporte || 2661 Controladores de tráfico aéreo || 2662 Controladores de tráfico de otros transportes (terrestre, ferroviario y marítimo) || 8301 Supervisores de conductores de transporte y de maquinaria móvil"
6150,4,3,5411,1721,2,2,original_coincide_con_consenso_oficial,1,338,"Jefes de departamento, coordinadores y supervisores en servicios culturales y de esparcimiento",1721|1722,"1721 Coordinadores y jefes de área en actividades artísticas, de cine, teatro y afines || 1722 Coordinadores y jefes de área en museos, cines, deportivos y servicios culturales"
5246,1,5,3230,2634,8,8,original_coincide_con_consenso_oficial,1,337,"Mecánicos, ajustadores, instaladores y trabajadores de mantenimiento y reparación de maquinaria, instrumentos industriales y equipos de refrigeración",2634|2638,"2634 Mecánicos en mantenimiento y reparación de maquinaria e instrumentos industriales || 2638 Mecánicos en instalación, mantenimiento y reparación de equipos de refrigeración, climas y aire acondicionado."
1204,1,6,4350,2621,2,NA,requiere_revision_semantica,1,337,"Técnicos en ingeniería química, industrial y mecánica",2621|2631|2633|2635|2637|2645,"2621 Auxiliares y técnicos industriales y químicos || 2631 Técnicos en mantenimiento y reparación de vehículos de motor || 2633 Técnicos en mantenimiento y reparación de maquinaria e instrumentos industriales || 2635 Técnicos en mantenimiento y reparación de instrumentos de precisión y musicales || 2637 Técnicos en la instalación, reparación y mantenimiento de equipos de refrigeración, climas y aire acondicionado || 2645 Técnicos en reparación de equipos electromecánicos"
6160,1,5,3250,1711,1,1,original_coincide_con_consenso_oficial,1,337,"Jefes de departamento, coordinadores y supervisores en servicios de restaurante, hospedaje y comercio",1711|1712,"1711 Coordinadores y jefes de área de ventas, comercialización y alquiler || 1712 Coordinadores y jefes de área de restaurantes y hoteles"
8150,3,1,7111,3222,6,NA,requiere_revision_semantica,2,336,"Trabajadores de apoyo para la realización de espectáculos, turismo y deporte",3222|4233|5251|5254|9713,"3222 Guías de turismo en museos, casinos, parques, cines y otros centros recreativos || 4233 Modelos de moda, arte y publicidad || 5251 Astrólogos, adivinadores y afines || 5254 Entrenadores de animales y ocupaciones relacionadas con el cuidado de mascotas || 9713 Trabajadores de apoyo a la realización de espectáculos, deportes y en parques de diversiones"
2126,2,2,6251,1222,1,NA,requiere_revision_semantica,1,336,"Directores, gerentes y administradores de área o establecimientos en servicios asistenciales y de readaptación social",1222|1225|1226,1222 Directores y gerentes en desarrollo social y económico || 1225 Comandantes de las fuerzas armadas || 1226 Directores en servicios de vigilancia y seguridad
6131,1,6,3120,NA,NA,NA,original_tampoco_resuelve,1,336,NA,NA,NA
7121,3,1,5411,8344,6,NA,requiere_revision_semantica,1,335,Repartidores,8344|9723,8344 Conductores de motocicleta || 9723 Repartidores de mercancías (a pie y en bicicleta)
1250,1,6,4850,2531,3,NA,requiere_revision_semantica,1,335,Técnicos en ciencias sociales,2531|2532|2711,2531 Auxiliares en ciencias sociales y humanistas || 2532 Auxiliares en servicios jurídicos || 2711 Auxiliares y técnicos en pedagogía y en educación
2121,1,2,4671,1211,2,NA,requiere_revision_semantica,2,334,"Directores, gerentes y administradores de área o establecimientos de finanzas, contabilidad, recursos humanos, administración e impartición de justicia",1211|1212|1224|1321,"1211 Directores y gerentes en administración, recursos humanos y mercadotecnia || 1212 Directores y gerentes en servicios contables, financieros, banca y seguros || 1224 Jueces de juzgado, directores y gerentes en servicios legales y procuración de justicia || 1321 Directores y gerentes en informática"
5380,1,4,3260,8131,9,NA,requiere_revision_semantica,1,334,Operadores de máquinas para el tratamiento de sustancias químicas y agua,8131|8134,8131 Operadores de máquinas para la elaboración de productos químicos || 8134 Operadores de máquinas para el tratamiento de agua
6160,1,3,9800,1711,2,2,original_coincide_con_consenso_oficial,1,333,"Jefes de departamento, coordinadores y supervisores en servicios de restaurante, hospedaje y comercio",1711|1712,"1711 Coordinadores y jefes de área de ventas, comercialización y alquiler || 1712 Coordinadores y jefes de área de restaurantes y hoteles"
5249,1,5,4681,2639,8,8,original_coincide_con_consenso_oficial,1,333,Otros trabajadores que desempeñan una ocupación afín a las comprendidas en este subgrupo,2639|7214,"2639 Otras ocupaciones de mecánicos y técnicos en el mantenimiento y reparación de equipos mecánicos, vehículos de motor e instrumentos industriales, no clasificados anteriormente || 7214 Montadores de estructuras metálicas"
2123,1,5,9314,1322,1,1,original_coincide_con_consenso_oficial,1,333,"Directores, gerentes y administradores de área o establecimientos en comunicaciones y transportes",1322|1323,1322 Directores y gerentes en comunicación y telecomunicaciones || 1323 Directores y gerentes en servicios de transporte
5410,1,5,2131,9211,10,10,original_coincide_con_consenso_oficial,3,333,"Ayudantes, peones y similares en la extracción en minas, canteras y pozos",9211|9212,9211 Trabajadores de apoyo en la minería || 9212 Trabajadores de apoyo en la extracción
2123,1,6,4881,1322,1,1,original_coincide_con_consenso_oficial,2,333,"Directores, gerentes y administradores de área o establecimientos en comunicaciones y transportes",1322|1323,1322 Directores y gerentes en comunicación y telecomunicaciones || 1323 Directores y gerentes en servicios de transporte
2124,2,4,3160,1312,2,2,original_coincide_con_consenso_oficial,2,332,"Directores, gerentes y administradores de área o establecimientos en actividades de producción en industrias manufactureras, en la construcción y los servicios de reparación y mantenimiento",1312|1313|1314|1315,"1312 Directores y gerentes en producción minera, petrolera y gas || 1313 Directores y gerentes en generación y provisión de energía eléctrica y agua || 1314 Directores y gerentes en producción manufacturera || 1315 Directores y gerentes en construcción, reparación y mantenimiento"
2124,1,5,3310,1312,1,1,original_coincide_con_consenso_oficial,1,332,"Directores, gerentes y administradores de área o establecimientos en actividades de producción en industrias manufactureras, en la construcción y los servicios de reparación y mantenimiento",1312|1313|1314|1315,"1312 Directores y gerentes en producción minera, petrolera y gas || 1313 Directores y gerentes en generación y provisión de energía eléctrica y agua || 1314 Directores y gerentes en producción manufacturera || 1315 Directores y gerentes en construcción, reparación y mantenimiento"
2122,2,7,5411,1411,NA,NA,original_tampoco_resuelve,1,332,"Directores, gerentes y administradores de área o establecimientos en actividades comerciales (incluye la venta de seguros y bienes raíces)",1411,"1411 Directores y gerentes de ventas, comercialización y alquiler"
2124,2,2,3140,1312,2,2,original_coincide_con_consenso_oficial,1,331,"Directores, gerentes y administradores de área o establecimientos en actividades de producción en industrias manufactureras, en la construcción y los servicios de reparación y mantenimiento",1312|1313|1314|1315,"1312 Directores y gerentes en producción minera, petrolera y gas || 1313 Directores y gerentes en generación y provisión de energía eléctrica y agua || 1314 Directores y gerentes en producción manufacturera || 1315 Directores y gerentes en construcción, reparación y mantenimiento"
4134,1,3,1130,6225,13,NA,requiere_revision_semantica,1,330,Cortadores y recolectores de leña,6225|9124,6225 Cortadores de leña || 9124 Recolectores de leña y acarreadores de agua
4119,1,2,1110,6129,13,NA,requiere_revision_semantica,2,329,Otros trabajadores que desempeñan una ocupación afín a las comprendidas en este subgrupo,6129|9112,"6129 Otros trabajadores en actividades ganaderas y en la cría de animales, no clasificados anteriormente || 9112 Trabajadores de apoyo en actividades ganaderas"
5246,1,3,5322,2634,9,9,original_coincide_con_consenso_oficial,1,329,"Mecánicos, ajustadores, instaladores y trabajadores de mantenimiento y reparación de maquinaria, instrumentos industriales y equipos de refrigeración",2634|2638,"2634 Mecánicos en mantenimiento y reparación de maquinaria e instrumentos industriales || 2638 Mecánicos en instalación, mantenimiento y reparación de equipos de refrigeración, climas y aire acondicionado."
5141,1,5,8111,2630,2,NA,requiere_revision_semantica,2,328,"Supervisores, inspectores y similares en la fabricación metalúrgica y en la fabricación de productos eléctricos y electrónicos, la reparación y mantenimiento de maquinaria y productos metálicos y de precisión",2630|7201|8201,"2630 Supervisores de mecánicos y técnicos en mantenimiento y reparación de equipos mecánicos, vehículos de motor, instrumentos industriales y equipo de refrigeración || 7201 Supervisores de artesanos y trabajadores en el tratamiento y elaboración de productos de metal || 8201 Supervisores en procesos de ensamblado y montaje de maquinaria, herramientas y productos metálicos y electrónicos"
1250,1,7,8121,2531,3,NA,requiere_revision_semantica,1,328,Técnicos en ciencias sociales,2531|2532|2711,2531 Auxiliares en ciencias sociales y humanistas || 2532 Auxiliares en servicios jurídicos || 2711 Auxiliares y técnicos en pedagogía y en educación
1204,4,6,3360,2621,2,NA,requiere_revision_semantica,1,328,"Técnicos en ingeniería química, industrial y mecánica",2621|2631|2633|2635|2637|2645,"2621 Auxiliares y técnicos industriales y químicos || 2631 Técnicos en mantenimiento y reparación de vehículos de motor || 2633 Técnicos en mantenimiento y reparación de maquinaria e instrumentos industriales || 2635 Técnicos en mantenimiento y reparación de instrumentos de precisión y musicales || 2637 Técnicos en la instalación, reparación y mantenimiento de equipos de refrigeración, climas y aire acondicionado || 2645 Técnicos en reparación de equipos electromecánicos"
5190,1,6,3120,NA,NA,NA,original_tampoco_resuelve,1,327,NA,NA,NA
5246,1,6,9313,2634,8,8,original_coincide_con_consenso_oficial,5,326,"Mecánicos, ajustadores, instaladores y trabajadores de mantenimiento y reparación de maquinaria, instrumentos industriales y equipos de refrigeración",2634|2638,"2634 Mecánicos en mantenimiento y reparación de maquinaria e instrumentos industriales || 2638 Mecánicos en instalación, mantenimiento y reparación de equipos de refrigeración, climas y aire acondicionado."
5246,1,4,3270,2634,9,9,original_coincide_con_consenso_oficial,1,326,"Mecánicos, ajustadores, instaladores y trabajadores de mantenimiento y reparación de maquinaria, instrumentos industriales y equipos de refrigeración",2634|2638,"2634 Mecánicos en mantenimiento y reparación de maquinaria e instrumentos industriales || 2638 Mecánicos en instalación, mantenimiento y reparación de equipos de refrigeración, climas y aire acondicionado."
6110,1,7,5611,1512,2,2,original_coincide_con_consenso_oficial,1,326,"Jefes de departamento, coordinadores y supervisores en contabilidad y finanzas",1512|3101,"1512 Coordinadores y jefes de área en servicios contables, financieros, banca y seguros || 3101 Supervisores de secretarias, capturistas, cajeros y trabajadores de control de archivo y transporte"
4160,1,3,1110,6117,13,13,original_coincide_con_consenso_oficial,3,325,Trabajadores en actividades de beneficio de productos agropecuarios,6117|6128,6117 Trabajadores en actividades de beneficio de productos agrícolas || 6128 Trabajadores en actividades de beneficio de productos pecuarios
5190,1,7,2363,NA,NA,NA,original_tampoco_resuelve,1,325,NA,NA,NA
2124,1,6,3130,1312,1,1,original_coincide_con_consenso_oficial,2,325,"Directores, gerentes y administradores de área o establecimientos en actividades de producción en industrias manufactureras, en la construcción y los servicios de reparación y mantenimiento",1312|1313|1314|1315,"1312 Directores y gerentes en producción minera, petrolera y gas || 1313 Directores y gerentes en generación y provisión de energía eléctrica y agua || 1314 Directores y gerentes en producción manufacturera || 1315 Directores y gerentes en construcción, reparación y mantenimiento"
4170,1,5,1150,6101,7,7,original_coincide_con_consenso_oficial,1,325,"Capataces, caporales, mayorales y similares en actividades agropecuarias,silvícolas y pesqueras",6101|6201,"6101 Supervisores, encargados y capataces agropecuarios || 6201 Supervisores, encargados y capataces de trabajadores en actividades pesqueras, acuícolas, forestales, caza y similares"
6160,1,4,4681,1711,2,2,original_coincide_con_consenso_oficial,4,323,"Jefes de departamento, coordinadores y supervisores en servicios de restaurante, hospedaje y comercio",1711|1712,"1711 Coordinadores y jefes de área de ventas, comercialización y alquiler || 1712 Coordinadores y jefes de área de restaurantes y hoteles"
5400,1,6,9314,9236,10,10,original_coincide_con_consenso_oficial,2,323,"Ayudantes, peones y similares en la fabricación de alimentos, bebidas y productos de tabaco",9236|9411,"9236 Trabajadores de apoyo en la industria de alimentos, bebidas y productos de tabaco || 9411 Ayudantes en la preparación de alimentos"
7201,2,2,4652,4224,3,NA,requiere_revision_semantica,2,323,Vendedores ambulantes de artículos diversos,4224|9512|9661|9663,4224 Vendedores por catálogo || 9512 Vendedores ambulantes de artículos diversos (excluyendo los de venta de alimentos) || 9661 Recolectores de basura y material reciclable || 9663 Recolectores de otros materiales
6150,1,5,5411,1721,1,1,original_coincide_con_consenso_oficial,1,323,"Jefes de departamento, coordinadores y supervisores en servicios culturales y de esparcimiento",1721|1722,"1721 Coordinadores y jefes de área en actividades artísticas, de cine, teatro y afines || 1722 Coordinadores y jefes de área en museos, cines, deportivos y servicios culturales"
5246,1,6,4350,2634,8,8,original_coincide_con_consenso_oficial,1,323,"Mecánicos, ajustadores, instaladores y trabajadores de mantenimiento y reparación de maquinaria, instrumentos industriales y equipos de refrigeración",2634|2638,"2634 Mecánicos en mantenimiento y reparación de maquinaria e instrumentos industriales || 2638 Mecánicos en instalación, mantenimiento y reparación de equipos de refrigeración, climas y aire acondicionado."
6101,1,6,6222,1523,1,NA,requiere_revision_semantica,1,322,"Jefes de departamento, coordinadores y supervisores en servicios de educación",1523|2311,1523 Coordinadores y jefes de área en centros de enseñanza y capacitación || 2311 Supervisores e inspectores educativos
5246,1,6,3140,2634,8,8,original_coincide_con_consenso_oficial,3,322,"Mecánicos, ajustadores, instaladores y trabajadores de mantenimiento y reparación de maquinaria, instrumentos industriales y equipos de refrigeración",2634|2638,"2634 Mecánicos en mantenimiento y reparación de maquinaria e instrumentos industriales || 2638 Mecánicos en instalación, mantenimiento y reparación de equipos de refrigeración, climas y aire acondicionado."
2124,1,5,9314,1312,1,1,original_coincide_con_consenso_oficial,1,322,"Directores, gerentes y administradores de área o establecimientos en actividades de producción en industrias manufactureras, en la construcción y los servicios de reparación y mantenimiento",1312|1313|1314|1315,"1312 Directores y gerentes en producción minera, petrolera y gas || 1313 Directores y gerentes en generación y provisión de energía eléctrica y agua || 1314 Directores y gerentes en producción manufacturera || 1315 Directores y gerentes en construcción, reparación y mantenimiento"
6180,1,6,5620,1723,1,NA,requiere_revision_semantica,1,322,"Otros jefes de departamento, coordinadores y supervisores en actividades no clasificadas anteriormente",1723|5201|9601,"1723 Coordinadores y jefes de área en servicios funerarios y otros servicios || 5201 Supervisores y encargados de trabajadores en cuidados personales y del hogar || 9601 Supervisores en limpieza, amas de llaves, mayordomos y en estacionamientos"
1250,1,4,5615,2531,3,NA,requiere_revision_semantica,1,320,Técnicos en ciencias sociales,2531|2532|2711,2531 Auxiliares en ciencias sociales y humanistas || 2532 Auxiliares en servicios jurídicos || 2711 Auxiliares y técnicos en pedagogía y en educación
5410,4,2,2123,9211,11,11,original_coincide_con_consenso_oficial,2,320,"Ayudantes, peones y similares en la extracción en minas, canteras y pozos",9211|9212,9211 Trabajadores de apoyo en la minería || 9212 Trabajadores de apoyo en la extracción
7201,1,5,4661,4224,3,NA,requiere_revision_semantica,1,319,Vendedores ambulantes de artículos diversos,4224|9512|9661|9663,4224 Vendedores por catálogo || 9512 Vendedores ambulantes de artículos diversos (excluyendo los de venta de alimentos) || 9661 Recolectores de basura y material reciclable || 9663 Recolectores de otros materiales
5141,1,6,9800,2630,2,NA,requiere_revision_semantica,1,318,"Supervisores, inspectores y similares en la fabricación metalúrgica y en la fabricación de productos eléctricos y electrónicos, la reparación y mantenimiento de maquinaria y productos metálicos y de precisión",2630|7201|8201,"2630 Supervisores de mecánicos y técnicos en mantenimiento y reparación de equipos mecánicos, vehículos de motor, instrumentos industriales y equipo de refrigeración || 7201 Supervisores de artesanos y trabajadores en el tratamiento y elaboración de productos de metal || 8201 Supervisores en procesos de ensamblado y montaje de maquinaria, herramientas y productos metálicos y electrónicos"
6160,1,3,4330,1711,2,2,original_coincide_con_consenso_oficial,1,318,"Jefes de departamento, coordinadores y supervisores en servicios de restaurante, hospedaje y comercio",1711|1712,"1711 Coordinadores y jefes de área de ventas, comercialización y alquiler || 1712 Coordinadores y jefes de área de restaurantes y hoteles"
6121,1,7,9314,1623,2,2,original_coincide_con_consenso_oficial,1,318,"Jefes de departamento, coordinadores y supervisores en la coordinación del transporte",1623|2661|2662|8301,"1623 Coordinadores y jefes de área en servicios de transporte || 2661 Controladores de tráfico aéreo || 2662 Controladores de tráfico de otros transportes (terrestre, ferroviario y marítimo) || 8301 Supervisores de conductores de transporte y de maquinaria móvil"
6180,1,7,5240,1723,2,NA,requiere_revision_semantica,2,317,"Otros jefes de departamento, coordinadores y supervisores en actividades no clasificadas anteriormente",1723|5201|9601,"1723 Coordinadores y jefes de área en servicios funerarios y otros servicios || 5201 Supervisores y encargados de trabajadores en cuidados personales y del hogar || 9601 Supervisores en limpieza, amas de llaves, mayordomos y en estacionamientos"
1204,2,2,8111,2621,2,NA,requiere_revision_semantica,2,317,"Técnicos en ingeniería química, industrial y mecánica",2621|2631|2633|2635|2637|2645,"2621 Auxiliares y técnicos industriales y químicos || 2631 Técnicos en mantenimiento y reparación de vehículos de motor || 2633 Técnicos en mantenimiento y reparación de maquinaria e instrumentos industriales || 2635 Técnicos en mantenimiento y reparación de instrumentos de precisión y musicales || 2637 Técnicos en la instalación, reparación y mantenimiento de equipos de refrigeración, climas y aire acondicionado || 2645 Técnicos en reparación de equipos electromecánicos"
8100,1,2,3110,5112,4,4,original_coincide_con_consenso_oficial,2,316,Fonderos (preparan y sirven alimentos) en establecimientos,5112|5114,"5112 Fonderos, vendedores y comerciantes de comida || 5114 Taqueros y preparadores de comida rápida, antojitos, pizzas, hot dogs, jugos, café, etcétera"
6121,1,6,4920,1623,1,NA,requiere_revision_semantica,1,315,"Jefes de departamento, coordinadores y supervisores en la coordinación del transporte",1623|2661|2662|8301,"1623 Coordinadores y jefes de área en servicios de transporte || 2661 Controladores de tráfico aéreo || 2662 Controladores de tráfico de otros transportes (terrestre, ferroviario y marítimo) || 8301 Supervisores de conductores de transporte y de maquinaria móvil"
5141,1,3,3370,2630,2,NA,requiere_revision_semantica,1,315,"Supervisores, inspectores y similares en la fabricación metalúrgica y en la fabricación de productos eléctricos y electrónicos, la reparación y mantenimiento de maquinaria y productos metálicos y de precisión",2630|7201|8201,"2630 Supervisores de mecánicos y técnicos en mantenimiento y reparación de equipos mecánicos, vehículos de motor, instrumentos industriales y equipo de refrigeración || 7201 Supervisores de artesanos y trabajadores en el tratamiento y elaboración de productos de metal || 8201 Supervisores en procesos de ensamblado y montaje de maquinaria, herramientas y productos metálicos y electrónicos"
2125,1,2,4651,1223,2,2,original_coincide_con_consenso_oficial,1,314,Directores gerentes y administradores de área o establecimientos de enseñanza e investigación,1223|1324,1223 Directores y gerentes en centros de enseñanza y capacitación || 1324 Directores y gerentes en centros de investigación y desarrollo tecnológico
6160,1,5,3350,1711,1,1,original_coincide_con_consenso_oficial,1,314,"Jefes de departamento, coordinadores y supervisores en servicios de restaurante, hospedaje y comercio",1711|1712,"1711 Coordinadores y jefes de área de ventas, comercialización y alquiler || 1712 Coordinadores y jefes de área de restaurantes y hoteles"
6180,1,5,8111,1723,1,NA,requiere_revision_semantica,3,313,"Otros jefes de departamento, coordinadores y supervisores en actividades no clasificadas anteriormente",1723|5201|9601,"1723 Coordinadores y jefes de área en servicios funerarios y otros servicios || 5201 Supervisores y encargados de trabajadores en cuidados personales y del hogar || 9601 Supervisores en limpieza, amas de llaves, mayordomos y en estacionamientos"
1250,4,2,9700,2531,3,NA,requiere_revision_semantica,2,313,Técnicos en ciencias sociales,2531|2532|2711,2531 Auxiliares en ciencias sociales y humanistas || 2532 Auxiliares en servicios jurídicos || 2711 Auxiliares y técnicos en pedagogía y en educación
6160,1,2,4631,1711,2,2,original_coincide_con_consenso_oficial,3,313,"Jefes de departamento, coordinadores y supervisores en servicios de restaurante, hospedaje y comercio",1711|1712,"1711 Coordinadores y jefes de área de ventas, comercialización y alquiler || 1712 Coordinadores y jefes de área de restaurantes y hoteles"
2121,2,2,3270,1211,2,NA,requiere_revision_semantica,1,313,"Directores, gerentes y administradores de área o establecimientos de finanzas, contabilidad, recursos humanos, administración e impartición de justicia",1211|1212|1224|1321,"1211 Directores y gerentes en administración, recursos humanos y mercadotecnia || 1212 Directores y gerentes en servicios contables, financieros, banca y seguros || 1224 Jueces de juzgado, directores y gerentes en servicios legales y procuración de justicia || 1321 Directores y gerentes en informática"
6121,1,3,4340,1623,2,2,original_coincide_con_consenso_oficial,1,313,"Jefes de departamento, coordinadores y supervisores en la coordinación del transporte",1623|2661|2662|8301,"1623 Coordinadores y jefes de área en servicios de transporte || 2661 Controladores de tráfico aéreo || 2662 Controladores de tráfico de otros transportes (terrestre, ferroviario y marítimo) || 8301 Supervisores de conductores de transporte y de maquinaria móvil"
2121,1,7,5510,1211,2,NA,requiere_revision_semantica,1,313,"Directores, gerentes y administradores de área o establecimientos de finanzas, contabilidad, recursos humanos, administración e impartición de justicia",1211|1212|1224|1321,"1211 Directores y gerentes en administración, recursos humanos y mercadotecnia || 1212 Directores y gerentes en servicios contables, financieros, banca y seguros || 1224 Jueces de juzgado, directores y gerentes en servicios legales y procuración de justicia || 1321 Directores y gerentes en informática"
5246,1,6,2121,2634,8,8,original_coincide_con_consenso_oficial,1,312,"Mecánicos, ajustadores, instaladores y trabajadores de mantenimiento y reparación de maquinaria, instrumentos industriales y equipos de refrigeración",2634|2638,"2634 Mecánicos en mantenimiento y reparación de maquinaria e instrumentos industriales || 2638 Mecánicos en instalación, mantenimiento y reparación de equipos de refrigeración, climas y aire acondicionado."
4160,3,1,1130,6117,12,12,original_coincide_con_consenso_oficial,1,312,Trabajadores en actividades de beneficio de productos agropecuarios,6117|6128,6117 Trabajadores en actividades de beneficio de productos agrícolas || 6128 Trabajadores en actividades de beneficio de productos pecuarios
6110,1,2,5222,1512,2,2,original_coincide_con_consenso_oficial,3,311,"Jefes de departamento, coordinadores y supervisores en contabilidad y finanzas",1512|3101,"1512 Coordinadores y jefes de área en servicios contables, financieros, banca y seguros || 3101 Supervisores de secretarias, capturistas, cajeros y trabajadores de control de archivo y transporte"
5170,2,2,2382,1613,2,NA,requiere_revision_semantica,3,311,"Jefes, coordinadores y similares en la generación de energía, la instalación, reparación y mantenimiento de equipo eléctrico y de telecomunicaciones",1613|8101,1613 Coordinadores y jefes de área en generación y provisión de energía eléctrica y agua || 8101 Supervisores de operadores de maquinaria industrial
4134,1,2,3110,6225,13,NA,requiere_revision_semantica,1,311,Cortadores y recolectores de leña,6225|9124,6225 Cortadores de leña || 9124 Recolectores de leña y acarreadores de agua
8150,1,6,7112,3222,4,NA,requiere_revision_semantica,2,310,"Trabajadores de apoyo para la realización de espectáculos, turismo y deporte",3222|4233|5251|5254|9713,"3222 Guías de turismo en museos, casinos, parques, cines y otros centros recreativos || 4233 Modelos de moda, arte y publicidad || 5251 Astrólogos, adivinadores y afines || 5254 Entrenadores de animales y ocupaciones relacionadas con el cuidado de mascotas || 9713 Trabajadores de apoyo a la realización de espectáculos, deportes y en parques de diversiones"
6110,1,5,5230,1512,1,NA,requiere_revision_semantica,1,310,"Jefes de departamento, coordinadores y supervisores en contabilidad y finanzas",1512|3101,"1512 Coordinadores y jefes de área en servicios contables, financieros, banca y seguros || 3101 Supervisores de secretarias, capturistas, cajeros y trabajadores de control de archivo y transporte"
6110,1,4,9800,1512,2,2,original_coincide_con_consenso_oficial,1,309,"Jefes de departamento, coordinadores y supervisores en contabilidad y finanzas",1512|3101,"1512 Coordinadores y jefes de área en servicios contables, financieros, banca y seguros || 3101 Supervisores de secretarias, capturistas, cajeros y trabajadores de control de archivo y transporte"
5190,1,5,3360,NA,NA,NA,original_tampoco_resuelve,1,309,NA,NA,NA
2124,1,7,2370,1312,2,2,original_coincide_con_consenso_oficial,3,309,"Directores, gerentes y administradores de área o establecimientos en actividades de producción en industrias manufactureras, en la construcción y los servicios de reparación y mantenimiento",1312|1313|1314|1315,"1312 Directores y gerentes en producción minera, petrolera y gas || 1313 Directores y gerentes en generación y provisión de energía eléctrica y agua || 1314 Directores y gerentes en producción manufacturera || 1315 Directores y gerentes en construcción, reparación y mantenimiento"
8150,1,3,8121,3222,4,NA,requiere_revision_semantica,2,308,"Trabajadores de apoyo para la realización de espectáculos, turismo y deporte",3222|4233|5251|5254|9713,"3222 Guías de turismo en museos, casinos, parques, cines y otros centros recreativos || 4233 Modelos de moda, arte y publicidad || 5251 Astrólogos, adivinadores y afines || 5254 Entrenadores de animales y ocupaciones relacionadas con el cuidado de mascotas || 9713 Trabajadores de apoyo a la realización de espectáculos, deportes y en parques de diversiones"
6121,1,6,4820,1623,1,NA,requiere_revision_semantica,3,307,"Jefes de departamento, coordinadores y supervisores en la coordinación del transporte",1623|2661|2662|8301,"1623 Coordinadores y jefes de área en servicios de transporte || 2661 Controladores de tráfico aéreo || 2662 Controladores de tráfico de otros transportes (terrestre, ferroviario y marítimo) || 8301 Supervisores de conductores de transporte y de maquinaria móvil"
2124,2,2,3250,1312,2,2,original_coincide_con_consenso_oficial,2,306,"Directores, gerentes y administradores de área o establecimientos en actividades de producción en industrias manufactureras, en la construcción y los servicios de reparación y mantenimiento",1312|1313|1314|1315,"1312 Directores y gerentes en producción minera, petrolera y gas || 1313 Directores y gerentes en generación y provisión de energía eléctrica y agua || 1314 Directores y gerentes en producción manufacturera || 1315 Directores y gerentes en construcción, reparación y mantenimiento"
4134,4,2,3210,6225,13,NA,requiere_revision_semantica,1,306,Cortadores y recolectores de leña,6225|9124,6225 Cortadores de leña || 9124 Recolectores de leña y acarreadores de agua
6260,1,6,9314,3141,3,3,original_coincide_con_consenso_oficial,2,305,"Despachadores, checadores y similares en la operación del transporte",3141|3142,3141 Despachadores de transporte || 3142 Checadores y revisores de transporte
5380,1,3,3260,8131,9,NA,requiere_revision_semantica,1,305,Operadores de máquinas para el tratamiento de sustancias químicas y agua,8131|8134,8131 Operadores de máquinas para la elaboración de productos químicos || 8134 Operadores de máquinas para el tratamiento de agua
2126,1,4,6231,1222,1,NA,requiere_revision_semantica,1,304,"Directores, gerentes y administradores de área o establecimientos en servicios asistenciales y de readaptación social",1222|1225|1226,1222 Directores y gerentes en desarrollo social y económico || 1225 Comandantes de las fuerzas armadas || 1226 Directores en servicios de vigilancia y seguridad
4109,1,6,1121,6119,13,NA,requiere_revision_semantica,1,304,Otros trabajadores que desempeñan una ocupación afín a las comprendidas en este subgrupo,6119|9111,"6119 Otros trabajadores en actividades agrícolas, no clasificados anteriormente || 9111 Trabajadores de apoyo en actividades agrícolas"
2124,2,3,1141,1312,2,2,original_coincide_con_consenso_oficial,1,304,"Directores, gerentes y administradores de área o establecimientos en actividades de producción en industrias manufactureras, en la construcción y los servicios de reparación y mantenimiento",1312|1313|1314|1315,"1312 Directores y gerentes en producción minera, petrolera y gas || 1313 Directores y gerentes en generación y provisión de energía eléctrica y agua || 1314 Directores y gerentes en producción manufacturera || 1315 Directores y gerentes en construcción, reparación y mantenimiento"
2124,1,5,3160,1312,1,1,original_coincide_con_consenso_oficial,1,303,"Directores, gerentes y administradores de área o establecimientos en actividades de producción en industrias manufactureras, en la construcción y los servicios de reparación y mantenimiento",1312|1313|1314|1315,"1312 Directores y gerentes en producción minera, petrolera y gas || 1313 Directores y gerentes en generación y provisión de energía eléctrica y agua || 1314 Directores y gerentes en producción manufacturera || 1315 Directores y gerentes en construcción, reparación y mantenimiento"
6160,1,5,4641,1711,1,1,original_coincide_con_consenso_oficial,1,302,"Jefes de departamento, coordinadores y supervisores en servicios de restaurante, hospedaje y comercio",1711|1712,"1711 Coordinadores y jefes de área de ventas, comercialización y alquiler || 1712 Coordinadores y jefes de área de restaurantes y hoteles"
7201,1,5,4370,4224,3,NA,requiere_revision_semantica,1,302,Vendedores ambulantes de artículos diversos,4224|9512|9661|9663,4224 Vendedores por catálogo || 9512 Vendedores ambulantes de artículos diversos (excluyendo los de venta de alimentos) || 9661 Recolectores de basura y material reciclable || 9663 Recolectores de otros materiales
1250,1,5,9800,2531,3,NA,requiere_revision_semantica,1,300,Técnicos en ciencias sociales,2531|2532|2711,2531 Auxiliares en ciencias sociales y humanistas || 2532 Auxiliares en servicios jurídicos || 2711 Auxiliares y técnicos en pedagogía y en educación
5380,1,2,3110,8131,9,NA,requiere_revision_semantica,1,300,Operadores de máquinas para el tratamiento de sustancias químicas y agua,8131|8134,8131 Operadores de máquinas para la elaboración de productos químicos || 8134 Operadores de máquinas para el tratamiento de agua
6160,1,4,9800,1711,2,2,original_coincide_con_consenso_oficial,1,299,"Jefes de departamento, coordinadores y supervisores en servicios de restaurante, hospedaje y comercio",1711|1712,"1711 Coordinadores y jefes de área de ventas, comercialización y alquiler || 1712 Coordinadores y jefes de área de restaurantes y hoteles"
2124,2,2,3270,1312,2,2,original_coincide_con_consenso_oficial,4,299,"Directores, gerentes y administradores de área o establecimientos en actividades de producción en industrias manufactureras, en la construcción y los servicios de reparación y mantenimiento",1312|1313|1314|1315,"1312 Directores y gerentes en producción minera, petrolera y gas || 1313 Directores y gerentes en generación y provisión de energía eléctrica y agua || 1314 Directores y gerentes en producción manufacturera || 1315 Directores y gerentes en construcción, reparación y mantenimiento"
5141,1,6,8112,2630,2,NA,requiere_revision_semantica,4,299,"Supervisores, inspectores y similares en la fabricación metalúrgica y en la fabricación de productos eléctricos y electrónicos, la reparación y mantenimiento de maquinaria y productos metálicos y de precisión",2630|7201|8201,"2630 Supervisores de mecánicos y técnicos en mantenimiento y reparación de equipos mecánicos, vehículos de motor, instrumentos industriales y equipo de refrigeración || 7201 Supervisores de artesanos y trabajadores en el tratamiento y elaboración de productos de metal || 8201 Supervisores en procesos de ensamblado y montaje de maquinaria, herramientas y productos metálicos y electrónicos"
6121,3,1,4881,1623,2,2,original_coincide_con_consenso_oficial,1,297,"Jefes de departamento, coordinadores y supervisores en la coordinación del transporte",1623|2661|2662|8301,"1623 Coordinadores y jefes de área en servicios de transporte || 2661 Controladores de tráfico aéreo || 2662 Controladores de tráfico de otros transportes (terrestre, ferroviario y marítimo) || 8301 Supervisores de conductores de transporte y de maquinaria móvil"
6110,1,7,5222,1512,2,2,original_coincide_con_consenso_oficial,3,296,"Jefes de departamento, coordinadores y supervisores en contabilidad y finanzas",1512|3101,"1512 Coordinadores y jefes de área en servicios contables, financieros, banca y seguros || 3101 Supervisores de secretarias, capturistas, cajeros y trabajadores de control de archivo y transporte"
4170,1,3,3110,6101,7,7,original_coincide_con_consenso_oficial,1,295,"Capataces, caporales, mayorales y similares en actividades agropecuarias,silvícolas y pesqueras",6101|6201,"6101 Supervisores, encargados y capataces agropecuarios || 6201 Supervisores, encargados y capataces de trabajadores en actividades pesqueras, acuícolas, forestales, caza y similares"
4120,1,7,1121,6131,13,NA,requiere_revision_semantica,1,294,Trabajadores que combinan actividades agrícolas con ganaderas,6131|9113,6131 Trabajadores que combinan actividades agrícolas con ganaderas || 9113 Trabajadores de apoyo que realizan actividades agrícolas y ganaderas
6100,1,4,6221,1521,2,2,original_coincide_con_consenso_oficial,1,293,"Jefes de departamento, coordinadores y supervisores en servicios de salud y asistencia social",1521|2524,"1521 Coordinadores y jefes de área en servicios de salud, protección civil y medio ambiente || 2524 Inspectores en seguridad social, de precios y otros inspectores públicos"
4170,1,4,1121,6101,7,7,original_coincide_con_consenso_oficial,1,293,"Capataces, caporales, mayorales y similares en actividades agropecuarias,silvícolas y pesqueras",6101|6201,"6101 Supervisores, encargados y capataces agropecuarios || 6201 Supervisores, encargados y capataces de trabajadores en actividades pesqueras, acuícolas, forestales, caza y similares"
8150,1,2,4870,3222,4,NA,requiere_revision_semantica,1,293,"Trabajadores de apoyo para la realización de espectáculos, turismo y deporte",3222|4233|5251|5254|9713,"3222 Guías de turismo en museos, casinos, parques, cines y otros centros recreativos || 4233 Modelos de moda, arte y publicidad || 5251 Astrólogos, adivinadores y afines || 5254 Entrenadores de animales y ocupaciones relacionadas con el cuidado de mascotas || 9713 Trabajadores de apoyo a la realización de espectáculos, deportes y en parques de diversiones"
8310,1,6,9312,5401,2,NA,requiere_revision_semantica,3,292,Trabajadores de la fuerza armada aérea,5401|5411,5401 Supervisores de las fuerzas armadas || 5411 Trabajadores de la fuerza armada aérea
1230,1,3,6132,2612,2,NA,requiere_revision_semantica,2,292,Técnicos laboratoristas químicos y biólogos,2612|2813|2827,"2612 Auxiliares y técnicos en ciencias biológicas, químicas y del medio ambiente || 2813 Técnicos de laboratorios médicos || 2827 Fumigadores y controladores de plagas"
2123,1,5,4881,1322,1,1,original_coincide_con_consenso_oficial,1,292,"Directores, gerentes y administradores de área o establecimientos en comunicaciones y transportes",1322|1323,1322 Directores y gerentes en comunicación y telecomunicaciones || 1323 Directores y gerentes en servicios de transporte
1250,4,3,5411,2531,3,NA,requiere_revision_semantica,2,291,Técnicos en ciencias sociales,2531|2532|2711,2531 Auxiliares en ciencias sociales y humanistas || 2532 Auxiliares en servicios jurídicos || 2711 Auxiliares y técnicos en pedagogía y en educación
5410,1,2,2123,9211,11,11,original_coincide_con_consenso_oficial,1,291,"Ayudantes, peones y similares en la extracción en minas, canteras y pozos",9211|9212,9211 Trabajadores de apoyo en la minería || 9212 Trabajadores de apoyo en la extracción
6101,1,6,3360,1523,1,NA,requiere_revision_semantica,1,290,"Jefes de departamento, coordinadores y supervisores en servicios de educación",1523|2311,1523 Coordinadores y jefes de área en centros de enseñanza y capacitación || 2311 Supervisores e inspectores educativos
7201,1,5,4652,4224,3,NA,requiere_revision_semantica,1,289,Vendedores ambulantes de artículos diversos,4224|9512|9661|9663,4224 Vendedores por catálogo || 9512 Vendedores ambulantes de artículos diversos (excluyendo los de venta de alimentos) || 9661 Recolectores de basura y material reciclable || 9663 Recolectores de otros materiales
1429,1,2,7120,NA,NA,NA,original_tampoco_resuelve,1,289,NA,NA,NA
6131,1,7,8112,NA,NA,NA,original_tampoco_resuelve,1,288,NA,NA,NA
7201,3,2,4671,4224,3,NA,requiere_revision_semantica,1,287,Vendedores ambulantes de artículos diversos,4224|9512|9661|9663,4224 Vendedores por catálogo || 9512 Vendedores ambulantes de artículos diversos (excluyendo los de venta de alimentos) || 9661 Recolectores de basura y material reciclable || 9663 Recolectores de otros materiales
5380,1,4,3250,8131,9,NA,requiere_revision_semantica,2,287,Operadores de máquinas para el tratamiento de sustancias químicas y agua,8131|8134,8131 Operadores de máquinas para la elaboración de productos químicos || 8134 Operadores de máquinas para el tratamiento de agua
8150,1,6,9313,3222,4,NA,requiere_revision_semantica,5,286,"Trabajadores de apoyo para la realización de espectáculos, turismo y deporte",3222|4233|5251|5254|9713,"3222 Guías de turismo en museos, casinos, parques, cines y otros centros recreativos || 4233 Modelos de moda, arte y publicidad || 5251 Astrólogos, adivinadores y afines || 5254 Entrenadores de animales y ocupaciones relacionadas con el cuidado de mascotas || 9713 Trabajadores de apoyo a la realización de espectáculos, deportes y en parques de diversiones"
7201,1,7,4330,4224,3,NA,requiere_revision_semantica,1,286,Vendedores ambulantes de artículos diversos,4224|9512|9661|9663,4224 Vendedores por catálogo || 9512 Vendedores ambulantes de artículos diversos (excluyendo los de venta de alimentos) || 9661 Recolectores de basura y material reciclable || 9663 Recolectores de otros materiales
8150,1,4,4651,3222,4,NA,requiere_revision_semantica,1,285,"Trabajadores de apoyo para la realización de espectáculos, turismo y deporte",3222|4233|5251|5254|9713,"3222 Guías de turismo en museos, casinos, parques, cines y otros centros recreativos || 4233 Modelos de moda, arte y publicidad || 5251 Astrólogos, adivinadores y afines || 5254 Entrenadores de animales y ocupaciones relacionadas con el cuidado de mascotas || 9713 Trabajadores de apoyo a la realización de espectáculos, deportes y en parques de diversiones"
7121,1,3,9700,8344,9,NA,requiere_revision_semantica,1,285,Repartidores,8344|9723,8344 Conductores de motocicleta || 9723 Repartidores de mercancías (a pie y en bicicleta)
7121,4,2,4611,8344,9,NA,requiere_revision_semantica,4,284,Repartidores,8344|9723,8344 Conductores de motocicleta || 9723 Repartidores de mercancías (a pie y en bicicleta)
1204,1,6,3240,2621,2,NA,requiere_revision_semantica,3,283,"Técnicos en ingeniería química, industrial y mecánica",2621|2631|2633|2635|2637|2645,"2621 Auxiliares y técnicos industriales y químicos || 2631 Técnicos en mantenimiento y reparación de vehículos de motor || 2633 Técnicos en mantenimiento y reparación de maquinaria e instrumentos industriales || 2635 Técnicos en mantenimiento y reparación de instrumentos de precisión y musicales || 2637 Técnicos en la instalación, reparación y mantenimiento de equipos de refrigeración, climas y aire acondicionado || 2645 Técnicos en reparación de equipos electromecánicos"
5246,1,6,5110,2634,8,8,original_coincide_con_consenso_oficial,3,282,"Mecánicos, ajustadores, instaladores y trabajadores de mantenimiento y reparación de maquinaria, instrumentos industriales y equipos de refrigeración",2634|2638,"2634 Mecánicos en mantenimiento y reparación de maquinaria e instrumentos industriales || 2638 Mecánicos en instalación, mantenimiento y reparación de equipos de refrigeración, climas y aire acondicionado."
4119,4,2,1110,6129,13,NA,requiere_revision_semantica,3,281,Otros trabajadores que desempeñan una ocupación afín a las comprendidas en este subgrupo,6129|9112,"6129 Otros trabajadores en actividades ganaderas y en la cría de animales, no clasificados anteriormente || 9112 Trabajadores de apoyo en actividades ganaderas"
2123,2,4,4840,1322,2,2,original_coincide_con_consenso_oficial,2,281,"Directores, gerentes y administradores de área o establecimientos en comunicaciones y transportes",1322|1323,1322 Directores y gerentes en comunicación y telecomunicaciones || 1323 Directores y gerentes en servicios de transporte
1250,1,7,6111,2531,3,NA,requiere_revision_semantica,1,281,Técnicos en ciencias sociales,2531|2532|2711,2531 Auxiliares en ciencias sociales y humanistas || 2532 Auxiliares en servicios jurídicos || 2711 Auxiliares y técnicos en pedagogía y en educación
4120,4,2,3110,6131,13,NA,requiere_revision_semantica,1,281,Trabajadores que combinan actividades agrícolas con ganaderas,6131|9113,6131 Trabajadores que combinan actividades agrícolas con ganaderas || 9113 Trabajadores de apoyo que realizan actividades agrícolas y ganaderas
4151,4,2,1122,6212,13,NA,requiere_revision_semantica,2,280,Trabajadores en actividades de acuacultura,6212|9122,6212 Trabajadores en actividades de acuacultura || 9122 Trabajadores de apoyo en actividades de acuicultura y pesca
5400,1,5,9800,9236,10,10,original_coincide_con_consenso_oficial,1,278,"Ayudantes, peones y similares en la fabricación de alimentos, bebidas y productos de tabaco",9236|9411,"9236 Trabajadores de apoyo en la industria de alimentos, bebidas y productos de tabaco || 9411 Ayudantes en la preparación de alimentos"
5141,1,5,8112,2630,2,NA,requiere_revision_semantica,2,278,"Supervisores, inspectores y similares en la fabricación metalúrgica y en la fabricación de productos eléctricos y electrónicos, la reparación y mantenimiento de maquinaria y productos metálicos y de precisión",2630|7201|8201,"2630 Supervisores de mecánicos y técnicos en mantenimiento y reparación de equipos mecánicos, vehículos de motor, instrumentos industriales y equipo de refrigeración || 7201 Supervisores de artesanos y trabajadores en el tratamiento y elaboración de productos de metal || 8201 Supervisores en procesos de ensamblado y montaje de maquinaria, herramientas y productos metálicos y electrónicos"
7201,3,1,3110,4224,3,NA,requiere_revision_semantica,1,278,Vendedores ambulantes de artículos diversos,4224|9512|9661|9663,4224 Vendedores por catálogo || 9512 Vendedores ambulantes de artículos diversos (excluyendo los de venta de alimentos) || 9661 Recolectores de basura y material reciclable || 9663 Recolectores de otros materiales
6110,1,5,9314,1512,1,NA,requiere_revision_semantica,2,276,"Jefes de departamento, coordinadores y supervisores en contabilidad y finanzas",1512|3101,"1512 Coordinadores y jefes de área en servicios contables, financieros, banca y seguros || 3101 Supervisores de secretarias, capturistas, cajeros y trabajadores de control de archivo y transporte"
5246,1,7,3330,2634,9,9,original_coincide_con_consenso_oficial,1,276,"Mecánicos, ajustadores, instaladores y trabajadores de mantenimiento y reparación de maquinaria, instrumentos industriales y equipos de refrigeración",2634|2638,"2634 Mecánicos en mantenimiento y reparación de maquinaria e instrumentos industriales || 2638 Mecánicos en instalación, mantenimiento y reparación de equipos de refrigeración, climas y aire acondicionado."
5141,1,7,3220,2630,2,NA,requiere_revision_semantica,1,275,"Supervisores, inspectores y similares en la fabricación metalúrgica y en la fabricación de productos eléctricos y electrónicos, la reparación y mantenimiento de maquinaria y productos metálicos y de precisión",2630|7201|8201,"2630 Supervisores de mecánicos y técnicos en mantenimiento y reparación de equipos mecánicos, vehículos de motor, instrumentos industriales y equipo de refrigeración || 7201 Supervisores de artesanos y trabajadores en el tratamiento y elaboración de productos de metal || 8201 Supervisores en procesos de ensamblado y montaje de maquinaria, herramientas y productos metálicos y electrónicos"
5190,1,6,5620,NA,NA,NA,original_tampoco_resuelve,1,275,NA,NA,NA
5246,1,5,4671,2634,8,8,original_coincide_con_consenso_oficial,1,274,"Mecánicos, ajustadores, instaladores y trabajadores de mantenimiento y reparación de maquinaria, instrumentos industriales y equipos de refrigeración",2634|2638,"2634 Mecánicos en mantenimiento y reparación de maquinaria e instrumentos industriales || 2638 Mecánicos en instalación, mantenimiento y reparación de equipos de refrigeración, climas y aire acondicionado."
1204,1,6,4681,2621,2,NA,requiere_revision_semantica,2,274,"Técnicos en ingeniería química, industrial y mecánica",2621|2631|2633|2635|2637|2645,"2621 Auxiliares y técnicos industriales y químicos || 2631 Técnicos en mantenimiento y reparación de vehículos de motor || 2633 Técnicos en mantenimiento y reparación de maquinaria e instrumentos industriales || 2635 Técnicos en mantenimiento y reparación de instrumentos de precisión y musicales || 2637 Técnicos en la instalación, reparación y mantenimiento de equipos de refrigeración, climas y aire acondicionado || 2645 Técnicos en reparación de equipos electromecánicos"
6130,1,3,9314,1621,2,2,original_coincide_con_consenso_oficial,1,274,"Jefes de departamento, coordinadores y supervisores en servicios estadísticos e informáticos",1621|3201,1621 Coordinadores y jefes de área en informática || 3201 Supervisores de trabajadores que brindan y manejan información
2123,1,6,9312,1322,1,1,original_coincide_con_consenso_oficial,1,274,"Directores, gerentes y administradores de área o establecimientos en comunicaciones y transportes",1322|1323,1322 Directores y gerentes en comunicación y telecomunicaciones || 1323 Directores y gerentes en servicios de transporte
2124,1,6,2110,1312,1,1,original_coincide_con_consenso_oficial,3,273,"Directores, gerentes y administradores de área o establecimientos en actividades de producción en industrias manufactureras, en la construcción y los servicios de reparación y mantenimiento",1312|1313|1314|1315,"1312 Directores y gerentes en producción minera, petrolera y gas || 1313 Directores y gerentes en generación y provisión de energía eléctrica y agua || 1314 Directores y gerentes en producción manufacturera || 1315 Directores y gerentes en construcción, reparación y mantenimiento"
2121,1,2,5240,1211,2,NA,requiere_revision_semantica,1,273,"Directores, gerentes y administradores de área o establecimientos de finanzas, contabilidad, recursos humanos, administración e impartición de justicia",1211|1212|1224|1321,"1211 Directores y gerentes en administración, recursos humanos y mercadotecnia || 1212 Directores y gerentes en servicios contables, financieros, banca y seguros || 1224 Jueces de juzgado, directores y gerentes en servicios legales y procuración de justicia || 1321 Directores y gerentes en informática"
1204,1,3,4350,2621,2,NA,requiere_revision_semantica,1,272,"Técnicos en ingeniería química, industrial y mecánica",2621|2631|2633|2635|2637|2645,"2621 Auxiliares y técnicos industriales y químicos || 2631 Técnicos en mantenimiento y reparación de vehículos de motor || 2633 Técnicos en mantenimiento y reparación de maquinaria e instrumentos industriales || 2635 Técnicos en mantenimiento y reparación de instrumentos de precisión y musicales || 2637 Técnicos en la instalación, reparación y mantenimiento de equipos de refrigeración, climas y aire acondicionado || 2645 Técnicos en reparación de equipos electromecánicos"
6180,1,4,4840,1723,2,NA,requiere_revision_semantica,1,272,"Otros jefes de departamento, coordinadores y supervisores en actividades no clasificadas anteriormente",1723|5201|9601,"1723 Coordinadores y jefes de área en servicios funerarios y otros servicios || 5201 Supervisores y encargados de trabajadores en cuidados personales y del hogar || 9601 Supervisores en limpieza, amas de llaves, mayordomos y en estacionamientos"
1204,1,7,3360,2621,2,NA,requiere_revision_semantica,2,269,"Técnicos en ingeniería química, industrial y mecánica",2621|2631|2633|2635|2637|2645,"2621 Auxiliares y técnicos industriales y químicos || 2631 Técnicos en mantenimiento y reparación de vehículos de motor || 2633 Técnicos en mantenimiento y reparación de maquinaria e instrumentos industriales || 2635 Técnicos en mantenimiento y reparación de instrumentos de precisión y musicales || 2637 Técnicos en la instalación, reparación y mantenimiento de equipos de refrigeración, climas y aire acondicionado || 2645 Técnicos en reparación de equipos electromecánicos"
2121,2,4,3210,1211,2,NA,requiere_revision_semantica,1,269,"Directores, gerentes y administradores de área o establecimientos de finanzas, contabilidad, recursos humanos, administración e impartición de justicia",1211|1212|1224|1321,"1211 Directores y gerentes en administración, recursos humanos y mercadotecnia || 1212 Directores y gerentes en servicios contables, financieros, banca y seguros || 1224 Jueces de juzgado, directores y gerentes en servicios legales y procuración de justicia || 1321 Directores y gerentes en informática"
2121,3,2,4631,1211,2,NA,requiere_revision_semantica,1,269,"Directores, gerentes y administradores de área o establecimientos de finanzas, contabilidad, recursos humanos, administración e impartición de justicia",1211|1212|1224|1321,"1211 Directores y gerentes en administración, recursos humanos y mercadotecnia || 1212 Directores y gerentes en servicios contables, financieros, banca y seguros || 1224 Jueces de juzgado, directores y gerentes en servicios legales y procuración de justicia || 1321 Directores y gerentes en informática"
2124,1,5,3370,1312,1,1,original_coincide_con_consenso_oficial,1,268,"Directores, gerentes y administradores de área o establecimientos en actividades de producción en industrias manufactureras, en la construcción y los servicios de reparación y mantenimiento",1312|1313|1314|1315,"1312 Directores y gerentes en producción minera, petrolera y gas || 1313 Directores y gerentes en generación y provisión de energía eléctrica y agua || 1314 Directores y gerentes en producción manufacturera || 1315 Directores y gerentes en construcción, reparación y mantenimiento"
5141,1,7,8112,2630,2,NA,requiere_revision_semantica,2,268,"Supervisores, inspectores y similares en la fabricación metalúrgica y en la fabricación de productos eléctricos y electrónicos, la reparación y mantenimiento de maquinaria y productos metálicos y de precisión",2630|7201|8201,"2630 Supervisores de mecánicos y técnicos en mantenimiento y reparación de equipos mecánicos, vehículos de motor, instrumentos industriales y equipo de refrigeración || 7201 Supervisores de artesanos y trabajadores en el tratamiento y elaboración de productos de metal || 8201 Supervisores en procesos de ensamblado y montaje de maquinaria, herramientas y productos metálicos y electrónicos"
2121,4,3,4681,1211,2,NA,requiere_revision_semantica,2,267,"Directores, gerentes y administradores de área o establecimientos de finanzas, contabilidad, recursos humanos, administración e impartición de justicia",1211|1212|1224|1321,"1211 Directores y gerentes en administración, recursos humanos y mercadotecnia || 1212 Directores y gerentes en servicios contables, financieros, banca y seguros || 1224 Jueces de juzgado, directores y gerentes en servicios legales y procuración de justicia || 1321 Directores y gerentes en informática"
1204,1,5,4681,2621,2,NA,requiere_revision_semantica,2,267,"Técnicos en ingeniería química, industrial y mecánica",2621|2631|2633|2635|2637|2645,"2621 Auxiliares y técnicos industriales y químicos || 2631 Técnicos en mantenimiento y reparación de vehículos de motor || 2633 Técnicos en mantenimiento y reparación de maquinaria e instrumentos industriales || 2635 Técnicos en mantenimiento y reparación de instrumentos de precisión y musicales || 2637 Técnicos en la instalación, reparación y mantenimiento de equipos de refrigeración, climas y aire acondicionado || 2645 Técnicos en reparación de equipos electromecánicos"
6121,1,6,4830,1623,1,NA,requiere_revision_semantica,1,267,"Jefes de departamento, coordinadores y supervisores en la coordinación del transporte",1623|2661|2662|8301,"1623 Coordinadores y jefes de área en servicios de transporte || 2661 Controladores de tráfico aéreo || 2662 Controladores de tráfico de otros transportes (terrestre, ferroviario y marítimo) || 8301 Supervisores de conductores de transporte y de maquinaria móvil"
1250,1,2,9314,2531,3,NA,requiere_revision_semantica,1,267,Técnicos en ciencias sociales,2531|2532|2711,2531 Auxiliares en ciencias sociales y humanistas || 2532 Auxiliares en servicios jurídicos || 2711 Auxiliares y técnicos en pedagogía y en educación
7121,3,2,4611,8344,6,NA,requiere_revision_semantica,1,267,Repartidores,8344|9723,8344 Conductores de motocicleta || 9723 Repartidores de mercancías (a pie y en bicicleta)
6110,1,6,6132,1512,1,NA,requiere_revision_semantica,4,266,"Jefes de departamento, coordinadores y supervisores en contabilidad y finanzas",1512|3101,"1512 Coordinadores y jefes de área en servicios contables, financieros, banca y seguros || 3101 Supervisores de secretarias, capturistas, cajeros y trabajadores de control de archivo y transporte"
2124,4,3,3110,1312,2,2,original_coincide_con_consenso_oficial,2,266,"Directores, gerentes y administradores de área o establecimientos en actividades de producción en industrias manufactureras, en la construcción y los servicios de reparación y mantenimiento",1312|1313|1314|1315,"1312 Directores y gerentes en producción minera, petrolera y gas || 1313 Directores y gerentes en generación y provisión de energía eléctrica y agua || 1314 Directores y gerentes en producción manufacturera || 1315 Directores y gerentes en construcción, reparación y mantenimiento"
7121,1,2,4641,8344,9,NA,requiere_revision_semantica,2,266,Repartidores,8344|9723,8344 Conductores de motocicleta || 9723 Repartidores de mercancías (a pie y en bicicleta)
5246,1,6,3160,2634,8,8,original_coincide_con_consenso_oficial,2,263,"Mecánicos, ajustadores, instaladores y trabajadores de mantenimiento y reparación de maquinaria, instrumentos industriales y equipos de refrigeración",2634|2638,"2634 Mecánicos en mantenimiento y reparación de maquinaria e instrumentos industriales || 2638 Mecánicos en instalación, mantenimiento y reparación de equipos de refrigeración, climas y aire acondicionado."
2126,1,5,9314,1222,1,NA,requiere_revision_semantica,1,263,"Directores, gerentes y administradores de área o establecimientos en servicios asistenciales y de readaptación social",1222|1225|1226,1222 Directores y gerentes en desarrollo social y económico || 1225 Comandantes de las fuerzas armadas || 1226 Directores en servicios de vigilancia y seguridad
2123,1,6,4810,1322,1,1,original_coincide_con_consenso_oficial,1,263,"Directores, gerentes y administradores de área o establecimientos en comunicaciones y transportes",1322|1323,1322 Directores y gerentes en comunicación y telecomunicaciones || 1323 Directores y gerentes en servicios de transporte
6160,1,5,9800,1711,1,1,original_coincide_con_consenso_oficial,1,262,"Jefes de departamento, coordinadores y supervisores en servicios de restaurante, hospedaje y comercio",1711|1712,"1711 Coordinadores y jefes de área de ventas, comercialización y alquiler || 1712 Coordinadores y jefes de área de restaurantes y hoteles"
6110,1,6,3380,1512,1,NA,requiere_revision_semantica,1,262,"Jefes de departamento, coordinadores y supervisores en contabilidad y finanzas",1512|3101,"1512 Coordinadores y jefes de área en servicios contables, financieros, banca y seguros || 3101 Supervisores de secretarias, capturistas, cajeros y trabajadores de control de archivo y transporte"
5246,1,6,2123,2634,8,8,original_coincide_con_consenso_oficial,2,262,"Mecánicos, ajustadores, instaladores y trabajadores de mantenimiento y reparación de maquinaria, instrumentos industriales y equipos de refrigeración",2634|2638,"2634 Mecánicos en mantenimiento y reparación de maquinaria e instrumentos industriales || 2638 Mecánicos en instalación, mantenimiento y reparación de equipos de refrigeración, climas y aire acondicionado."
2124,2,2,3260,1312,2,2,original_coincide_con_consenso_oficial,2,261,"Directores, gerentes y administradores de área o establecimientos en actividades de producción en industrias manufactureras, en la construcción y los servicios de reparación y mantenimiento",1312|1313|1314|1315,"1312 Directores y gerentes en producción minera, petrolera y gas || 1313 Directores y gerentes en generación y provisión de energía eléctrica y agua || 1314 Directores y gerentes en producción manufacturera || 1315 Directores y gerentes en construcción, reparación y mantenimiento"
5141,1,7,3320,2630,2,NA,requiere_revision_semantica,2,260,"Supervisores, inspectores y similares en la fabricación metalúrgica y en la fabricación de productos eléctricos y electrónicos, la reparación y mantenimiento de maquinaria y productos metálicos y de precisión",2630|7201|8201,"2630 Supervisores de mecánicos y técnicos en mantenimiento y reparación de equipos mecánicos, vehículos de motor, instrumentos industriales y equipo de refrigeración || 7201 Supervisores de artesanos y trabajadores en el tratamiento y elaboración de productos de metal || 8201 Supervisores en procesos de ensamblado y montaje de maquinaria, herramientas y productos metálicos y electrónicos"
1230,1,7,3250,2612,2,NA,requiere_revision_semantica,2,260,Técnicos laboratoristas químicos y biólogos,2612|2813|2827,"2612 Auxiliares y técnicos en ciencias biológicas, químicas y del medio ambiente || 2813 Técnicos de laboratorios médicos || 2827 Fumigadores y controladores de plagas"
4160,1,7,4611,6117,13,13,original_coincide_con_consenso_oficial,1,260,Trabajadores en actividades de beneficio de productos agropecuarios,6117|6128,6117 Trabajadores en actividades de beneficio de productos agrícolas || 6128 Trabajadores en actividades de beneficio de productos pecuarios
6110,1,5,6132,1512,1,NA,requiere_revision_semantica,1,259,"Jefes de departamento, coordinadores y supervisores en contabilidad y finanzas",1512|3101,"1512 Coordinadores y jefes de área en servicios contables, financieros, banca y seguros || 3101 Supervisores de secretarias, capturistas, cajeros y trabajadores de control de archivo y transporte"
5190,1,6,2221,NA,NA,NA,original_tampoco_resuelve,1,259,NA,NA,NA
8100,1,2,3120,5112,4,4,original_coincide_con_consenso_oficial,1,259,Fonderos (preparan y sirven alimentos) en establecimientos,5112|5114,"5112 Fonderos, vendedores y comerciantes de comida || 5114 Taqueros y preparadores de comida rápida, antojitos, pizzas, hot dogs, jugos, café, etcétera"
1230,1,7,5411,2612,2,NA,requiere_revision_semantica,2,258,Técnicos laboratoristas químicos y biólogos,2612|2813|2827,"2612 Auxiliares y técnicos en ciencias biológicas, químicas y del medio ambiente || 2813 Técnicos de laboratorios médicos || 2827 Fumigadores y controladores de plagas"
4140,3,1,1150,6231,NA,NA,original_tampoco_resuelve,1,258,"Trabajadores en actividades de caza, trampería y similares",6231|9123,"6231 Trabajadores en actividades de caza, trampería y similares || 9123 Trabajadores de apoyo en actividades de caza y captura"
1204,1,6,6212,2621,2,NA,requiere_revision_semantica,3,257,"Técnicos en ingeniería química, industrial y mecánica",2621|2631|2633|2635|2637|2645,"2621 Auxiliares y técnicos industriales y químicos || 2631 Técnicos en mantenimiento y reparación de vehículos de motor || 2633 Técnicos en mantenimiento y reparación de maquinaria e instrumentos industriales || 2635 Técnicos en mantenimiento y reparación de instrumentos de precisión y musicales || 2637 Técnicos en la instalación, reparación y mantenimiento de equipos de refrigeración, climas y aire acondicionado || 2645 Técnicos en reparación de equipos electromecánicos"
6100,1,7,6222,1521,2,2,original_coincide_con_consenso_oficial,2,257,"Jefes de departamento, coordinadores y supervisores en servicios de salud y asistencia social",1521|2524,"1521 Coordinadores y jefes de área en servicios de salud, protección civil y medio ambiente || 2524 Inspectores en seguridad social, de precios y otros inspectores públicos"
6100,1,2,6251,1521,2,2,original_coincide_con_consenso_oficial,1,256,"Jefes de departamento, coordinadores y supervisores en servicios de salud y asistencia social",1521|2524,"1521 Coordinadores y jefes de área en servicios de salud, protección civil y medio ambiente || 2524 Inspectores en seguridad social, de precios y otros inspectores públicos"
2121,1,7,9314,1211,2,NA,requiere_revision_semantica,3,256,"Directores, gerentes y administradores de área o establecimientos de finanzas, contabilidad, recursos humanos, administración e impartición de justicia",1211|1212|1224|1321,"1211 Directores y gerentes en administración, recursos humanos y mercadotecnia || 1212 Directores y gerentes en servicios contables, financieros, banca y seguros || 1224 Jueces de juzgado, directores y gerentes en servicios legales y procuración de justicia || 1321 Directores y gerentes en informática"
1230,1,5,6221,2612,2,NA,requiere_revision_semantica,2,255,Técnicos laboratoristas químicos y biólogos,2612|2813|2827,"2612 Auxiliares y técnicos en ciencias biológicas, químicas y del medio ambiente || 2813 Técnicos de laboratorios médicos || 2827 Fumigadores y controladores de plagas"
2124,1,5,4350,1312,1,1,original_coincide_con_consenso_oficial,1,255,"Directores, gerentes y administradores de área o establecimientos en actividades de producción en industrias manufactureras, en la construcción y los servicios de reparación y mantenimiento",1312|1313|1314|1315,"1312 Directores y gerentes en producción minera, petrolera y gas || 1313 Directores y gerentes en generación y provisión de energía eléctrica y agua || 1314 Directores y gerentes en producción manufacturera || 1315 Directores y gerentes en construcción, reparación y mantenimiento"
2124,2,2,2123,1312,2,2,original_coincide_con_consenso_oficial,2,255,"Directores, gerentes y administradores de área o establecimientos en actividades de producción en industrias manufactureras, en la construcción y los servicios de reparación y mantenimiento",1312|1313|1314|1315,"1312 Directores y gerentes en producción minera, petrolera y gas || 1313 Directores y gerentes en generación y provisión de energía eléctrica y agua || 1314 Directores y gerentes en producción manufacturera || 1315 Directores y gerentes en construcción, reparación y mantenimiento"
1250,1,6,6111,2531,3,NA,requiere_revision_semantica,1,254,Técnicos en ciencias sociales,2531|2532|2711,2531 Auxiliares en ciencias sociales y humanistas || 2532 Auxiliares en servicios jurídicos || 2711 Auxiliares y técnicos en pedagogía y en educación
6260,1,6,4810,3141,3,3,original_coincide_con_consenso_oficial,3,253,"Despachadores, checadores y similares en la operación del transporte",3141|3142,3141 Despachadores de transporte || 3142 Checadores y revisores de transporte
2133,4,7,8130,1134,1,1,original_coincide_con_consenso_oficial,1,252,"Directivos de organizaciones humanitarias, religiosas, asociaciones civiles y ejidales",1134|1135,1134 Directores de organizaciones agrarias || 1135 Directores de organizaciones civiles y religiosas
5141,1,7,3340,2630,2,NA,requiere_revision_semantica,2,252,"Supervisores, inspectores y similares en la fabricación metalúrgica y en la fabricación de productos eléctricos y electrónicos, la reparación y mantenimiento de maquinaria y productos metálicos y de precisión",2630|7201|8201,"2630 Supervisores de mecánicos y técnicos en mantenimiento y reparación de equipos mecánicos, vehículos de motor, instrumentos industriales y equipo de refrigeración || 7201 Supervisores de artesanos y trabajadores en el tratamiento y elaboración de productos de metal || 8201 Supervisores en procesos de ensamblado y montaje de maquinaria, herramientas y productos metálicos y electrónicos"
6110,1,4,4681,1512,2,2,original_coincide_con_consenso_oficial,2,251,"Jefes de departamento, coordinadores y supervisores en contabilidad y finanzas",1512|3101,"1512 Coordinadores y jefes de área en servicios contables, financieros, banca y seguros || 3101 Supervisores de secretarias, capturistas, cajeros y trabajadores de control de archivo y transporte"
6150,1,6,9800,1721,1,1,original_coincide_con_consenso_oficial,1,250,"Jefes de departamento, coordinadores y supervisores en servicios culturales y de esparcimiento",1721|1722,"1721 Coordinadores y jefes de área en actividades artísticas, de cine, teatro y afines || 1722 Coordinadores y jefes de área en museos, cines, deportivos y servicios culturales"
6121,1,6,4310,1623,1,NA,requiere_revision_semantica,3,250,"Jefes de departamento, coordinadores y supervisores en la coordinación del transporte",1623|2661|2662|8301,"1623 Coordinadores y jefes de área en servicios de transporte || 2661 Controladores de tráfico aéreo || 2662 Controladores de tráfico de otros transportes (terrestre, ferroviario y marítimo) || 8301 Supervisores de conductores de transporte y de maquinaria móvil"
6150,1,5,8121,1721,1,1,original_coincide_con_consenso_oficial,2,250,"Jefes de departamento, coordinadores y supervisores en servicios culturales y de esparcimiento",1721|1722,"1721 Coordinadores y jefes de área en actividades artísticas, de cine, teatro y afines || 1722 Coordinadores y jefes de área en museos, cines, deportivos y servicios culturales"
5246,1,6,6132,2634,8,8,original_coincide_con_consenso_oficial,2,250,"Mecánicos, ajustadores, instaladores y trabajadores de mantenimiento y reparación de maquinaria, instrumentos industriales y equipos de refrigeración",2634|2638,"2634 Mecánicos en mantenimiento y reparación de maquinaria e instrumentos industriales || 2638 Mecánicos en instalación, mantenimiento y reparación de equipos de refrigeración, climas y aire acondicionado."
8150,1,5,7112,3222,4,NA,requiere_revision_semantica,1,249,"Trabajadores de apoyo para la realización de espectáculos, turismo y deporte",3222|4233|5251|5254|9713,"3222 Guías de turismo en museos, casinos, parques, cines y otros centros recreativos || 4233 Modelos de moda, arte y publicidad || 5251 Astrólogos, adivinadores y afines || 5254 Entrenadores de animales y ocupaciones relacionadas con el cuidado de mascotas || 9713 Trabajadores de apoyo a la realización de espectáculos, deportes y en parques de diversiones"
4160,1,6,1110,6117,13,13,original_coincide_con_consenso_oficial,2,249,Trabajadores en actividades de beneficio de productos agropecuarios,6117|6128,6117 Trabajadores en actividades de beneficio de productos agrícolas || 6128 Trabajadores en actividades de beneficio de productos pecuarios
5246,1,7,3260,2634,9,9,original_coincide_con_consenso_oficial,2,249,"Mecánicos, ajustadores, instaladores y trabajadores de mantenimiento y reparación de maquinaria, instrumentos industriales y equipos de refrigeración",2634|2638,"2634 Mecánicos en mantenimiento y reparación de maquinaria e instrumentos industriales || 2638 Mecánicos en instalación, mantenimiento y reparación de equipos de refrigeración, climas y aire acondicionado."
5410,1,6,2370,9211,10,10,original_coincide_con_consenso_oficial,1,249,"Ayudantes, peones y similares en la extracción en minas, canteras y pozos",9211|9212,9211 Trabajadores de apoyo en la minería || 9212 Trabajadores de apoyo en la extracción
6150,2,2,5615,1721,2,2,original_coincide_con_consenso_oficial,1,248,"Jefes de departamento, coordinadores y supervisores en servicios culturales y de esparcimiento",1721|1722,"1721 Coordinadores y jefes de área en actividades artísticas, de cine, teatro y afines || 1722 Coordinadores y jefes de área en museos, cines, deportivos y servicios culturales"
6110,1,5,4611,1512,1,NA,requiere_revision_semantica,1,248,"Jefes de departamento, coordinadores y supervisores en contabilidad y finanzas",1512|3101,"1512 Coordinadores y jefes de área en servicios contables, financieros, banca y seguros || 3101 Supervisores de secretarias, capturistas, cajeros y trabajadores de control de archivo y transporte"
6160,3,1,7210,1711,2,2,original_coincide_con_consenso_oficial,1,247,"Jefes de departamento, coordinadores y supervisores en servicios de restaurante, hospedaje y comercio",1711|1712,"1711 Coordinadores y jefes de área de ventas, comercialización y alquiler || 1712 Coordinadores y jefes de área de restaurantes y hoteles"
5190,1,5,4681,NA,NA,NA,original_tampoco_resuelve,1,247,NA,NA,NA
5246,1,7,3270,2634,9,9,original_coincide_con_consenso_oficial,2,247,"Mecánicos, ajustadores, instaladores y trabajadores de mantenimiento y reparación de maquinaria, instrumentos industriales y equipos de refrigeración",2634|2638,"2634 Mecánicos en mantenimiento y reparación de maquinaria e instrumentos industriales || 2638 Mecánicos en instalación, mantenimiento y reparación de equipos de refrigeración, climas y aire acondicionado."
1250,1,4,6111,2531,3,NA,requiere_revision_semantica,3,247,Técnicos en ciencias sociales,2531|2532|2711,2531 Auxiliares en ciencias sociales y humanistas || 2532 Auxiliares en servicios jurídicos || 2711 Auxiliares y técnicos en pedagogía y en educación
7201,1,2,4642,4224,3,NA,requiere_revision_semantica,3,247,Vendedores ambulantes de artículos diversos,4224|9512|9661|9663,4224 Vendedores por catálogo || 9512 Vendedores ambulantes de artículos diversos (excluyendo los de venta de alimentos) || 9661 Recolectores de basura y material reciclable || 9663 Recolectores de otros materiales
4109,3,1,2221,6119,12,NA,requiere_revision_semantica,1,247,Otros trabajadores que desempeñan una ocupación afín a las comprendidas en este subgrupo,6119|9111,"6119 Otros trabajadores en actividades agrícolas, no clasificados anteriormente || 9111 Trabajadores de apoyo en actividades agrícolas"
2121,1,7,4350,1211,2,NA,requiere_revision_semantica,2,247,"Directores, gerentes y administradores de área o establecimientos de finanzas, contabilidad, recursos humanos, administración e impartición de justicia",1211|1212|1224|1321,"1211 Directores y gerentes en administración, recursos humanos y mercadotecnia || 1212 Directores y gerentes en servicios contables, financieros, banca y seguros || 1224 Jueces de juzgado, directores y gerentes en servicios legales y procuración de justicia || 1321 Directores y gerentes en informática"
7121,1,3,3150,8344,9,NA,requiere_revision_semantica,1,247,Repartidores,8344|9723,8344 Conductores de motocicleta || 9723 Repartidores de mercancías (a pie y en bicicleta)
6180,1,5,9800,1723,1,NA,requiere_revision_semantica,1,246,"Otros jefes de departamento, coordinadores y supervisores en actividades no clasificadas anteriormente",1723|5201|9601,"1723 Coordinadores y jefes de área en servicios funerarios y otros servicios || 5201 Supervisores y encargados de trabajadores en cuidados personales y del hogar || 9601 Supervisores en limpieza, amas de llaves, mayordomos y en estacionamientos"
6160,1,4,4671,1711,2,2,original_coincide_con_consenso_oficial,3,246,"Jefes de departamento, coordinadores y supervisores en servicios de restaurante, hospedaje y comercio",1711|1712,"1711 Coordinadores y jefes de área de ventas, comercialización y alquiler || 1712 Coordinadores y jefes de área de restaurantes y hoteles"
5100,4,3,7221,1614,2,NA,requiere_revision_semantica,1,246,"Jefes, coordinadores y similares en la fabricación de alimentos, bebidas y productos de tabaco",1614|5101,"1614 Coordinadores y jefes de área en producción manufacturera || 5101 Supervisores en la preparación y servicio de alimentos y bebidas, así como en servicios de esparcimiento y de hotelería"
2121,2,3,1141,1211,2,NA,requiere_revision_semantica,1,246,"Directores, gerentes y administradores de área o establecimientos de finanzas, contabilidad, recursos humanos, administración e impartición de justicia",1211|1212|1224|1321,"1211 Directores y gerentes en administración, recursos humanos y mercadotecnia || 1212 Directores y gerentes en servicios contables, financieros, banca y seguros || 1224 Jueces de juzgado, directores y gerentes en servicios legales y procuración de justicia || 1321 Directores y gerentes en informática"
7201,1,2,3110,4224,3,NA,requiere_revision_semantica,2,246,Vendedores ambulantes de artículos diversos,4224|9512|9661|9663,4224 Vendedores por catálogo || 9512 Vendedores ambulantes de artículos diversos (excluyendo los de venta de alimentos) || 9661 Recolectores de basura y material reciclable || 9663 Recolectores de otros materiales
4160,1,3,4310,6117,13,13,original_coincide_con_consenso_oficial,2,244,Trabajadores en actividades de beneficio de productos agropecuarios,6117|6128,6117 Trabajadores en actividades de beneficio de productos agrícolas || 6128 Trabajadores en actividades de beneficio de productos pecuarios
5246,1,5,3320,2634,8,8,original_coincide_con_consenso_oficial,2,244,"Mecánicos, ajustadores, instaladores y trabajadores de mantenimiento y reparación de maquinaria, instrumentos industriales y equipos de refrigeración",2634|2638,"2634 Mecánicos en mantenimiento y reparación de maquinaria e instrumentos industriales || 2638 Mecánicos en instalación, mantenimiento y reparación de equipos de refrigeración, climas y aire acondicionado."
2123,1,6,4850,1322,1,1,original_coincide_con_consenso_oficial,2,244,"Directores, gerentes y administradores de área o establecimientos en comunicaciones y transportes",1322|1323,1322 Directores y gerentes en comunicación y telecomunicaciones || 1323 Directores y gerentes en servicios de transporte
2123,1,6,4910,1322,1,1,original_coincide_con_consenso_oficial,1,244,"Directores, gerentes y administradores de área o establecimientos en comunicaciones y transportes",1322|1323,1322 Directores y gerentes en comunicación y telecomunicaciones || 1323 Directores y gerentes en servicios de transporte
1250,1,3,9314,2531,3,NA,requiere_revision_semantica,1,244,Técnicos en ciencias sociales,2531|2532|2711,2531 Auxiliares en ciencias sociales y humanistas || 2532 Auxiliares en servicios jurídicos || 2711 Auxiliares y técnicos en pedagogía y en educación
6180,2,3,9800,1723,2,NA,requiere_revision_semantica,1,243,"Otros jefes de departamento, coordinadores y supervisores en actividades no clasificadas anteriormente",1723|5201|9601,"1723 Coordinadores y jefes de área en servicios funerarios y otros servicios || 5201 Supervisores y encargados de trabajadores en cuidados personales y del hogar || 9601 Supervisores en limpieza, amas de llaves, mayordomos y en estacionamientos"
1230,1,7,6132,2612,2,NA,requiere_revision_semantica,2,243,Técnicos laboratoristas químicos y biólogos,2612|2813|2827,"2612 Auxiliares y técnicos en ciencias biológicas, químicas y del medio ambiente || 2813 Técnicos de laboratorios médicos || 2827 Fumigadores y controladores de plagas"
6180,1,6,3110,1723,1,NA,requiere_revision_semantica,1,243,"Otros jefes de departamento, coordinadores y supervisores en actividades no clasificadas anteriormente",1723|5201|9601,"1723 Coordinadores y jefes de área en servicios funerarios y otros servicios || 5201 Supervisores y encargados de trabajadores en cuidados personales y del hogar || 9601 Supervisores en limpieza, amas de llaves, mayordomos y en estacionamientos"
1204,1,5,2381,2621,2,NA,requiere_revision_semantica,2,242,"Técnicos en ingeniería química, industrial y mecánica",2621|2631|2633|2635|2637|2645,"2621 Auxiliares y técnicos industriales y químicos || 2631 Técnicos en mantenimiento y reparación de vehículos de motor || 2633 Técnicos en mantenimiento y reparación de maquinaria e instrumentos industriales || 2635 Técnicos en mantenimiento y reparación de instrumentos de precisión y musicales || 2637 Técnicos en la instalación, reparación y mantenimiento de equipos de refrigeración, climas y aire acondicionado || 2645 Técnicos en reparación de equipos electromecánicos"
7201,1,2,4620,4224,3,NA,requiere_revision_semantica,1,241,Vendedores ambulantes de artículos diversos,4224|9512|9661|9663,4224 Vendedores por catálogo || 9512 Vendedores ambulantes de artículos diversos (excluyendo los de venta de alimentos) || 9661 Recolectores de basura y material reciclable || 9663 Recolectores de otros materiales
6121,1,3,4870,1623,2,2,original_coincide_con_consenso_oficial,1,240,"Jefes de departamento, coordinadores y supervisores en la coordinación del transporte",1623|2661|2662|8301,"1623 Coordinadores y jefes de área en servicios de transporte || 2661 Controladores de tráfico aéreo || 2662 Controladores de tráfico de otros transportes (terrestre, ferroviario y marítimo) || 8301 Supervisores de conductores de transporte y de maquinaria móvil"
6131,1,5,5411,NA,NA,NA,original_tampoco_resuelve,1,239,NA,NA,NA
2121,1,3,4661,1211,2,NA,requiere_revision_semantica,2,239,"Directores, gerentes y administradores de área o establecimientos de finanzas, contabilidad, recursos humanos, administración e impartición de justicia",1211|1212|1224|1321,"1211 Directores y gerentes en administración, recursos humanos y mercadotecnia || 1212 Directores y gerentes en servicios contables, financieros, banca y seguros || 1224 Jueces de juzgado, directores y gerentes en servicios legales y procuración de justicia || 1321 Directores y gerentes en informática"
2126,1,2,8130,1222,1,NA,requiere_revision_semantica,1,239,"Directores, gerentes y administradores de área o establecimientos en servicios asistenciales y de readaptación social",1222|1225|1226,1222 Directores y gerentes en desarrollo social y económico || 1225 Comandantes de las fuerzas armadas || 1226 Directores en servicios de vigilancia y seguridad
6160,1,6,7112,1711,1,1,original_coincide_con_consenso_oficial,1,238,"Jefes de departamento, coordinadores y supervisores en servicios de restaurante, hospedaje y comercio",1711|1712,"1711 Coordinadores y jefes de área de ventas, comercialización y alquiler || 1712 Coordinadores y jefes de área de restaurantes y hoteles"
6121,1,6,9800,1623,1,NA,requiere_revision_semantica,1,238,"Jefes de departamento, coordinadores y supervisores en la coordinación del transporte",1623|2661|2662|8301,"1623 Coordinadores y jefes de área en servicios de transporte || 2661 Controladores de tráfico aéreo || 2662 Controladores de tráfico de otros transportes (terrestre, ferroviario y marítimo) || 8301 Supervisores de conductores de transporte y de maquinaria móvil"
1250,1,7,8130,2531,3,NA,requiere_revision_semantica,2,238,Técnicos en ciencias sociales,2531|2532|2711,2531 Auxiliares en ciencias sociales y humanistas || 2532 Auxiliares en servicios jurídicos || 2711 Auxiliares y técnicos en pedagogía y en educación
1204,1,6,7210,2621,2,NA,requiere_revision_semantica,2,238,"Técnicos en ingeniería química, industrial y mecánica",2621|2631|2633|2635|2637|2645,"2621 Auxiliares y técnicos industriales y químicos || 2631 Técnicos en mantenimiento y reparación de vehículos de motor || 2633 Técnicos en mantenimiento y reparación de maquinaria e instrumentos industriales || 2635 Técnicos en mantenimiento y reparación de instrumentos de precisión y musicales || 2637 Técnicos en la instalación, reparación y mantenimiento de equipos de refrigeración, climas y aire acondicionado || 2645 Técnicos en reparación de equipos electromecánicos"
8150,1,2,5310,3222,4,NA,requiere_revision_semantica,2,238,"Trabajadores de apoyo para la realización de espectáculos, turismo y deporte",3222|4233|5251|5254|9713,"3222 Guías de turismo en museos, casinos, parques, cines y otros centros recreativos || 4233 Modelos de moda, arte y publicidad || 5251 Astrólogos, adivinadores y afines || 5254 Entrenadores de animales y ocupaciones relacionadas con el cuidado de mascotas || 9713 Trabajadores de apoyo a la realización de espectáculos, deportes y en parques de diversiones"
6121,1,3,4881,1623,2,2,original_coincide_con_consenso_oficial,2,238,"Jefes de departamento, coordinadores y supervisores en la coordinación del transporte",1623|2661|2662|8301,"1623 Coordinadores y jefes de área en servicios de transporte || 2661 Controladores de tráfico aéreo || 2662 Controladores de tráfico de otros transportes (terrestre, ferroviario y marítimo) || 8301 Supervisores de conductores de transporte y de maquinaria móvil"
6110,1,6,4611,1512,1,NA,requiere_revision_semantica,1,237,"Jefes de departamento, coordinadores y supervisores en contabilidad y finanzas",1512|3101,"1512 Coordinadores y jefes de área en servicios contables, financieros, banca y seguros || 3101 Supervisores de secretarias, capturistas, cajeros y trabajadores de control de archivo y transporte"
5246,1,5,3360,2634,8,8,original_coincide_con_consenso_oficial,2,236,"Mecánicos, ajustadores, instaladores y trabajadores de mantenimiento y reparación de maquinaria, instrumentos industriales y equipos de refrigeración",2634|2638,"2634 Mecánicos en mantenimiento y reparación de maquinaria e instrumentos industriales || 2638 Mecánicos en instalación, mantenimiento y reparación de equipos de refrigeración, climas y aire acondicionado."
7121,1,6,4611,8344,8,NA,requiere_revision_semantica,1,235,Repartidores,8344|9723,8344 Conductores de motocicleta || 9723 Repartidores de mercancías (a pie y en bicicleta)
2124,1,2,2370,1312,2,2,original_coincide_con_consenso_oficial,1,235,"Directores, gerentes y administradores de área o establecimientos en actividades de producción en industrias manufactureras, en la construcción y los servicios de reparación y mantenimiento",1312|1313|1314|1315,"1312 Directores y gerentes en producción minera, petrolera y gas || 1313 Directores y gerentes en generación y provisión de energía eléctrica y agua || 1314 Directores y gerentes en producción manufacturera || 1315 Directores y gerentes en construcción, reparación y mantenimiento"
2133,1,3,8130,1134,1,1,original_coincide_con_consenso_oficial,3,235,"Directivos de organizaciones humanitarias, religiosas, asociaciones civiles y ejidales",1134|1135,1134 Directores de organizaciones agrarias || 1135 Directores de organizaciones civiles y religiosas
4160,1,7,1110,6117,13,13,original_coincide_con_consenso_oficial,1,235,Trabajadores en actividades de beneficio de productos agropecuarios,6117|6128,6117 Trabajadores en actividades de beneficio de productos agrícolas || 6128 Trabajadores en actividades de beneficio de productos pecuarios
5249,1,2,4340,2639,9,9,original_coincide_con_consenso_oficial,1,235,Otros trabajadores que desempeñan una ocupación afín a las comprendidas en este subgrupo,2639|7214,"2639 Otras ocupaciones de mecánicos y técnicos en el mantenimiento y reparación de equipos mecánicos, vehículos de motor e instrumentos industriales, no clasificados anteriormente || 7214 Montadores de estructuras metálicas"
6160,2,3,5222,1711,2,2,original_coincide_con_consenso_oficial,1,234,"Jefes de departamento, coordinadores y supervisores en servicios de restaurante, hospedaje y comercio",1711|1712,"1711 Coordinadores y jefes de área de ventas, comercialización y alquiler || 1712 Coordinadores y jefes de área de restaurantes y hoteles"
2124,1,5,3380,1312,1,1,original_coincide_con_consenso_oficial,1,234,"Directores, gerentes y administradores de área o establecimientos en actividades de producción en industrias manufactureras, en la construcción y los servicios de reparación y mantenimiento",1312|1313|1314|1315,"1312 Directores y gerentes en producción minera, petrolera y gas || 1313 Directores y gerentes en generación y provisión de energía eléctrica y agua || 1314 Directores y gerentes en producción manufacturera || 1315 Directores y gerentes en construcción, reparación y mantenimiento"
8150,1,6,5120,3222,4,NA,requiere_revision_semantica,3,234,"Trabajadores de apoyo para la realización de espectáculos, turismo y deporte",3222|4233|5251|5254|9713,"3222 Guías de turismo en museos, casinos, parques, cines y otros centros recreativos || 4233 Modelos de moda, arte y publicidad || 5251 Astrólogos, adivinadores y afines || 5254 Entrenadores de animales y ocupaciones relacionadas con el cuidado de mascotas || 9713 Trabajadores de apoyo a la realización de espectáculos, deportes y en parques de diversiones"
5100,1,6,3120,1614,1,NA,requiere_revision_semantica,2,234,"Jefes, coordinadores y similares en la fabricación de alimentos, bebidas y productos de tabaco",1614|5101,"1614 Coordinadores y jefes de área en producción manufacturera || 5101 Supervisores en la preparación y servicio de alimentos y bebidas, así como en servicios de esparcimiento y de hotelería"
6160,1,6,5110,1711,1,1,original_coincide_con_consenso_oficial,2,234,"Jefes de departamento, coordinadores y supervisores en servicios de restaurante, hospedaje y comercio",1711|1712,"1711 Coordinadores y jefes de área de ventas, comercialización y alquiler || 1712 Coordinadores y jefes de área de restaurantes y hoteles"
1204,1,4,4671,2621,2,NA,requiere_revision_semantica,1,233,"Técnicos en ingeniería química, industrial y mecánica",2621|2631|2633|2635|2637|2645,"2621 Auxiliares y técnicos industriales y químicos || 2631 Técnicos en mantenimiento y reparación de vehículos de motor || 2633 Técnicos en mantenimiento y reparación de maquinaria e instrumentos industriales || 2635 Técnicos en mantenimiento y reparación de instrumentos de precisión y musicales || 2637 Técnicos en la instalación, reparación y mantenimiento de equipos de refrigeración, climas y aire acondicionado || 2645 Técnicos en reparación de equipos electromecánicos"
5100,1,2,7221,1614,2,NA,requiere_revision_semantica,3,232,"Jefes, coordinadores y similares en la fabricación de alimentos, bebidas y productos de tabaco",1614|5101,"1614 Coordinadores y jefes de área en producción manufacturera || 5101 Supervisores en la preparación y servicio de alimentos y bebidas, así como en servicios de esparcimiento y de hotelería"
8150,1,2,5615,3222,4,NA,requiere_revision_semantica,2,232,"Trabajadores de apoyo para la realización de espectáculos, turismo y deporte",3222|4233|5251|5254|9713,"3222 Guías de turismo en museos, casinos, parques, cines y otros centros recreativos || 4233 Modelos de moda, arte y publicidad || 5251 Astrólogos, adivinadores y afines || 5254 Entrenadores de animales y ocupaciones relacionadas con el cuidado de mascotas || 9713 Trabajadores de apoyo a la realización de espectáculos, deportes y en parques de diversiones"
5246,1,5,4661,2634,8,8,original_coincide_con_consenso_oficial,1,232,"Mecánicos, ajustadores, instaladores y trabajadores de mantenimiento y reparación de maquinaria, instrumentos industriales y equipos de refrigeración",2634|2638,"2634 Mecánicos en mantenimiento y reparación de maquinaria e instrumentos industriales || 2638 Mecánicos en instalación, mantenimiento y reparación de equipos de refrigeración, climas y aire acondicionado."
7201,2,2,4632,4224,3,NA,requiere_revision_semantica,2,232,Vendedores ambulantes de artículos diversos,4224|9512|9661|9663,4224 Vendedores por catálogo || 9512 Vendedores ambulantes de artículos diversos (excluyendo los de venta de alimentos) || 9661 Recolectores de basura y material reciclable || 9663 Recolectores de otros materiales
6110,1,7,3120,1512,2,2,original_coincide_con_consenso_oficial,2,232,"Jefes de departamento, coordinadores y supervisores en contabilidad y finanzas",1512|3101,"1512 Coordinadores y jefes de área en servicios contables, financieros, banca y seguros || 3101 Supervisores de secretarias, capturistas, cajeros y trabajadores de control de archivo y transporte"
1204,3,2,2381,2621,2,NA,requiere_revision_semantica,2,232,"Técnicos en ingeniería química, industrial y mecánica",2621|2631|2633|2635|2637|2645,"2621 Auxiliares y técnicos industriales y químicos || 2631 Técnicos en mantenimiento y reparación de vehículos de motor || 2633 Técnicos en mantenimiento y reparación de maquinaria e instrumentos industriales || 2635 Técnicos en mantenimiento y reparación de instrumentos de precisión y musicales || 2637 Técnicos en la instalación, reparación y mantenimiento de equipos de refrigeración, climas y aire acondicionado || 2645 Técnicos en reparación de equipos electromecánicos"
7121,1,2,4330,8344,9,NA,requiere_revision_semantica,2,231,Repartidores,8344|9723,8344 Conductores de motocicleta || 9723 Repartidores de mercancías (a pie y en bicicleta)
5246,1,2,2123,2634,9,9,original_coincide_con_consenso_oficial,1,231,"Mecánicos, ajustadores, instaladores y trabajadores de mantenimiento y reparación de maquinaria, instrumentos industriales y equipos de refrigeración",2634|2638,"2634 Mecánicos en mantenimiento y reparación de maquinaria e instrumentos industriales || 2638 Mecánicos en instalación, mantenimiento y reparación de equipos de refrigeración, climas y aire acondicionado."
2124,2,3,2382,1312,2,2,original_coincide_con_consenso_oficial,3,230,"Directores, gerentes y administradores de área o establecimientos en actividades de producción en industrias manufactureras, en la construcción y los servicios de reparación y mantenimiento",1312|1313|1314|1315,"1312 Directores y gerentes en producción minera, petrolera y gas || 1313 Directores y gerentes en generación y provisión de energía eléctrica y agua || 1314 Directores y gerentes en producción manufacturera || 1315 Directores y gerentes en construcción, reparación y mantenimiento"
2124,1,6,2122,1312,1,1,original_coincide_con_consenso_oficial,2,230,"Directores, gerentes y administradores de área o establecimientos en actividades de producción en industrias manufactureras, en la construcción y los servicios de reparación y mantenimiento",1312|1313|1314|1315,"1312 Directores y gerentes en producción minera, petrolera y gas || 1313 Directores y gerentes en generación y provisión de energía eléctrica y agua || 1314 Directores y gerentes en producción manufacturera || 1315 Directores y gerentes en construcción, reparación y mantenimiento"
1230,4,6,6132,2612,2,NA,requiere_revision_semantica,2,230,Técnicos laboratoristas químicos y biólogos,2612|2813|2827,"2612 Auxiliares y técnicos en ciencias biológicas, químicas y del medio ambiente || 2813 Técnicos de laboratorios médicos || 2827 Fumigadores y controladores de plagas"
5246,1,4,5620,2634,9,9,original_coincide_con_consenso_oficial,1,230,"Mecánicos, ajustadores, instaladores y trabajadores de mantenimiento y reparación de maquinaria, instrumentos industriales y equipos de refrigeración",2634|2638,"2634 Mecánicos en mantenimiento y reparación de maquinaria e instrumentos industriales || 2638 Mecánicos en instalación, mantenimiento y reparación de equipos de refrigeración, climas y aire acondicionado."
1250,4,6,9312,2531,3,NA,requiere_revision_semantica,1,230,Técnicos en ciencias sociales,2531|2532|2711,2531 Auxiliares en ciencias sociales y humanistas || 2532 Auxiliares en servicios jurídicos || 2711 Auxiliares y técnicos en pedagogía y en educación
5246,1,6,3220,2634,8,8,original_coincide_con_consenso_oficial,2,228,"Mecánicos, ajustadores, instaladores y trabajadores de mantenimiento y reparación de maquinaria, instrumentos industriales y equipos de refrigeración",2634|2638,"2634 Mecánicos en mantenimiento y reparación de maquinaria e instrumentos industriales || 2638 Mecánicos en instalación, mantenimiento y reparación de equipos de refrigeración, climas y aire acondicionado."
6160,1,7,4330,1711,2,2,original_coincide_con_consenso_oficial,2,228,"Jefes de departamento, coordinadores y supervisores en servicios de restaurante, hospedaje y comercio",1711|1712,"1711 Coordinadores y jefes de área de ventas, comercialización y alquiler || 1712 Coordinadores y jefes de área de restaurantes y hoteles"
6121,1,4,9313,1623,2,2,original_coincide_con_consenso_oficial,1,228,"Jefes de departamento, coordinadores y supervisores en la coordinación del transporte",1623|2661|2662|8301,"1623 Coordinadores y jefes de área en servicios de transporte || 2661 Controladores de tráfico aéreo || 2662 Controladores de tráfico de otros transportes (terrestre, ferroviario y marítimo) || 8301 Supervisores de conductores de transporte y de maquinaria móvil"
2121,1,7,5221,1211,2,NA,requiere_revision_semantica,2,228,"Directores, gerentes y administradores de área o establecimientos de finanzas, contabilidad, recursos humanos, administración e impartición de justicia",1211|1212|1224|1321,"1211 Directores y gerentes en administración, recursos humanos y mercadotecnia || 1212 Directores y gerentes en servicios contables, financieros, banca y seguros || 1224 Jueces de juzgado, directores y gerentes en servicios legales y procuración de justicia || 1321 Directores y gerentes en informática"
5400,1,5,6251,9236,10,10,original_coincide_con_consenso_oficial,2,227,"Ayudantes, peones y similares en la fabricación de alimentos, bebidas y productos de tabaco",9236|9411,"9236 Trabajadores de apoyo en la industria de alimentos, bebidas y productos de tabaco || 9411 Ayudantes en la preparación de alimentos"
5170,1,6,3350,1613,1,NA,requiere_revision_semantica,1,227,"Jefes, coordinadores y similares en la generación de energía, la instalación, reparación y mantenimiento de equipo eléctrico y de telecomunicaciones",1613|8101,1613 Coordinadores y jefes de área en generación y provisión de energía eléctrica y agua || 8101 Supervisores de operadores de maquinaria industrial
1230,1,6,3310,2612,2,NA,requiere_revision_semantica,1,227,Técnicos laboratoristas químicos y biólogos,2612|2813|2827,"2612 Auxiliares y técnicos en ciencias biológicas, químicas y del medio ambiente || 2813 Técnicos de laboratorios médicos || 2827 Fumigadores y controladores de plagas"
5380,2,2,3250,8131,5,5,original_coincide_con_consenso_oficial,1,227,Operadores de máquinas para el tratamiento de sustancias químicas y agua,8131|8134,8131 Operadores de máquinas para la elaboración de productos químicos || 8134 Operadores de máquinas para el tratamiento de agua
5400,1,6,1122,9236,10,10,original_coincide_con_consenso_oficial,1,227,"Ayudantes, peones y similares en la fabricación de alimentos, bebidas y productos de tabaco",9236|9411,"9236 Trabajadores de apoyo en la industria de alimentos, bebidas y productos de tabaco || 9411 Ayudantes en la preparación de alimentos"
1250,1,4,9314,2531,3,NA,requiere_revision_semantica,3,226,Técnicos en ciencias sociales,2531|2532|2711,2531 Auxiliares en ciencias sociales y humanistas || 2532 Auxiliares en servicios jurídicos || 2711 Auxiliares y técnicos en pedagogía y en educación
2124,1,4,3350,1312,2,2,original_coincide_con_consenso_oficial,1,226,"Directores, gerentes y administradores de área o establecimientos en actividades de producción en industrias manufactureras, en la construcción y los servicios de reparación y mantenimiento",1312|1313|1314|1315,"1312 Directores y gerentes en producción minera, petrolera y gas || 1313 Directores y gerentes en generación y provisión de energía eléctrica y agua || 1314 Directores y gerentes en producción manufacturera || 1315 Directores y gerentes en construcción, reparación y mantenimiento"
5100,1,7,7210,1614,2,NA,requiere_revision_semantica,1,226,"Jefes, coordinadores y similares en la fabricación de alimentos, bebidas y productos de tabaco",1614|5101,"1614 Coordinadores y jefes de área en producción manufacturera || 5101 Supervisores en la preparación y servicio de alimentos y bebidas, así como en servicios de esparcimiento y de hotelería"
6110,1,7,4310,1512,2,2,original_coincide_con_consenso_oficial,1,226,"Jefes de departamento, coordinadores y supervisores en contabilidad y finanzas",1512|3101,"1512 Coordinadores y jefes de área en servicios contables, financieros, banca y seguros || 3101 Supervisores de secretarias, capturistas, cajeros y trabajadores de control de archivo y transporte"
6180,1,3,5240,1723,2,NA,requiere_revision_semantica,2,225,"Otros jefes de departamento, coordinadores y supervisores en actividades no clasificadas anteriormente",1723|5201|9601,"1723 Coordinadores y jefes de área en servicios funerarios y otros servicios || 5201 Supervisores y encargados de trabajadores en cuidados personales y del hogar || 9601 Supervisores en limpieza, amas de llaves, mayordomos y en estacionamientos"
8150,1,2,7221,3222,4,NA,requiere_revision_semantica,1,225,"Trabajadores de apoyo para la realización de espectáculos, turismo y deporte",3222|4233|5251|5254|9713,"3222 Guías de turismo en museos, casinos, parques, cines y otros centros recreativos || 4233 Modelos de moda, arte y publicidad || 5251 Astrólogos, adivinadores y afines || 5254 Entrenadores de animales y ocupaciones relacionadas con el cuidado de mascotas || 9713 Trabajadores de apoyo a la realización de espectáculos, deportes y en parques de diversiones"
6160,1,6,4330,1711,1,1,original_coincide_con_consenso_oficial,2,225,"Jefes de departamento, coordinadores y supervisores en servicios de restaurante, hospedaje y comercio",1711|1712,"1711 Coordinadores y jefes de área de ventas, comercialización y alquiler || 1712 Coordinadores y jefes de área de restaurantes y hoteles"
2124,2,7,2361,1312,2,2,original_coincide_con_consenso_oficial,2,225,"Directores, gerentes y administradores de área o establecimientos en actividades de producción en industrias manufactureras, en la construcción y los servicios de reparación y mantenimiento",1312|1313|1314|1315,"1312 Directores y gerentes en producción minera, petrolera y gas || 1313 Directores y gerentes en generación y provisión de energía eléctrica y agua || 1314 Directores y gerentes en producción manufacturera || 1315 Directores y gerentes en construcción, reparación y mantenimiento"
2121,1,3,5611,1211,2,NA,requiere_revision_semantica,1,224,"Directores, gerentes y administradores de área o establecimientos de finanzas, contabilidad, recursos humanos, administración e impartición de justicia",1211|1212|1224|1321,"1211 Directores y gerentes en administración, recursos humanos y mercadotecnia || 1212 Directores y gerentes en servicios contables, financieros, banca y seguros || 1224 Jueces de juzgado, directores y gerentes en servicios legales y procuración de justicia || 1321 Directores y gerentes en informática"
6160,1,3,4340,1711,2,2,original_coincide_con_consenso_oficial,2,224,"Jefes de departamento, coordinadores y supervisores en servicios de restaurante, hospedaje y comercio",1711|1712,"1711 Coordinadores y jefes de área de ventas, comercialización y alquiler || 1712 Coordinadores y jefes de área de restaurantes y hoteles"
4134,1,4,1130,6225,13,NA,requiere_revision_semantica,1,223,Cortadores y recolectores de leña,6225|9124,6225 Cortadores de leña || 9124 Recolectores de leña y acarreadores de agua
6260,1,6,9312,3141,3,3,original_coincide_con_consenso_oficial,2,223,"Despachadores, checadores y similares en la operación del transporte",3141|3142,3141 Despachadores de transporte || 3142 Checadores y revisores de transporte
4160,3,1,1150,6117,12,12,original_coincide_con_consenso_oficial,1,223,Trabajadores en actividades de beneficio de productos agropecuarios,6117|6128,6117 Trabajadores en actividades de beneficio de productos agrícolas || 6128 Trabajadores en actividades de beneficio de productos pecuarios
2124,1,7,2361,1312,2,2,original_coincide_con_consenso_oficial,2,222,"Directores, gerentes y administradores de área o establecimientos en actividades de producción en industrias manufactureras, en la construcción y los servicios de reparación y mantenimiento",1312|1313|1314|1315,"1312 Directores y gerentes en producción minera, petrolera y gas || 1313 Directores y gerentes en generación y provisión de energía eléctrica y agua || 1314 Directores y gerentes en producción manufacturera || 1315 Directores y gerentes en construcción, reparación y mantenimiento"
7201,1,5,4651,4224,3,NA,requiere_revision_semantica,1,222,Vendedores ambulantes de artículos diversos,4224|9512|9661|9663,4224 Vendedores por catálogo || 9512 Vendedores ambulantes de artículos diversos (excluyendo los de venta de alimentos) || 9661 Recolectores de basura y material reciclable || 9663 Recolectores de otros materiales
6180,1,5,6221,1723,1,NA,requiere_revision_semantica,2,222,"Otros jefes de departamento, coordinadores y supervisores en actividades no clasificadas anteriormente",1723|5201|9601,"1723 Coordinadores y jefes de área en servicios funerarios y otros servicios || 5201 Supervisores y encargados de trabajadores en cuidados personales y del hogar || 9601 Supervisores en limpieza, amas de llaves, mayordomos y en estacionamientos"
5551,1,3,4340,9322,NA,NA,original_tampoco_resuelve,1,222,"Conductores de transporte de tracción animal (carretas, arrieros)",9322,"9322 Conductores de transporte de tracción animal (carretas, arrieros, etcétera)"
6101,1,5,9312,1523,1,NA,requiere_revision_semantica,2,222,"Jefes de departamento, coordinadores y supervisores en servicios de educación",1523|2311,1523 Coordinadores y jefes de área en centros de enseñanza y capacitación || 2311 Supervisores e inspectores educativos
5141,1,7,4681,2630,2,NA,requiere_revision_semantica,2,222,"Supervisores, inspectores y similares en la fabricación metalúrgica y en la fabricación de productos eléctricos y electrónicos, la reparación y mantenimiento de maquinaria y productos metálicos y de precisión",2630|7201|8201,"2630 Supervisores de mecánicos y técnicos en mantenimiento y reparación de equipos mecánicos, vehículos de motor, instrumentos industriales y equipo de refrigeración || 7201 Supervisores de artesanos y trabajadores en el tratamiento y elaboración de productos de metal || 8201 Supervisores en procesos de ensamblado y montaje de maquinaria, herramientas y productos metálicos y electrónicos"
6121,1,6,3250,1623,1,NA,requiere_revision_semantica,2,221,"Jefes de departamento, coordinadores y supervisores en la coordinación del transporte",1623|2661|2662|8301,"1623 Coordinadores y jefes de área en servicios de transporte || 2661 Controladores de tráfico aéreo || 2662 Controladores de tráfico de otros transportes (terrestre, ferroviario y marítimo) || 8301 Supervisores de conductores de transporte y de maquinaria móvil"
5249,1,2,4661,2639,9,9,original_coincide_con_consenso_oficial,1,220,Otros trabajadores que desempeñan una ocupación afín a las comprendidas en este subgrupo,2639|7214,"2639 Otras ocupaciones de mecánicos y técnicos en el mantenimiento y reparación de equipos mecánicos, vehículos de motor e instrumentos industriales, no clasificados anteriormente || 7214 Montadores de estructuras metálicas"
8150,3,1,5411,3222,6,NA,requiere_revision_semantica,1,219,"Trabajadores de apoyo para la realización de espectáculos, turismo y deporte",3222|4233|5251|5254|9713,"3222 Guías de turismo en museos, casinos, parques, cines y otros centros recreativos || 4233 Modelos de moda, arte y publicidad || 5251 Astrólogos, adivinadores y afines || 5254 Entrenadores de animales y ocupaciones relacionadas con el cuidado de mascotas || 9713 Trabajadores de apoyo a la realización de espectáculos, deportes y en parques de diversiones"
6160,1,2,4620,1711,2,2,original_coincide_con_consenso_oficial,2,219,"Jefes de departamento, coordinadores y supervisores en servicios de restaurante, hospedaje y comercio",1711|1712,"1711 Coordinadores y jefes de área de ventas, comercialización y alquiler || 1712 Coordinadores y jefes de área de restaurantes y hoteles"
5190,1,6,6222,NA,NA,NA,original_tampoco_resuelve,2,219,NA,NA,NA
1204,3,1,4882,2621,2,NA,requiere_revision_semantica,1,219,"Técnicos en ingeniería química, industrial y mecánica",2621|2631|2633|2635|2637|2645,"2621 Auxiliares y técnicos industriales y químicos || 2631 Técnicos en mantenimiento y reparación de vehículos de motor || 2633 Técnicos en mantenimiento y reparación de maquinaria e instrumentos industriales || 2635 Técnicos en mantenimiento y reparación de instrumentos de precisión y musicales || 2637 Técnicos en la instalación, reparación y mantenimiento de equipos de refrigeración, climas y aire acondicionado || 2645 Técnicos en reparación de equipos electromecánicos"
5170,1,6,2122,1613,1,NA,requiere_revision_semantica,1,219,"Jefes, coordinadores y similares en la generación de energía, la instalación, reparación y mantenimiento de equipo eléctrico y de telecomunicaciones",1613|8101,1613 Coordinadores y jefes de área en generación y provisión de energía eléctrica y agua || 8101 Supervisores de operadores de maquinaria industrial
5249,1,5,9800,2639,8,8,original_coincide_con_consenso_oficial,1,218,Otros trabajadores que desempeñan una ocupación afín a las comprendidas en este subgrupo,2639|7214,"2639 Otras ocupaciones de mecánicos y técnicos en el mantenimiento y reparación de equipos mecánicos, vehículos de motor e instrumentos industriales, no clasificados anteriormente || 7214 Montadores de estructuras metálicas"
6121,2,3,4840,1623,2,2,original_coincide_con_consenso_oficial,2,218,"Jefes de departamento, coordinadores y supervisores en la coordinación del transporte",1623|2661|2662|8301,"1623 Coordinadores y jefes de área en servicios de transporte || 2661 Controladores de tráfico aéreo || 2662 Controladores de tráfico de otros transportes (terrestre, ferroviario y marítimo) || 8301 Supervisores de conductores de transporte y de maquinaria móvil"
6110,1,6,3250,1512,1,NA,requiere_revision_semantica,1,218,"Jefes de departamento, coordinadores y supervisores en contabilidad y finanzas",1512|3101,"1512 Coordinadores y jefes de área en servicios contables, financieros, banca y seguros || 3101 Supervisores de secretarias, capturistas, cajeros y trabajadores de control de archivo y transporte"
1204,1,6,4620,2621,2,NA,requiere_revision_semantica,2,216,"Técnicos en ingeniería química, industrial y mecánica",2621|2631|2633|2635|2637|2645,"2621 Auxiliares y técnicos industriales y químicos || 2631 Técnicos en mantenimiento y reparación de vehículos de motor || 2633 Técnicos en mantenimiento y reparación de maquinaria e instrumentos industriales || 2635 Técnicos en mantenimiento y reparación de instrumentos de precisión y musicales || 2637 Técnicos en la instalación, reparación y mantenimiento de equipos de refrigeración, climas y aire acondicionado || 2645 Técnicos en reparación de equipos electromecánicos"
5141,1,7,2370,2630,2,NA,requiere_revision_semantica,2,216,"Supervisores, inspectores y similares en la fabricación metalúrgica y en la fabricación de productos eléctricos y electrónicos, la reparación y mantenimiento de maquinaria y productos metálicos y de precisión",2630|7201|8201,"2630 Supervisores de mecánicos y técnicos en mantenimiento y reparación de equipos mecánicos, vehículos de motor, instrumentos industriales y equipo de refrigeración || 7201 Supervisores de artesanos y trabajadores en el tratamiento y elaboración de productos de metal || 8201 Supervisores en procesos de ensamblado y montaje de maquinaria, herramientas y productos metálicos y electrónicos"
6260,1,5,2370,3141,3,3,original_coincide_con_consenso_oficial,2,215,"Despachadores, checadores y similares en la operación del transporte",3141|3142,3141 Despachadores de transporte || 3142 Checadores y revisores de transporte
1204,1,5,4661,2621,2,NA,requiere_revision_semantica,1,215,"Técnicos en ingeniería química, industrial y mecánica",2621|2631|2633|2635|2637|2645,"2621 Auxiliares y técnicos industriales y químicos || 2631 Técnicos en mantenimiento y reparación de vehículos de motor || 2633 Técnicos en mantenimiento y reparación de maquinaria e instrumentos industriales || 2635 Técnicos en mantenimiento y reparación de instrumentos de precisión y musicales || 2637 Técnicos en la instalación, reparación y mantenimiento de equipos de refrigeración, climas y aire acondicionado || 2645 Técnicos en reparación de equipos electromecánicos"
6180,1,5,4881,1723,1,NA,requiere_revision_semantica,2,214,"Otros jefes de departamento, coordinadores y supervisores en actividades no clasificadas anteriormente",1723|5201|9601,"1723 Coordinadores y jefes de área en servicios funerarios y otros servicios || 5201 Supervisores y encargados de trabajadores en cuidados personales y del hogar || 9601 Supervisores en limpieza, amas de llaves, mayordomos y en estacionamientos"
6101,1,4,6132,1523,2,2,original_coincide_con_consenso_oficial,1,214,"Jefes de departamento, coordinadores y supervisores en servicios de educación",1523|2311,1523 Coordinadores y jefes de área en centros de enseñanza y capacitación || 2311 Supervisores e inspectores educativos
6290,1,6,9314,NA,NA,NA,original_tampoco_resuelve,1,214,NA,NA,NA
1230,4,2,6211,2612,2,NA,requiere_revision_semantica,1,214,Técnicos laboratoristas químicos y biólogos,2612|2813|2827,"2612 Auxiliares y técnicos en ciencias biológicas, químicas y del medio ambiente || 2813 Técnicos de laboratorios médicos || 2827 Fumigadores y controladores de plagas"
4120,4,2,9700,6131,13,NA,requiere_revision_semantica,1,214,Trabajadores que combinan actividades agrícolas con ganaderas,6131|9113,6131 Trabajadores que combinan actividades agrícolas con ganaderas || 9113 Trabajadores de apoyo que realizan actividades agrícolas y ganaderas
1230,1,6,1121,2612,2,NA,requiere_revision_semantica,1,214,Técnicos laboratoristas químicos y biólogos,2612|2813|2827,"2612 Auxiliares y técnicos en ciencias biológicas, químicas y del medio ambiente || 2813 Técnicos de laboratorios médicos || 2827 Fumigadores y controladores de plagas"
1230,1,6,3220,2612,2,NA,requiere_revision_semantica,1,213,Técnicos laboratoristas químicos y biólogos,2612|2813|2827,"2612 Auxiliares y técnicos en ciencias biológicas, químicas y del medio ambiente || 2813 Técnicos de laboratorios médicos || 2827 Fumigadores y controladores de plagas"
5170,2,2,2381,1613,2,NA,requiere_revision_semantica,1,213,"Jefes, coordinadores y similares en la generación de energía, la instalación, reparación y mantenimiento de equipo eléctrico y de telecomunicaciones",1613|8101,1613 Coordinadores y jefes de área en generación y provisión de energía eléctrica y agua || 8101 Supervisores de operadores de maquinaria industrial
6260,1,2,4881,3141,3,3,original_coincide_con_consenso_oficial,2,213,"Despachadores, checadores y similares en la operación del transporte",3141|3142,3141 Despachadores de transporte || 3142 Checadores y revisores de transporte
4160,1,2,9800,6117,13,13,original_coincide_con_consenso_oficial,1,213,Trabajadores en actividades de beneficio de productos agropecuarios,6117|6128,6117 Trabajadores en actividades de beneficio de productos agrícolas || 6128 Trabajadores en actividades de beneficio de productos pecuarios
6110,1,6,2210,1512,1,NA,requiere_revision_semantica,2,212,"Jefes de departamento, coordinadores y supervisores en contabilidad y finanzas",1512|3101,"1512 Coordinadores y jefes de área en servicios contables, financieros, banca y seguros || 3101 Supervisores de secretarias, capturistas, cajeros y trabajadores de control de archivo y transporte"
1204,1,5,5611,2621,2,NA,requiere_revision_semantica,2,212,"Técnicos en ingeniería química, industrial y mecánica",2621|2631|2633|2635|2637|2645,"2621 Auxiliares y técnicos industriales y químicos || 2631 Técnicos en mantenimiento y reparación de vehículos de motor || 2633 Técnicos en mantenimiento y reparación de maquinaria e instrumentos industriales || 2635 Técnicos en mantenimiento y reparación de instrumentos de precisión y musicales || 2637 Técnicos en la instalación, reparación y mantenimiento de equipos de refrigeración, climas y aire acondicionado || 2645 Técnicos en reparación de equipos electromecánicos"
6131,1,6,3110,NA,NA,NA,original_tampoco_resuelve,2,211,NA,NA,NA
5141,1,6,8111,2630,2,NA,requiere_revision_semantica,2,211,"Supervisores, inspectores y similares en la fabricación metalúrgica y en la fabricación de productos eléctricos y electrónicos, la reparación y mantenimiento de maquinaria y productos metálicos y de precisión",2630|7201|8201,"2630 Supervisores de mecánicos y técnicos en mantenimiento y reparación de equipos mecánicos, vehículos de motor, instrumentos industriales y equipo de refrigeración || 7201 Supervisores de artesanos y trabajadores en el tratamiento y elaboración de productos de metal || 8201 Supervisores en procesos de ensamblado y montaje de maquinaria, herramientas y productos metálicos y electrónicos"
5400,1,5,6131,9236,10,10,original_coincide_con_consenso_oficial,1,211,"Ayudantes, peones y similares en la fabricación de alimentos, bebidas y productos de tabaco",9236|9411,"9236 Trabajadores de apoyo en la industria de alimentos, bebidas y productos de tabaco || 9411 Ayudantes en la preparación de alimentos"
2124,2,4,8112,1312,2,2,original_coincide_con_consenso_oficial,2,211,"Directores, gerentes y administradores de área o establecimientos en actividades de producción en industrias manufactureras, en la construcción y los servicios de reparación y mantenimiento",1312|1313|1314|1315,"1312 Directores y gerentes en producción minera, petrolera y gas || 1313 Directores y gerentes en generación y provisión de energía eléctrica y agua || 1314 Directores y gerentes en producción manufacturera || 1315 Directores y gerentes en construcción, reparación y mantenimiento"
5190,1,5,9800,NA,NA,NA,original_tampoco_resuelve,1,211,NA,NA,NA
4109,1,3,1150,6119,13,NA,requiere_revision_semantica,1,210,Otros trabajadores que desempeñan una ocupación afín a las comprendidas en este subgrupo,6119|9111,"6119 Otros trabajadores en actividades agrícolas, no clasificados anteriormente || 9111 Trabajadores de apoyo en actividades agrícolas"
7121,1,4,4620,8344,9,NA,requiere_revision_semantica,1,210,Repartidores,8344|9723,8344 Conductores de motocicleta || 9723 Repartidores de mercancías (a pie y en bicicleta)
4109,1,2,3250,6119,13,NA,requiere_revision_semantica,1,210,Otros trabajadores que desempeñan una ocupación afín a las comprendidas en este subgrupo,6119|9111,"6119 Otros trabajadores en actividades agrícolas, no clasificados anteriormente || 9111 Trabajadores de apoyo en actividades agrícolas"
4109,1,5,3250,6119,13,NA,requiere_revision_semantica,1,210,Otros trabajadores que desempeñan una ocupación afín a las comprendidas en este subgrupo,6119|9111,"6119 Otros trabajadores en actividades agrícolas, no clasificados anteriormente || 9111 Trabajadores de apoyo en actividades agrícolas"
4109,1,7,3250,6119,13,NA,requiere_revision_semantica,1,210,Otros trabajadores que desempeñan una ocupación afín a las comprendidas en este subgrupo,6119|9111,"6119 Otros trabajadores en actividades agrícolas, no clasificados anteriormente || 9111 Trabajadores de apoyo en actividades agrícolas"
7121,1,2,5322,8344,9,NA,requiere_revision_semantica,2,209,Repartidores,8344|9723,8344 Conductores de motocicleta || 9723 Repartidores de mercancías (a pie y en bicicleta)
5246,1,7,3320,2634,9,9,original_coincide_con_consenso_oficial,2,209,"Mecánicos, ajustadores, instaladores y trabajadores de mantenimiento y reparación de maquinaria, instrumentos industriales y equipos de refrigeración",2634|2638,"2634 Mecánicos en mantenimiento y reparación de maquinaria e instrumentos industriales || 2638 Mecánicos en instalación, mantenimiento y reparación de equipos de refrigeración, climas y aire acondicionado."
1250,1,3,9313,2531,3,NA,requiere_revision_semantica,1,209,Técnicos en ciencias sociales,2531|2532|2711,2531 Auxiliares en ciencias sociales y humanistas || 2532 Auxiliares en servicios jurídicos || 2711 Auxiliares y técnicos en pedagogía y en educación
6180,2,3,8121,1723,2,NA,requiere_revision_semantica,1,208,"Otros jefes de departamento, coordinadores y supervisores en actividades no clasificadas anteriormente",1723|5201|9601,"1723 Coordinadores y jefes de área en servicios funerarios y otros servicios || 5201 Supervisores y encargados de trabajadores en cuidados personales y del hogar || 9601 Supervisores en limpieza, amas de llaves, mayordomos y en estacionamientos"
7121,1,3,8121,8344,9,NA,requiere_revision_semantica,1,208,Repartidores,8344|9723,8344 Conductores de motocicleta || 9723 Repartidores de mercancías (a pie y en bicicleta)
1230,1,3,3250,2612,2,NA,requiere_revision_semantica,1,208,Técnicos laboratoristas químicos y biólogos,2612|2813|2827,"2612 Auxiliares y técnicos en ciencias biológicas, químicas y del medio ambiente || 2813 Técnicos de laboratorios médicos || 2827 Fumigadores y controladores de plagas"
6180,2,2,5613,1723,2,NA,requiere_revision_semantica,2,207,"Otros jefes de departamento, coordinadores y supervisores en actividades no clasificadas anteriormente",1723|5201|9601,"1723 Coordinadores y jefes de área en servicios funerarios y otros servicios || 5201 Supervisores y encargados de trabajadores en cuidados personales y del hogar || 9601 Supervisores en limpieza, amas de llaves, mayordomos y en estacionamientos"
1230,1,6,9314,2612,2,NA,requiere_revision_semantica,3,207,Técnicos laboratoristas químicos y biólogos,2612|2813|2827,"2612 Auxiliares y técnicos en ciencias biológicas, químicas y del medio ambiente || 2813 Técnicos de laboratorios médicos || 2827 Fumigadores y controladores de plagas"
6160,1,7,4350,1711,2,2,original_coincide_con_consenso_oficial,1,207,"Jefes de departamento, coordinadores y supervisores en servicios de restaurante, hospedaje y comercio",1711|1712,"1711 Coordinadores y jefes de área de ventas, comercialización y alquiler || 1712 Coordinadores y jefes de área de restaurantes y hoteles"
5380,1,5,2221,8131,8,NA,requiere_revision_semantica,2,206,Operadores de máquinas para el tratamiento de sustancias químicas y agua,8131|8134,8131 Operadores de máquinas para la elaboración de productos químicos || 8134 Operadores de máquinas para el tratamiento de agua
6150,2,2,5611,1721,2,2,original_coincide_con_consenso_oficial,1,205,"Jefes de departamento, coordinadores y supervisores en servicios culturales y de esparcimiento",1721|1722,"1721 Coordinadores y jefes de área en actividades artísticas, de cine, teatro y afines || 1722 Coordinadores y jefes de área en museos, cines, deportivos y servicios culturales"
5410,1,7,2131,9211,11,11,original_coincide_con_consenso_oficial,1,205,"Ayudantes, peones y similares en la extracción en minas, canteras y pozos",9211|9212,9211 Trabajadores de apoyo en la minería || 9212 Trabajadores de apoyo en la extracción
5249,1,3,8111,2639,9,9,original_coincide_con_consenso_oficial,1,204,Otros trabajadores que desempeñan una ocupación afín a las comprendidas en este subgrupo,2639|7214,"2639 Otras ocupaciones de mecánicos y técnicos en el mantenimiento y reparación de equipos mecánicos, vehículos de motor e instrumentos industriales, no clasificados anteriormente || 7214 Montadores de estructuras metálicas"
1230,1,2,5613,2612,2,NA,requiere_revision_semantica,3,203,Técnicos laboratoristas químicos y biólogos,2612|2813|2827,"2612 Auxiliares y técnicos en ciencias biológicas, químicas y del medio ambiente || 2813 Técnicos de laboratorios médicos || 2827 Fumigadores y controladores de plagas"
6160,1,3,4661,1711,2,2,original_coincide_con_consenso_oficial,1,203,"Jefes de departamento, coordinadores y supervisores en servicios de restaurante, hospedaje y comercio",1711|1712,"1711 Coordinadores y jefes de área de ventas, comercialización y alquiler || 1712 Coordinadores y jefes de área de restaurantes y hoteles"
5111,1,7,2122,7101,7,7,original_coincide_con_consenso_oficial,2,202,"Supervisores, inspectores y similares en la extracción en minas, canteras y pozos",7101|8101,"7101 Supervisores de trabajadores en la extracción, albañiles y en acabados de la construcción || 8101 Supervisores de operadores de maquinaria industrial"
6160,1,7,4620,1711,2,2,original_coincide_con_consenso_oficial,2,202,"Jefes de departamento, coordinadores y supervisores en servicios de restaurante, hospedaje y comercio",1711|1712,"1711 Coordinadores y jefes de área de ventas, comercialización y alquiler || 1712 Coordinadores y jefes de área de restaurantes y hoteles"
1204,2,2,2382,2621,2,NA,requiere_revision_semantica,1,202,"Técnicos en ingeniería química, industrial y mecánica",2621|2631|2633|2635|2637|2645,"2621 Auxiliares y técnicos industriales y químicos || 2631 Técnicos en mantenimiento y reparación de vehículos de motor || 2633 Técnicos en mantenimiento y reparación de maquinaria e instrumentos industriales || 2635 Técnicos en mantenimiento y reparación de instrumentos de precisión y musicales || 2637 Técnicos en la instalación, reparación y mantenimiento de equipos de refrigeración, climas y aire acondicionado || 2645 Técnicos en reparación de equipos electromecánicos"
6180,1,6,9312,1723,1,NA,requiere_revision_semantica,2,201,"Otros jefes de departamento, coordinadores y supervisores en actividades no clasificadas anteriormente",1723|5201|9601,"1723 Coordinadores y jefes de área en servicios funerarios y otros servicios || 5201 Supervisores y encargados de trabajadores en cuidados personales y del hogar || 9601 Supervisores en limpieza, amas de llaves, mayordomos y en estacionamientos"
2121,1,7,4930,1211,2,NA,requiere_revision_semantica,1,201,"Directores, gerentes y administradores de área o establecimientos de finanzas, contabilidad, recursos humanos, administración e impartición de justicia",1211|1212|1224|1321,"1211 Directores y gerentes en administración, recursos humanos y mercadotecnia || 1212 Directores y gerentes en servicios contables, financieros, banca y seguros || 1224 Jueces de juzgado, directores y gerentes en servicios legales y procuración de justicia || 1321 Directores y gerentes en informática"
5190,1,5,6221,NA,NA,NA,original_tampoco_resuelve,1,201,NA,NA,NA
2121,1,3,8130,1211,2,NA,requiere_revision_semantica,3,200,"Directores, gerentes y administradores de área o establecimientos de finanzas, contabilidad, recursos humanos, administración e impartición de justicia",1211|1212|1224|1321,"1211 Directores y gerentes en administración, recursos humanos y mercadotecnia || 1212 Directores y gerentes en servicios contables, financieros, banca y seguros || 1224 Jueces de juzgado, directores y gerentes en servicios legales y procuración de justicia || 1321 Directores y gerentes en informática"
2121,2,3,8111,1211,2,NA,requiere_revision_semantica,2,199,"Directores, gerentes y administradores de área o establecimientos de finanzas, contabilidad, recursos humanos, administración e impartición de justicia",1211|1212|1224|1321,"1211 Directores y gerentes en administración, recursos humanos y mercadotecnia || 1212 Directores y gerentes en servicios contables, financieros, banca y seguros || 1224 Jueces de juzgado, directores y gerentes en servicios legales y procuración de justicia || 1321 Directores y gerentes en informática"
8100,1,5,6112,5112,4,4,original_coincide_con_consenso_oficial,1,199,Fonderos (preparan y sirven alimentos) en establecimientos,5112|5114,"5112 Fonderos, vendedores y comerciantes de comida || 5114 Taqueros y preparadores de comida rápida, antojitos, pizzas, hot dogs, jugos, café, etcétera"
1204,2,3,2370,2621,2,NA,requiere_revision_semantica,1,198,"Técnicos en ingeniería química, industrial y mecánica",2621|2631|2633|2635|2637|2645,"2621 Auxiliares y técnicos industriales y químicos || 2631 Técnicos en mantenimiento y reparación de vehículos de motor || 2633 Técnicos en mantenimiento y reparación de maquinaria e instrumentos industriales || 2635 Técnicos en mantenimiento y reparación de instrumentos de precisión y musicales || 2637 Técnicos en la instalación, reparación y mantenimiento de equipos de refrigeración, climas y aire acondicionado || 2645 Técnicos en reparación de equipos electromecánicos"
6150,3,5,7111,1721,1,1,original_coincide_con_consenso_oficial,1,198,"Jefes de departamento, coordinadores y supervisores en servicios culturales y de esparcimiento",1721|1722,"1721 Coordinadores y jefes de área en actividades artísticas, de cine, teatro y afines || 1722 Coordinadores y jefes de área en museos, cines, deportivos y servicios culturales"
6100,1,3,6252,1521,2,2,original_coincide_con_consenso_oficial,1,198,"Jefes de departamento, coordinadores y supervisores en servicios de salud y asistencia social",1521|2524,"1521 Coordinadores y jefes de área en servicios de salud, protección civil y medio ambiente || 2524 Inspectores en seguridad social, de precios y otros inspectores públicos"
6110,1,6,2132,1512,1,NA,requiere_revision_semantica,1,197,"Jefes de departamento, coordinadores y supervisores en contabilidad y finanzas",1512|3101,"1512 Coordinadores y jefes de área en servicios contables, financieros, banca y seguros || 3101 Supervisores de secretarias, capturistas, cajeros y trabajadores de control de archivo y transporte"
6160,1,5,5150,1711,1,1,original_coincide_con_consenso_oficial,2,197,"Jefes de departamento, coordinadores y supervisores en servicios de restaurante, hospedaje y comercio",1711|1712,"1711 Coordinadores y jefes de área de ventas, comercialización y alquiler || 1712 Coordinadores y jefes de área de restaurantes y hoteles"
1250,1,4,5221,2531,3,NA,requiere_revision_semantica,1,197,Técnicos en ciencias sociales,2531|2532|2711,2531 Auxiliares en ciencias sociales y humanistas || 2532 Auxiliares en servicios jurídicos || 2711 Auxiliares y técnicos en pedagogía y en educación
2121,1,2,6211,1211,2,NA,requiere_revision_semantica,1,197,"Directores, gerentes y administradores de área o establecimientos de finanzas, contabilidad, recursos humanos, administración e impartición de justicia",1211|1212|1224|1321,"1211 Directores y gerentes en administración, recursos humanos y mercadotecnia || 1212 Directores y gerentes en servicios contables, financieros, banca y seguros || 1224 Jueces de juzgado, directores y gerentes en servicios legales y procuración de justicia || 1321 Directores y gerentes en informática"
6121,1,2,4881,1623,2,2,original_coincide_con_consenso_oficial,1,196,"Jefes de departamento, coordinadores y supervisores en la coordinación del transporte",1623|2661|2662|8301,"1623 Coordinadores y jefes de área en servicios de transporte || 2661 Controladores de tráfico aéreo || 2662 Controladores de tráfico de otros transportes (terrestre, ferroviario y marítimo) || 8301 Supervisores de conductores de transporte y de maquinaria móvil"
6130,2,2,5411,1621,2,2,original_coincide_con_consenso_oficial,1,195,"Jefes de departamento, coordinadores y supervisores en servicios estadísticos e informáticos",1621|3201,1621 Coordinadores y jefes de área en informática || 3201 Supervisores de trabajadores que brindan y manejan información
6121,1,6,5510,1623,1,NA,requiere_revision_semantica,1,195,"Jefes de departamento, coordinadores y supervisores en la coordinación del transporte",1623|2661|2662|8301,"1623 Coordinadores y jefes de área en servicios de transporte || 2661 Controladores de tráfico aéreo || 2662 Controladores de tráfico de otros transportes (terrestre, ferroviario y marítimo) || 8301 Supervisores de conductores de transporte y de maquinaria móvil"
6160,1,4,7210,1711,2,2,original_coincide_con_consenso_oficial,2,194,"Jefes de departamento, coordinadores y supervisores en servicios de restaurante, hospedaje y comercio",1711|1712,"1711 Coordinadores y jefes de área de ventas, comercialización y alquiler || 1712 Coordinadores y jefes de área de restaurantes y hoteles"
6121,1,6,2210,1623,1,NA,requiere_revision_semantica,2,194,"Jefes de departamento, coordinadores y supervisores en la coordinación del transporte",1623|2661|2662|8301,"1623 Coordinadores y jefes de área en servicios de transporte || 2661 Controladores de tráfico aéreo || 2662 Controladores de tráfico de otros transportes (terrestre, ferroviario y marítimo) || 8301 Supervisores de conductores de transporte y de maquinaria móvil"
6160,1,6,3130,1711,1,1,original_coincide_con_consenso_oficial,1,194,"Jefes de departamento, coordinadores y supervisores en servicios de restaurante, hospedaje y comercio",1711|1712,"1711 Coordinadores y jefes de área de ventas, comercialización y alquiler || 1712 Coordinadores y jefes de área de restaurantes y hoteles"
6110,1,5,8130,1512,1,NA,requiere_revision_semantica,2,194,"Jefes de departamento, coordinadores y supervisores en contabilidad y finanzas",1512|3101,"1512 Coordinadores y jefes de área en servicios contables, financieros, banca y seguros || 3101 Supervisores de secretarias, capturistas, cajeros y trabajadores de control de archivo y transporte"
1250,1,4,5411,2531,3,NA,requiere_revision_semantica,2,194,Técnicos en ciencias sociales,2531|2532|2711,2531 Auxiliares en ciencias sociales y humanistas || 2532 Auxiliares en servicios jurídicos || 2711 Auxiliares y técnicos en pedagogía y en educación
1230,1,6,3110,2612,2,NA,requiere_revision_semantica,2,193,Técnicos laboratoristas químicos y biólogos,2612|2813|2827,"2612 Auxiliares y técnicos en ciencias biológicas, químicas y del medio ambiente || 2813 Técnicos de laboratorios médicos || 2827 Fumigadores y controladores de plagas"
2125,1,4,6251,1223,2,2,original_coincide_con_consenso_oficial,1,193,Directores gerentes y administradores de área o establecimientos de enseñanza e investigación,1223|1324,1223 Directores y gerentes en centros de enseñanza y capacitación || 1324 Directores y gerentes en centros de investigación y desarrollo tecnológico
6260,1,2,9700,3141,3,3,original_coincide_con_consenso_oficial,2,192,"Despachadores, checadores y similares en la operación del transporte",3141|3142,3141 Despachadores de transporte || 3142 Checadores y revisores de transporte
6260,1,7,4881,3141,3,3,original_coincide_con_consenso_oficial,2,192,"Despachadores, checadores y similares en la operación del transporte",3141|3142,3141 Despachadores de transporte || 3142 Checadores y revisores de transporte
5141,1,6,5411,2630,2,NA,requiere_revision_semantica,1,191,"Supervisores, inspectores y similares en la fabricación metalúrgica y en la fabricación de productos eléctricos y electrónicos, la reparación y mantenimiento de maquinaria y productos metálicos y de precisión",2630|7201|8201,"2630 Supervisores de mecánicos y técnicos en mantenimiento y reparación de equipos mecánicos, vehículos de motor, instrumentos industriales y equipo de refrigeración || 7201 Supervisores de artesanos y trabajadores en el tratamiento y elaboración de productos de metal || 8201 Supervisores en procesos de ensamblado y montaje de maquinaria, herramientas y productos metálicos y electrónicos"
6110,1,6,5223,1512,1,NA,requiere_revision_semantica,3,191,"Jefes de departamento, coordinadores y supervisores en contabilidad y finanzas",1512|3101,"1512 Coordinadores y jefes de área en servicios contables, financieros, banca y seguros || 3101 Supervisores de secretarias, capturistas, cajeros y trabajadores de control de archivo y transporte"
2123,2,4,4850,1322,2,2,original_coincide_con_consenso_oficial,2,191,"Directores, gerentes y administradores de área o establecimientos en comunicaciones y transportes",1322|1323,1322 Directores y gerentes en comunicación y telecomunicaciones || 1323 Directores y gerentes en servicios de transporte
5246,1,5,3260,2634,8,8,original_coincide_con_consenso_oficial,1,191,"Mecánicos, ajustadores, instaladores y trabajadores de mantenimiento y reparación de maquinaria, instrumentos industriales y equipos de refrigeración",2634|2638,"2634 Mecánicos en mantenimiento y reparación de maquinaria e instrumentos industriales || 2638 Mecánicos en instalación, mantenimiento y reparación de equipos de refrigeración, climas y aire acondicionado."
1230,1,2,6212,2612,2,NA,requiere_revision_semantica,1,191,Técnicos laboratoristas químicos y biólogos,2612|2813|2827,"2612 Auxiliares y técnicos en ciencias biológicas, químicas y del medio ambiente || 2813 Técnicos de laboratorios médicos || 2827 Fumigadores y controladores de plagas"
4120,4,7,1121,6131,13,NA,requiere_revision_semantica,1,191,Trabajadores que combinan actividades agrícolas con ganaderas,6131|9113,6131 Trabajadores que combinan actividades agrícolas con ganaderas || 9113 Trabajadores de apoyo que realizan actividades agrícolas y ganaderas
2125,2,4,6111,1223,2,2,original_coincide_con_consenso_oficial,2,190,Directores gerentes y administradores de área o establecimientos de enseñanza e investigación,1223|1324,1223 Directores y gerentes en centros de enseñanza y capacitación || 1324 Directores y gerentes en centros de investigación y desarrollo tecnológico
8100,1,3,7131,5112,4,4,original_coincide_con_consenso_oficial,2,190,Fonderos (preparan y sirven alimentos) en establecimientos,5112|5114,"5112 Fonderos, vendedores y comerciantes de comida || 5114 Taqueros y preparadores de comida rápida, antojitos, pizzas, hot dogs, jugos, café, etcétera"
4109,1,7,9800,6119,13,NA,requiere_revision_semantica,1,190,Otros trabajadores que desempeñan una ocupación afín a las comprendidas en este subgrupo,6119|9111,"6119 Otros trabajadores en actividades agrícolas, no clasificados anteriormente || 9111 Trabajadores de apoyo en actividades agrícolas"
1250,1,4,6141,2531,3,NA,requiere_revision_semantica,2,189,Técnicos en ciencias sociales,2531|2532|2711,2531 Auxiliares en ciencias sociales y humanistas || 2532 Auxiliares en servicios jurídicos || 2711 Auxiliares y técnicos en pedagogía y en educación
8150,1,2,7112,3222,4,NA,requiere_revision_semantica,1,189,"Trabajadores de apoyo para la realización de espectáculos, turismo y deporte",3222|4233|5251|5254|9713,"3222 Guías de turismo en museos, casinos, parques, cines y otros centros recreativos || 4233 Modelos de moda, arte y publicidad || 5251 Astrólogos, adivinadores y afines || 5254 Entrenadores de animales y ocupaciones relacionadas con el cuidado de mascotas || 9713 Trabajadores de apoyo a la realización de espectáculos, deportes y en parques de diversiones"
7201,1,3,4652,4224,3,NA,requiere_revision_semantica,1,188,Vendedores ambulantes de artículos diversos,4224|9512|9661|9663,4224 Vendedores por catálogo || 9512 Vendedores ambulantes de artículos diversos (excluyendo los de venta de alimentos) || 9661 Recolectores de basura y material reciclable || 9663 Recolectores de otros materiales
2121,2,2,5222,1211,2,NA,requiere_revision_semantica,2,188,"Directores, gerentes y administradores de área o establecimientos de finanzas, contabilidad, recursos humanos, administración e impartición de justicia",1211|1212|1224|1321,"1211 Directores y gerentes en administración, recursos humanos y mercadotecnia || 1212 Directores y gerentes en servicios contables, financieros, banca y seguros || 1224 Jueces de juzgado, directores y gerentes en servicios legales y procuración de justicia || 1321 Directores y gerentes en informática"
1204,1,5,2370,2621,2,NA,requiere_revision_semantica,2,188,"Técnicos en ingeniería química, industrial y mecánica",2621|2631|2633|2635|2637|2645,"2621 Auxiliares y técnicos industriales y químicos || 2631 Técnicos en mantenimiento y reparación de vehículos de motor || 2633 Técnicos en mantenimiento y reparación de maquinaria e instrumentos industriales || 2635 Técnicos en mantenimiento y reparación de instrumentos de precisión y musicales || 2637 Técnicos en la instalación, reparación y mantenimiento de equipos de refrigeración, climas y aire acondicionado || 2645 Técnicos en reparación de equipos electromecánicos"
8150,1,6,9800,3222,4,NA,requiere_revision_semantica,1,187,"Trabajadores de apoyo para la realización de espectáculos, turismo y deporte",3222|4233|5251|5254|9713,"3222 Guías de turismo en museos, casinos, parques, cines y otros centros recreativos || 4233 Modelos de moda, arte y publicidad || 5251 Astrólogos, adivinadores y afines || 5254 Entrenadores de animales y ocupaciones relacionadas con el cuidado de mascotas || 9713 Trabajadores de apoyo a la realización de espectáculos, deportes y en parques de diversiones"
5246,1,6,5611,2634,8,8,original_coincide_con_consenso_oficial,1,187,"Mecánicos, ajustadores, instaladores y trabajadores de mantenimiento y reparación de maquinaria, instrumentos industriales y equipos de refrigeración",2634|2638,"2634 Mecánicos en mantenimiento y reparación de maquinaria e instrumentos industriales || 2638 Mecánicos en instalación, mantenimiento y reparación de equipos de refrigeración, climas y aire acondicionado."
5190,1,6,7210,NA,NA,NA,original_tampoco_resuelve,2,187,NA,NA,NA
8100,1,6,6131,5112,4,4,original_coincide_con_consenso_oficial,2,186,Fonderos (preparan y sirven alimentos) en establecimientos,5112|5114,"5112 Fonderos, vendedores y comerciantes de comida || 5114 Taqueros y preparadores de comida rápida, antojitos, pizzas, hot dogs, jugos, café, etcétera"
1230,1,6,6221,2612,2,NA,requiere_revision_semantica,2,186,Técnicos laboratoristas químicos y biólogos,2612|2813|2827,"2612 Auxiliares y técnicos en ciencias biológicas, químicas y del medio ambiente || 2813 Técnicos de laboratorios médicos || 2827 Fumigadores y controladores de plagas"
7201,3,2,4631,4224,3,NA,requiere_revision_semantica,1,186,Vendedores ambulantes de artículos diversos,4224|9512|9661|9663,4224 Vendedores por catálogo || 9512 Vendedores ambulantes de artículos diversos (excluyendo los de venta de alimentos) || 9661 Recolectores de basura y material reciclable || 9663 Recolectores de otros materiales
6180,2,7,8112,1723,2,NA,requiere_revision_semantica,1,186,"Otros jefes de departamento, coordinadores y supervisores en actividades no clasificadas anteriormente",1723|5201|9601,"1723 Coordinadores y jefes de área en servicios funerarios y otros servicios || 5201 Supervisores y encargados de trabajadores en cuidados personales y del hogar || 9601 Supervisores en limpieza, amas de llaves, mayordomos y en estacionamientos"
7201,1,3,4340,4224,3,NA,requiere_revision_semantica,3,184,Vendedores ambulantes de artículos diversos,4224|9512|9661|9663,4224 Vendedores por catálogo || 9512 Vendedores ambulantes de artículos diversos (excluyendo los de venta de alimentos) || 9661 Recolectores de basura y material reciclable || 9663 Recolectores de otros materiales
6101,1,7,8130,1523,2,2,original_coincide_con_consenso_oficial,1,184,"Jefes de departamento, coordinadores y supervisores en servicios de educación",1523|2311,1523 Coordinadores y jefes de área en centros de enseñanza y capacitación || 2311 Supervisores e inspectores educativos
1204,1,5,3360,2621,2,NA,requiere_revision_semantica,2,182,"Técnicos en ingeniería química, industrial y mecánica",2621|2631|2633|2635|2637|2645,"2621 Auxiliares y técnicos industriales y químicos || 2631 Técnicos en mantenimiento y reparación de vehículos de motor || 2633 Técnicos en mantenimiento y reparación de maquinaria e instrumentos industriales || 2635 Técnicos en mantenimiento y reparación de instrumentos de precisión y musicales || 2637 Técnicos en la instalación, reparación y mantenimiento de equipos de refrigeración, climas y aire acondicionado || 2645 Técnicos en reparación de equipos electromecánicos"
5400,1,5,6221,9236,10,10,original_coincide_con_consenso_oficial,2,182,"Ayudantes, peones y similares en la fabricación de alimentos, bebidas y productos de tabaco",9236|9411,"9236 Trabajadores de apoyo en la industria de alimentos, bebidas y productos de tabaco || 9411 Ayudantes en la preparación de alimentos"
6101,1,5,3360,1523,1,NA,requiere_revision_semantica,1,182,"Jefes de departamento, coordinadores y supervisores en servicios de educación",1523|2311,1523 Coordinadores y jefes de área en centros de enseñanza y capacitación || 2311 Supervisores e inspectores educativos
1250,1,6,5611,2531,3,NA,requiere_revision_semantica,1,182,Técnicos en ciencias sociales,2531|2532|2711,2531 Auxiliares en ciencias sociales y humanistas || 2532 Auxiliares en servicios jurídicos || 2711 Auxiliares y técnicos en pedagogía y en educación
6110,1,6,2110,1512,1,NA,requiere_revision_semantica,1,181,"Jefes de departamento, coordinadores y supervisores en contabilidad y finanzas",1512|3101,"1512 Coordinadores y jefes de área en servicios contables, financieros, banca y seguros || 3101 Supervisores de secretarias, capturistas, cajeros y trabajadores de control de archivo y transporte"
5190,1,6,7221,NA,NA,NA,original_tampoco_resuelve,1,181,NA,NA,NA
8150,2,2,5322,3222,5,NA,requiere_revision_semantica,2,181,"Trabajadores de apoyo para la realización de espectáculos, turismo y deporte",3222|4233|5251|5254|9713,"3222 Guías de turismo en museos, casinos, parques, cines y otros centros recreativos || 4233 Modelos de moda, arte y publicidad || 5251 Astrólogos, adivinadores y afines || 5254 Entrenadores de animales y ocupaciones relacionadas con el cuidado de mascotas || 9713 Trabajadores de apoyo a la realización de espectáculos, deportes y en parques de diversiones"
4151,3,2,1122,6212,12,NA,requiere_revision_semantica,2,180,Trabajadores en actividades de acuacultura,6212|9122,6212 Trabajadores en actividades de acuacultura || 9122 Trabajadores de apoyo en actividades de acuicultura y pesca
7121,1,3,4330,8344,9,NA,requiere_revision_semantica,1,180,Repartidores,8344|9723,8344 Conductores de motocicleta || 9723 Repartidores de mercancías (a pie y en bicicleta)
2124,1,6,3240,1312,1,1,original_coincide_con_consenso_oficial,1,180,"Directores, gerentes y administradores de área o establecimientos en actividades de producción en industrias manufactureras, en la construcción y los servicios de reparación y mantenimiento",1312|1313|1314|1315,"1312 Directores y gerentes en producción minera, petrolera y gas || 1313 Directores y gerentes en generación y provisión de energía eléctrica y agua || 1314 Directores y gerentes en producción manufacturera || 1315 Directores y gerentes en construcción, reparación y mantenimiento"
5100,4,2,3120,1614,2,NA,requiere_revision_semantica,1,180,"Jefes, coordinadores y similares en la fabricación de alimentos, bebidas y productos de tabaco",1614|5101,"1614 Coordinadores y jefes de área en producción manufacturera || 5101 Supervisores en la preparación y servicio de alimentos y bebidas, así como en servicios de esparcimiento y de hotelería"
2123,1,5,4920,1322,1,1,original_coincide_con_consenso_oficial,2,179,"Directores, gerentes y administradores de área o establecimientos en comunicaciones y transportes",1322|1323,1322 Directores y gerentes en comunicación y telecomunicaciones || 1323 Directores y gerentes en servicios de transporte
8150,1,4,7112,3222,4,NA,requiere_revision_semantica,1,179,"Trabajadores de apoyo para la realización de espectáculos, turismo y deporte",3222|4233|5251|5254|9713,"3222 Guías de turismo en museos, casinos, parques, cines y otros centros recreativos || 4233 Modelos de moda, arte y publicidad || 5251 Astrólogos, adivinadores y afines || 5254 Entrenadores de animales y ocupaciones relacionadas con el cuidado de mascotas || 9713 Trabajadores de apoyo a la realización de espectáculos, deportes y en parques de diversiones"
4109,1,5,6112,6119,13,NA,requiere_revision_semantica,1,179,Otros trabajadores que desempeñan una ocupación afín a las comprendidas en este subgrupo,6119|9111,"6119 Otros trabajadores en actividades agrícolas, no clasificados anteriormente || 9111 Trabajadores de apoyo en actividades agrícolas"
6180,1,7,5620,1723,2,NA,requiere_revision_semantica,1,179,"Otros jefes de departamento, coordinadores y supervisores en actividades no clasificadas anteriormente",1723|5201|9601,"1723 Coordinadores y jefes de área en servicios funerarios y otros servicios || 5201 Supervisores y encargados de trabajadores en cuidados personales y del hogar || 9601 Supervisores en limpieza, amas de llaves, mayordomos y en estacionamientos"
2124,2,3,2381,1312,2,2,original_coincide_con_consenso_oficial,1,178,"Directores, gerentes y administradores de área o establecimientos en actividades de producción en industrias manufactureras, en la construcción y los servicios de reparación y mantenimiento",1312|1313|1314|1315,"1312 Directores y gerentes en producción minera, petrolera y gas || 1313 Directores y gerentes en generación y provisión de energía eléctrica y agua || 1314 Directores y gerentes en producción manufacturera || 1315 Directores y gerentes en construcción, reparación y mantenimiento"
5170,1,6,2381,1613,1,NA,requiere_revision_semantica,1,178,"Jefes, coordinadores y similares en la generación de energía, la instalación, reparación y mantenimiento de equipo eléctrico y de telecomunicaciones",1613|8101,1613 Coordinadores y jefes de área en generación y provisión de energía eléctrica y agua || 8101 Supervisores de operadores de maquinaria industrial
2123,1,2,4840,1322,2,2,original_coincide_con_consenso_oficial,2,177,"Directores, gerentes y administradores de área o establecimientos en comunicaciones y transportes",1322|1323,1322 Directores y gerentes en comunicación y telecomunicaciones || 1323 Directores y gerentes en servicios de transporte
6260,1,4,4830,3141,3,3,original_coincide_con_consenso_oficial,1,177,"Despachadores, checadores y similares en la operación del transporte",3141|3142,3141 Despachadores de transporte || 3142 Checadores y revisores de transporte
2121,3,2,5411,1211,2,NA,requiere_revision_semantica,1,177,"Directores, gerentes y administradores de área o establecimientos de finanzas, contabilidad, recursos humanos, administración e impartición de justicia",1211|1212|1224|1321,"1211 Directores y gerentes en administración, recursos humanos y mercadotecnia || 1212 Directores y gerentes en servicios contables, financieros, banca y seguros || 1224 Jueces de juzgado, directores y gerentes en servicios legales y procuración de justicia || 1321 Directores y gerentes en informática"
5400,1,6,9800,9236,10,10,original_coincide_con_consenso_oficial,1,177,"Ayudantes, peones y similares en la fabricación de alimentos, bebidas y productos de tabaco",9236|9411,"9236 Trabajadores de apoyo en la industria de alimentos, bebidas y productos de tabaco || 9411 Ayudantes en la preparación de alimentos"
7121,1,4,3120,8344,9,NA,requiere_revision_semantica,1,176,Repartidores,8344|9723,8344 Conductores de motocicleta || 9723 Repartidores de mercancías (a pie y en bicicleta)
6160,1,3,5510,1711,2,2,original_coincide_con_consenso_oficial,1,176,"Jefes de departamento, coordinadores y supervisores en servicios de restaurante, hospedaje y comercio",1711|1712,"1711 Coordinadores y jefes de área de ventas, comercialización y alquiler || 1712 Coordinadores y jefes de área de restaurantes y hoteles"
6160,2,2,5411,1711,2,2,original_coincide_con_consenso_oficial,1,176,"Jefes de departamento, coordinadores y supervisores en servicios de restaurante, hospedaje y comercio",1711|1712,"1711 Coordinadores y jefes de área de ventas, comercialización y alquiler || 1712 Coordinadores y jefes de área de restaurantes y hoteles"
5380,1,7,3360,8131,9,NA,requiere_revision_semantica,1,176,Operadores de máquinas para el tratamiento de sustancias químicas y agua,8131|8134,8131 Operadores de máquinas para la elaboración de productos químicos || 8134 Operadores de máquinas para el tratamiento de agua
2124,1,5,3350,1312,1,1,original_coincide_con_consenso_oficial,2,176,"Directores, gerentes y administradores de área o establecimientos en actividades de producción en industrias manufactureras, en la construcción y los servicios de reparación y mantenimiento",1312|1313|1314|1315,"1312 Directores y gerentes en producción minera, petrolera y gas || 1313 Directores y gerentes en generación y provisión de energía eléctrica y agua || 1314 Directores y gerentes en producción manufacturera || 1315 Directores y gerentes en construcción, reparación y mantenimiento"
8150,4,4,7131,3222,4,NA,requiere_revision_semantica,1,176,"Trabajadores de apoyo para la realización de espectáculos, turismo y deporte",3222|4233|5251|5254|9713,"3222 Guías de turismo en museos, casinos, parques, cines y otros centros recreativos || 4233 Modelos de moda, arte y publicidad || 5251 Astrólogos, adivinadores y afines || 5254 Entrenadores de animales y ocupaciones relacionadas con el cuidado de mascotas || 9713 Trabajadores de apoyo a la realización de espectáculos, deportes y en parques de diversiones"
6131,1,7,3260,NA,NA,NA,original_tampoco_resuelve,1,176,NA,NA,NA
2121,1,7,5614,1211,2,NA,requiere_revision_semantica,1,176,"Directores, gerentes y administradores de área o establecimientos de finanzas, contabilidad, recursos humanos, administración e impartición de justicia",1211|1212|1224|1321,"1211 Directores y gerentes en administración, recursos humanos y mercadotecnia || 1212 Directores y gerentes en servicios contables, financieros, banca y seguros || 1224 Jueces de juzgado, directores y gerentes en servicios legales y procuración de justicia || 1321 Directores y gerentes en informática"
7201,3,2,4682,4224,3,NA,requiere_revision_semantica,2,176,Vendedores ambulantes de artículos diversos,4224|9512|9661|9663,4224 Vendedores por catálogo || 9512 Vendedores ambulantes de artículos diversos (excluyendo los de venta de alimentos) || 9661 Recolectores de basura y material reciclable || 9663 Recolectores de otros materiales
1204,1,7,5412,2621,2,NA,requiere_revision_semantica,1,176,"Técnicos en ingeniería química, industrial y mecánica",2621|2631|2633|2635|2637|2645,"2621 Auxiliares y técnicos industriales y químicos || 2631 Técnicos en mantenimiento y reparación de vehículos de motor || 2633 Técnicos en mantenimiento y reparación de maquinaria e instrumentos industriales || 2635 Técnicos en mantenimiento y reparación de instrumentos de precisión y musicales || 2637 Técnicos en la instalación, reparación y mantenimiento de equipos de refrigeración, climas y aire acondicionado || 2645 Técnicos en reparación de equipos electromecánicos"
6180,1,4,8112,1723,2,NA,requiere_revision_semantica,1,175,"Otros jefes de departamento, coordinadores y supervisores en actividades no clasificadas anteriormente",1723|5201|9601,"1723 Coordinadores y jefes de área en servicios funerarios y otros servicios || 5201 Supervisores y encargados de trabajadores en cuidados personales y del hogar || 9601 Supervisores en limpieza, amas de llaves, mayordomos y en estacionamientos"
5190,1,6,5110,NA,NA,NA,original_tampoco_resuelve,1,175,NA,NA,NA
1230,1,7,6211,2612,2,NA,requiere_revision_semantica,2,175,Técnicos laboratoristas químicos y biólogos,2612|2813|2827,"2612 Auxiliares y técnicos en ciencias biológicas, químicas y del medio ambiente || 2813 Técnicos de laboratorios médicos || 2827 Fumigadores y controladores de plagas"
6131,2,4,5411,NA,NA,NA,original_tampoco_resuelve,1,175,NA,NA,NA
5246,1,7,3350,2634,9,9,original_coincide_con_consenso_oficial,1,175,"Mecánicos, ajustadores, instaladores y trabajadores de mantenimiento y reparación de maquinaria, instrumentos industriales y equipos de refrigeración",2634|2638,"2634 Mecánicos en mantenimiento y reparación de maquinaria e instrumentos industriales || 2638 Mecánicos en instalación, mantenimiento y reparación de equipos de refrigeración, climas y aire acondicionado."
1230,1,7,3310,2612,2,NA,requiere_revision_semantica,1,175,Técnicos laboratoristas químicos y biólogos,2612|2813|2827,"2612 Auxiliares y técnicos en ciencias biológicas, químicas y del medio ambiente || 2813 Técnicos de laboratorios médicos || 2827 Fumigadores y controladores de plagas"
6260,1,7,3360,3141,3,3,original_coincide_con_consenso_oficial,1,175,"Despachadores, checadores y similares en la operación del transporte",3141|3142,3141 Despachadores de transporte || 3142 Checadores y revisores de transporte
1230,1,4,4340,2612,2,NA,requiere_revision_semantica,1,175,Técnicos laboratoristas químicos y biólogos,2612|2813|2827,"2612 Auxiliares y técnicos en ciencias biológicas, químicas y del medio ambiente || 2813 Técnicos de laboratorios médicos || 2827 Fumigadores y controladores de plagas"
4134,1,7,1130,6225,13,NA,requiere_revision_semantica,1,175,Cortadores y recolectores de leña,6225|9124,6225 Cortadores de leña || 9124 Recolectores de leña y acarreadores de agua
8150,1,3,6251,3222,4,NA,requiere_revision_semantica,1,175,"Trabajadores de apoyo para la realización de espectáculos, turismo y deporte",3222|4233|5251|5254|9713,"3222 Guías de turismo en museos, casinos, parques, cines y otros centros recreativos || 4233 Modelos de moda, arte y publicidad || 5251 Astrólogos, adivinadores y afines || 5254 Entrenadores de animales y ocupaciones relacionadas con el cuidado de mascotas || 9713 Trabajadores de apoyo a la realización de espectáculos, deportes y en parques de diversiones"
4119,4,2,1121,6129,13,NA,requiere_revision_semantica,1,174,Otros trabajadores que desempeñan una ocupación afín a las comprendidas en este subgrupo,6129|9112,"6129 Otros trabajadores en actividades ganaderas y en la cría de animales, no clasificados anteriormente || 9112 Trabajadores de apoyo en actividades ganaderas"
2133,1,3,1141,1134,1,1,original_coincide_con_consenso_oficial,1,174,"Directivos de organizaciones humanitarias, religiosas, asociaciones civiles y ejidales",1134|1135,1134 Directores de organizaciones agrarias || 1135 Directores de organizaciones civiles y religiosas
5521,2,7,4840,8341,NA,NA,original_tampoco_resuelve,1,174,"Conductores de camiones, camionetas y automóviles de carga",8341,"8341 Conductores de camiones, camionetas y automóviles de carga"
7201,4,2,4642,4224,3,NA,requiere_revision_semantica,2,174,Vendedores ambulantes de artículos diversos,4224|9512|9661|9663,4224 Vendedores por catálogo || 9512 Vendedores ambulantes de artículos diversos (excluyendo los de venta de alimentos) || 9661 Recolectores de basura y material reciclable || 9663 Recolectores de otros materiales
7201,3,2,4642,4224,3,NA,requiere_revision_semantica,2,174,Vendedores ambulantes de artículos diversos,4224|9512|9661|9663,4224 Vendedores por catálogo || 9512 Vendedores ambulantes de artículos diversos (excluyendo los de venta de alimentos) || 9661 Recolectores de basura y material reciclable || 9663 Recolectores de otros materiales
5380,1,7,4350,8131,9,NA,requiere_revision_semantica,1,173,Operadores de máquinas para el tratamiento de sustancias químicas y agua,8131|8134,8131 Operadores de máquinas para la elaboración de productos químicos || 8134 Operadores de máquinas para el tratamiento de agua
2121,1,4,8111,1211,2,NA,requiere_revision_semantica,1,172,"Directores, gerentes y administradores de área o establecimientos de finanzas, contabilidad, recursos humanos, administración e impartición de justicia",1211|1212|1224|1321,"1211 Directores y gerentes en administración, recursos humanos y mercadotecnia || 1212 Directores y gerentes en servicios contables, financieros, banca y seguros || 1224 Jueces de juzgado, directores y gerentes en servicios legales y procuración de justicia || 1321 Directores y gerentes en informática"
2121,1,2,4611,1211,2,NA,requiere_revision_semantica,1,172,"Directores, gerentes y administradores de área o establecimientos de finanzas, contabilidad, recursos humanos, administración e impartición de justicia",1211|1212|1224|1321,"1211 Directores y gerentes en administración, recursos humanos y mercadotecnia || 1212 Directores y gerentes en servicios contables, financieros, banca y seguros || 1224 Jueces de juzgado, directores y gerentes en servicios legales y procuración de justicia || 1321 Directores y gerentes en informática"
2123,3,2,4840,1322,2,2,original_coincide_con_consenso_oficial,1,172,"Directores, gerentes y administradores de área o establecimientos en comunicaciones y transportes",1322|1323,1322 Directores y gerentes en comunicación y telecomunicaciones || 1323 Directores y gerentes en servicios de transporte
8150,1,5,7223,3222,4,NA,requiere_revision_semantica,1,171,"Trabajadores de apoyo para la realización de espectáculos, turismo y deporte",3222|4233|5251|5254|9713,"3222 Guías de turismo en museos, casinos, parques, cines y otros centros recreativos || 4233 Modelos de moda, arte y publicidad || 5251 Astrólogos, adivinadores y afines || 5254 Entrenadores de animales y ocupaciones relacionadas con el cuidado de mascotas || 9713 Trabajadores de apoyo a la realización de espectáculos, deportes y en parques de diversiones"
5400,1,6,4350,9236,10,10,original_coincide_con_consenso_oficial,1,171,"Ayudantes, peones y similares en la fabricación de alimentos, bebidas y productos de tabaco",9236|9411,"9236 Trabajadores de apoyo en la industria de alimentos, bebidas y productos de tabaco || 9411 Ayudantes en la preparación de alimentos"
2121,1,7,4641,1211,2,NA,requiere_revision_semantica,1,171,"Directores, gerentes y administradores de área o establecimientos de finanzas, contabilidad, recursos humanos, administración e impartición de justicia",1211|1212|1224|1321,"1211 Directores y gerentes en administración, recursos humanos y mercadotecnia || 1212 Directores y gerentes en servicios contables, financieros, banca y seguros || 1224 Jueces de juzgado, directores y gerentes en servicios legales y procuración de justicia || 1321 Directores y gerentes en informática"
2123,1,5,4850,1322,1,1,original_coincide_con_consenso_oficial,1,171,"Directores, gerentes y administradores de área o establecimientos en comunicaciones y transportes",1322|1323,1322 Directores y gerentes en comunicación y telecomunicaciones || 1323 Directores y gerentes en servicios de transporte
5100,1,2,6222,1614,2,NA,requiere_revision_semantica,1,170,"Jefes, coordinadores y similares en la fabricación de alimentos, bebidas y productos de tabaco",1614|5101,"1614 Coordinadores y jefes de área en producción manufacturera || 5101 Supervisores en la preparación y servicio de alimentos y bebidas, así como en servicios de esparcimiento y de hotelería"
2124,1,5,3120,1312,1,1,original_coincide_con_consenso_oficial,2,170,"Directores, gerentes y administradores de área o establecimientos en actividades de producción en industrias manufactureras, en la construcción y los servicios de reparación y mantenimiento",1312|1313|1314|1315,"1312 Directores y gerentes en producción minera, petrolera y gas || 1313 Directores y gerentes en generación y provisión de energía eléctrica y agua || 1314 Directores y gerentes en producción manufacturera || 1315 Directores y gerentes en construcción, reparación y mantenimiento"
6121,3,1,4840,1623,2,2,original_coincide_con_consenso_oficial,1,170,"Jefes de departamento, coordinadores y supervisores en la coordinación del transporte",1623|2661|2662|8301,"1623 Coordinadores y jefes de área en servicios de transporte || 2661 Controladores de tráfico aéreo || 2662 Controladores de tráfico de otros transportes (terrestre, ferroviario y marítimo) || 8301 Supervisores de conductores de transporte y de maquinaria móvil"
2124,2,2,3210,1312,2,2,original_coincide_con_consenso_oficial,2,170,"Directores, gerentes y administradores de área o establecimientos en actividades de producción en industrias manufactureras, en la construcción y los servicios de reparación y mantenimiento",1312|1313|1314|1315,"1312 Directores y gerentes en producción minera, petrolera y gas || 1313 Directores y gerentes en generación y provisión de energía eléctrica y agua || 1314 Directores y gerentes en producción manufacturera || 1315 Directores y gerentes en construcción, reparación y mantenimiento"
6160,3,2,4611,1711,2,2,original_coincide_con_consenso_oficial,1,170,"Jefes de departamento, coordinadores y supervisores en servicios de restaurante, hospedaje y comercio",1711|1712,"1711 Coordinadores y jefes de área de ventas, comercialización y alquiler || 1712 Coordinadores y jefes de área de restaurantes y hoteles"
6130,1,4,4360,1621,2,2,original_coincide_con_consenso_oficial,1,169,"Jefes de departamento, coordinadores y supervisores en servicios estadísticos e informáticos",1621|3201,1621 Coordinadores y jefes de área en informática || 3201 Supervisores de trabajadores que brindan y manejan información
8150,1,2,7113,3222,4,NA,requiere_revision_semantica,1,169,"Trabajadores de apoyo para la realización de espectáculos, turismo y deporte",3222|4233|5251|5254|9713,"3222 Guías de turismo en museos, casinos, parques, cines y otros centros recreativos || 4233 Modelos de moda, arte y publicidad || 5251 Astrólogos, adivinadores y afines || 5254 Entrenadores de animales y ocupaciones relacionadas con el cuidado de mascotas || 9713 Trabajadores de apoyo a la realización de espectáculos, deportes y en parques de diversiones"
2125,1,3,6252,1223,2,2,original_coincide_con_consenso_oficial,1,168,Directores gerentes y administradores de área o establecimientos de enseñanza e investigación,1223|1324,1223 Directores y gerentes en centros de enseñanza y capacitación || 1324 Directores y gerentes en centros de investigación y desarrollo tecnológico
6110,1,6,2381,1512,1,NA,requiere_revision_semantica,1,167,"Jefes de departamento, coordinadores y supervisores en contabilidad y finanzas",1512|3101,"1512 Coordinadores y jefes de área en servicios contables, financieros, banca y seguros || 3101 Supervisores de secretarias, capturistas, cajeros y trabajadores de control de archivo y transporte"
5190,1,5,4850,NA,NA,NA,original_tampoco_resuelve,1,167,NA,NA,NA
5246,1,5,2361,2634,8,8,original_coincide_con_consenso_oficial,1,167,"Mecánicos, ajustadores, instaladores y trabajadores de mantenimiento y reparación de maquinaria, instrumentos industriales y equipos de refrigeración",2634|2638,"2634 Mecánicos en mantenimiento y reparación de maquinaria e instrumentos industriales || 2638 Mecánicos en instalación, mantenimiento y reparación de equipos de refrigeración, climas y aire acondicionado."
4151,3,1,1141,6212,12,NA,requiere_revision_semantica,1,166,Trabajadores en actividades de acuacultura,6212|9122,6212 Trabajadores en actividades de acuacultura || 9122 Trabajadores de apoyo en actividades de acuicultura y pesca
2124,1,2,9314,1312,2,2,original_coincide_con_consenso_oficial,1,166,"Directores, gerentes y administradores de área o establecimientos en actividades de producción en industrias manufactureras, en la construcción y los servicios de reparación y mantenimiento",1312|1313|1314|1315,"1312 Directores y gerentes en producción minera, petrolera y gas || 1313 Directores y gerentes en generación y provisión de energía eléctrica y agua || 1314 Directores y gerentes en producción manufacturera || 1315 Directores y gerentes en construcción, reparación y mantenimiento"
6180,1,7,9314,1723,2,NA,requiere_revision_semantica,1,166,"Otros jefes de departamento, coordinadores y supervisores en actividades no clasificadas anteriormente",1723|5201|9601,"1723 Coordinadores y jefes de área en servicios funerarios y otros servicios || 5201 Supervisores y encargados de trabajadores en cuidados personales y del hogar || 9601 Supervisores en limpieza, amas de llaves, mayordomos y en estacionamientos"
5400,1,6,3360,9236,10,10,original_coincide_con_consenso_oficial,1,165,"Ayudantes, peones y similares en la fabricación de alimentos, bebidas y productos de tabaco",9236|9411,"9236 Trabajadores de apoyo en la industria de alimentos, bebidas y productos de tabaco || 9411 Ayudantes en la preparación de alimentos"
6150,2,3,4870,1721,2,2,original_coincide_con_consenso_oficial,1,165,"Jefes de departamento, coordinadores y supervisores en servicios culturales y de esparcimiento",1721|1722,"1721 Coordinadores y jefes de área en actividades artísticas, de cine, teatro y afines || 1722 Coordinadores y jefes de área en museos, cines, deportivos y servicios culturales"
6160,2,4,4661,1711,2,2,original_coincide_con_consenso_oficial,1,165,"Jefes de departamento, coordinadores y supervisores en servicios de restaurante, hospedaje y comercio",1711|1712,"1711 Coordinadores y jefes de área de ventas, comercialización y alquiler || 1712 Coordinadores y jefes de área de restaurantes y hoteles"
1204,1,6,8130,2621,2,NA,requiere_revision_semantica,2,164,"Técnicos en ingeniería química, industrial y mecánica",2621|2631|2633|2635|2637|2645,"2621 Auxiliares y técnicos industriales y químicos || 2631 Técnicos en mantenimiento y reparación de vehículos de motor || 2633 Técnicos en mantenimiento y reparación de maquinaria e instrumentos industriales || 2635 Técnicos en mantenimiento y reparación de instrumentos de precisión y musicales || 2637 Técnicos en la instalación, reparación y mantenimiento de equipos de refrigeración, climas y aire acondicionado || 2645 Técnicos en reparación de equipos electromecánicos"
7121,1,6,4330,8344,8,NA,requiere_revision_semantica,2,164,Repartidores,8344|9723,8344 Conductores de motocicleta || 9723 Repartidores de mercancías (a pie y en bicicleta)
5141,1,6,4850,2630,2,NA,requiere_revision_semantica,1,164,"Supervisores, inspectores y similares en la fabricación metalúrgica y en la fabricación de productos eléctricos y electrónicos, la reparación y mantenimiento de maquinaria y productos metálicos y de precisión",2630|7201|8201,"2630 Supervisores de mecánicos y técnicos en mantenimiento y reparación de equipos mecánicos, vehículos de motor, instrumentos industriales y equipo de refrigeración || 7201 Supervisores de artesanos y trabajadores en el tratamiento y elaboración de productos de metal || 8201 Supervisores en procesos de ensamblado y montaje de maquinaria, herramientas y productos metálicos y electrónicos"
6121,1,6,4930,1623,1,NA,requiere_revision_semantica,1,164,"Jefes de departamento, coordinadores y supervisores en la coordinación del transporte",1623|2661|2662|8301,"1623 Coordinadores y jefes de área en servicios de transporte || 2661 Controladores de tráfico aéreo || 2662 Controladores de tráfico de otros transportes (terrestre, ferroviario y marítimo) || 8301 Supervisores de conductores de transporte y de maquinaria móvil"
8150,1,4,6251,3222,4,NA,requiere_revision_semantica,1,164,"Trabajadores de apoyo para la realización de espectáculos, turismo y deporte",3222|4233|5251|5254|9713,"3222 Guías de turismo en museos, casinos, parques, cines y otros centros recreativos || 4233 Modelos de moda, arte y publicidad || 5251 Astrólogos, adivinadores y afines || 5254 Entrenadores de animales y ocupaciones relacionadas con el cuidado de mascotas || 9713 Trabajadores de apoyo a la realización de espectáculos, deportes y en parques de diversiones"
6101,1,6,5412,1523,1,NA,requiere_revision_semantica,2,164,"Jefes de departamento, coordinadores y supervisores en servicios de educación",1523|2311,1523 Coordinadores y jefes de área en centros de enseñanza y capacitación || 2311 Supervisores e inspectores educativos
6160,1,5,9314,1711,1,1,original_coincide_con_consenso_oficial,2,163,"Jefes de departamento, coordinadores y supervisores en servicios de restaurante, hospedaje y comercio",1711|1712,"1711 Coordinadores y jefes de área de ventas, comercialización y alquiler || 1712 Coordinadores y jefes de área de restaurantes y hoteles"
2121,1,7,5230,1211,2,NA,requiere_revision_semantica,1,163,"Directores, gerentes y administradores de área o establecimientos de finanzas, contabilidad, recursos humanos, administración e impartición de justicia",1211|1212|1224|1321,"1211 Directores y gerentes en administración, recursos humanos y mercadotecnia || 1212 Directores y gerentes en servicios contables, financieros, banca y seguros || 1224 Jueces de juzgado, directores y gerentes en servicios legales y procuración de justicia || 1321 Directores y gerentes en informática"
2124,2,7,2122,1312,2,2,original_coincide_con_consenso_oficial,1,163,"Directores, gerentes y administradores de área o establecimientos en actividades de producción en industrias manufactureras, en la construcción y los servicios de reparación y mantenimiento",1312|1313|1314|1315,"1312 Directores y gerentes en producción minera, petrolera y gas || 1313 Directores y gerentes en generación y provisión de energía eléctrica y agua || 1314 Directores y gerentes en producción manufacturera || 1315 Directores y gerentes en construcción, reparación y mantenimiento"
2124,1,4,2381,1312,2,2,original_coincide_con_consenso_oficial,1,163,"Directores, gerentes y administradores de área o establecimientos en actividades de producción en industrias manufactureras, en la construcción y los servicios de reparación y mantenimiento",1312|1313|1314|1315,"1312 Directores y gerentes en producción minera, petrolera y gas || 1313 Directores y gerentes en generación y provisión de energía eléctrica y agua || 1314 Directores y gerentes en producción manufacturera || 1315 Directores y gerentes en construcción, reparación y mantenimiento"
2124,1,3,3150,1312,2,2,original_coincide_con_consenso_oficial,1,163,"Directores, gerentes y administradores de área o establecimientos en actividades de producción en industrias manufactureras, en la construcción y los servicios de reparación y mantenimiento",1312|1313|1314|1315,"1312 Directores y gerentes en producción minera, petrolera y gas || 1313 Directores y gerentes en generación y provisión de energía eléctrica y agua || 1314 Directores y gerentes en producción manufacturera || 1315 Directores y gerentes en construcción, reparación y mantenimiento"
1204,4,6,2110,2621,2,NA,requiere_revision_semantica,1,163,"Técnicos en ingeniería química, industrial y mecánica",2621|2631|2633|2635|2637|2645,"2621 Auxiliares y técnicos industriales y químicos || 2631 Técnicos en mantenimiento y reparación de vehículos de motor || 2633 Técnicos en mantenimiento y reparación de maquinaria e instrumentos industriales || 2635 Técnicos en mantenimiento y reparación de instrumentos de precisión y musicales || 2637 Técnicos en la instalación, reparación y mantenimiento de equipos de refrigeración, climas y aire acondicionado || 2645 Técnicos en reparación de equipos electromecánicos"
4134,2,3,1130,6225,12,NA,requiere_revision_semantica,1,163,Cortadores y recolectores de leña,6225|9124,6225 Cortadores de leña || 9124 Recolectores de leña y acarreadores de agua
5400,4,6,6222,9236,10,10,original_coincide_con_consenso_oficial,1,162,"Ayudantes, peones y similares en la fabricación de alimentos, bebidas y productos de tabaco",9236|9411,"9236 Trabajadores de apoyo en la industria de alimentos, bebidas y productos de tabaco || 9411 Ayudantes en la preparación de alimentos"
2126,1,5,6231,1222,1,NA,requiere_revision_semantica,1,161,"Directores, gerentes y administradores de área o establecimientos en servicios asistenciales y de readaptación social",1222|1225|1226,1222 Directores y gerentes en desarrollo social y económico || 1225 Comandantes de las fuerzas armadas || 1226 Directores en servicios de vigilancia y seguridad
5100,1,7,3110,1614,2,NA,requiere_revision_semantica,2,160,"Jefes, coordinadores y similares en la fabricación de alimentos, bebidas y productos de tabaco",1614|5101,"1614 Coordinadores y jefes de área en producción manufacturera || 5101 Supervisores en la preparación y servicio de alimentos y bebidas, así como en servicios de esparcimiento y de hotelería"
1204,1,5,4611,2621,2,NA,requiere_revision_semantica,1,160,"Técnicos en ingeniería química, industrial y mecánica",2621|2631|2633|2635|2637|2645,"2621 Auxiliares y técnicos industriales y químicos || 2631 Técnicos en mantenimiento y reparación de vehículos de motor || 2633 Técnicos en mantenimiento y reparación de maquinaria e instrumentos industriales || 2635 Técnicos en mantenimiento y reparación de instrumentos de precisión y musicales || 2637 Técnicos en la instalación, reparación y mantenimiento de equipos de refrigeración, climas y aire acondicionado || 2645 Técnicos en reparación de equipos electromecánicos"
1204,1,6,2370,2621,2,NA,requiere_revision_semantica,2,160,"Técnicos en ingeniería química, industrial y mecánica",2621|2631|2633|2635|2637|2645,"2621 Auxiliares y técnicos industriales y químicos || 2631 Técnicos en mantenimiento y reparación de vehículos de motor || 2633 Técnicos en mantenimiento y reparación de maquinaria e instrumentos industriales || 2635 Técnicos en mantenimiento y reparación de instrumentos de precisión y musicales || 2637 Técnicos en la instalación, reparación y mantenimiento de equipos de refrigeración, climas y aire acondicionado || 2645 Técnicos en reparación de equipos electromecánicos"
6110,1,6,2370,1512,1,NA,requiere_revision_semantica,1,159,"Jefes de departamento, coordinadores y supervisores en contabilidad y finanzas",1512|3101,"1512 Coordinadores y jefes de área en servicios contables, financieros, banca y seguros || 3101 Supervisores de secretarias, capturistas, cajeros y trabajadores de control de archivo y transporte"
2121,1,2,4681,1211,2,NA,requiere_revision_semantica,2,159,"Directores, gerentes y administradores de área o establecimientos de finanzas, contabilidad, recursos humanos, administración e impartición de justicia",1211|1212|1224|1321,"1211 Directores y gerentes en administración, recursos humanos y mercadotecnia || 1212 Directores y gerentes en servicios contables, financieros, banca y seguros || 1224 Jueces de juzgado, directores y gerentes en servicios legales y procuración de justicia || 1321 Directores y gerentes en informática"
6110,1,4,5221,1512,2,2,original_coincide_con_consenso_oficial,2,158,"Jefes de departamento, coordinadores y supervisores en contabilidad y finanzas",1512|3101,"1512 Coordinadores y jefes de área en servicios contables, financieros, banca y seguros || 3101 Supervisores de secretarias, capturistas, cajeros y trabajadores de control de archivo y transporte"
2124,1,5,3320,1312,1,1,original_coincide_con_consenso_oficial,1,158,"Directores, gerentes y administradores de área o establecimientos en actividades de producción en industrias manufactureras, en la construcción y los servicios de reparación y mantenimiento",1312|1313|1314|1315,"1312 Directores y gerentes en producción minera, petrolera y gas || 1313 Directores y gerentes en generación y provisión de energía eléctrica y agua || 1314 Directores y gerentes en producción manufacturera || 1315 Directores y gerentes en construcción, reparación y mantenimiento"
1204,1,3,4651,2621,2,NA,requiere_revision_semantica,1,158,"Técnicos en ingeniería química, industrial y mecánica",2621|2631|2633|2635|2637|2645,"2621 Auxiliares y técnicos industriales y químicos || 2631 Técnicos en mantenimiento y reparación de vehículos de motor || 2633 Técnicos en mantenimiento y reparación de maquinaria e instrumentos industriales || 2635 Técnicos en mantenimiento y reparación de instrumentos de precisión y musicales || 2637 Técnicos en la instalación, reparación y mantenimiento de equipos de refrigeración, climas y aire acondicionado || 2645 Técnicos en reparación de equipos electromecánicos"
2124,1,4,3160,1312,2,2,original_coincide_con_consenso_oficial,1,157,"Directores, gerentes y administradores de área o establecimientos en actividades de producción en industrias manufactureras, en la construcción y los servicios de reparación y mantenimiento",1312|1313|1314|1315,"1312 Directores y gerentes en producción minera, petrolera y gas || 1313 Directores y gerentes en generación y provisión de energía eléctrica y agua || 1314 Directores y gerentes en producción manufacturera || 1315 Directores y gerentes en construcción, reparación y mantenimiento"
2124,1,7,3380,1312,2,2,original_coincide_con_consenso_oficial,1,157,"Directores, gerentes y administradores de área o establecimientos en actividades de producción en industrias manufactureras, en la construcción y los servicios de reparación y mantenimiento",1312|1313|1314|1315,"1312 Directores y gerentes en producción minera, petrolera y gas || 1313 Directores y gerentes en generación y provisión de energía eléctrica y agua || 1314 Directores y gerentes en producción manufacturera || 1315 Directores y gerentes en construcción, reparación y mantenimiento"
5246,1,6,1121,2634,8,8,original_coincide_con_consenso_oficial,2,156,"Mecánicos, ajustadores, instaladores y trabajadores de mantenimiento y reparación de maquinaria, instrumentos industriales y equipos de refrigeración",2634|2638,"2634 Mecánicos en mantenimiento y reparación de maquinaria e instrumentos industriales || 2638 Mecánicos en instalación, mantenimiento y reparación de equipos de refrigeración, climas y aire acondicionado."
6160,1,3,4631,1711,2,2,original_coincide_con_consenso_oficial,1,156,"Jefes de departamento, coordinadores y supervisores en servicios de restaurante, hospedaje y comercio",1711|1712,"1711 Coordinadores y jefes de área de ventas, comercialización y alquiler || 1712 Coordinadores y jefes de área de restaurantes y hoteles"
6110,1,5,2361,1512,1,NA,requiere_revision_semantica,2,156,"Jefes de departamento, coordinadores y supervisores en contabilidad y finanzas",1512|3101,"1512 Coordinadores y jefes de área en servicios contables, financieros, banca y seguros || 3101 Supervisores de secretarias, capturistas, cajeros y trabajadores de control de archivo y transporte"
1204,3,1,5411,2621,2,NA,requiere_revision_semantica,1,155,"Técnicos en ingeniería química, industrial y mecánica",2621|2631|2633|2635|2637|2645,"2621 Auxiliares y técnicos industriales y químicos || 2631 Técnicos en mantenimiento y reparación de vehículos de motor || 2633 Técnicos en mantenimiento y reparación de maquinaria e instrumentos industriales || 2635 Técnicos en mantenimiento y reparación de instrumentos de precisión y musicales || 2637 Técnicos en la instalación, reparación y mantenimiento de equipos de refrigeración, climas y aire acondicionado || 2645 Técnicos en reparación de equipos electromecánicos"
5170,1,6,3360,1613,1,NA,requiere_revision_semantica,1,155,"Jefes, coordinadores y similares en la generación de energía, la instalación, reparación y mantenimiento de equipo eléctrico y de telecomunicaciones",1613|8101,1613 Coordinadores y jefes de área en generación y provisión de energía eléctrica y agua || 8101 Supervisores de operadores de maquinaria industrial
4109,4,3,1110,6119,13,NA,requiere_revision_semantica,2,154,Otros trabajadores que desempeñan una ocupación afín a las comprendidas en este subgrupo,6119|9111,"6119 Otros trabajadores en actividades agrícolas, no clasificados anteriormente || 9111 Trabajadores de apoyo en actividades agrícolas"
4160,1,2,1110,6117,13,13,original_coincide_con_consenso_oficial,2,154,Trabajadores en actividades de beneficio de productos agropecuarios,6117|6128,6117 Trabajadores en actividades de beneficio de productos agrícolas || 6128 Trabajadores en actividades de beneficio de productos pecuarios
4170,1,6,9312,6101,7,7,original_coincide_con_consenso_oficial,1,154,"Capataces, caporales, mayorales y similares en actividades agropecuarias,silvícolas y pesqueras",6101|6201,"6101 Supervisores, encargados y capataces agropecuarios || 6201 Supervisores, encargados y capataces de trabajadores en actividades pesqueras, acuícolas, forestales, caza y similares"
2124,3,1,3320,1312,2,2,original_coincide_con_consenso_oficial,1,154,"Directores, gerentes y administradores de área o establecimientos en actividades de producción en industrias manufactureras, en la construcción y los servicios de reparación y mantenimiento",1312|1313|1314|1315,"1312 Directores y gerentes en producción minera, petrolera y gas || 1313 Directores y gerentes en generación y provisión de energía eléctrica y agua || 1314 Directores y gerentes en producción manufacturera || 1315 Directores y gerentes en construcción, reparación y mantenimiento"
5246,1,6,4830,2634,8,8,original_coincide_con_consenso_oficial,1,154,"Mecánicos, ajustadores, instaladores y trabajadores de mantenimiento y reparación de maquinaria, instrumentos industriales y equipos de refrigeración",2634|2638,"2634 Mecánicos en mantenimiento y reparación de maquinaria e instrumentos industriales || 2638 Mecánicos en instalación, mantenimiento y reparación de equipos de refrigeración, climas y aire acondicionado."
6160,1,7,3110,1711,2,2,original_coincide_con_consenso_oficial,1,154,"Jefes de departamento, coordinadores y supervisores en servicios de restaurante, hospedaje y comercio",1711|1712,"1711 Coordinadores y jefes de área de ventas, comercialización y alquiler || 1712 Coordinadores y jefes de área de restaurantes y hoteles"
2124,2,4,2363,1312,2,2,original_coincide_con_consenso_oficial,1,153,"Directores, gerentes y administradores de área o establecimientos en actividades de producción en industrias manufactureras, en la construcción y los servicios de reparación y mantenimiento",1312|1313|1314|1315,"1312 Directores y gerentes en producción minera, petrolera y gas || 1313 Directores y gerentes en generación y provisión de energía eléctrica y agua || 1314 Directores y gerentes en producción manufacturera || 1315 Directores y gerentes en construcción, reparación y mantenimiento"
4170,1,2,1130,6101,7,7,original_coincide_con_consenso_oficial,1,153,"Capataces, caporales, mayorales y similares en actividades agropecuarias,silvícolas y pesqueras",6101|6201,"6101 Supervisores, encargados y capataces agropecuarios || 6201 Supervisores, encargados y capataces de trabajadores en actividades pesqueras, acuícolas, forestales, caza y similares"
2121,3,2,5611,1211,2,NA,requiere_revision_semantica,1,153,"Directores, gerentes y administradores de área o establecimientos de finanzas, contabilidad, recursos humanos, administración e impartición de justicia",1211|1212|1224|1321,"1211 Directores y gerentes en administración, recursos humanos y mercadotecnia || 1212 Directores y gerentes en servicios contables, financieros, banca y seguros || 1224 Jueces de juzgado, directores y gerentes en servicios legales y procuración de justicia || 1321 Directores y gerentes en informática"
7201,1,7,4641,4224,3,NA,requiere_revision_semantica,1,153,Vendedores ambulantes de artículos diversos,4224|9512|9661|9663,4224 Vendedores por catálogo || 9512 Vendedores ambulantes de artículos diversos (excluyendo los de venta de alimentos) || 9661 Recolectores de basura y material reciclable || 9663 Recolectores de otros materiales
1204,1,6,1110,2621,2,NA,requiere_revision_semantica,1,152,"Técnicos en ingeniería química, industrial y mecánica",2621|2631|2633|2635|2637|2645,"2621 Auxiliares y técnicos industriales y químicos || 2631 Técnicos en mantenimiento y reparación de vehículos de motor || 2633 Técnicos en mantenimiento y reparación de maquinaria e instrumentos industriales || 2635 Técnicos en mantenimiento y reparación de instrumentos de precisión y musicales || 2637 Técnicos en la instalación, reparación y mantenimiento de equipos de refrigeración, climas y aire acondicionado || 2645 Técnicos en reparación de equipos electromecánicos"
5100,1,7,5310,1614,2,NA,requiere_revision_semantica,1,152,"Jefes, coordinadores y similares en la fabricación de alimentos, bebidas y productos de tabaco",1614|5101,"1614 Coordinadores y jefes de área en producción manufacturera || 5101 Supervisores en la preparación y servicio de alimentos y bebidas, así como en servicios de esparcimiento y de hotelería"
2121,3,1,4661,1211,2,NA,requiere_revision_semantica,1,152,"Directores, gerentes y administradores de área o establecimientos de finanzas, contabilidad, recursos humanos, administración e impartición de justicia",1211|1212|1224|1321,"1211 Directores y gerentes en administración, recursos humanos y mercadotecnia || 1212 Directores y gerentes en servicios contables, financieros, banca y seguros || 1224 Jueces de juzgado, directores y gerentes en servicios legales y procuración de justicia || 1321 Directores y gerentes en informática"
5100,1,5,9314,1614,1,NA,requiere_revision_semantica,1,152,"Jefes, coordinadores y similares en la fabricación de alimentos, bebidas y productos de tabaco",1614|5101,"1614 Coordinadores y jefes de área en producción manufacturera || 5101 Supervisores en la preparación y servicio de alimentos y bebidas, así como en servicios de esparcimiento y de hotelería"
1250,1,6,1110,2531,3,NA,requiere_revision_semantica,1,152,Técnicos en ciencias sociales,2531|2532|2711,2531 Auxiliares en ciencias sociales y humanistas || 2532 Auxiliares en servicios jurídicos || 2711 Auxiliares y técnicos en pedagogía y en educación
6110,1,6,3260,1512,1,NA,requiere_revision_semantica,1,152,"Jefes de departamento, coordinadores y supervisores en contabilidad y finanzas",1512|3101,"1512 Coordinadores y jefes de área en servicios contables, financieros, banca y seguros || 3101 Supervisores de secretarias, capturistas, cajeros y trabajadores de control de archivo y transporte"
8150,1,5,7114,3222,4,NA,requiere_revision_semantica,1,152,"Trabajadores de apoyo para la realización de espectáculos, turismo y deporte",3222|4233|5251|5254|9713,"3222 Guías de turismo en museos, casinos, parques, cines y otros centros recreativos || 4233 Modelos de moda, arte y publicidad || 5251 Astrólogos, adivinadores y afines || 5254 Entrenadores de animales y ocupaciones relacionadas con el cuidado de mascotas || 9713 Trabajadores de apoyo a la realización de espectáculos, deportes y en parques de diversiones"
6121,1,5,4810,1623,1,NA,requiere_revision_semantica,1,151,"Jefes de departamento, coordinadores y supervisores en la coordinación del transporte",1623|2661|2662|8301,"1623 Coordinadores y jefes de área en servicios de transporte || 2661 Controladores de tráfico aéreo || 2662 Controladores de tráfico de otros transportes (terrestre, ferroviario y marítimo) || 8301 Supervisores de conductores de transporte y de maquinaria móvil"
1230,2,3,5411,2612,2,NA,requiere_revision_semantica,1,151,Técnicos laboratoristas químicos y biólogos,2612|2813|2827,"2612 Auxiliares y técnicos en ciencias biológicas, químicas y del medio ambiente || 2813 Técnicos de laboratorios médicos || 2827 Fumigadores y controladores de plagas"
5111,1,6,2121,7101,7,7,original_coincide_con_consenso_oficial,1,151,"Supervisores, inspectores y similares en la extracción en minas, canteras y pozos",7101|8101,"7101 Supervisores de trabajadores en la extracción, albañiles y en acabados de la construcción || 8101 Supervisores de operadores de maquinaria industrial"
5410,1,6,2121,9211,10,10,original_coincide_con_consenso_oficial,1,151,"Ayudantes, peones y similares en la extracción en minas, canteras y pozos",9211|9212,9211 Trabajadores de apoyo en la minería || 9212 Trabajadores de apoyo en la extracción
2121,1,3,6112,1211,2,NA,requiere_revision_semantica,1,151,"Directores, gerentes y administradores de área o establecimientos de finanzas, contabilidad, recursos humanos, administración e impartición de justicia",1211|1212|1224|1321,"1211 Directores y gerentes en administración, recursos humanos y mercadotecnia || 1212 Directores y gerentes en servicios contables, financieros, banca y seguros || 1224 Jueces de juzgado, directores y gerentes en servicios legales y procuración de justicia || 1321 Directores y gerentes en informática"
2124,2,7,3160,1312,2,2,original_coincide_con_consenso_oficial,1,151,"Directores, gerentes y administradores de área o establecimientos en actividades de producción en industrias manufactureras, en la construcción y los servicios de reparación y mantenimiento",1312|1313|1314|1315,"1312 Directores y gerentes en producción minera, petrolera y gas || 1313 Directores y gerentes en generación y provisión de energía eléctrica y agua || 1314 Directores y gerentes en producción manufacturera || 1315 Directores y gerentes en construcción, reparación y mantenimiento"
6130,3,2,5611,1621,2,2,original_coincide_con_consenso_oficial,1,151,"Jefes de departamento, coordinadores y supervisores en servicios estadísticos e informáticos",1621|3201,1621 Coordinadores y jefes de área en informática || 3201 Supervisores de trabajadores que brindan y manejan información
5400,1,6,3320,9236,10,10,original_coincide_con_consenso_oficial,1,151,"Ayudantes, peones y similares en la fabricación de alimentos, bebidas y productos de tabaco",9236|9411,"9236 Trabajadores de apoyo en la industria de alimentos, bebidas y productos de tabaco || 9411 Ayudantes en la preparación de alimentos"
5190,1,7,3270,NA,NA,NA,original_tampoco_resuelve,1,151,NA,NA,NA
2124,2,4,4310,1312,2,2,original_coincide_con_consenso_oficial,1,151,"Directores, gerentes y administradores de área o establecimientos en actividades de producción en industrias manufactureras, en la construcción y los servicios de reparación y mantenimiento",1312|1313|1314|1315,"1312 Directores y gerentes en producción minera, petrolera y gas || 1313 Directores y gerentes en generación y provisión de energía eléctrica y agua || 1314 Directores y gerentes en producción manufacturera || 1315 Directores y gerentes en construcción, reparación y mantenimiento"
7121,1,6,5170,8344,8,NA,requiere_revision_semantica,1,151,Repartidores,8344|9723,8344 Conductores de motocicleta || 9723 Repartidores de mercancías (a pie y en bicicleta)
6130,1,7,2370,1621,2,2,original_coincide_con_consenso_oficial,1,151,"Jefes de departamento, coordinadores y supervisores en servicios estadísticos e informáticos",1621|3201,1621 Coordinadores y jefes de área en informática || 3201 Supervisores de trabajadores que brindan y manejan información
1204,2,2,5616,2621,2,NA,requiere_revision_semantica,1,150,"Técnicos en ingeniería química, industrial y mecánica",2621|2631|2633|2635|2637|2645,"2621 Auxiliares y técnicos industriales y químicos || 2631 Técnicos en mantenimiento y reparación de vehículos de motor || 2633 Técnicos en mantenimiento y reparación de maquinaria e instrumentos industriales || 2635 Técnicos en mantenimiento y reparación de instrumentos de precisión y musicales || 2637 Técnicos en la instalación, reparación y mantenimiento de equipos de refrigeración, climas y aire acondicionado || 2645 Técnicos en reparación de equipos electromecánicos"
6160,1,5,3120,1711,1,1,original_coincide_con_consenso_oficial,1,150,"Jefes de departamento, coordinadores y supervisores en servicios de restaurante, hospedaje y comercio",1711|1712,"1711 Coordinadores y jefes de área de ventas, comercialización y alquiler || 1712 Coordinadores y jefes de área de restaurantes y hoteles"
1230,1,6,2123,2612,2,NA,requiere_revision_semantica,1,149,Técnicos laboratoristas químicos y biólogos,2612|2813|2827,"2612 Auxiliares y técnicos en ciencias biológicas, químicas y del medio ambiente || 2813 Técnicos de laboratorios médicos || 2827 Fumigadores y controladores de plagas"
2124,2,2,3160,1312,2,2,original_coincide_con_consenso_oficial,1,149,"Directores, gerentes y administradores de área o establecimientos en actividades de producción en industrias manufactureras, en la construcción y los servicios de reparación y mantenimiento",1312|1313|1314|1315,"1312 Directores y gerentes en producción minera, petrolera y gas || 1313 Directores y gerentes en generación y provisión de energía eléctrica y agua || 1314 Directores y gerentes en producción manufacturera || 1315 Directores y gerentes en construcción, reparación y mantenimiento"
6180,1,3,5310,1723,2,NA,requiere_revision_semantica,1,149,"Otros jefes de departamento, coordinadores y supervisores en actividades no clasificadas anteriormente",1723|5201|9601,"1723 Coordinadores y jefes de área en servicios funerarios y otros servicios || 5201 Supervisores y encargados de trabajadores en cuidados personales y del hogar || 9601 Supervisores en limpieza, amas de llaves, mayordomos y en estacionamientos"
6160,1,4,5611,1711,2,2,original_coincide_con_consenso_oficial,1,149,"Jefes de departamento, coordinadores y supervisores en servicios de restaurante, hospedaje y comercio",1711|1712,"1711 Coordinadores y jefes de área de ventas, comercialización y alquiler || 1712 Coordinadores y jefes de área de restaurantes y hoteles"
6121,1,7,3260,1623,2,2,original_coincide_con_consenso_oficial,1,149,"Jefes de departamento, coordinadores y supervisores en la coordinación del transporte",1623|2661|2662|8301,"1623 Coordinadores y jefes de área en servicios de transporte || 2661 Controladores de tráfico aéreo || 2662 Controladores de tráfico de otros transportes (terrestre, ferroviario y marítimo) || 8301 Supervisores de conductores de transporte y de maquinaria móvil"
5141,1,6,2132,2630,2,NA,requiere_revision_semantica,2,149,"Supervisores, inspectores y similares en la fabricación metalúrgica y en la fabricación de productos eléctricos y electrónicos, la reparación y mantenimiento de maquinaria y productos metálicos y de precisión",2630|7201|8201,"2630 Supervisores de mecánicos y técnicos en mantenimiento y reparación de equipos mecánicos, vehículos de motor, instrumentos industriales y equipo de refrigeración || 7201 Supervisores de artesanos y trabajadores en el tratamiento y elaboración de productos de metal || 8201 Supervisores en procesos de ensamblado y montaje de maquinaria, herramientas y productos metálicos y electrónicos"
5170,1,7,2381,1613,2,NA,requiere_revision_semantica,1,149,"Jefes, coordinadores y similares en la generación de energía, la instalación, reparación y mantenimiento de equipo eléctrico y de telecomunicaciones",1613|8101,1613 Coordinadores y jefes de área en generación y provisión de energía eléctrica y agua || 8101 Supervisores de operadores de maquinaria industrial
1423,2,2,5110,2541,5,5,original_coincide_con_consenso_oficial,2,148,Decoradores y diseñadores,2541|2542|2543|2544,"2541 Diseñadores de moda y vestuario || 2542 Diseñadores industriales || 2543 Diseñadores gráficos || 2544 Decoradores de interiores, jardines y diversos materiales (tazas, llaveros, etcétera)"
1250,1,6,6131,2531,3,NA,requiere_revision_semantica,2,148,Técnicos en ciencias sociales,2531|2532|2711,2531 Auxiliares en ciencias sociales y humanistas || 2532 Auxiliares en servicios jurídicos || 2711 Auxiliares y técnicos en pedagogía y en educación
6121,2,2,4870,1623,2,2,original_coincide_con_consenso_oficial,1,148,"Jefes de departamento, coordinadores y supervisores en la coordinación del transporte",1623|2661|2662|8301,"1623 Coordinadores y jefes de área en servicios de transporte || 2661 Controladores de tráfico aéreo || 2662 Controladores de tráfico de otros transportes (terrestre, ferroviario y marítimo) || 8301 Supervisores de conductores de transporte y de maquinaria móvil"
2123,1,7,5150,1322,2,2,original_coincide_con_consenso_oficial,1,148,"Directores, gerentes y administradores de área o establecimientos en comunicaciones y transportes",1322|1323,1322 Directores y gerentes en comunicación y telecomunicaciones || 1323 Directores y gerentes en servicios de transporte
1204,1,5,3310,2621,2,NA,requiere_revision_semantica,1,147,"Técnicos en ingeniería química, industrial y mecánica",2621|2631|2633|2635|2637|2645,"2621 Auxiliares y técnicos industriales y químicos || 2631 Técnicos en mantenimiento y reparación de vehículos de motor || 2633 Técnicos en mantenimiento y reparación de maquinaria e instrumentos industriales || 2635 Técnicos en mantenimiento y reparación de instrumentos de precisión y musicales || 2637 Técnicos en la instalación, reparación y mantenimiento de equipos de refrigeración, climas y aire acondicionado || 2645 Técnicos en reparación de equipos electromecánicos"
1230,1,6,2132,2612,2,NA,requiere_revision_semantica,2,146,Técnicos laboratoristas químicos y biólogos,2612|2813|2827,"2612 Auxiliares y técnicos en ciencias biológicas, químicas y del medio ambiente || 2813 Técnicos de laboratorios médicos || 2827 Fumigadores y controladores de plagas"
1204,1,7,7131,2621,2,NA,requiere_revision_semantica,1,145,"Técnicos en ingeniería química, industrial y mecánica",2621|2631|2633|2635|2637|2645,"2621 Auxiliares y técnicos industriales y químicos || 2631 Técnicos en mantenimiento y reparación de vehículos de motor || 2633 Técnicos en mantenimiento y reparación de maquinaria e instrumentos industriales || 2635 Técnicos en mantenimiento y reparación de instrumentos de precisión y musicales || 2637 Técnicos en la instalación, reparación y mantenimiento de equipos de refrigeración, climas y aire acondicionado || 2645 Técnicos en reparación de equipos electromecánicos"
6131,1,2,3230,NA,NA,NA,original_tampoco_resuelve,1,145,NA,NA,NA
2121,2,7,3160,1211,2,NA,requiere_revision_semantica,1,145,"Directores, gerentes y administradores de área o establecimientos de finanzas, contabilidad, recursos humanos, administración e impartición de justicia",1211|1212|1224|1321,"1211 Directores y gerentes en administración, recursos humanos y mercadotecnia || 1212 Directores y gerentes en servicios contables, financieros, banca y seguros || 1224 Jueces de juzgado, directores y gerentes en servicios legales y procuración de justicia || 1321 Directores y gerentes en informática"
6110,1,5,3130,1512,1,NA,requiere_revision_semantica,1,145,"Jefes de departamento, coordinadores y supervisores en contabilidad y finanzas",1512|3101,"1512 Coordinadores y jefes de área en servicios contables, financieros, banca y seguros || 3101 Supervisores de secretarias, capturistas, cajeros y trabajadores de control de archivo y transporte"
6110,1,5,8111,1512,1,NA,requiere_revision_semantica,1,145,"Jefes de departamento, coordinadores y supervisores en contabilidad y finanzas",1512|3101,"1512 Coordinadores y jefes de área en servicios contables, financieros, banca y seguros || 3101 Supervisores de secretarias, capturistas, cajeros y trabajadores de control de archivo y transporte"
6160,1,3,4681,1711,2,2,original_coincide_con_consenso_oficial,2,144,"Jefes de departamento, coordinadores y supervisores en servicios de restaurante, hospedaje y comercio",1711|1712,"1711 Coordinadores y jefes de área de ventas, comercialización y alquiler || 1712 Coordinadores y jefes de área de restaurantes y hoteles"
6110,1,4,7221,1512,2,2,original_coincide_con_consenso_oficial,1,144,"Jefes de departamento, coordinadores y supervisores en contabilidad y finanzas",1512|3101,"1512 Coordinadores y jefes de área en servicios contables, financieros, banca y seguros || 3101 Supervisores de secretarias, capturistas, cajeros y trabajadores de control de archivo y transporte"
5400,1,6,5120,9236,10,10,original_coincide_con_consenso_oficial,1,144,"Ayudantes, peones y similares en la fabricación de alimentos, bebidas y productos de tabaco",9236|9411,"9236 Trabajadores de apoyo en la industria de alimentos, bebidas y productos de tabaco || 9411 Ayudantes en la preparación de alimentos"
2125,2,2,6141,1223,2,2,original_coincide_con_consenso_oficial,1,144,Directores gerentes y administradores de área o establecimientos de enseñanza e investigación,1223|1324,1223 Directores y gerentes en centros de enseñanza y capacitación || 1324 Directores y gerentes en centros de investigación y desarrollo tecnológico
1204,1,4,4350,2621,2,NA,requiere_revision_semantica,1,144,"Técnicos en ingeniería química, industrial y mecánica",2621|2631|2633|2635|2637|2645,"2621 Auxiliares y técnicos industriales y químicos || 2631 Técnicos en mantenimiento y reparación de vehículos de motor || 2633 Técnicos en mantenimiento y reparación de maquinaria e instrumentos industriales || 2635 Técnicos en mantenimiento y reparación de instrumentos de precisión y musicales || 2637 Técnicos en la instalación, reparación y mantenimiento de equipos de refrigeración, climas y aire acondicionado || 2645 Técnicos en reparación de equipos electromecánicos"
5141,1,6,2363,2630,2,NA,requiere_revision_semantica,1,144,"Supervisores, inspectores y similares en la fabricación metalúrgica y en la fabricación de productos eléctricos y electrónicos, la reparación y mantenimiento de maquinaria y productos metálicos y de precisión",2630|7201|8201,"2630 Supervisores de mecánicos y técnicos en mantenimiento y reparación de equipos mecánicos, vehículos de motor, instrumentos industriales y equipo de refrigeración || 7201 Supervisores de artesanos y trabajadores en el tratamiento y elaboración de productos de metal || 8201 Supervisores en procesos de ensamblado y montaje de maquinaria, herramientas y productos metálicos y electrónicos"
5246,1,7,4620,2634,9,9,original_coincide_con_consenso_oficial,1,144,"Mecánicos, ajustadores, instaladores y trabajadores de mantenimiento y reparación de maquinaria, instrumentos industriales y equipos de refrigeración",2634|2638,"2634 Mecánicos en mantenimiento y reparación de maquinaria e instrumentos industriales || 2638 Mecánicos en instalación, mantenimiento y reparación de equipos de refrigeración, climas y aire acondicionado."
1230,1,5,6132,2612,2,NA,requiere_revision_semantica,2,143,Técnicos laboratoristas químicos y biólogos,2612|2813|2827,"2612 Auxiliares y técnicos en ciencias biológicas, químicas y del medio ambiente || 2813 Técnicos de laboratorios médicos || 2827 Fumigadores y controladores de plagas"
5246,1,7,3150,2634,9,9,original_coincide_con_consenso_oficial,1,143,"Mecánicos, ajustadores, instaladores y trabajadores de mantenimiento y reparación de maquinaria, instrumentos industriales y equipos de refrigeración",2634|2638,"2634 Mecánicos en mantenimiento y reparación de maquinaria e instrumentos industriales || 2638 Mecánicos en instalación, mantenimiento y reparación de equipos de refrigeración, climas y aire acondicionado."
1250,1,4,6132,2531,3,NA,requiere_revision_semantica,1,143,Técnicos en ciencias sociales,2531|2532|2711,2531 Auxiliares en ciencias sociales y humanistas || 2532 Auxiliares en servicios jurídicos || 2711 Auxiliares y técnicos en pedagogía y en educación
6150,2,2,7113,1721,2,2,original_coincide_con_consenso_oficial,1,143,"Jefes de departamento, coordinadores y supervisores en servicios culturales y de esparcimiento",1721|1722,"1721 Coordinadores y jefes de área en actividades artísticas, de cine, teatro y afines || 1722 Coordinadores y jefes de área en museos, cines, deportivos y servicios culturales"
1204,1,5,4350,2621,2,NA,requiere_revision_semantica,1,142,"Técnicos en ingeniería química, industrial y mecánica",2621|2631|2633|2635|2637|2645,"2621 Auxiliares y técnicos industriales y químicos || 2631 Técnicos en mantenimiento y reparación de vehículos de motor || 2633 Técnicos en mantenimiento y reparación de maquinaria e instrumentos industriales || 2635 Técnicos en mantenimiento y reparación de instrumentos de precisión y musicales || 2637 Técnicos en la instalación, reparación y mantenimiento de equipos de refrigeración, climas y aire acondicionado || 2645 Técnicos en reparación de equipos electromecánicos"
6101,2,3,6141,1523,2,2,original_coincide_con_consenso_oficial,1,142,"Jefes de departamento, coordinadores y supervisores en servicios de educación",1523|2311,1523 Coordinadores y jefes de área en centros de enseñanza y capacitación || 2311 Supervisores e inspectores educativos
2124,1,6,3160,1312,1,1,original_coincide_con_consenso_oficial,1,142,"Directores, gerentes y administradores de área o establecimientos en actividades de producción en industrias manufactureras, en la construcción y los servicios de reparación y mantenimiento",1312|1313|1314|1315,"1312 Directores y gerentes en producción minera, petrolera y gas || 1313 Directores y gerentes en generación y provisión de energía eléctrica y agua || 1314 Directores y gerentes en producción manufacturera || 1315 Directores y gerentes en construcción, reparación y mantenimiento"
6110,1,6,4671,1512,1,NA,requiere_revision_semantica,1,142,"Jefes de departamento, coordinadores y supervisores en contabilidad y finanzas",1512|3101,"1512 Coordinadores y jefes de área en servicios contables, financieros, banca y seguros || 3101 Supervisores de secretarias, capturistas, cajeros y trabajadores de control de archivo y transporte"
5410,1,4,2131,9211,11,11,original_coincide_con_consenso_oficial,1,142,"Ayudantes, peones y similares en la extracción en minas, canteras y pozos",9211|9212,9211 Trabajadores de apoyo en la minería || 9212 Trabajadores de apoyo en la extracción
7201,1,2,5170,4224,3,NA,requiere_revision_semantica,1,142,Vendedores ambulantes de artículos diversos,4224|9512|9661|9663,4224 Vendedores por catálogo || 9512 Vendedores ambulantes de artículos diversos (excluyendo los de venta de alimentos) || 9661 Recolectores de basura y material reciclable || 9663 Recolectores de otros materiales
6180,1,6,3160,1723,1,NA,requiere_revision_semantica,1,141,"Otros jefes de departamento, coordinadores y supervisores en actividades no clasificadas anteriormente",1723|5201|9601,"1723 Coordinadores y jefes de área en servicios funerarios y otros servicios || 5201 Supervisores y encargados de trabajadores en cuidados personales y del hogar || 9601 Supervisores en limpieza, amas de llaves, mayordomos y en estacionamientos"
1204,1,4,4340,2621,2,NA,requiere_revision_semantica,1,141,"Técnicos en ingeniería química, industrial y mecánica",2621|2631|2633|2635|2637|2645,"2621 Auxiliares y técnicos industriales y químicos || 2631 Técnicos en mantenimiento y reparación de vehículos de motor || 2633 Técnicos en mantenimiento y reparación de maquinaria e instrumentos industriales || 2635 Técnicos en mantenimiento y reparación de instrumentos de precisión y musicales || 2637 Técnicos en la instalación, reparación y mantenimiento de equipos de refrigeración, climas y aire acondicionado || 2645 Técnicos en reparación de equipos electromecánicos"
1250,1,3,7221,2531,3,NA,requiere_revision_semantica,1,141,Técnicos en ciencias sociales,2531|2532|2711,2531 Auxiliares en ciencias sociales y humanistas || 2532 Auxiliares en servicios jurídicos || 2711 Auxiliares y técnicos en pedagogía y en educación
6101,1,4,9313,1523,2,2,original_coincide_con_consenso_oficial,1,141,"Jefes de departamento, coordinadores y supervisores en servicios de educación",1523|2311,1523 Coordinadores y jefes de área en centros de enseñanza y capacitación || 2311 Supervisores e inspectores educativos
6110,1,6,3360,1512,1,NA,requiere_revision_semantica,1,140,"Jefes de departamento, coordinadores y supervisores en contabilidad y finanzas",1512|3101,"1512 Coordinadores y jefes de área en servicios contables, financieros, banca y seguros || 3101 Supervisores de secretarias, capturistas, cajeros y trabajadores de control de archivo y transporte"
6110,1,4,2370,1512,2,2,original_coincide_con_consenso_oficial,1,140,"Jefes de departamento, coordinadores y supervisores en contabilidad y finanzas",1512|3101,"1512 Coordinadores y jefes de área en servicios contables, financieros, banca y seguros || 3101 Supervisores de secretarias, capturistas, cajeros y trabajadores de control de archivo y transporte"
6110,1,2,4661,1512,2,2,original_coincide_con_consenso_oficial,1,140,"Jefes de departamento, coordinadores y supervisores en contabilidad y finanzas",1512|3101,"1512 Coordinadores y jefes de área en servicios contables, financieros, banca y seguros || 3101 Supervisores de secretarias, capturistas, cajeros y trabajadores de control de archivo y transporte"
5141,1,5,4681,2630,2,NA,requiere_revision_semantica,1,140,"Supervisores, inspectores y similares en la fabricación metalúrgica y en la fabricación de productos eléctricos y electrónicos, la reparación y mantenimiento de maquinaria y productos metálicos y de precisión",2630|7201|8201,"2630 Supervisores de mecánicos y técnicos en mantenimiento y reparación de equipos mecánicos, vehículos de motor, instrumentos industriales y equipo de refrigeración || 7201 Supervisores de artesanos y trabajadores en el tratamiento y elaboración de productos de metal || 8201 Supervisores en procesos de ensamblado y montaje de maquinaria, herramientas y productos metálicos y electrónicos"
8150,1,3,4631,3222,4,NA,requiere_revision_semantica,1,140,"Trabajadores de apoyo para la realización de espectáculos, turismo y deporte",3222|4233|5251|5254|9713,"3222 Guías de turismo en museos, casinos, parques, cines y otros centros recreativos || 4233 Modelos de moda, arte y publicidad || 5251 Astrólogos, adivinadores y afines || 5254 Entrenadores de animales y ocupaciones relacionadas con el cuidado de mascotas || 9713 Trabajadores de apoyo a la realización de espectáculos, deportes y en parques de diversiones"
5141,1,3,8112,2630,2,NA,requiere_revision_semantica,1,140,"Supervisores, inspectores y similares en la fabricación metalúrgica y en la fabricación de productos eléctricos y electrónicos, la reparación y mantenimiento de maquinaria y productos metálicos y de precisión",2630|7201|8201,"2630 Supervisores de mecánicos y técnicos en mantenimiento y reparación de equipos mecánicos, vehículos de motor, instrumentos industriales y equipo de refrigeración || 7201 Supervisores de artesanos y trabajadores en el tratamiento y elaboración de productos de metal || 8201 Supervisores en procesos de ensamblado y montaje de maquinaria, herramientas y productos metálicos y electrónicos"
2125,1,7,6141,1223,2,NA,requiere_revision_semantica,1,140,Directores gerentes y administradores de área o establecimientos de enseñanza e investigación,1223|1324,1223 Directores y gerentes en centros de enseñanza y capacitación || 1324 Directores y gerentes en centros de investigación y desarrollo tecnológico
5111,1,5,2121,7101,7,7,original_coincide_con_consenso_oficial,1,139,"Supervisores, inspectores y similares en la extracción en minas, canteras y pozos",7101|8101,"7101 Supervisores de trabajadores en la extracción, albañiles y en acabados de la construcción || 8101 Supervisores de operadores de maquinaria industrial"
5190,1,5,9314,NA,NA,NA,original_tampoco_resuelve,1,139,NA,NA,NA
4170,4,2,1110,6101,7,7,original_coincide_con_consenso_oficial,1,138,"Capataces, caporales, mayorales y similares en actividades agropecuarias,silvícolas y pesqueras",6101|6201,"6101 Supervisores, encargados y capataces agropecuarios || 6201 Supervisores, encargados y capataces de trabajadores en actividades pesqueras, acuícolas, forestales, caza y similares"
5246,1,4,4310,2634,9,9,original_coincide_con_consenso_oficial,1,138,"Mecánicos, ajustadores, instaladores y trabajadores de mantenimiento y reparación de maquinaria, instrumentos industriales y equipos de refrigeración",2634|2638,"2634 Mecánicos en mantenimiento y reparación de maquinaria e instrumentos industriales || 2638 Mecánicos en instalación, mantenimiento y reparación de equipos de refrigeración, climas y aire acondicionado."
1204,1,6,2110,2621,2,NA,requiere_revision_semantica,2,138,"Técnicos en ingeniería química, industrial y mecánica",2621|2631|2633|2635|2637|2645,"2621 Auxiliares y técnicos industriales y químicos || 2631 Técnicos en mantenimiento y reparación de vehículos de motor || 2633 Técnicos en mantenimiento y reparación de maquinaria e instrumentos industriales || 2635 Técnicos en mantenimiento y reparación de instrumentos de precisión y musicales || 2637 Técnicos en la instalación, reparación y mantenimiento de equipos de refrigeración, climas y aire acondicionado || 2645 Técnicos en reparación de equipos electromecánicos"
5170,1,5,2381,1613,1,NA,requiere_revision_semantica,1,138,"Jefes, coordinadores y similares en la generación de energía, la instalación, reparación y mantenimiento de equipo eléctrico y de telecomunicaciones",1613|8101,1613 Coordinadores y jefes de área en generación y provisión de energía eléctrica y agua || 8101 Supervisores de operadores de maquinaria industrial
5141,1,6,4881,2630,2,NA,requiere_revision_semantica,1,138,"Supervisores, inspectores y similares en la fabricación metalúrgica y en la fabricación de productos eléctricos y electrónicos, la reparación y mantenimiento de maquinaria y productos metálicos y de precisión",2630|7201|8201,"2630 Supervisores de mecánicos y técnicos en mantenimiento y reparación de equipos mecánicos, vehículos de motor, instrumentos industriales y equipo de refrigeración || 7201 Supervisores de artesanos y trabajadores en el tratamiento y elaboración de productos de metal || 8201 Supervisores en procesos de ensamblado y montaje de maquinaria, herramientas y productos metálicos y electrónicos"
6101,1,2,9313,1523,2,2,original_coincide_con_consenso_oficial,1,138,"Jefes de departamento, coordinadores y supervisores en servicios de educación",1523|2311,1523 Coordinadores y jefes de área en centros de enseñanza y capacitación || 2311 Supervisores e inspectores educativos
6110,1,6,5230,1512,1,NA,requiere_revision_semantica,1,137,"Jefes de departamento, coordinadores y supervisores en contabilidad y finanzas",1512|3101,"1512 Coordinadores y jefes de área en servicios contables, financieros, banca y seguros || 3101 Supervisores de secretarias, capturistas, cajeros y trabajadores de control de archivo y transporte"
1204,1,2,3320,2621,2,NA,requiere_revision_semantica,1,137,"Técnicos en ingeniería química, industrial y mecánica",2621|2631|2633|2635|2637|2645,"2621 Auxiliares y técnicos industriales y químicos || 2631 Técnicos en mantenimiento y reparación de vehículos de motor || 2633 Técnicos en mantenimiento y reparación de maquinaria e instrumentos industriales || 2635 Técnicos en mantenimiento y reparación de instrumentos de precisión y musicales || 2637 Técnicos en la instalación, reparación y mantenimiento de equipos de refrigeración, climas y aire acondicionado || 2645 Técnicos en reparación de equipos electromecánicos"
1250,1,5,6150,2531,3,NA,requiere_revision_semantica,1,137,Técnicos en ciencias sociales,2531|2532|2711,2531 Auxiliares en ciencias sociales y humanistas || 2532 Auxiliares en servicios jurídicos || 2711 Auxiliares y técnicos en pedagogía y en educación
2124,2,3,5110,1312,2,2,original_coincide_con_consenso_oficial,1,137,"Directores, gerentes y administradores de área o establecimientos en actividades de producción en industrias manufactureras, en la construcción y los servicios de reparación y mantenimiento",1312|1313|1314|1315,"1312 Directores y gerentes en producción minera, petrolera y gas || 1313 Directores y gerentes en generación y provisión de energía eléctrica y agua || 1314 Directores y gerentes en producción manufacturera || 1315 Directores y gerentes en construcción, reparación y mantenimiento"
1204,1,6,4830,2621,2,NA,requiere_revision_semantica,1,137,"Técnicos en ingeniería química, industrial y mecánica",2621|2631|2633|2635|2637|2645,"2621 Auxiliares y técnicos industriales y químicos || 2631 Técnicos en mantenimiento y reparación de vehículos de motor || 2633 Técnicos en mantenimiento y reparación de maquinaria e instrumentos industriales || 2635 Técnicos en mantenimiento y reparación de instrumentos de precisión y musicales || 2637 Técnicos en la instalación, reparación y mantenimiento de equipos de refrigeración, climas y aire acondicionado || 2645 Técnicos en reparación de equipos electromecánicos"
6101,1,5,9314,1523,1,NA,requiere_revision_semantica,2,136,"Jefes de departamento, coordinadores y supervisores en servicios de educación",1523|2311,1523 Coordinadores y jefes de área en centros de enseñanza y capacitación || 2311 Supervisores e inspectores educativos
6110,1,4,3240,1512,2,2,original_coincide_con_consenso_oficial,1,136,"Jefes de departamento, coordinadores y supervisores en contabilidad y finanzas",1512|3101,"1512 Coordinadores y jefes de área en servicios contables, financieros, banca y seguros || 3101 Supervisores de secretarias, capturistas, cajeros y trabajadores de control de archivo y transporte"
7121,1,5,9700,8344,8,NA,requiere_revision_semantica,1,136,Repartidores,8344|9723,8344 Conductores de motocicleta || 9723 Repartidores de mercancías (a pie y en bicicleta)
5141,1,5,4340,2630,2,NA,requiere_revision_semantica,1,136,"Supervisores, inspectores y similares en la fabricación metalúrgica y en la fabricación de productos eléctricos y electrónicos, la reparación y mantenimiento de maquinaria y productos metálicos y de precisión",2630|7201|8201,"2630 Supervisores de mecánicos y técnicos en mantenimiento y reparación de equipos mecánicos, vehículos de motor, instrumentos industriales y equipo de refrigeración || 7201 Supervisores de artesanos y trabajadores en el tratamiento y elaboración de productos de metal || 8201 Supervisores en procesos de ensamblado y montaje de maquinaria, herramientas y productos metálicos y electrónicos"
7121,1,7,4671,8344,9,NA,requiere_revision_semantica,1,136,Repartidores,8344|9723,8344 Conductores de motocicleta || 9723 Repartidores de mercancías (a pie y en bicicleta)
8150,1,2,7114,3222,4,NA,requiere_revision_semantica,1,136,"Trabajadores de apoyo para la realización de espectáculos, turismo y deporte",3222|4233|5251|5254|9713,"3222 Guías de turismo en museos, casinos, parques, cines y otros centros recreativos || 4233 Modelos de moda, arte y publicidad || 5251 Astrólogos, adivinadores y afines || 5254 Entrenadores de animales y ocupaciones relacionadas con el cuidado de mascotas || 9713 Trabajadores de apoyo a la realización de espectáculos, deportes y en parques de diversiones"
1230,1,7,6222,2612,2,NA,requiere_revision_semantica,3,136,Técnicos laboratoristas químicos y biólogos,2612|2813|2827,"2612 Auxiliares y técnicos en ciencias biológicas, químicas y del medio ambiente || 2813 Técnicos de laboratorios médicos || 2827 Fumigadores y controladores de plagas"
6160,1,3,4641,1711,2,2,original_coincide_con_consenso_oficial,2,135,"Jefes de departamento, coordinadores y supervisores en servicios de restaurante, hospedaje y comercio",1711|1712,"1711 Coordinadores y jefes de área de ventas, comercialización y alquiler || 1712 Coordinadores y jefes de área de restaurantes y hoteles"
7121,1,3,1150,8344,9,NA,requiere_revision_semantica,1,135,Repartidores,8344|9723,8344 Conductores de motocicleta || 9723 Repartidores de mercancías (a pie y en bicicleta)
6160,2,3,3110,1711,2,2,original_coincide_con_consenso_oficial,1,135,"Jefes de departamento, coordinadores y supervisores en servicios de restaurante, hospedaje y comercio",1711|1712,"1711 Coordinadores y jefes de área de ventas, comercialización y alquiler || 1712 Coordinadores y jefes de área de restaurantes y hoteles"
8150,1,7,4310,3222,4,NA,requiere_revision_semantica,1,134,"Trabajadores de apoyo para la realización de espectáculos, turismo y deporte",3222|4233|5251|5254|9713,"3222 Guías de turismo en museos, casinos, parques, cines y otros centros recreativos || 4233 Modelos de moda, arte y publicidad || 5251 Astrólogos, adivinadores y afines || 5254 Entrenadores de animales y ocupaciones relacionadas con el cuidado de mascotas || 9713 Trabajadores de apoyo a la realización de espectáculos, deportes y en parques de diversiones"
1204,1,5,4620,2621,2,NA,requiere_revision_semantica,3,134,"Técnicos en ingeniería química, industrial y mecánica",2621|2631|2633|2635|2637|2645,"2621 Auxiliares y técnicos industriales y químicos || 2631 Técnicos en mantenimiento y reparación de vehículos de motor || 2633 Técnicos en mantenimiento y reparación de maquinaria e instrumentos industriales || 2635 Técnicos en mantenimiento y reparación de instrumentos de precisión y musicales || 2637 Técnicos en la instalación, reparación y mantenimiento de equipos de refrigeración, climas y aire acondicionado || 2645 Técnicos en reparación de equipos electromecánicos"
4140,3,2,1142,6231,NA,NA,original_tampoco_resuelve,1,134,"Trabajadores en actividades de caza, trampería y similares",6231|9123,"6231 Trabajadores en actividades de caza, trampería y similares || 9123 Trabajadores de apoyo en actividades de caza y captura"
4140,4,2,1142,6231,NA,NA,original_tampoco_resuelve,1,134,"Trabajadores en actividades de caza, trampería y similares",6231|9123,"6231 Trabajadores en actividades de caza, trampería y similares || 9123 Trabajadores de apoyo en actividades de caza y captura"
6260,1,6,7210,3141,3,3,original_coincide_con_consenso_oficial,1,134,"Despachadores, checadores y similares en la operación del transporte",3141|3142,3141 Despachadores de transporte || 3142 Checadores y revisores de transporte
6150,1,6,5615,1721,1,1,original_coincide_con_consenso_oficial,1,134,"Jefes de departamento, coordinadores y supervisores en servicios culturales y de esparcimiento",1721|1722,"1721 Coordinadores y jefes de área en actividades artísticas, de cine, teatro y afines || 1722 Coordinadores y jefes de área en museos, cines, deportivos y servicios culturales"
1230,4,7,6221,2612,2,NA,requiere_revision_semantica,1,134,Técnicos laboratoristas químicos y biólogos,2612|2813|2827,"2612 Auxiliares y técnicos en ciencias biológicas, químicas y del medio ambiente || 2813 Técnicos de laboratorios médicos || 2827 Fumigadores y controladores de plagas"
6131,1,6,3340,NA,NA,NA,original_tampoco_resuelve,1,134,NA,NA,NA
5249,1,4,3380,2639,9,9,original_coincide_con_consenso_oficial,1,134,Otros trabajadores que desempeñan una ocupación afín a las comprendidas en este subgrupo,2639|7214,"2639 Otras ocupaciones de mecánicos y técnicos en el mantenimiento y reparación de equipos mecánicos, vehículos de motor e instrumentos industriales, no clasificados anteriormente || 7214 Montadores de estructuras metálicas"
2124,1,2,3380,1312,2,2,original_coincide_con_consenso_oficial,1,134,"Directores, gerentes y administradores de área o establecimientos en actividades de producción en industrias manufactureras, en la construcción y los servicios de reparación y mantenimiento",1312|1313|1314|1315,"1312 Directores y gerentes en producción minera, petrolera y gas || 1313 Directores y gerentes en generación y provisión de energía eléctrica y agua || 1314 Directores y gerentes en producción manufacturera || 1315 Directores y gerentes en construcción, reparación y mantenimiento"
2121,1,4,5310,1211,2,NA,requiere_revision_semantica,1,133,"Directores, gerentes y administradores de área o establecimientos de finanzas, contabilidad, recursos humanos, administración e impartición de justicia",1211|1212|1224|1321,"1211 Directores y gerentes en administración, recursos humanos y mercadotecnia || 1212 Directores y gerentes en servicios contables, financieros, banca y seguros || 1224 Jueces de juzgado, directores y gerentes en servicios legales y procuración de justicia || 1321 Directores y gerentes en informática"
2124,4,2,2381,1312,2,2,original_coincide_con_consenso_oficial,1,133,"Directores, gerentes y administradores de área o establecimientos en actividades de producción en industrias manufactureras, en la construcción y los servicios de reparación y mantenimiento",1312|1313|1314|1315,"1312 Directores y gerentes en producción minera, petrolera y gas || 1313 Directores y gerentes en generación y provisión de energía eléctrica y agua || 1314 Directores y gerentes en producción manufacturera || 1315 Directores y gerentes en construcción, reparación y mantenimiento"
7121,1,6,4690,8344,8,NA,requiere_revision_semantica,1,133,Repartidores,8344|9723,8344 Conductores de motocicleta || 9723 Repartidores de mercancías (a pie y en bicicleta)
1204,1,7,3120,2621,2,NA,requiere_revision_semantica,2,133,"Técnicos en ingeniería química, industrial y mecánica",2621|2631|2633|2635|2637|2645,"2621 Auxiliares y técnicos industriales y químicos || 2631 Técnicos en mantenimiento y reparación de vehículos de motor || 2633 Técnicos en mantenimiento y reparación de maquinaria e instrumentos industriales || 2635 Técnicos en mantenimiento y reparación de instrumentos de precisión y musicales || 2637 Técnicos en la instalación, reparación y mantenimiento de equipos de refrigeración, climas y aire acondicionado || 2645 Técnicos en reparación de equipos electromecánicos"
4109,1,5,1150,6119,13,NA,requiere_revision_semantica,1,133,Otros trabajadores que desempeñan una ocupación afín a las comprendidas en este subgrupo,6119|9111,"6119 Otros trabajadores en actividades agrícolas, no clasificados anteriormente || 9111 Trabajadores de apoyo en actividades agrícolas"
2124,3,2,3320,1312,2,2,original_coincide_con_consenso_oficial,1,133,"Directores, gerentes y administradores de área o establecimientos en actividades de producción en industrias manufactureras, en la construcción y los servicios de reparación y mantenimiento",1312|1313|1314|1315,"1312 Directores y gerentes en producción minera, petrolera y gas || 1313 Directores y gerentes en generación y provisión de energía eléctrica y agua || 1314 Directores y gerentes en producción manufacturera || 1315 Directores y gerentes en construcción, reparación y mantenimiento"
6160,1,3,4611,1711,2,2,original_coincide_con_consenso_oficial,1,133,"Jefes de departamento, coordinadores y supervisores en servicios de restaurante, hospedaje y comercio",1711|1712,"1711 Coordinadores y jefes de área de ventas, comercialización y alquiler || 1712 Coordinadores y jefes de área de restaurantes y hoteles"
7121,1,5,4340,8344,8,NA,requiere_revision_semantica,1,133,Repartidores,8344|9723,8344 Conductores de motocicleta || 9723 Repartidores de mercancías (a pie y en bicicleta)
7121,1,7,4681,8344,9,NA,requiere_revision_semantica,2,133,Repartidores,8344|9723,8344 Conductores de motocicleta || 9723 Repartidores de mercancías (a pie y en bicicleta)
2124,3,2,8112,1312,2,2,original_coincide_con_consenso_oficial,2,132,"Directores, gerentes y administradores de área o establecimientos en actividades de producción en industrias manufactureras, en la construcción y los servicios de reparación y mantenimiento",1312|1313|1314|1315,"1312 Directores y gerentes en producción minera, petrolera y gas || 1313 Directores y gerentes en generación y provisión de energía eléctrica y agua || 1314 Directores y gerentes en producción manufacturera || 1315 Directores y gerentes en construcción, reparación y mantenimiento"
6160,1,4,4330,1711,2,2,original_coincide_con_consenso_oficial,1,132,"Jefes de departamento, coordinadores y supervisores en servicios de restaurante, hospedaje y comercio",1711|1712,"1711 Coordinadores y jefes de área de ventas, comercialización y alquiler || 1712 Coordinadores y jefes de área de restaurantes y hoteles"
6180,1,4,5240,1723,2,NA,requiere_revision_semantica,1,132,"Otros jefes de departamento, coordinadores y supervisores en actividades no clasificadas anteriormente",1723|5201|9601,"1723 Coordinadores y jefes de área en servicios funerarios y otros servicios || 5201 Supervisores y encargados de trabajadores en cuidados personales y del hogar || 9601 Supervisores en limpieza, amas de llaves, mayordomos y en estacionamientos"
5190,1,7,6221,NA,NA,NA,original_tampoco_resuelve,1,132,NA,NA,NA
5190,1,6,3110,NA,NA,NA,original_tampoco_resuelve,1,131,NA,NA,NA
5380,1,6,3360,8131,8,NA,requiere_revision_semantica,1,131,Operadores de máquinas para el tratamiento de sustancias químicas y agua,8131|8134,8131 Operadores de máquinas para la elaboración de productos químicos || 8134 Operadores de máquinas para el tratamiento de agua
5100,2,2,4611,1614,2,NA,requiere_revision_semantica,1,131,"Jefes, coordinadores y similares en la fabricación de alimentos, bebidas y productos de tabaco",1614|5101,"1614 Coordinadores y jefes de área en producción manufacturera || 5101 Supervisores en la preparación y servicio de alimentos y bebidas, así como en servicios de esparcimiento y de hotelería"
5380,1,5,3260,8131,8,NA,requiere_revision_semantica,1,131,Operadores de máquinas para el tratamiento de sustancias químicas y agua,8131|8134,8131 Operadores de máquinas para la elaboración de productos químicos || 8134 Operadores de máquinas para el tratamiento de agua
7201,2,2,4340,4224,3,NA,requiere_revision_semantica,2,131,Vendedores ambulantes de artículos diversos,4224|9512|9661|9663,4224 Vendedores por catálogo || 9512 Vendedores ambulantes de artículos diversos (excluyendo los de venta de alimentos) || 9661 Recolectores de basura y material reciclable || 9663 Recolectores de otros materiales
6160,1,2,4330,1711,2,2,original_coincide_con_consenso_oficial,1,131,"Jefes de departamento, coordinadores y supervisores en servicios de restaurante, hospedaje y comercio",1711|1712,"1711 Coordinadores y jefes de área de ventas, comercialización y alquiler || 1712 Coordinadores y jefes de área de restaurantes y hoteles"
6150,1,6,7120,1721,1,1,original_coincide_con_consenso_oficial,1,130,"Jefes de departamento, coordinadores y supervisores en servicios culturales y de esparcimiento",1721|1722,"1721 Coordinadores y jefes de área en actividades artísticas, de cine, teatro y afines || 1722 Coordinadores y jefes de área en museos, cines, deportivos y servicios culturales"
5190,1,3,5411,NA,NA,NA,original_tampoco_resuelve,1,130,NA,NA,NA
5190,1,5,7210,NA,NA,NA,original_tampoco_resuelve,1,130,NA,NA,NA
4170,2,3,1110,6101,12,NA,requiere_revision_semantica,1,130,"Capataces, caporales, mayorales y similares en actividades agropecuarias,silvícolas y pesqueras",6101|6201,"6101 Supervisores, encargados y capataces agropecuarios || 6201 Supervisores, encargados y capataces de trabajadores en actividades pesqueras, acuícolas, forestales, caza y similares"
2121,1,4,3110,1211,2,NA,requiere_revision_semantica,1,130,"Directores, gerentes y administradores de área o establecimientos de finanzas, contabilidad, recursos humanos, administración e impartición de justicia",1211|1212|1224|1321,"1211 Directores y gerentes en administración, recursos humanos y mercadotecnia || 1212 Directores y gerentes en servicios contables, financieros, banca y seguros || 1224 Jueces de juzgado, directores y gerentes en servicios legales y procuración de justicia || 1321 Directores y gerentes en informática"
1250,1,7,5412,2531,3,NA,requiere_revision_semantica,1,130,Técnicos en ciencias sociales,2531|2532|2711,2531 Auxiliares en ciencias sociales y humanistas || 2532 Auxiliares en servicios jurídicos || 2711 Auxiliares y técnicos en pedagogía y en educación
4120,4,3,1121,6131,13,NA,requiere_revision_semantica,1,130,Trabajadores que combinan actividades agrícolas con ganaderas,6131|9113,6131 Trabajadores que combinan actividades agrícolas con ganaderas || 9113 Trabajadores de apoyo que realizan actividades agrícolas y ganaderas
2124,2,7,5110,1312,2,2,original_coincide_con_consenso_oficial,1,130,"Directores, gerentes y administradores de área o establecimientos en actividades de producción en industrias manufactureras, en la construcción y los servicios de reparación y mantenimiento",1312|1313|1314|1315,"1312 Directores y gerentes en producción minera, petrolera y gas || 1313 Directores y gerentes en generación y provisión de energía eléctrica y agua || 1314 Directores y gerentes en producción manufacturera || 1315 Directores y gerentes en construcción, reparación y mantenimiento"
5410,1,7,2132,9211,11,11,original_coincide_con_consenso_oficial,1,130,"Ayudantes, peones y similares en la extracción en minas, canteras y pozos",9211|9212,9211 Trabajadores de apoyo en la minería || 9212 Trabajadores de apoyo en la extracción
6121,1,7,7210,1623,2,2,original_coincide_con_consenso_oficial,1,130,"Jefes de departamento, coordinadores y supervisores en la coordinación del transporte",1623|2661|2662|8301,"1623 Coordinadores y jefes de área en servicios de transporte || 2661 Controladores de tráfico aéreo || 2662 Controladores de tráfico de otros transportes (terrestre, ferroviario y marítimo) || 8301 Supervisores de conductores de transporte y de maquinaria móvil"
4170,1,7,1121,6101,7,7,original_coincide_con_consenso_oficial,1,129,"Capataces, caporales, mayorales y similares en actividades agropecuarias,silvícolas y pesqueras",6101|6201,"6101 Supervisores, encargados y capataces agropecuarios || 6201 Supervisores, encargados y capataces de trabajadores en actividades pesqueras, acuícolas, forestales, caza y similares"
6160,1,2,4320,1711,2,2,original_coincide_con_consenso_oficial,1,129,"Jefes de departamento, coordinadores y supervisores en servicios de restaurante, hospedaje y comercio",1711|1712,"1711 Coordinadores y jefes de área de ventas, comercialización y alquiler || 1712 Coordinadores y jefes de área de restaurantes y hoteles"
6150,1,6,7113,1721,1,1,original_coincide_con_consenso_oficial,1,129,"Jefes de departamento, coordinadores y supervisores en servicios culturales y de esparcimiento",1721|1722,"1721 Coordinadores y jefes de área en actividades artísticas, de cine, teatro y afines || 1722 Coordinadores y jefes de área en museos, cines, deportivos y servicios culturales"
6180,1,5,5222,1723,1,NA,requiere_revision_semantica,1,129,"Otros jefes de departamento, coordinadores y supervisores en actividades no clasificadas anteriormente",1723|5201|9601,"1723 Coordinadores y jefes de área en servicios funerarios y otros servicios || 5201 Supervisores y encargados de trabajadores en cuidados personales y del hogar || 9601 Supervisores en limpieza, amas de llaves, mayordomos y en estacionamientos"
5380,2,3,3250,8131,5,5,original_coincide_con_consenso_oficial,1,129,Operadores de máquinas para el tratamiento de sustancias químicas y agua,8131|8134,8131 Operadores de máquinas para la elaboración de productos químicos || 8134 Operadores de máquinas para el tratamiento de agua
6109,1,6,5412,NA,NA,NA,original_tampoco_resuelve,1,129,NA,NA,NA
6150,1,5,5310,1721,1,1,original_coincide_con_consenso_oficial,1,129,"Jefes de departamento, coordinadores y supervisores en servicios culturales y de esparcimiento",1721|1722,"1721 Coordinadores y jefes de área en actividades artísticas, de cine, teatro y afines || 1722 Coordinadores y jefes de área en museos, cines, deportivos y servicios culturales"
6121,1,5,9700,1623,1,NA,requiere_revision_semantica,1,129,"Jefes de departamento, coordinadores y supervisores en la coordinación del transporte",1623|2661|2662|8301,"1623 Coordinadores y jefes de área en servicios de transporte || 2661 Controladores de tráfico aéreo || 2662 Controladores de tráfico de otros transportes (terrestre, ferroviario y marítimo) || 8301 Supervisores de conductores de transporte y de maquinaria móvil"
1204,1,6,4330,2621,2,NA,requiere_revision_semantica,1,128,"Técnicos en ingeniería química, industrial y mecánica",2621|2631|2633|2635|2637|2645,"2621 Auxiliares y técnicos industriales y químicos || 2631 Técnicos en mantenimiento y reparación de vehículos de motor || 2633 Técnicos en mantenimiento y reparación de maquinaria e instrumentos industriales || 2635 Técnicos en mantenimiento y reparación de instrumentos de precisión y musicales || 2637 Técnicos en la instalación, reparación y mantenimiento de equipos de refrigeración, climas y aire acondicionado || 2645 Técnicos en reparación de equipos electromecánicos"
7121,1,2,4320,8344,9,NA,requiere_revision_semantica,1,128,Repartidores,8344|9723,8344 Conductores de motocicleta || 9723 Repartidores de mercancías (a pie y en bicicleta)
5509,1,7,5322,NA,NA,NA,original_tampoco_resuelve,1,128,NA,NA,NA
6110,1,7,4620,1512,2,2,original_coincide_con_consenso_oficial,1,128,"Jefes de departamento, coordinadores y supervisores en contabilidad y finanzas",1512|3101,"1512 Coordinadores y jefes de área en servicios contables, financieros, banca y seguros || 3101 Supervisores de secretarias, capturistas, cajeros y trabajadores de control de archivo y transporte"
2124,1,3,2361,1312,2,2,original_coincide_con_consenso_oficial,1,128,"Directores, gerentes y administradores de área o establecimientos en actividades de producción en industrias manufactureras, en la construcción y los servicios de reparación y mantenimiento",1312|1313|1314|1315,"1312 Directores y gerentes en producción minera, petrolera y gas || 1313 Directores y gerentes en generación y provisión de energía eléctrica y agua || 1314 Directores y gerentes en producción manufacturera || 1315 Directores y gerentes en construcción, reparación y mantenimiento"
8150,1,5,6141,3222,4,NA,requiere_revision_semantica,1,128,"Trabajadores de apoyo para la realización de espectáculos, turismo y deporte",3222|4233|5251|5254|9713,"3222 Guías de turismo en museos, casinos, parques, cines y otros centros recreativos || 4233 Modelos de moda, arte y publicidad || 5251 Astrólogos, adivinadores y afines || 5254 Entrenadores de animales y ocupaciones relacionadas con el cuidado de mascotas || 9713 Trabajadores de apoyo a la realización de espectáculos, deportes y en parques de diversiones"
6101,1,2,6141,1523,2,2,original_coincide_con_consenso_oficial,1,128,"Jefes de departamento, coordinadores y supervisores en servicios de educación",1523|2311,1523 Coordinadores y jefes de área en centros de enseñanza y capacitación || 2311 Supervisores e inspectores educativos
1230,1,3,2370,2612,2,NA,requiere_revision_semantica,1,128,Técnicos laboratoristas químicos y biólogos,2612|2813|2827,"2612 Auxiliares y técnicos en ciencias biológicas, químicas y del medio ambiente || 2813 Técnicos de laboratorios médicos || 2827 Fumigadores y controladores de plagas"
6150,1,3,5615,1721,2,2,original_coincide_con_consenso_oficial,1,128,"Jefes de departamento, coordinadores y supervisores en servicios culturales y de esparcimiento",1721|1722,"1721 Coordinadores y jefes de área en actividades artísticas, de cine, teatro y afines || 1722 Coordinadores y jefes de área en museos, cines, deportivos y servicios culturales"
1204,1,3,7131,2621,2,NA,requiere_revision_semantica,1,128,"Técnicos en ingeniería química, industrial y mecánica",2621|2631|2633|2635|2637|2645,"2621 Auxiliares y técnicos industriales y químicos || 2631 Técnicos en mantenimiento y reparación de vehículos de motor || 2633 Técnicos en mantenimiento y reparación de maquinaria e instrumentos industriales || 2635 Técnicos en mantenimiento y reparación de instrumentos de precisión y musicales || 2637 Técnicos en la instalación, reparación y mantenimiento de equipos de refrigeración, climas y aire acondicionado || 2645 Técnicos en reparación de equipos electromecánicos"
6180,1,5,5411,1723,1,NA,requiere_revision_semantica,1,128,"Otros jefes de departamento, coordinadores y supervisores en actividades no clasificadas anteriormente",1723|5201|9601,"1723 Coordinadores y jefes de área en servicios funerarios y otros servicios || 5201 Supervisores y encargados de trabajadores en cuidados personales y del hogar || 9601 Supervisores en limpieza, amas de llaves, mayordomos y en estacionamientos"
5380,1,2,3330,8131,9,NA,requiere_revision_semantica,1,128,Operadores de máquinas para el tratamiento de sustancias químicas y agua,8131|8134,8131 Operadores de máquinas para la elaboración de productos químicos || 8134 Operadores de máquinas para el tratamiento de agua
6160,1,3,5310,1711,2,2,original_coincide_con_consenso_oficial,1,127,"Jefes de departamento, coordinadores y supervisores en servicios de restaurante, hospedaje y comercio",1711|1712,"1711 Coordinadores y jefes de área de ventas, comercialización y alquiler || 1712 Coordinadores y jefes de área de restaurantes y hoteles"
6100,4,3,6211,1521,2,2,original_coincide_con_consenso_oficial,1,127,"Jefes de departamento, coordinadores y supervisores en servicios de salud y asistencia social",1521|2524,"1521 Coordinadores y jefes de área en servicios de salud, protección civil y medio ambiente || 2524 Inspectores en seguridad social, de precios y otros inspectores públicos"
6110,1,2,4350,1512,2,2,original_coincide_con_consenso_oficial,1,127,"Jefes de departamento, coordinadores y supervisores en contabilidad y finanzas",1512|3101,"1512 Coordinadores y jefes de área en servicios contables, financieros, banca y seguros || 3101 Supervisores de secretarias, capturistas, cajeros y trabajadores de control de archivo y transporte"
2124,2,4,2381,1312,2,2,original_coincide_con_consenso_oficial,1,127,"Directores, gerentes y administradores de área o establecimientos en actividades de producción en industrias manufactureras, en la construcción y los servicios de reparación y mantenimiento",1312|1313|1314|1315,"1312 Directores y gerentes en producción minera, petrolera y gas || 1313 Directores y gerentes en generación y provisión de energía eléctrica y agua || 1314 Directores y gerentes en producción manufacturera || 1315 Directores y gerentes en construcción, reparación y mantenimiento"
4119,1,3,1150,6129,13,NA,requiere_revision_semantica,1,127,Otros trabajadores que desempeñan una ocupación afín a las comprendidas en este subgrupo,6129|9112,"6129 Otros trabajadores en actividades ganaderas y en la cría de animales, no clasificados anteriormente || 9112 Trabajadores de apoyo en actividades ganaderas"
1250,4,6,9314,2531,3,NA,requiere_revision_semantica,1,127,Técnicos en ciencias sociales,2531|2532|2711,2531 Auxiliares en ciencias sociales y humanistas || 2532 Auxiliares en servicios jurídicos || 2711 Auxiliares y técnicos en pedagogía y en educación
2121,1,7,6211,1211,2,NA,requiere_revision_semantica,1,127,"Directores, gerentes y administradores de área o establecimientos de finanzas, contabilidad, recursos humanos, administración e impartición de justicia",1211|1212|1224|1321,"1211 Directores y gerentes en administración, recursos humanos y mercadotecnia || 1212 Directores y gerentes en servicios contables, financieros, banca y seguros || 1224 Jueces de juzgado, directores y gerentes en servicios legales y procuración de justicia || 1321 Directores y gerentes en informática"
8100,1,7,6141,5112,4,4,original_coincide_con_consenso_oficial,1,127,Fonderos (preparan y sirven alimentos) en establecimientos,5112|5114,"5112 Fonderos, vendedores y comerciantes de comida || 5114 Taqueros y preparadores de comida rápida, antojitos, pizzas, hot dogs, jugos, café, etcétera"
2121,2,2,4681,1211,2,NA,requiere_revision_semantica,1,127,"Directores, gerentes y administradores de área o establecimientos de finanzas, contabilidad, recursos humanos, administración e impartición de justicia",1211|1212|1224|1321,"1211 Directores y gerentes en administración, recursos humanos y mercadotecnia || 1212 Directores y gerentes en servicios contables, financieros, banca y seguros || 1224 Jueces de juzgado, directores y gerentes en servicios legales y procuración de justicia || 1321 Directores y gerentes en informática"
5100,1,7,3120,1614,2,NA,requiere_revision_semantica,1,126,"Jefes, coordinadores y similares en la fabricación de alimentos, bebidas y productos de tabaco",1614|5101,"1614 Coordinadores y jefes de área en producción manufacturera || 5101 Supervisores en la preparación y servicio de alimentos y bebidas, así como en servicios de esparcimiento y de hotelería"
1204,1,6,4661,2621,2,NA,requiere_revision_semantica,1,126,"Técnicos en ingeniería química, industrial y mecánica",2621|2631|2633|2635|2637|2645,"2621 Auxiliares y técnicos industriales y químicos || 2631 Técnicos en mantenimiento y reparación de vehículos de motor || 2633 Técnicos en mantenimiento y reparación de maquinaria e instrumentos industriales || 2635 Técnicos en mantenimiento y reparación de instrumentos de precisión y musicales || 2637 Técnicos en la instalación, reparación y mantenimiento de equipos de refrigeración, climas y aire acondicionado || 2645 Técnicos en reparación de equipos electromecánicos"
6160,2,3,7210,1711,2,2,original_coincide_con_consenso_oficial,1,126,"Jefes de departamento, coordinadores y supervisores en servicios de restaurante, hospedaje y comercio",1711|1712,"1711 Coordinadores y jefes de área de ventas, comercialización y alquiler || 1712 Coordinadores y jefes de área de restaurantes y hoteles"
6130,1,4,5411,1621,2,2,original_coincide_con_consenso_oficial,1,126,"Jefes de departamento, coordinadores y supervisores en servicios estadísticos e informáticos",1621|3201,1621 Coordinadores y jefes de área en informática || 3201 Supervisores de trabajadores que brindan y manejan información
5190,1,2,2361,NA,NA,NA,original_tampoco_resuelve,1,126,NA,NA,NA
2124,1,7,3230,1312,2,2,original_coincide_con_consenso_oficial,1,125,"Directores, gerentes y administradores de área o establecimientos en actividades de producción en industrias manufactureras, en la construcción y los servicios de reparación y mantenimiento",1312|1313|1314|1315,"1312 Directores y gerentes en producción minera, petrolera y gas || 1313 Directores y gerentes en generación y provisión de energía eléctrica y agua || 1314 Directores y gerentes en producción manufacturera || 1315 Directores y gerentes en construcción, reparación y mantenimiento"
1230,1,6,3270,2612,2,NA,requiere_revision_semantica,2,125,Técnicos laboratoristas químicos y biólogos,2612|2813|2827,"2612 Auxiliares y técnicos en ciencias biológicas, químicas y del medio ambiente || 2813 Técnicos de laboratorios médicos || 2827 Fumigadores y controladores de plagas"
4109,1,6,9800,6119,13,NA,requiere_revision_semantica,1,125,Otros trabajadores que desempeñan una ocupación afín a las comprendidas en este subgrupo,6119|9111,"6119 Otros trabajadores en actividades agrícolas, no clasificados anteriormente || 9111 Trabajadores de apoyo en actividades agrícolas"
5246,1,5,2370,2634,8,8,original_coincide_con_consenso_oficial,2,125,"Mecánicos, ajustadores, instaladores y trabajadores de mantenimiento y reparación de maquinaria, instrumentos industriales y equipos de refrigeración",2634|2638,"2634 Mecánicos en mantenimiento y reparación de maquinaria e instrumentos industriales || 2638 Mecánicos en instalación, mantenimiento y reparación de equipos de refrigeración, climas y aire acondicionado."
5380,1,6,3270,8131,8,NA,requiere_revision_semantica,1,125,Operadores de máquinas para el tratamiento de sustancias químicas y agua,8131|8134,8131 Operadores de máquinas para la elaboración de productos químicos || 8134 Operadores de máquinas para el tratamiento de agua
1204,1,5,3270,2621,2,NA,requiere_revision_semantica,1,125,"Técnicos en ingeniería química, industrial y mecánica",2621|2631|2633|2635|2637|2645,"2621 Auxiliares y técnicos industriales y químicos || 2631 Técnicos en mantenimiento y reparación de vehículos de motor || 2633 Técnicos en mantenimiento y reparación de maquinaria e instrumentos industriales || 2635 Técnicos en mantenimiento y reparación de instrumentos de precisión y musicales || 2637 Técnicos en la instalación, reparación y mantenimiento de equipos de refrigeración, climas y aire acondicionado || 2645 Técnicos en reparación de equipos electromecánicos"
2121,1,3,5310,1211,2,NA,requiere_revision_semantica,1,125,"Directores, gerentes y administradores de área o establecimientos de finanzas, contabilidad, recursos humanos, administración e impartición de justicia",1211|1212|1224|1321,"1211 Directores y gerentes en administración, recursos humanos y mercadotecnia || 1212 Directores y gerentes en servicios contables, financieros, banca y seguros || 1224 Jueces de juzgado, directores y gerentes en servicios legales y procuración de justicia || 1321 Directores y gerentes en informática"
4109,3,2,1130,6119,12,NA,requiere_revision_semantica,1,125,Otros trabajadores que desempeñan una ocupación afín a las comprendidas en este subgrupo,6119|9111,"6119 Otros trabajadores en actividades agrícolas, no clasificados anteriormente || 9111 Trabajadores de apoyo en actividades agrícolas"
4109,4,2,1130,6119,13,NA,requiere_revision_semantica,1,125,Otros trabajadores que desempeñan una ocupación afín a las comprendidas en este subgrupo,6119|9111,"6119 Otros trabajadores en actividades agrícolas, no clasificados anteriormente || 9111 Trabajadores de apoyo en actividades agrícolas"
6121,1,7,4810,1623,2,2,original_coincide_con_consenso_oficial,1,125,"Jefes de departamento, coordinadores y supervisores en la coordinación del transporte",1623|2661|2662|8301,"1623 Coordinadores y jefes de área en servicios de transporte || 2661 Controladores de tráfico aéreo || 2662 Controladores de tráfico de otros transportes (terrestre, ferroviario y marítimo) || 8301 Supervisores de conductores de transporte y de maquinaria móvil"
2124,2,3,3380,1312,2,2,original_coincide_con_consenso_oficial,1,125,"Directores, gerentes y administradores de área o establecimientos en actividades de producción en industrias manufactureras, en la construcción y los servicios de reparación y mantenimiento",1312|1313|1314|1315,"1312 Directores y gerentes en producción minera, petrolera y gas || 1313 Directores y gerentes en generación y provisión de energía eléctrica y agua || 1314 Directores y gerentes en producción manufacturera || 1315 Directores y gerentes en construcción, reparación y mantenimiento"
1423,2,3,3380,2541,5,5,original_coincide_con_consenso_oficial,1,125,Decoradores y diseñadores,2541|2542|2543|2544,"2541 Diseñadores de moda y vestuario || 2542 Diseñadores industriales || 2543 Diseñadores gráficos || 2544 Decoradores de interiores, jardines y diversos materiales (tazas, llaveros, etcétera)"
4151,1,2,1122,6212,13,NA,requiere_revision_semantica,3,124,Trabajadores en actividades de acuacultura,6212|9122,6212 Trabajadores en actividades de acuacultura || 9122 Trabajadores de apoyo en actividades de acuicultura y pesca
2124,1,2,8111,1312,2,2,original_coincide_con_consenso_oficial,1,124,"Directores, gerentes y administradores de área o establecimientos en actividades de producción en industrias manufactureras, en la construcción y los servicios de reparación y mantenimiento",1312|1313|1314|1315,"1312 Directores y gerentes en producción minera, petrolera y gas || 1313 Directores y gerentes en generación y provisión de energía eléctrica y agua || 1314 Directores y gerentes en producción manufacturera || 1315 Directores y gerentes en construcción, reparación y mantenimiento"
7121,1,3,5322,8344,9,NA,requiere_revision_semantica,1,124,Repartidores,8344|9723,8344 Conductores de motocicleta || 9723 Repartidores de mercancías (a pie y en bicicleta)
2121,1,2,4620,1211,2,NA,requiere_revision_semantica,1,124,"Directores, gerentes y administradores de área o establecimientos de finanzas, contabilidad, recursos humanos, administración e impartición de justicia",1211|1212|1224|1321,"1211 Directores y gerentes en administración, recursos humanos y mercadotecnia || 1212 Directores y gerentes en servicios contables, financieros, banca y seguros || 1224 Jueces de juzgado, directores y gerentes en servicios legales y procuración de justicia || 1321 Directores y gerentes en informática"
7201,1,4,4652,4224,3,NA,requiere_revision_semantica,1,124,Vendedores ambulantes de artículos diversos,4224|9512|9661|9663,4224 Vendedores por catálogo || 9512 Vendedores ambulantes de artículos diversos (excluyendo los de venta de alimentos) || 9661 Recolectores de basura y material reciclable || 9663 Recolectores de otros materiales
1250,4,5,6112,2531,3,NA,requiere_revision_semantica,1,124,Técnicos en ciencias sociales,2531|2532|2711,2531 Auxiliares en ciencias sociales y humanistas || 2532 Auxiliares en servicios jurídicos || 2711 Auxiliares y técnicos en pedagogía y en educación
6260,1,6,3230,3141,3,3,original_coincide_con_consenso_oficial,1,124,"Despachadores, checadores y similares en la operación del transporte",3141|3142,3141 Despachadores de transporte || 3142 Checadores y revisores de transporte
2121,1,2,5411,1211,2,NA,requiere_revision_semantica,1,124,"Directores, gerentes y administradores de área o establecimientos de finanzas, contabilidad, recursos humanos, administración e impartición de justicia",1211|1212|1224|1321,"1211 Directores y gerentes en administración, recursos humanos y mercadotecnia || 1212 Directores y gerentes en servicios contables, financieros, banca y seguros || 1224 Jueces de juzgado, directores y gerentes en servicios legales y procuración de justicia || 1321 Directores y gerentes en informática"
5190,1,4,2381,NA,NA,NA,original_tampoco_resuelve,1,124,NA,NA,NA
8150,1,7,5615,3222,4,NA,requiere_revision_semantica,1,124,"Trabajadores de apoyo para la realización de espectáculos, turismo y deporte",3222|4233|5251|5254|9713,"3222 Guías de turismo en museos, casinos, parques, cines y otros centros recreativos || 4233 Modelos de moda, arte y publicidad || 5251 Astrólogos, adivinadores y afines || 5254 Entrenadores de animales y ocupaciones relacionadas con el cuidado de mascotas || 9713 Trabajadores de apoyo a la realización de espectáculos, deportes y en parques de diversiones"
6121,1,6,3330,1623,1,NA,requiere_revision_semantica,1,124,"Jefes de departamento, coordinadores y supervisores en la coordinación del transporte",1623|2661|2662|8301,"1623 Coordinadores y jefes de área en servicios de transporte || 2661 Controladores de tráfico aéreo || 2662 Controladores de tráfico de otros transportes (terrestre, ferroviario y marítimo) || 8301 Supervisores de conductores de transporte y de maquinaria móvil"
6260,1,3,3110,3141,3,3,original_coincide_con_consenso_oficial,1,124,"Despachadores, checadores y similares en la operación del transporte",3141|3142,3141 Despachadores de transporte || 3142 Checadores y revisores de transporte
6180,1,6,4620,1723,1,NA,requiere_revision_semantica,1,124,"Otros jefes de departamento, coordinadores y supervisores en actividades no clasificadas anteriormente",1723|5201|9601,"1723 Coordinadores y jefes de área en servicios funerarios y otros servicios || 5201 Supervisores y encargados de trabajadores en cuidados personales y del hogar || 9601 Supervisores en limpieza, amas de llaves, mayordomos y en estacionamientos"
1230,1,6,3240,2612,2,NA,requiere_revision_semantica,2,124,Técnicos laboratoristas químicos y biólogos,2612|2813|2827,"2612 Auxiliares y técnicos en ciencias biológicas, químicas y del medio ambiente || 2813 Técnicos de laboratorios médicos || 2827 Fumigadores y controladores de plagas"
5400,1,5,6241,9236,10,10,original_coincide_con_consenso_oficial,1,124,"Ayudantes, peones y similares en la fabricación de alimentos, bebidas y productos de tabaco",9236|9411,"9236 Trabajadores de apoyo en la industria de alimentos, bebidas y productos de tabaco || 9411 Ayudantes en la preparación de alimentos"
6110,1,5,5310,1512,1,NA,requiere_revision_semantica,1,124,"Jefes de departamento, coordinadores y supervisores en contabilidad y finanzas",1512|3101,"1512 Coordinadores y jefes de área en servicios contables, financieros, banca y seguros || 3101 Supervisores de secretarias, capturistas, cajeros y trabajadores de control de archivo y transporte"
7201,2,2,4612,4224,3,NA,requiere_revision_semantica,3,123,Vendedores ambulantes de artículos diversos,4224|9512|9661|9663,4224 Vendedores por catálogo || 9512 Vendedores ambulantes de artículos diversos (excluyendo los de venta de alimentos) || 9661 Recolectores de basura y material reciclable || 9663 Recolectores de otros materiales
6150,1,5,5611,1721,1,1,original_coincide_con_consenso_oficial,1,123,"Jefes de departamento, coordinadores y supervisores en servicios culturales y de esparcimiento",1721|1722,"1721 Coordinadores y jefes de área en actividades artísticas, de cine, teatro y afines || 1722 Coordinadores y jefes de área en museos, cines, deportivos y servicios culturales"
5190,1,6,6132,NA,NA,NA,original_tampoco_resuelve,1,123,NA,NA,NA
6180,1,3,7131,1723,2,NA,requiere_revision_semantica,1,123,"Otros jefes de departamento, coordinadores y supervisores en actividades no clasificadas anteriormente",1723|5201|9601,"1723 Coordinadores y jefes de área en servicios funerarios y otros servicios || 5201 Supervisores y encargados de trabajadores en cuidados personales y del hogar || 9601 Supervisores en limpieza, amas de llaves, mayordomos y en estacionamientos"
2124,1,4,8111,1312,2,2,original_coincide_con_consenso_oficial,1,123,"Directores, gerentes y administradores de área o establecimientos en actividades de producción en industrias manufactureras, en la construcción y los servicios de reparación y mantenimiento",1312|1313|1314|1315,"1312 Directores y gerentes en producción minera, petrolera y gas || 1313 Directores y gerentes en generación y provisión de energía eléctrica y agua || 1314 Directores y gerentes en producción manufacturera || 1315 Directores y gerentes en construcción, reparación y mantenimiento"
6100,1,7,6212,1521,2,2,original_coincide_con_consenso_oficial,2,122,"Jefes de departamento, coordinadores y supervisores en servicios de salud y asistencia social",1521|2524,"1521 Coordinadores y jefes de área en servicios de salud, protección civil y medio ambiente || 2524 Inspectores en seguridad social, de precios y otros inspectores públicos"
2121,1,3,5230,1211,2,NA,requiere_revision_semantica,1,122,"Directores, gerentes y administradores de área o establecimientos de finanzas, contabilidad, recursos humanos, administración e impartición de justicia",1211|1212|1224|1321,"1211 Directores y gerentes en administración, recursos humanos y mercadotecnia || 1212 Directores y gerentes en servicios contables, financieros, banca y seguros || 1224 Jueces de juzgado, directores y gerentes en servicios legales y procuración de justicia || 1321 Directores y gerentes en informática"
6160,1,3,8122,1711,2,2,original_coincide_con_consenso_oficial,1,122,"Jefes de departamento, coordinadores y supervisores en servicios de restaurante, hospedaje y comercio",1711|1712,"1711 Coordinadores y jefes de área de ventas, comercialización y alquiler || 1712 Coordinadores y jefes de área de restaurantes y hoteles"
6160,1,5,4320,1711,1,1,original_coincide_con_consenso_oficial,1,122,"Jefes de departamento, coordinadores y supervisores en servicios de restaurante, hospedaje y comercio",1711|1712,"1711 Coordinadores y jefes de área de ventas, comercialización y alquiler || 1712 Coordinadores y jefes de área de restaurantes y hoteles"
1204,1,2,4310,2621,2,NA,requiere_revision_semantica,1,122,"Técnicos en ingeniería química, industrial y mecánica",2621|2631|2633|2635|2637|2645,"2621 Auxiliares y técnicos industriales y químicos || 2631 Técnicos en mantenimiento y reparación de vehículos de motor || 2633 Técnicos en mantenimiento y reparación de maquinaria e instrumentos industriales || 2635 Técnicos en mantenimiento y reparación de instrumentos de precisión y musicales || 2637 Técnicos en la instalación, reparación y mantenimiento de equipos de refrigeración, climas y aire acondicionado || 2645 Técnicos en reparación de equipos electromecánicos"
2124,2,7,3150,1312,2,2,original_coincide_con_consenso_oficial,1,122,"Directores, gerentes y administradores de área o establecimientos en actividades de producción en industrias manufactureras, en la construcción y los servicios de reparación y mantenimiento",1312|1313|1314|1315,"1312 Directores y gerentes en producción minera, petrolera y gas || 1313 Directores y gerentes en generación y provisión de energía eléctrica y agua || 1314 Directores y gerentes en producción manufacturera || 1315 Directores y gerentes en construcción, reparación y mantenimiento"
7121,1,7,4330,8344,9,NA,requiere_revision_semantica,1,121,Repartidores,8344|9723,8344 Conductores de motocicleta || 9723 Repartidores de mercancías (a pie y en bicicleta)
5141,1,4,2122,2630,2,NA,requiere_revision_semantica,1,121,"Supervisores, inspectores y similares en la fabricación metalúrgica y en la fabricación de productos eléctricos y electrónicos, la reparación y mantenimiento de maquinaria y productos metálicos y de precisión",2630|7201|8201,"2630 Supervisores de mecánicos y técnicos en mantenimiento y reparación de equipos mecánicos, vehículos de motor, instrumentos industriales y equipo de refrigeración || 7201 Supervisores de artesanos y trabajadores en el tratamiento y elaboración de productos de metal || 8201 Supervisores en procesos de ensamblado y montaje de maquinaria, herramientas y productos metálicos y electrónicos"
6260,1,6,2122,3141,3,3,original_coincide_con_consenso_oficial,1,121,"Despachadores, checadores y similares en la operación del transporte",3141|3142,3141 Despachadores de transporte || 3142 Checadores y revisores de transporte
2121,1,7,7221,1211,2,NA,requiere_revision_semantica,1,121,"Directores, gerentes y administradores de área o establecimientos de finanzas, contabilidad, recursos humanos, administración e impartición de justicia",1211|1212|1224|1321,"1211 Directores y gerentes en administración, recursos humanos y mercadotecnia || 1212 Directores y gerentes en servicios contables, financieros, banca y seguros || 1224 Jueces de juzgado, directores y gerentes en servicios legales y procuración de justicia || 1321 Directores y gerentes en informática"
2121,2,2,3320,1211,2,NA,requiere_revision_semantica,1,121,"Directores, gerentes y administradores de área o establecimientos de finanzas, contabilidad, recursos humanos, administración e impartición de justicia",1211|1212|1224|1321,"1211 Directores y gerentes en administración, recursos humanos y mercadotecnia || 1212 Directores y gerentes en servicios contables, financieros, banca y seguros || 1224 Jueces de juzgado, directores y gerentes en servicios legales y procuración de justicia || 1321 Directores y gerentes en informática"
2121,1,7,5321,1211,2,NA,requiere_revision_semantica,1,121,"Directores, gerentes y administradores de área o establecimientos de finanzas, contabilidad, recursos humanos, administración e impartición de justicia",1211|1212|1224|1321,"1211 Directores y gerentes en administración, recursos humanos y mercadotecnia || 1212 Directores y gerentes en servicios contables, financieros, banca y seguros || 1224 Jueces de juzgado, directores y gerentes en servicios legales y procuración de justicia || 1321 Directores y gerentes en informática"
6121,1,5,3160,1623,1,NA,requiere_revision_semantica,1,121,"Jefes de departamento, coordinadores y supervisores en la coordinación del transporte",1623|2661|2662|8301,"1623 Coordinadores y jefes de área en servicios de transporte || 2661 Controladores de tráfico aéreo || 2662 Controladores de tráfico de otros transportes (terrestre, ferroviario y marítimo) || 8301 Supervisores de conductores de transporte y de maquinaria móvil"
1204,1,2,9800,2621,2,NA,requiere_revision_semantica,1,121,"Técnicos en ingeniería química, industrial y mecánica",2621|2631|2633|2635|2637|2645,"2621 Auxiliares y técnicos industriales y químicos || 2631 Técnicos en mantenimiento y reparación de vehículos de motor || 2633 Técnicos en mantenimiento y reparación de maquinaria e instrumentos industriales || 2635 Técnicos en mantenimiento y reparación de instrumentos de precisión y musicales || 2637 Técnicos en la instalación, reparación y mantenimiento de equipos de refrigeración, climas y aire acondicionado || 2645 Técnicos en reparación de equipos electromecánicos"
6110,1,6,5170,1512,1,NA,requiere_revision_semantica,2,121,"Jefes de departamento, coordinadores y supervisores en contabilidad y finanzas",1512|3101,"1512 Coordinadores y jefes de área en servicios contables, financieros, banca y seguros || 3101 Supervisores de secretarias, capturistas, cajeros y trabajadores de control de archivo y transporte"
5246,1,5,3120,2634,8,8,original_coincide_con_consenso_oficial,2,120,"Mecánicos, ajustadores, instaladores y trabajadores de mantenimiento y reparación de maquinaria, instrumentos industriales y equipos de refrigeración",2634|2638,"2634 Mecánicos en mantenimiento y reparación de maquinaria e instrumentos industriales || 2638 Mecánicos en instalación, mantenimiento y reparación de equipos de refrigeración, climas y aire acondicionado."
1204,1,6,5110,2621,2,NA,requiere_revision_semantica,1,120,"Técnicos en ingeniería química, industrial y mecánica",2621|2631|2633|2635|2637|2645,"2621 Auxiliares y técnicos industriales y químicos || 2631 Técnicos en mantenimiento y reparación de vehículos de motor || 2633 Técnicos en mantenimiento y reparación de maquinaria e instrumentos industriales || 2635 Técnicos en mantenimiento y reparación de instrumentos de precisión y musicales || 2637 Técnicos en la instalación, reparación y mantenimiento de equipos de refrigeración, climas y aire acondicionado || 2645 Técnicos en reparación de equipos electromecánicos"
5380,1,2,3250,8131,9,NA,requiere_revision_semantica,1,120,Operadores de máquinas para el tratamiento de sustancias químicas y agua,8131|8134,8131 Operadores de máquinas para la elaboración de productos químicos || 8134 Operadores de máquinas para el tratamiento de agua
8150,1,7,7210,3222,4,NA,requiere_revision_semantica,1,120,"Trabajadores de apoyo para la realización de espectáculos, turismo y deporte",3222|4233|5251|5254|9713,"3222 Guías de turismo en museos, casinos, parques, cines y otros centros recreativos || 4233 Modelos de moda, arte y publicidad || 5251 Astrólogos, adivinadores y afines || 5254 Entrenadores de animales y ocupaciones relacionadas con el cuidado de mascotas || 9713 Trabajadores de apoyo a la realización de espectáculos, deportes y en parques de diversiones"
8100,4,2,7222,5112,4,4,original_coincide_con_consenso_oficial,1,120,Fonderos (preparan y sirven alimentos) en establecimientos,5112|5114,"5112 Fonderos, vendedores y comerciantes de comida || 5114 Taqueros y preparadores de comida rápida, antojitos, pizzas, hot dogs, jugos, café, etcétera"
6110,1,5,4310,1512,1,NA,requiere_revision_semantica,1,120,"Jefes de departamento, coordinadores y supervisores en contabilidad y finanzas",1512|3101,"1512 Coordinadores y jefes de área en servicios contables, financieros, banca y seguros || 3101 Supervisores de secretarias, capturistas, cajeros y trabajadores de control de archivo y transporte"
8150,4,3,8130,3222,4,NA,requiere_revision_semantica,1,120,"Trabajadores de apoyo para la realización de espectáculos, turismo y deporte",3222|4233|5251|5254|9713,"3222 Guías de turismo en museos, casinos, parques, cines y otros centros recreativos || 4233 Modelos de moda, arte y publicidad || 5251 Astrólogos, adivinadores y afines || 5254 Entrenadores de animales y ocupaciones relacionadas con el cuidado de mascotas || 9713 Trabajadores de apoyo a la realización de espectáculos, deportes y en parques de diversiones"
6150,1,7,5615,1721,2,2,original_coincide_con_consenso_oficial,1,120,"Jefes de departamento, coordinadores y supervisores en servicios culturales y de esparcimiento",1721|1722,"1721 Coordinadores y jefes de área en actividades artísticas, de cine, teatro y afines || 1722 Coordinadores y jefes de área en museos, cines, deportivos y servicios culturales"
6110,1,6,4631,1512,1,NA,requiere_revision_semantica,1,120,"Jefes de departamento, coordinadores y supervisores en contabilidad y finanzas",1512|3101,"1512 Coordinadores y jefes de área en servicios contables, financieros, banca y seguros || 3101 Supervisores de secretarias, capturistas, cajeros y trabajadores de control de archivo y transporte"
5141,1,5,2370,2630,2,NA,requiere_revision_semantica,1,120,"Supervisores, inspectores y similares en la fabricación metalúrgica y en la fabricación de productos eléctricos y electrónicos, la reparación y mantenimiento de maquinaria y productos metálicos y de precisión",2630|7201|8201,"2630 Supervisores de mecánicos y técnicos en mantenimiento y reparación de equipos mecánicos, vehículos de motor, instrumentos industriales y equipo de refrigeración || 7201 Supervisores de artesanos y trabajadores en el tratamiento y elaboración de productos de metal || 8201 Supervisores en procesos de ensamblado y montaje de maquinaria, herramientas y productos metálicos y electrónicos"
1204,1,5,5411,2621,2,NA,requiere_revision_semantica,1,120,"Técnicos en ingeniería química, industrial y mecánica",2621|2631|2633|2635|2637|2645,"2621 Auxiliares y técnicos industriales y químicos || 2631 Técnicos en mantenimiento y reparación de vehículos de motor || 2633 Técnicos en mantenimiento y reparación de maquinaria e instrumentos industriales || 2635 Técnicos en mantenimiento y reparación de instrumentos de precisión y musicales || 2637 Técnicos en la instalación, reparación y mantenimiento de equipos de refrigeración, climas y aire acondicionado || 2645 Técnicos en reparación de equipos electromecánicos"
2121,1,3,4320,1211,2,NA,requiere_revision_semantica,1,119,"Directores, gerentes y administradores de área o establecimientos de finanzas, contabilidad, recursos humanos, administración e impartición de justicia",1211|1212|1224|1321,"1211 Directores y gerentes en administración, recursos humanos y mercadotecnia || 1212 Directores y gerentes en servicios contables, financieros, banca y seguros || 1224 Jueces de juzgado, directores y gerentes en servicios legales y procuración de justicia || 1321 Directores y gerentes en informática"
6160,2,2,4350,1711,2,2,original_coincide_con_consenso_oficial,1,119,"Jefes de departamento, coordinadores y supervisores en servicios de restaurante, hospedaje y comercio",1711|1712,"1711 Coordinadores y jefes de área de ventas, comercialización y alquiler || 1712 Coordinadores y jefes de área de restaurantes y hoteles"
5246,1,5,4611,2634,8,8,original_coincide_con_consenso_oficial,1,119,"Mecánicos, ajustadores, instaladores y trabajadores de mantenimiento y reparación de maquinaria, instrumentos industriales y equipos de refrigeración",2634|2638,"2634 Mecánicos en mantenimiento y reparación de maquinaria e instrumentos industriales || 2638 Mecánicos en instalación, mantenimiento y reparación de equipos de refrigeración, climas y aire acondicionado."
6160,1,6,3270,1711,1,1,original_coincide_con_consenso_oficial,1,119,"Jefes de departamento, coordinadores y supervisores en servicios de restaurante, hospedaje y comercio",1711|1712,"1711 Coordinadores y jefes de área de ventas, comercialización y alquiler || 1712 Coordinadores y jefes de área de restaurantes y hoteles"
1204,1,7,5322,2621,2,NA,requiere_revision_semantica,1,118,"Técnicos en ingeniería química, industrial y mecánica",2621|2631|2633|2635|2637|2645,"2621 Auxiliares y técnicos industriales y químicos || 2631 Técnicos en mantenimiento y reparación de vehículos de motor || 2633 Técnicos en mantenimiento y reparación de maquinaria e instrumentos industriales || 2635 Técnicos en mantenimiento y reparación de instrumentos de precisión y musicales || 2637 Técnicos en la instalación, reparación y mantenimiento de equipos de refrigeración, climas y aire acondicionado || 2645 Técnicos en reparación de equipos electromecánicos"
8150,1,7,8121,3222,4,NA,requiere_revision_semantica,1,118,"Trabajadores de apoyo para la realización de espectáculos, turismo y deporte",3222|4233|5251|5254|9713,"3222 Guías de turismo en museos, casinos, parques, cines y otros centros recreativos || 4233 Modelos de moda, arte y publicidad || 5251 Astrólogos, adivinadores y afines || 5254 Entrenadores de animales y ocupaciones relacionadas con el cuidado de mascotas || 9713 Trabajadores de apoyo a la realización de espectáculos, deportes y en parques de diversiones"
1204,1,5,4671,2621,2,NA,requiere_revision_semantica,1,118,"Técnicos en ingeniería química, industrial y mecánica",2621|2631|2633|2635|2637|2645,"2621 Auxiliares y técnicos industriales y químicos || 2631 Técnicos en mantenimiento y reparación de vehículos de motor || 2633 Técnicos en mantenimiento y reparación de maquinaria e instrumentos industriales || 2635 Técnicos en mantenimiento y reparación de instrumentos de precisión y musicales || 2637 Técnicos en la instalación, reparación y mantenimiento de equipos de refrigeración, climas y aire acondicionado || 2645 Técnicos en reparación de equipos electromecánicos"
6121,1,4,4870,1623,2,2,original_coincide_con_consenso_oficial,1,118,"Jefes de departamento, coordinadores y supervisores en la coordinación del transporte",1623|2661|2662|8301,"1623 Coordinadores y jefes de área en servicios de transporte || 2661 Controladores de tráfico aéreo || 2662 Controladores de tráfico de otros transportes (terrestre, ferroviario y marítimo) || 8301 Supervisores de conductores de transporte y de maquinaria móvil"
6160,1,6,5310,1711,1,1,original_coincide_con_consenso_oficial,1,118,"Jefes de departamento, coordinadores y supervisores en servicios de restaurante, hospedaje y comercio",1711|1712,"1711 Coordinadores y jefes de área de ventas, comercialización y alquiler || 1712 Coordinadores y jefes de área de restaurantes y hoteles"
1250,1,3,6121,2531,3,NA,requiere_revision_semantica,1,118,Técnicos en ciencias sociales,2531|2532|2711,2531 Auxiliares en ciencias sociales y humanistas || 2532 Auxiliares en servicios jurídicos || 2711 Auxiliares y técnicos en pedagogía y en educación
5246,1,5,2123,2634,8,8,original_coincide_con_consenso_oficial,1,118,"Mecánicos, ajustadores, instaladores y trabajadores de mantenimiento y reparación de maquinaria, instrumentos industriales y equipos de refrigeración",2634|2638,"2634 Mecánicos en mantenimiento y reparación de maquinaria e instrumentos industriales || 2638 Mecánicos en instalación, mantenimiento y reparación de equipos de refrigeración, climas y aire acondicionado."
2124,2,2,3360,1312,2,2,original_coincide_con_consenso_oficial,1,118,"Directores, gerentes y administradores de área o establecimientos en actividades de producción en industrias manufactureras, en la construcción y los servicios de reparación y mantenimiento",1312|1313|1314|1315,"1312 Directores y gerentes en producción minera, petrolera y gas || 1313 Directores y gerentes en generación y provisión de energía eléctrica y agua || 1314 Directores y gerentes en producción manufacturera || 1315 Directores y gerentes en construcción, reparación y mantenimiento"
6260,1,6,4830,3141,3,3,original_coincide_con_consenso_oficial,1,118,"Despachadores, checadores y similares en la operación del transporte",3141|3142,3141 Despachadores de transporte || 3142 Checadores y revisores de transporte
8150,3,1,7221,3222,6,NA,requiere_revision_semantica,1,117,"Trabajadores de apoyo para la realización de espectáculos, turismo y deporte",3222|4233|5251|5254|9713,"3222 Guías de turismo en museos, casinos, parques, cines y otros centros recreativos || 4233 Modelos de moda, arte y publicidad || 5251 Astrólogos, adivinadores y afines || 5254 Entrenadores de animales y ocupaciones relacionadas con el cuidado de mascotas || 9713 Trabajadores de apoyo a la realización de espectáculos, deportes y en parques de diversiones"
6290,1,5,9800,NA,NA,NA,original_tampoco_resuelve,1,117,NA,NA,NA
2121,2,2,4611,1211,2,NA,requiere_revision_semantica,1,117,"Directores, gerentes y administradores de área o establecimientos de finanzas, contabilidad, recursos humanos, administración e impartición de justicia",1211|1212|1224|1321,"1211 Directores y gerentes en administración, recursos humanos y mercadotecnia || 1212 Directores y gerentes en servicios contables, financieros, banca y seguros || 1224 Jueces de juzgado, directores y gerentes en servicios legales y procuración de justicia || 1321 Directores y gerentes en informática"
2121,1,4,6251,1211,2,NA,requiere_revision_semantica,1,117,"Directores, gerentes y administradores de área o establecimientos de finanzas, contabilidad, recursos humanos, administración e impartición de justicia",1211|1212|1224|1321,"1211 Directores y gerentes en administración, recursos humanos y mercadotecnia || 1212 Directores y gerentes en servicios contables, financieros, banca y seguros || 1224 Jueces de juzgado, directores y gerentes en servicios legales y procuración de justicia || 1321 Directores y gerentes en informática"
2121,1,2,8130,1211,2,NA,requiere_revision_semantica,1,117,"Directores, gerentes y administradores de área o establecimientos de finanzas, contabilidad, recursos humanos, administración e impartición de justicia",1211|1212|1224|1321,"1211 Directores y gerentes en administración, recursos humanos y mercadotecnia || 1212 Directores y gerentes en servicios contables, financieros, banca y seguros || 1224 Jueces de juzgado, directores y gerentes en servicios legales y procuración de justicia || 1321 Directores y gerentes en informática"
5190,1,5,5611,NA,NA,NA,original_tampoco_resuelve,1,117,NA,NA,NA
1204,1,6,3160,2621,2,NA,requiere_revision_semantica,1,117,"Técnicos en ingeniería química, industrial y mecánica",2621|2631|2633|2635|2637|2645,"2621 Auxiliares y técnicos industriales y químicos || 2631 Técnicos en mantenimiento y reparación de vehículos de motor || 2633 Técnicos en mantenimiento y reparación de maquinaria e instrumentos industriales || 2635 Técnicos en mantenimiento y reparación de instrumentos de precisión y musicales || 2637 Técnicos en la instalación, reparación y mantenimiento de equipos de refrigeración, climas y aire acondicionado || 2645 Técnicos en reparación de equipos electromecánicos"
8150,1,6,4310,3222,4,NA,requiere_revision_semantica,1,117,"Trabajadores de apoyo para la realización de espectáculos, turismo y deporte",3222|4233|5251|5254|9713,"3222 Guías de turismo en museos, casinos, parques, cines y otros centros recreativos || 4233 Modelos de moda, arte y publicidad || 5251 Astrólogos, adivinadores y afines || 5254 Entrenadores de animales y ocupaciones relacionadas con el cuidado de mascotas || 9713 Trabajadores de apoyo a la realización de espectáculos, deportes y en parques de diversiones"
5170,1,6,3160,1613,1,NA,requiere_revision_semantica,1,117,"Jefes, coordinadores y similares en la generación de energía, la instalación, reparación y mantenimiento de equipo eléctrico y de telecomunicaciones",1613|8101,1613 Coordinadores y jefes de área en generación y provisión de energía eléctrica y agua || 8101 Supervisores de operadores de maquinaria industrial
5246,1,2,4350,2634,9,9,original_coincide_con_consenso_oficial,1,117,"Mecánicos, ajustadores, instaladores y trabajadores de mantenimiento y reparación de maquinaria, instrumentos industriales y equipos de refrigeración",2634|2638,"2634 Mecánicos en mantenimiento y reparación de maquinaria e instrumentos industriales || 2638 Mecánicos en instalación, mantenimiento y reparación de equipos de refrigeración, climas y aire acondicionado."
6160,1,2,5611,1711,2,2,original_coincide_con_consenso_oficial,1,117,"Jefes de departamento, coordinadores y supervisores en servicios de restaurante, hospedaje y comercio",1711|1712,"1711 Coordinadores y jefes de área de ventas, comercialización y alquiler || 1712 Coordinadores y jefes de área de restaurantes y hoteles"
7121,1,6,9312,8344,8,NA,requiere_revision_semantica,1,117,Repartidores,8344|9723,8344 Conductores de motocicleta || 9723 Repartidores de mercancías (a pie y en bicicleta)
6160,1,5,5310,1711,1,1,original_coincide_con_consenso_oficial,1,117,"Jefes de departamento, coordinadores y supervisores en servicios de restaurante, hospedaje y comercio",1711|1712,"1711 Coordinadores y jefes de área de ventas, comercialización y alquiler || 1712 Coordinadores y jefes de área de restaurantes y hoteles"
6290,1,6,6112,NA,NA,NA,original_tampoco_resuelve,1,117,NA,NA,NA
1204,1,7,3110,2621,2,NA,requiere_revision_semantica,1,117,"Técnicos en ingeniería química, industrial y mecánica",2621|2631|2633|2635|2637|2645,"2621 Auxiliares y técnicos industriales y químicos || 2631 Técnicos en mantenimiento y reparación de vehículos de motor || 2633 Técnicos en mantenimiento y reparación de maquinaria e instrumentos industriales || 2635 Técnicos en mantenimiento y reparación de instrumentos de precisión y musicales || 2637 Técnicos en la instalación, reparación y mantenimiento de equipos de refrigeración, climas y aire acondicionado || 2645 Técnicos en reparación de equipos electromecánicos"
6101,1,3,6111,1523,2,2,original_coincide_con_consenso_oficial,1,117,"Jefes de departamento, coordinadores y supervisores en servicios de educación",1523|2311,1523 Coordinadores y jefes de área en centros de enseñanza y capacitación || 2311 Supervisores e inspectores educativos
7201,3,1,7133,4224,3,NA,requiere_revision_semantica,1,117,Vendedores ambulantes de artículos diversos,4224|9512|9661|9663,4224 Vendedores por catálogo || 9512 Vendedores ambulantes de artículos diversos (excluyendo los de venta de alimentos) || 9661 Recolectores de basura y material reciclable || 9663 Recolectores de otros materiales
6180,1,7,3250,1723,2,NA,requiere_revision_semantica,1,116,"Otros jefes de departamento, coordinadores y supervisores en actividades no clasificadas anteriormente",1723|5201|9601,"1723 Coordinadores y jefes de área en servicios funerarios y otros servicios || 5201 Supervisores y encargados de trabajadores en cuidados personales y del hogar || 9601 Supervisores en limpieza, amas de llaves, mayordomos y en estacionamientos"
6131,1,7,9312,NA,NA,NA,original_tampoco_resuelve,1,116,NA,NA,NA
2121,3,1,4611,1211,2,NA,requiere_revision_semantica,1,116,"Directores, gerentes y administradores de área o establecimientos de finanzas, contabilidad, recursos humanos, administración e impartición de justicia",1211|1212|1224|1321,"1211 Directores y gerentes en administración, recursos humanos y mercadotecnia || 1212 Directores y gerentes en servicios contables, financieros, banca y seguros || 1224 Jueces de juzgado, directores y gerentes en servicios legales y procuración de justicia || 1321 Directores y gerentes en informática"
2121,2,2,5310,1211,2,NA,requiere_revision_semantica,1,116,"Directores, gerentes y administradores de área o establecimientos de finanzas, contabilidad, recursos humanos, administración e impartición de justicia",1211|1212|1224|1321,"1211 Directores y gerentes en administración, recursos humanos y mercadotecnia || 1212 Directores y gerentes en servicios contables, financieros, banca y seguros || 1224 Jueces de juzgado, directores y gerentes en servicios legales y procuración de justicia || 1321 Directores y gerentes en informática"
5246,1,7,2221,2634,9,9,original_coincide_con_consenso_oficial,1,116,"Mecánicos, ajustadores, instaladores y trabajadores de mantenimiento y reparación de maquinaria, instrumentos industriales y equipos de refrigeración",2634|2638,"2634 Mecánicos en mantenimiento y reparación de maquinaria e instrumentos industriales || 2638 Mecánicos en instalación, mantenimiento y reparación de equipos de refrigeración, climas y aire acondicionado."
1230,1,6,3120,2612,2,NA,requiere_revision_semantica,2,115,Técnicos laboratoristas químicos y biólogos,2612|2813|2827,"2612 Auxiliares y técnicos en ciencias biológicas, químicas y del medio ambiente || 2813 Técnicos de laboratorios médicos || 2827 Fumigadores y controladores de plagas"
6121,1,4,4810,1623,2,2,original_coincide_con_consenso_oficial,1,115,"Jefes de departamento, coordinadores y supervisores en la coordinación del transporte",1623|2661|2662|8301,"1623 Coordinadores y jefes de área en servicios de transporte || 2661 Controladores de tráfico aéreo || 2662 Controladores de tráfico de otros transportes (terrestre, ferroviario y marítimo) || 8301 Supervisores de conductores de transporte y de maquinaria móvil"
5190,1,4,2361,NA,NA,NA,original_tampoco_resuelve,1,115,NA,NA,NA
2121,1,3,4651,1211,2,NA,requiere_revision_semantica,1,115,"Directores, gerentes y administradores de área o establecimientos de finanzas, contabilidad, recursos humanos, administración e impartición de justicia",1211|1212|1224|1321,"1211 Directores y gerentes en administración, recursos humanos y mercadotecnia || 1212 Directores y gerentes en servicios contables, financieros, banca y seguros || 1224 Jueces de juzgado, directores y gerentes en servicios legales y procuración de justicia || 1321 Directores y gerentes en informática"
5246,1,6,6231,2634,8,8,original_coincide_con_consenso_oficial,1,115,"Mecánicos, ajustadores, instaladores y trabajadores de mantenimiento y reparación de maquinaria, instrumentos industriales y equipos de refrigeración",2634|2638,"2634 Mecánicos en mantenimiento y reparación de maquinaria e instrumentos industriales || 2638 Mecánicos en instalación, mantenimiento y reparación de equipos de refrigeración, climas y aire acondicionado."
2121,1,7,8111,1211,2,NA,requiere_revision_semantica,1,115,"Directores, gerentes y administradores de área o establecimientos de finanzas, contabilidad, recursos humanos, administración e impartición de justicia",1211|1212|1224|1321,"1211 Directores y gerentes en administración, recursos humanos y mercadotecnia || 1212 Directores y gerentes en servicios contables, financieros, banca y seguros || 1224 Jueces de juzgado, directores y gerentes en servicios legales y procuración de justicia || 1321 Directores y gerentes en informática"
6131,1,5,5614,NA,NA,NA,original_tampoco_resuelve,1,115,NA,NA,NA
7201,3,1,4310,4224,3,NA,requiere_revision_semantica,1,114,Vendedores ambulantes de artículos diversos,4224|9512|9661|9663,4224 Vendedores por catálogo || 9512 Vendedores ambulantes de artículos diversos (excluyendo los de venta de alimentos) || 9661 Recolectores de basura y material reciclable || 9663 Recolectores de otros materiales
4100,2,7,1110,6111,NA,NA,original_tampoco_resuelve,1,114,Trabajadores en el cultivo de maíz y/o frijol,6111,6111 Trabajadores en el cultivo de maíz y/o frijol
1250,4,7,6111,2531,3,NA,requiere_revision_semantica,1,114,Técnicos en ciencias sociales,2531|2532|2711,2531 Auxiliares en ciencias sociales y humanistas || 2532 Auxiliares en servicios jurídicos || 2711 Auxiliares y técnicos en pedagogía y en educación
6290,1,5,8130,NA,NA,NA,original_tampoco_resuelve,1,114,NA,NA,NA
6160,3,2,8121,1711,2,2,original_coincide_con_consenso_oficial,1,114,"Jefes de departamento, coordinadores y supervisores en servicios de restaurante, hospedaje y comercio",1711|1712,"1711 Coordinadores y jefes de área de ventas, comercialización y alquiler || 1712 Coordinadores y jefes de área de restaurantes y hoteles"
2122,2,7,4310,1411,NA,NA,original_tampoco_resuelve,1,113,"Directores, gerentes y administradores de área o establecimientos en actividades comerciales (incluye la venta de seguros y bienes raíces)",1411,"1411 Directores y gerentes de ventas, comercialización y alquiler"
8100,1,3,3370,5112,4,4,original_coincide_con_consenso_oficial,1,113,Fonderos (preparan y sirven alimentos) en establecimientos,5112|5114,"5112 Fonderos, vendedores y comerciantes de comida || 5114 Taqueros y preparadores de comida rápida, antojitos, pizzas, hot dogs, jugos, café, etcétera"
1204,1,5,5613,2621,2,NA,requiere_revision_semantica,1,113,"Técnicos en ingeniería química, industrial y mecánica",2621|2631|2633|2635|2637|2645,"2621 Auxiliares y técnicos industriales y químicos || 2631 Técnicos en mantenimiento y reparación de vehículos de motor || 2633 Técnicos en mantenimiento y reparación de maquinaria e instrumentos industriales || 2635 Técnicos en mantenimiento y reparación de instrumentos de precisión y musicales || 2637 Técnicos en la instalación, reparación y mantenimiento de equipos de refrigeración, climas y aire acondicionado || 2645 Técnicos en reparación de equipos electromecánicos"
6150,1,5,8130,1721,1,1,original_coincide_con_consenso_oficial,2,113,"Jefes de departamento, coordinadores y supervisores en servicios culturales y de esparcimiento",1721|1722,"1721 Coordinadores y jefes de área en actividades artísticas, de cine, teatro y afines || 1722 Coordinadores y jefes de área en museos, cines, deportivos y servicios culturales"
5141,2,3,8111,2630,2,NA,requiere_revision_semantica,1,113,"Supervisores, inspectores y similares en la fabricación metalúrgica y en la fabricación de productos eléctricos y electrónicos, la reparación y mantenimiento de maquinaria y productos metálicos y de precisión",2630|7201|8201,"2630 Supervisores de mecánicos y técnicos en mantenimiento y reparación de equipos mecánicos, vehículos de motor, instrumentos industriales y equipo de refrigeración || 7201 Supervisores de artesanos y trabajadores en el tratamiento y elaboración de productos de metal || 8201 Supervisores en procesos de ensamblado y montaje de maquinaria, herramientas y productos metálicos y electrónicos"
8311,1,6,4830,5401,2,NA,requiere_revision_semantica,1,113,Trabajadores de la fuerza armada marítima,5401|5412,5401 Supervisores de las fuerzas armadas || 5412 Trabajadores de la fuerza armada marítima
6101,1,7,6131,1523,2,2,original_coincide_con_consenso_oficial,1,112,"Jefes de departamento, coordinadores y supervisores en servicios de educación",1523|2311,1523 Coordinadores y jefes de área en centros de enseñanza y capacitación || 2311 Supervisores e inspectores educativos
2125,1,4,6252,1223,2,2,original_coincide_con_consenso_oficial,1,112,Directores gerentes y administradores de área o establecimientos de enseñanza e investigación,1223|1324,1223 Directores y gerentes en centros de enseñanza y capacitación || 1324 Directores y gerentes en centros de investigación y desarrollo tecnológico
6121,1,6,5614,1623,1,NA,requiere_revision_semantica,1,112,"Jefes de departamento, coordinadores y supervisores en la coordinación del transporte",1623|2661|2662|8301,"1623 Coordinadores y jefes de área en servicios de transporte || 2661 Controladores de tráfico aéreo || 2662 Controladores de tráfico de otros transportes (terrestre, ferroviario y marítimo) || 8301 Supervisores de conductores de transporte y de maquinaria móvil"
6110,1,6,5240,1512,1,NA,requiere_revision_semantica,1,112,"Jefes de departamento, coordinadores y supervisores en contabilidad y finanzas",1512|3101,"1512 Coordinadores y jefes de área en servicios contables, financieros, banca y seguros || 3101 Supervisores de secretarias, capturistas, cajeros y trabajadores de control de archivo y transporte"
2126,1,5,6242,1222,1,NA,requiere_revision_semantica,1,112,"Directores, gerentes y administradores de área o establecimientos en servicios asistenciales y de readaptación social",1222|1225|1226,1222 Directores y gerentes en desarrollo social y económico || 1225 Comandantes de las fuerzas armadas || 1226 Directores en servicios de vigilancia y seguridad
2121,1,2,5221,1211,2,NA,requiere_revision_semantica,1,112,"Directores, gerentes y administradores de área o establecimientos de finanzas, contabilidad, recursos humanos, administración e impartición de justicia",1211|1212|1224|1321,"1211 Directores y gerentes en administración, recursos humanos y mercadotecnia || 1212 Directores y gerentes en servicios contables, financieros, banca y seguros || 1224 Jueces de juzgado, directores y gerentes en servicios legales y procuración de justicia || 1321 Directores y gerentes en informática"
1204,1,5,3210,2621,2,NA,requiere_revision_semantica,1,112,"Técnicos en ingeniería química, industrial y mecánica",2621|2631|2633|2635|2637|2645,"2621 Auxiliares y técnicos industriales y químicos || 2631 Técnicos en mantenimiento y reparación de vehículos de motor || 2633 Técnicos en mantenimiento y reparación de maquinaria e instrumentos industriales || 2635 Técnicos en mantenimiento y reparación de instrumentos de precisión y musicales || 2637 Técnicos en la instalación, reparación y mantenimiento de equipos de refrigeración, climas y aire acondicionado || 2645 Técnicos en reparación de equipos electromecánicos"
6180,1,5,4340,1723,1,NA,requiere_revision_semantica,1,111,"Otros jefes de departamento, coordinadores y supervisores en actividades no clasificadas anteriormente",1723|5201|9601,"1723 Coordinadores y jefes de área en servicios funerarios y otros servicios || 5201 Supervisores y encargados de trabajadores en cuidados personales y del hogar || 9601 Supervisores en limpieza, amas de llaves, mayordomos y en estacionamientos"
5190,1,6,3320,NA,NA,NA,original_tampoco_resuelve,1,111,NA,NA,NA
8150,1,4,7221,3222,4,NA,requiere_revision_semantica,1,111,"Trabajadores de apoyo para la realización de espectáculos, turismo y deporte",3222|4233|5251|5254|9713,"3222 Guías de turismo en museos, casinos, parques, cines y otros centros recreativos || 4233 Modelos de moda, arte y publicidad || 5251 Astrólogos, adivinadores y afines || 5254 Entrenadores de animales y ocupaciones relacionadas con el cuidado de mascotas || 9713 Trabajadores de apoyo a la realización de espectáculos, deportes y en parques de diversiones"
7121,1,3,4340,8344,9,NA,requiere_revision_semantica,2,111,Repartidores,8344|9723,8344 Conductores de motocicleta || 9723 Repartidores de mercancías (a pie y en bicicleta)
5400,1,6,2363,9236,10,10,original_coincide_con_consenso_oficial,1,111,"Ayudantes, peones y similares en la fabricación de alimentos, bebidas y productos de tabaco",9236|9411,"9236 Trabajadores de apoyo en la industria de alimentos, bebidas y productos de tabaco || 9411 Ayudantes en la preparación de alimentos"
1204,1,2,5322,2621,2,NA,requiere_revision_semantica,1,110,"Técnicos en ingeniería química, industrial y mecánica",2621|2631|2633|2635|2637|2645,"2621 Auxiliares y técnicos industriales y químicos || 2631 Técnicos en mantenimiento y reparación de vehículos de motor || 2633 Técnicos en mantenimiento y reparación de maquinaria e instrumentos industriales || 2635 Técnicos en mantenimiento y reparación de instrumentos de precisión y musicales || 2637 Técnicos en la instalación, reparación y mantenimiento de equipos de refrigeración, climas y aire acondicionado || 2645 Técnicos en reparación de equipos electromecánicos"
2124,1,7,8112,1312,2,2,original_coincide_con_consenso_oficial,1,110,"Directores, gerentes y administradores de área o establecimientos en actividades de producción en industrias manufactureras, en la construcción y los servicios de reparación y mantenimiento",1312|1313|1314|1315,"1312 Directores y gerentes en producción minera, petrolera y gas || 1313 Directores y gerentes en generación y provisión de energía eléctrica y agua || 1314 Directores y gerentes en producción manufacturera || 1315 Directores y gerentes en construcción, reparación y mantenimiento"
6180,1,6,5614,1723,1,NA,requiere_revision_semantica,1,110,"Otros jefes de departamento, coordinadores y supervisores en actividades no clasificadas anteriormente",1723|5201|9601,"1723 Coordinadores y jefes de área en servicios funerarios y otros servicios || 5201 Supervisores y encargados de trabajadores en cuidados personales y del hogar || 9601 Supervisores en limpieza, amas de llaves, mayordomos y en estacionamientos"
6150,3,1,7111,1721,2,2,original_coincide_con_consenso_oficial,1,110,"Jefes de departamento, coordinadores y supervisores en servicios culturales y de esparcimiento",1721|1722,"1721 Coordinadores y jefes de área en actividades artísticas, de cine, teatro y afines || 1722 Coordinadores y jefes de área en museos, cines, deportivos y servicios culturales"
6110,1,7,5230,1512,2,2,original_coincide_con_consenso_oficial,1,110,"Jefes de departamento, coordinadores y supervisores en contabilidad y finanzas",1512|3101,"1512 Coordinadores y jefes de área en servicios contables, financieros, banca y seguros || 3101 Supervisores de secretarias, capturistas, cajeros y trabajadores de control de archivo y transporte"
2121,1,7,3220,1211,2,NA,requiere_revision_semantica,1,110,"Directores, gerentes y administradores de área o establecimientos de finanzas, contabilidad, recursos humanos, administración e impartición de justicia",1211|1212|1224|1321,"1211 Directores y gerentes en administración, recursos humanos y mercadotecnia || 1212 Directores y gerentes en servicios contables, financieros, banca y seguros || 1224 Jueces de juzgado, directores y gerentes en servicios legales y procuración de justicia || 1321 Directores y gerentes en informática"
8150,1,7,5310,3222,4,NA,requiere_revision_semantica,1,110,"Trabajadores de apoyo para la realización de espectáculos, turismo y deporte",3222|4233|5251|5254|9713,"3222 Guías de turismo en museos, casinos, parques, cines y otros centros recreativos || 4233 Modelos de moda, arte y publicidad || 5251 Astrólogos, adivinadores y afines || 5254 Entrenadores de animales y ocupaciones relacionadas con el cuidado de mascotas || 9713 Trabajadores de apoyo a la realización de espectáculos, deportes y en parques de diversiones"
5246,1,5,3210,2634,8,8,original_coincide_con_consenso_oficial,1,110,"Mecánicos, ajustadores, instaladores y trabajadores de mantenimiento y reparación de maquinaria, instrumentos industriales y equipos de refrigeración",2634|2638,"2634 Mecánicos en mantenimiento y reparación de maquinaria e instrumentos industriales || 2638 Mecánicos en instalación, mantenimiento y reparación de equipos de refrigeración, climas y aire acondicionado."
2124,1,7,3370,1312,2,2,original_coincide_con_consenso_oficial,1,109,"Directores, gerentes y administradores de área o establecimientos en actividades de producción en industrias manufactureras, en la construcción y los servicios de reparación y mantenimiento",1312|1313|1314|1315,"1312 Directores y gerentes en producción minera, petrolera y gas || 1313 Directores y gerentes en generación y provisión de energía eléctrica y agua || 1314 Directores y gerentes en producción manufacturera || 1315 Directores y gerentes en construcción, reparación y mantenimiento"
6290,1,5,5412,NA,NA,NA,original_tampoco_resuelve,1,109,NA,NA,NA
6131,1,5,3270,NA,NA,NA,original_tampoco_resuelve,1,109,NA,NA,NA
2124,1,5,3260,1312,1,1,original_coincide_con_consenso_oficial,1,109,"Directores, gerentes y administradores de área o establecimientos en actividades de producción en industrias manufactureras, en la construcción y los servicios de reparación y mantenimiento",1312|1313|1314|1315,"1312 Directores y gerentes en producción minera, petrolera y gas || 1313 Directores y gerentes en generación y provisión de energía eléctrica y agua || 1314 Directores y gerentes en producción manufacturera || 1315 Directores y gerentes en construcción, reparación y mantenimiento"
8150,1,2,7111,3222,4,NA,requiere_revision_semantica,1,109,"Trabajadores de apoyo para la realización de espectáculos, turismo y deporte",3222|4233|5251|5254|9713,"3222 Guías de turismo en museos, casinos, parques, cines y otros centros recreativos || 4233 Modelos de moda, arte y publicidad || 5251 Astrólogos, adivinadores y afines || 5254 Entrenadores de animales y ocupaciones relacionadas con el cuidado de mascotas || 9713 Trabajadores de apoyo a la realización de espectáculos, deportes y en parques de diversiones"
6121,1,6,3260,1623,1,NA,requiere_revision_semantica,1,108,"Jefes de departamento, coordinadores y supervisores en la coordinación del transporte",1623|2661|2662|8301,"1623 Coordinadores y jefes de área en servicios de transporte || 2661 Controladores de tráfico aéreo || 2662 Controladores de tráfico de otros transportes (terrestre, ferroviario y marítimo) || 8301 Supervisores de conductores de transporte y de maquinaria móvil"
2124,1,6,5110,1312,1,1,original_coincide_con_consenso_oficial,1,108,"Directores, gerentes y administradores de área o establecimientos en actividades de producción en industrias manufactureras, en la construcción y los servicios de reparación y mantenimiento",1312|1313|1314|1315,"1312 Directores y gerentes en producción minera, petrolera y gas || 1313 Directores y gerentes en generación y provisión de energía eléctrica y agua || 1314 Directores y gerentes en producción manufacturera || 1315 Directores y gerentes en construcción, reparación y mantenimiento"
6260,1,6,3140,3141,3,3,original_coincide_con_consenso_oficial,1,108,"Despachadores, checadores y similares en la operación del transporte",3141|3142,3141 Despachadores de transporte || 3142 Checadores y revisores de transporte
4170,1,5,9800,6101,7,7,original_coincide_con_consenso_oficial,1,108,"Capataces, caporales, mayorales y similares en actividades agropecuarias,silvícolas y pesqueras",6101|6201,"6101 Supervisores, encargados y capataces agropecuarios || 6201 Supervisores, encargados y capataces de trabajadores en actividades pesqueras, acuícolas, forestales, caza y similares"
2124,2,4,3250,1312,2,2,original_coincide_con_consenso_oficial,1,107,"Directores, gerentes y administradores de área o establecimientos en actividades de producción en industrias manufactureras, en la construcción y los servicios de reparación y mantenimiento",1312|1313|1314|1315,"1312 Directores y gerentes en producción minera, petrolera y gas || 1313 Directores y gerentes en generación y provisión de energía eléctrica y agua || 1314 Directores y gerentes en producción manufacturera || 1315 Directores y gerentes en construcción, reparación y mantenimiento"
5190,1,7,4620,NA,NA,NA,original_tampoco_resuelve,1,107,NA,NA,NA
5170,1,2,8112,1613,2,NA,requiere_revision_semantica,1,107,"Jefes, coordinadores y similares en la generación de energía, la instalación, reparación y mantenimiento de equipo eléctrico y de telecomunicaciones",1613|8101,1613 Coordinadores y jefes de área en generación y provisión de energía eléctrica y agua || 8101 Supervisores de operadores de maquinaria industrial
2124,3,3,3150,1312,2,2,original_coincide_con_consenso_oficial,1,107,"Directores, gerentes y administradores de área o establecimientos en actividades de producción en industrias manufactureras, en la construcción y los servicios de reparación y mantenimiento",1312|1313|1314|1315,"1312 Directores y gerentes en producción minera, petrolera y gas || 1313 Directores y gerentes en generación y provisión de energía eléctrica y agua || 1314 Directores y gerentes en producción manufacturera || 1315 Directores y gerentes en construcción, reparación y mantenimiento"
6180,1,6,4681,1723,1,NA,requiere_revision_semantica,1,107,"Otros jefes de departamento, coordinadores y supervisores en actividades no clasificadas anteriormente",1723|5201|9601,"1723 Coordinadores y jefes de área en servicios funerarios y otros servicios || 5201 Supervisores y encargados de trabajadores en cuidados personales y del hogar || 9601 Supervisores en limpieza, amas de llaves, mayordomos y en estacionamientos"
6100,2,2,6251,1521,2,2,original_coincide_con_consenso_oficial,1,107,"Jefes de departamento, coordinadores y supervisores en servicios de salud y asistencia social",1521|2524,"1521 Coordinadores y jefes de área en servicios de salud, protección civil y medio ambiente || 2524 Inspectores en seguridad social, de precios y otros inspectores públicos"
6160,1,3,4320,1711,2,2,original_coincide_con_consenso_oficial,1,107,"Jefes de departamento, coordinadores y supervisores en servicios de restaurante, hospedaje y comercio",1711|1712,"1711 Coordinadores y jefes de área de ventas, comercialización y alquiler || 1712 Coordinadores y jefes de área de restaurantes y hoteles"
5246,1,5,5322,2634,8,8,original_coincide_con_consenso_oficial,1,107,"Mecánicos, ajustadores, instaladores y trabajadores de mantenimiento y reparación de maquinaria, instrumentos industriales y equipos de refrigeración",2634|2638,"2634 Mecánicos en mantenimiento y reparación de maquinaria e instrumentos industriales || 2638 Mecánicos en instalación, mantenimiento y reparación de equipos de refrigeración, climas y aire acondicionado."
2124,2,4,3150,1312,2,2,original_coincide_con_consenso_oficial,1,106,"Directores, gerentes y administradores de área o establecimientos en actividades de producción en industrias manufactureras, en la construcción y los servicios de reparación y mantenimiento",1312|1313|1314|1315,"1312 Directores y gerentes en producción minera, petrolera y gas || 1313 Directores y gerentes en generación y provisión de energía eléctrica y agua || 1314 Directores y gerentes en producción manufacturera || 1315 Directores y gerentes en construcción, reparación y mantenimiento"
2124,2,2,3220,1312,2,2,original_coincide_con_consenso_oficial,1,106,"Directores, gerentes y administradores de área o establecimientos en actividades de producción en industrias manufactureras, en la construcción y los servicios de reparación y mantenimiento",1312|1313|1314|1315,"1312 Directores y gerentes en producción minera, petrolera y gas || 1313 Directores y gerentes en generación y provisión de energía eléctrica y agua || 1314 Directores y gerentes en producción manufacturera || 1315 Directores y gerentes en construcción, reparación y mantenimiento"
1204,1,5,3260,2621,2,NA,requiere_revision_semantica,1,106,"Técnicos en ingeniería química, industrial y mecánica",2621|2631|2633|2635|2637|2645,"2621 Auxiliares y técnicos industriales y químicos || 2631 Técnicos en mantenimiento y reparación de vehículos de motor || 2633 Técnicos en mantenimiento y reparación de maquinaria e instrumentos industriales || 2635 Técnicos en mantenimiento y reparación de instrumentos de precisión y musicales || 2637 Técnicos en la instalación, reparación y mantenimiento de equipos de refrigeración, climas y aire acondicionado || 2645 Técnicos en reparación de equipos electromecánicos"
6110,1,7,4651,1512,2,2,original_coincide_con_consenso_oficial,1,106,"Jefes de departamento, coordinadores y supervisores en contabilidad y finanzas",1512|3101,"1512 Coordinadores y jefes de área en servicios contables, financieros, banca y seguros || 3101 Supervisores de secretarias, capturistas, cajeros y trabajadores de control de archivo y transporte"
6160,1,3,7132,1711,2,2,original_coincide_con_consenso_oficial,1,106,"Jefes de departamento, coordinadores y supervisores en servicios de restaurante, hospedaje y comercio",1711|1712,"1711 Coordinadores y jefes de área de ventas, comercialización y alquiler || 1712 Coordinadores y jefes de área de restaurantes y hoteles"
1204,1,5,1110,2621,2,NA,requiere_revision_semantica,1,106,"Técnicos en ingeniería química, industrial y mecánica",2621|2631|2633|2635|2637|2645,"2621 Auxiliares y técnicos industriales y químicos || 2631 Técnicos en mantenimiento y reparación de vehículos de motor || 2633 Técnicos en mantenimiento y reparación de maquinaria e instrumentos industriales || 2635 Técnicos en mantenimiento y reparación de instrumentos de precisión y musicales || 2637 Técnicos en la instalación, reparación y mantenimiento de equipos de refrigeración, climas y aire acondicionado || 2645 Técnicos en reparación de equipos electromecánicos"
5141,1,5,1110,2630,2,NA,requiere_revision_semantica,1,106,"Supervisores, inspectores y similares en la fabricación metalúrgica y en la fabricación de productos eléctricos y electrónicos, la reparación y mantenimiento de maquinaria y productos metálicos y de precisión",2630|7201|8201,"2630 Supervisores de mecánicos y técnicos en mantenimiento y reparación de equipos mecánicos, vehículos de motor, instrumentos industriales y equipo de refrigeración || 7201 Supervisores de artesanos y trabajadores en el tratamiento y elaboración de productos de metal || 8201 Supervisores en procesos de ensamblado y montaje de maquinaria, herramientas y productos metálicos y electrónicos"
1204,1,6,4881,2621,2,NA,requiere_revision_semantica,1,106,"Técnicos en ingeniería química, industrial y mecánica",2621|2631|2633|2635|2637|2645,"2621 Auxiliares y técnicos industriales y químicos || 2631 Técnicos en mantenimiento y reparación de vehículos de motor || 2633 Técnicos en mantenimiento y reparación de maquinaria e instrumentos industriales || 2635 Técnicos en mantenimiento y reparación de instrumentos de precisión y musicales || 2637 Técnicos en la instalación, reparación y mantenimiento de equipos de refrigeración, climas y aire acondicionado || 2645 Técnicos en reparación de equipos electromecánicos"
2121,1,7,9312,1211,2,NA,requiere_revision_semantica,1,105,"Directores, gerentes y administradores de área o establecimientos de finanzas, contabilidad, recursos humanos, administración e impartición de justicia",1211|1212|1224|1321,"1211 Directores y gerentes en administración, recursos humanos y mercadotecnia || 1212 Directores y gerentes en servicios contables, financieros, banca y seguros || 1224 Jueces de juzgado, directores y gerentes en servicios legales y procuración de justicia || 1321 Directores y gerentes en informática"
6260,1,7,9312,3141,3,3,original_coincide_con_consenso_oficial,1,105,"Despachadores, checadores y similares en la operación del transporte",3141|3142,3141 Despachadores de transporte || 3142 Checadores y revisores de transporte
2121,1,7,4340,1211,2,NA,requiere_revision_semantica,1,105,"Directores, gerentes y administradores de área o establecimientos de finanzas, contabilidad, recursos humanos, administración e impartición de justicia",1211|1212|1224|1321,"1211 Directores y gerentes en administración, recursos humanos y mercadotecnia || 1212 Directores y gerentes en servicios contables, financieros, banca y seguros || 1224 Jueces de juzgado, directores y gerentes en servicios legales y procuración de justicia || 1321 Directores y gerentes en informática"
2121,2,7,8111,1211,2,NA,requiere_revision_semantica,1,105,"Directores, gerentes y administradores de área o establecimientos de finanzas, contabilidad, recursos humanos, administración e impartición de justicia",1211|1212|1224|1321,"1211 Directores y gerentes en administración, recursos humanos y mercadotecnia || 1212 Directores y gerentes en servicios contables, financieros, banca y seguros || 1224 Jueces de juzgado, directores y gerentes en servicios legales y procuración de justicia || 1321 Directores y gerentes en informática"
2133,2,7,8130,1134,1,1,original_coincide_con_consenso_oficial,1,105,"Directivos de organizaciones humanitarias, religiosas, asociaciones civiles y ejidales",1134|1135,1134 Directores de organizaciones agrarias || 1135 Directores de organizaciones civiles y religiosas
5141,1,6,5412,2630,2,NA,requiere_revision_semantica,1,105,"Supervisores, inspectores y similares en la fabricación metalúrgica y en la fabricación de productos eléctricos y electrónicos, la reparación y mantenimiento de maquinaria y productos metálicos y de precisión",2630|7201|8201,"2630 Supervisores de mecánicos y técnicos en mantenimiento y reparación de equipos mecánicos, vehículos de motor, instrumentos industriales y equipo de refrigeración || 7201 Supervisores de artesanos y trabajadores en el tratamiento y elaboración de productos de metal || 8201 Supervisores en procesos de ensamblado y montaje de maquinaria, herramientas y productos metálicos y electrónicos"
6260,1,3,8130,3141,3,3,original_coincide_con_consenso_oficial,1,105,"Despachadores, checadores y similares en la operación del transporte",3141|3142,3141 Despachadores de transporte || 3142 Checadores y revisores de transporte
5400,1,6,6112,9236,10,10,original_coincide_con_consenso_oficial,2,105,"Ayudantes, peones y similares en la fabricación de alimentos, bebidas y productos de tabaco",9236|9411,"9236 Trabajadores de apoyo en la industria de alimentos, bebidas y productos de tabaco || 9411 Ayudantes en la preparación de alimentos"
1230,3,2,5613,2612,2,NA,requiere_revision_semantica,1,105,Técnicos laboratoristas químicos y biólogos,2612|2813|2827,"2612 Auxiliares y técnicos en ciencias biológicas, químicas y del medio ambiente || 2813 Técnicos de laboratorios médicos || 2827 Fumigadores y controladores de plagas"
6180,1,2,5611,1723,2,NA,requiere_revision_semantica,1,105,"Otros jefes de departamento, coordinadores y supervisores en actividades no clasificadas anteriormente",1723|5201|9601,"1723 Coordinadores y jefes de área en servicios funerarios y otros servicios || 5201 Supervisores y encargados de trabajadores en cuidados personales y del hogar || 9601 Supervisores en limpieza, amas de llaves, mayordomos y en estacionamientos"
1230,1,7,5611,2612,2,NA,requiere_revision_semantica,1,105,Técnicos laboratoristas químicos y biólogos,2612|2813|2827,"2612 Auxiliares y técnicos en ciencias biológicas, químicas y del medio ambiente || 2813 Técnicos de laboratorios médicos || 2827 Fumigadores y controladores de plagas"
1204,1,7,4681,2621,2,NA,requiere_revision_semantica,1,105,"Técnicos en ingeniería química, industrial y mecánica",2621|2631|2633|2635|2637|2645,"2621 Auxiliares y técnicos industriales y químicos || 2631 Técnicos en mantenimiento y reparación de vehículos de motor || 2633 Técnicos en mantenimiento y reparación de maquinaria e instrumentos industriales || 2635 Técnicos en mantenimiento y reparación de instrumentos de precisión y musicales || 2637 Técnicos en la instalación, reparación y mantenimiento de equipos de refrigeración, climas y aire acondicionado || 2645 Técnicos en reparación de equipos electromecánicos"
6100,2,2,6211,1521,2,2,original_coincide_con_consenso_oficial,1,105,"Jefes de departamento, coordinadores y supervisores en servicios de salud y asistencia social",1521|2524,"1521 Coordinadores y jefes de área en servicios de salud, protección civil y medio ambiente || 2524 Inspectores en seguridad social, de precios y otros inspectores públicos"
5100,1,2,3120,1614,2,NA,requiere_revision_semantica,1,105,"Jefes, coordinadores y similares en la fabricación de alimentos, bebidas y productos de tabaco",1614|5101,"1614 Coordinadores y jefes de área en producción manufacturera || 5101 Supervisores en la preparación y servicio de alimentos y bebidas, así como en servicios de esparcimiento y de hotelería"
5246,1,5,5310,2634,8,8,original_coincide_con_consenso_oficial,1,105,"Mecánicos, ajustadores, instaladores y trabajadores de mantenimiento y reparación de maquinaria, instrumentos industriales y equipos de refrigeración",2634|2638,"2634 Mecánicos en mantenimiento y reparación de maquinaria e instrumentos industriales || 2638 Mecánicos en instalación, mantenimiento y reparación de equipos de refrigeración, climas y aire acondicionado."
6180,1,6,2361,1723,1,NA,requiere_revision_semantica,1,105,"Otros jefes de departamento, coordinadores y supervisores en actividades no clasificadas anteriormente",1723|5201|9601,"1723 Coordinadores y jefes de área en servicios funerarios y otros servicios || 5201 Supervisores y encargados de trabajadores en cuidados personales y del hogar || 9601 Supervisores en limpieza, amas de llaves, mayordomos y en estacionamientos"
6150,3,3,7111,1721,2,2,original_coincide_con_consenso_oficial,1,105,"Jefes de departamento, coordinadores y supervisores en servicios culturales y de esparcimiento",1721|1722,"1721 Coordinadores y jefes de área en actividades artísticas, de cine, teatro y afines || 1722 Coordinadores y jefes de área en museos, cines, deportivos y servicios culturales"
5246,1,6,5613,2634,8,8,original_coincide_con_consenso_oficial,1,105,"Mecánicos, ajustadores, instaladores y trabajadores de mantenimiento y reparación de maquinaria, instrumentos industriales y equipos de refrigeración",2634|2638,"2634 Mecánicos en mantenimiento y reparación de maquinaria e instrumentos industriales || 2638 Mecánicos en instalación, mantenimiento y reparación de equipos de refrigeración, climas y aire acondicionado."
5400,1,6,2131,9236,10,10,original_coincide_con_consenso_oficial,1,105,"Ayudantes, peones y similares en la fabricación de alimentos, bebidas y productos de tabaco",9236|9411,"9236 Trabajadores de apoyo en la industria de alimentos, bebidas y productos de tabaco || 9411 Ayudantes en la preparación de alimentos"
2121,2,2,4881,1211,2,NA,requiere_revision_semantica,1,105,"Directores, gerentes y administradores de área o establecimientos de finanzas, contabilidad, recursos humanos, administración e impartición de justicia",1211|1212|1224|1321,"1211 Directores y gerentes en administración, recursos humanos y mercadotecnia || 1212 Directores y gerentes en servicios contables, financieros, banca y seguros || 1224 Jueces de juzgado, directores y gerentes en servicios legales y procuración de justicia || 1321 Directores y gerentes en informática"
5246,1,7,3120,2634,9,9,original_coincide_con_consenso_oficial,1,104,"Mecánicos, ajustadores, instaladores y trabajadores de mantenimiento y reparación de maquinaria, instrumentos industriales y equipos de refrigeración",2634|2638,"2634 Mecánicos en mantenimiento y reparación de maquinaria e instrumentos industriales || 2638 Mecánicos en instalación, mantenimiento y reparación de equipos de refrigeración, climas y aire acondicionado."
2133,1,3,9314,1134,1,1,original_coincide_con_consenso_oficial,1,104,"Directivos de organizaciones humanitarias, religiosas, asociaciones civiles y ejidales",1134|1135,1134 Directores de organizaciones agrarias || 1135 Directores de organizaciones civiles y religiosas
6121,1,6,5611,1623,1,NA,requiere_revision_semantica,1,104,"Jefes de departamento, coordinadores y supervisores en la coordinación del transporte",1623|2661|2662|8301,"1623 Coordinadores y jefes de área en servicios de transporte || 2661 Controladores de tráfico aéreo || 2662 Controladores de tráfico de otros transportes (terrestre, ferroviario y marítimo) || 8301 Supervisores de conductores de transporte y de maquinaria móvil"
6160,1,5,8130,1711,1,1,original_coincide_con_consenso_oficial,1,104,"Jefes de departamento, coordinadores y supervisores en servicios de restaurante, hospedaje y comercio",1711|1712,"1711 Coordinadores y jefes de área de ventas, comercialización y alquiler || 1712 Coordinadores y jefes de área de restaurantes y hoteles"
7121,1,3,5411,8344,9,NA,requiere_revision_semantica,1,104,Repartidores,8344|9723,8344 Conductores de motocicleta || 9723 Repartidores de mercancías (a pie y en bicicleta)
6110,1,5,6131,1512,1,NA,requiere_revision_semantica,1,104,"Jefes de departamento, coordinadores y supervisores en contabilidad y finanzas",1512|3101,"1512 Coordinadores y jefes de área en servicios contables, financieros, banca y seguros || 3101 Supervisores de secretarias, capturistas, cajeros y trabajadores de control de archivo y transporte"
6160,2,3,7221,1711,2,2,original_coincide_con_consenso_oficial,1,104,"Jefes de departamento, coordinadores y supervisores en servicios de restaurante, hospedaje y comercio",1711|1712,"1711 Coordinadores y jefes de área de ventas, comercialización y alquiler || 1712 Coordinadores y jefes de área de restaurantes y hoteles"
2125,1,7,6251,1223,2,NA,requiere_revision_semantica,1,104,Directores gerentes y administradores de área o establecimientos de enseñanza e investigación,1223|1324,1223 Directores y gerentes en centros de enseñanza y capacitación || 1324 Directores y gerentes en centros de investigación y desarrollo tecnológico
2124,1,3,4310,1312,2,2,original_coincide_con_consenso_oficial,1,104,"Directores, gerentes y administradores de área o establecimientos en actividades de producción en industrias manufactureras, en la construcción y los servicios de reparación y mantenimiento",1312|1313|1314|1315,"1312 Directores y gerentes en producción minera, petrolera y gas || 1313 Directores y gerentes en generación y provisión de energía eléctrica y agua || 1314 Directores y gerentes en producción manufacturera || 1315 Directores y gerentes en construcción, reparación y mantenimiento"
6150,1,2,7221,1721,2,2,original_coincide_con_consenso_oficial,1,104,"Jefes de departamento, coordinadores y supervisores en servicios culturales y de esparcimiento",1721|1722,"1721 Coordinadores y jefes de área en actividades artísticas, de cine, teatro y afines || 1722 Coordinadores y jefes de área en museos, cines, deportivos y servicios culturales"
1230,1,4,3250,2612,2,NA,requiere_revision_semantica,1,104,Técnicos laboratoristas químicos y biólogos,2612|2813|2827,"2612 Auxiliares y técnicos en ciencias biológicas, químicas y del medio ambiente || 2813 Técnicos de laboratorios médicos || 2827 Fumigadores y controladores de plagas"
6160,1,7,3250,1711,2,2,original_coincide_con_consenso_oficial,1,103,"Jefes de departamento, coordinadores y supervisores en servicios de restaurante, hospedaje y comercio",1711|1712,"1711 Coordinadores y jefes de área de ventas, comercialización y alquiler || 1712 Coordinadores y jefes de área de restaurantes y hoteles"
6131,1,6,8112,NA,NA,NA,original_tampoco_resuelve,1,103,NA,NA,NA
1204,1,6,6112,2621,2,NA,requiere_revision_semantica,1,103,"Técnicos en ingeniería química, industrial y mecánica",2621|2631|2633|2635|2637|2645,"2621 Auxiliares y técnicos industriales y químicos || 2631 Técnicos en mantenimiento y reparación de vehículos de motor || 2633 Técnicos en mantenimiento y reparación de maquinaria e instrumentos industriales || 2635 Técnicos en mantenimiento y reparación de instrumentos de precisión y musicales || 2637 Técnicos en la instalación, reparación y mantenimiento de equipos de refrigeración, climas y aire acondicionado || 2645 Técnicos en reparación de equipos electromecánicos"
2121,2,3,5613,1211,2,NA,requiere_revision_semantica,1,103,"Directores, gerentes y administradores de área o establecimientos de finanzas, contabilidad, recursos humanos, administración e impartición de justicia",1211|1212|1224|1321,"1211 Directores y gerentes en administración, recursos humanos y mercadotecnia || 1212 Directores y gerentes en servicios contables, financieros, banca y seguros || 1224 Jueces de juzgado, directores y gerentes en servicios legales y procuración de justicia || 1321 Directores y gerentes en informática"
2121,1,3,5613,1211,2,NA,requiere_revision_semantica,1,103,"Directores, gerentes y administradores de área o establecimientos de finanzas, contabilidad, recursos humanos, administración e impartición de justicia",1211|1212|1224|1321,"1211 Directores y gerentes en administración, recursos humanos y mercadotecnia || 1212 Directores y gerentes en servicios contables, financieros, banca y seguros || 1224 Jueces de juzgado, directores y gerentes en servicios legales y procuración de justicia || 1321 Directores y gerentes en informática"
6150,1,6,4310,1721,1,1,original_coincide_con_consenso_oficial,1,103,"Jefes de departamento, coordinadores y supervisores en servicios culturales y de esparcimiento",1721|1722,"1721 Coordinadores y jefes de área en actividades artísticas, de cine, teatro y afines || 1722 Coordinadores y jefes de área en museos, cines, deportivos y servicios culturales"
5335,1,6,4620,NA,NA,NA,original_tampoco_resuelve,1,102,NA,NA,NA
5190,1,6,3150,NA,NA,NA,original_tampoco_resuelve,1,102,NA,NA,NA
5190,1,6,2370,NA,NA,NA,original_tampoco_resuelve,1,102,NA,NA,NA
2121,1,4,9312,1211,2,NA,requiere_revision_semantica,1,102,"Directores, gerentes y administradores de área o establecimientos de finanzas, contabilidad, recursos humanos, administración e impartición de justicia",1211|1212|1224|1321,"1211 Directores y gerentes en administración, recursos humanos y mercadotecnia || 1212 Directores y gerentes en servicios contables, financieros, banca y seguros || 1224 Jueces de juzgado, directores y gerentes en servicios legales y procuración de justicia || 1321 Directores y gerentes en informática"
6260,2,2,8122,3141,3,3,original_coincide_con_consenso_oficial,1,102,"Despachadores, checadores y similares en la operación del transporte",3141|3142,3141 Despachadores de transporte || 3142 Checadores y revisores de transporte
2124,1,3,3270,1312,2,2,original_coincide_con_consenso_oficial,1,102,"Directores, gerentes y administradores de área o establecimientos en actividades de producción en industrias manufactureras, en la construcción y los servicios de reparación y mantenimiento",1312|1313|1314|1315,"1312 Directores y gerentes en producción minera, petrolera y gas || 1313 Directores y gerentes en generación y provisión de energía eléctrica y agua || 1314 Directores y gerentes en producción manufacturera || 1315 Directores y gerentes en construcción, reparación y mantenimiento"
6180,1,5,5611,1723,1,NA,requiere_revision_semantica,1,102,"Otros jefes de departamento, coordinadores y supervisores en actividades no clasificadas anteriormente",1723|5201|9601,"1723 Coordinadores y jefes de área en servicios funerarios y otros servicios || 5201 Supervisores y encargados de trabajadores en cuidados personales y del hogar || 9601 Supervisores en limpieza, amas de llaves, mayordomos y en estacionamientos"
1204,1,7,2363,2621,2,NA,requiere_revision_semantica,1,102,"Técnicos en ingeniería química, industrial y mecánica",2621|2631|2633|2635|2637|2645,"2621 Auxiliares y técnicos industriales y químicos || 2631 Técnicos en mantenimiento y reparación de vehículos de motor || 2633 Técnicos en mantenimiento y reparación de maquinaria e instrumentos industriales || 2635 Técnicos en mantenimiento y reparación de instrumentos de precisión y musicales || 2637 Técnicos en la instalación, reparación y mantenimiento de equipos de refrigeración, climas y aire acondicionado || 2645 Técnicos en reparación de equipos electromecánicos"
8150,2,3,8121,3222,5,NA,requiere_revision_semantica,1,102,"Trabajadores de apoyo para la realización de espectáculos, turismo y deporte",3222|4233|5251|5254|9713,"3222 Guías de turismo en museos, casinos, parques, cines y otros centros recreativos || 4233 Modelos de moda, arte y publicidad || 5251 Astrólogos, adivinadores y afines || 5254 Entrenadores de animales y ocupaciones relacionadas con el cuidado de mascotas || 9713 Trabajadores de apoyo a la realización de espectáculos, deportes y en parques de diversiones"
1230,1,6,3360,2612,2,NA,requiere_revision_semantica,1,101,Técnicos laboratoristas químicos y biólogos,2612|2813|2827,"2612 Auxiliares y técnicos en ciencias biológicas, químicas y del medio ambiente || 2813 Técnicos de laboratorios médicos || 2827 Fumigadores y controladores de plagas"
1204,1,5,2122,2621,2,NA,requiere_revision_semantica,1,101,"Técnicos en ingeniería química, industrial y mecánica",2621|2631|2633|2635|2637|2645,"2621 Auxiliares y técnicos industriales y químicos || 2631 Técnicos en mantenimiento y reparación de vehículos de motor || 2633 Técnicos en mantenimiento y reparación de maquinaria e instrumentos industriales || 2635 Técnicos en mantenimiento y reparación de instrumentos de precisión y musicales || 2637 Técnicos en la instalación, reparación y mantenimiento de equipos de refrigeración, climas y aire acondicionado || 2645 Técnicos en reparación de equipos electromecánicos"
8150,4,2,5310,3222,4,NA,requiere_revision_semantica,1,101,"Trabajadores de apoyo para la realización de espectáculos, turismo y deporte",3222|4233|5251|5254|9713,"3222 Guías de turismo en museos, casinos, parques, cines y otros centros recreativos || 4233 Modelos de moda, arte y publicidad || 5251 Astrólogos, adivinadores y afines || 5254 Entrenadores de animales y ocupaciones relacionadas con el cuidado de mascotas || 9713 Trabajadores de apoyo a la realización de espectáculos, deportes y en parques de diversiones"
7201,3,1,7221,4224,3,NA,requiere_revision_semantica,1,101,Vendedores ambulantes de artículos diversos,4224|9512|9661|9663,4224 Vendedores por catálogo || 9512 Vendedores ambulantes de artículos diversos (excluyendo los de venta de alimentos) || 9661 Recolectores de basura y material reciclable || 9663 Recolectores de otros materiales
6260,1,2,4840,3141,3,3,original_coincide_con_consenso_oficial,1,101,"Despachadores, checadores y similares en la operación del transporte",3141|3142,3141 Despachadores de transporte || 3142 Checadores y revisores de transporte
2123,1,3,4850,1322,2,2,original_coincide_con_consenso_oficial,1,101,"Directores, gerentes y administradores de área o establecimientos en comunicaciones y transportes",1322|1323,1322 Directores y gerentes en comunicación y telecomunicaciones || 1323 Directores y gerentes en servicios de transporte
2124,2,3,2123,1312,2,2,original_coincide_con_consenso_oficial,1,101,"Directores, gerentes y administradores de área o establecimientos en actividades de producción en industrias manufactureras, en la construcción y los servicios de reparación y mantenimiento",1312|1313|1314|1315,"1312 Directores y gerentes en producción minera, petrolera y gas || 1313 Directores y gerentes en generación y provisión de energía eléctrica y agua || 1314 Directores y gerentes en producción manufacturera || 1315 Directores y gerentes en construcción, reparación y mantenimiento"
6160,1,6,3350,1711,1,1,original_coincide_con_consenso_oficial,1,101,"Jefes de departamento, coordinadores y supervisores en servicios de restaurante, hospedaje y comercio",1711|1712,"1711 Coordinadores y jefes de área de ventas, comercialización y alquiler || 1712 Coordinadores y jefes de área de restaurantes y hoteles"
5190,1,6,4840,NA,NA,NA,original_tampoco_resuelve,1,101,NA,NA,NA
5246,1,6,6122,2634,8,8,original_coincide_con_consenso_oficial,1,101,"Mecánicos, ajustadores, instaladores y trabajadores de mantenimiento y reparación de maquinaria, instrumentos industriales y equipos de refrigeración",2634|2638,"2634 Mecánicos en mantenimiento y reparación de maquinaria e instrumentos industriales || 2638 Mecánicos en instalación, mantenimiento y reparación de equipos de refrigeración, climas y aire acondicionado."
6180,1,6,6251,1723,1,NA,requiere_revision_semantica,1,101,"Otros jefes de departamento, coordinadores y supervisores en actividades no clasificadas anteriormente",1723|5201|9601,"1723 Coordinadores y jefes de área en servicios funerarios y otros servicios || 5201 Supervisores y encargados de trabajadores en cuidados personales y del hogar || 9601 Supervisores en limpieza, amas de llaves, mayordomos y en estacionamientos"
1204,1,7,7210,2621,2,NA,requiere_revision_semantica,1,101,"Técnicos en ingeniería química, industrial y mecánica",2621|2631|2633|2635|2637|2645,"2621 Auxiliares y técnicos industriales y químicos || 2631 Técnicos en mantenimiento y reparación de vehículos de motor || 2633 Técnicos en mantenimiento y reparación de maquinaria e instrumentos industriales || 2635 Técnicos en mantenimiento y reparación de instrumentos de precisión y musicales || 2637 Técnicos en la instalación, reparación y mantenimiento de equipos de refrigeración, climas y aire acondicionado || 2645 Técnicos en reparación de equipos electromecánicos"
6131,1,6,2122,NA,NA,NA,original_tampoco_resuelve,1,101,NA,NA,NA
5141,1,3,2370,2630,2,NA,requiere_revision_semantica,1,101,"Supervisores, inspectores y similares en la fabricación metalúrgica y en la fabricación de productos eléctricos y electrónicos, la reparación y mantenimiento de maquinaria y productos metálicos y de precisión",2630|7201|8201,"2630 Supervisores de mecánicos y técnicos en mantenimiento y reparación de equipos mecánicos, vehículos de motor, instrumentos industriales y equipo de refrigeración || 7201 Supervisores de artesanos y trabajadores en el tratamiento y elaboración de productos de metal || 8201 Supervisores en procesos de ensamblado y montaje de maquinaria, herramientas y productos metálicos y electrónicos"
4109,3,2,1150,6119,12,NA,requiere_revision_semantica,1,101,Otros trabajadores que desempeñan una ocupación afín a las comprendidas en este subgrupo,6119|9111,"6119 Otros trabajadores en actividades agrícolas, no clasificados anteriormente || 9111 Trabajadores de apoyo en actividades agrícolas"
5100,1,5,3120,1614,1,NA,requiere_revision_semantica,1,100,"Jefes, coordinadores y similares en la fabricación de alimentos, bebidas y productos de tabaco",1614|5101,"1614 Coordinadores y jefes de área en producción manufacturera || 5101 Supervisores en la preparación y servicio de alimentos y bebidas, así como en servicios de esparcimiento y de hotelería"
8150,1,6,5615,3222,4,NA,requiere_revision_semantica,1,100,"Trabajadores de apoyo para la realización de espectáculos, turismo y deporte",3222|4233|5251|5254|9713,"3222 Guías de turismo en museos, casinos, parques, cines y otros centros recreativos || 4233 Modelos de moda, arte y publicidad || 5251 Astrólogos, adivinadores y afines || 5254 Entrenadores de animales y ocupaciones relacionadas con el cuidado de mascotas || 9713 Trabajadores de apoyo a la realización de espectáculos, deportes y en parques de diversiones"
6131,1,6,3360,NA,NA,NA,original_tampoco_resuelve,1,100,NA,NA,NA
1204,1,4,3330,2621,2,NA,requiere_revision_semantica,1,100,"Técnicos en ingeniería química, industrial y mecánica",2621|2631|2633|2635|2637|2645,"2621 Auxiliares y técnicos industriales y químicos || 2631 Técnicos en mantenimiento y reparación de vehículos de motor || 2633 Técnicos en mantenimiento y reparación de maquinaria e instrumentos industriales || 2635 Técnicos en mantenimiento y reparación de instrumentos de precisión y musicales || 2637 Técnicos en la instalación, reparación y mantenimiento de equipos de refrigeración, climas y aire acondicionado || 2645 Técnicos en reparación de equipos electromecánicos"
2133,4,3,9320,1134,1,1,original_coincide_con_consenso_oficial,1,100,"Directivos de organizaciones humanitarias, religiosas, asociaciones civiles y ejidales",1134|1135,1134 Directores de organizaciones agrarias || 1135 Directores de organizaciones civiles y religiosas
5190,1,7,3360,NA,NA,NA,original_tampoco_resuelve,1,100,NA,NA,NA
5141,4,3,8111,2630,2,NA,requiere_revision_semantica,1,100,"Supervisores, inspectores y similares en la fabricación metalúrgica y en la fabricación de productos eléctricos y electrónicos, la reparación y mantenimiento de maquinaria y productos metálicos y de precisión",2630|7201|8201,"2630 Supervisores de mecánicos y técnicos en mantenimiento y reparación de equipos mecánicos, vehículos de motor, instrumentos industriales y equipo de refrigeración || 7201 Supervisores de artesanos y trabajadores en el tratamiento y elaboración de productos de metal || 8201 Supervisores en procesos de ensamblado y montaje de maquinaria, herramientas y productos metálicos y electrónicos"
1230,1,6,3130,2612,2,NA,requiere_revision_semantica,1,100,Técnicos laboratoristas químicos y biólogos,2612|2813|2827,"2612 Auxiliares y técnicos en ciencias biológicas, químicas y del medio ambiente || 2813 Técnicos de laboratorios médicos || 2827 Fumigadores y controladores de plagas"
5380,1,4,2221,8131,9,NA,requiere_revision_semantica,1,100,Operadores de máquinas para el tratamiento de sustancias químicas y agua,8131|8134,8131 Operadores de máquinas para la elaboración de productos químicos || 8134 Operadores de máquinas para el tratamiento de agua
2121,2,4,4881,1211,2,NA,requiere_revision_semantica,1,100,"Directores, gerentes y administradores de área o establecimientos de finanzas, contabilidad, recursos humanos, administración e impartición de justicia",1211|1212|1224|1321,"1211 Directores y gerentes en administración, recursos humanos y mercadotecnia || 1212 Directores y gerentes en servicios contables, financieros, banca y seguros || 1224 Jueces de juzgado, directores y gerentes en servicios legales y procuración de justicia || 1321 Directores y gerentes en informática"
5246,1,2,1110,2634,9,9,original_coincide_con_consenso_oficial,1,99,"Mecánicos, ajustadores, instaladores y trabajadores de mantenimiento y reparación de maquinaria, instrumentos industriales y equipos de refrigeración",2634|2638,"2634 Mecánicos en mantenimiento y reparación de maquinaria e instrumentos industriales || 2638 Mecánicos en instalación, mantenimiento y reparación de equipos de refrigeración, climas y aire acondicionado."
1250,1,7,9311,2531,3,NA,requiere_revision_semantica,1,99,Técnicos en ciencias sociales,2531|2532|2711,2531 Auxiliares en ciencias sociales y humanistas || 2532 Auxiliares en servicios jurídicos || 2711 Auxiliares y técnicos en pedagogía y en educación
6131,1,6,3330,NA,NA,NA,original_tampoco_resuelve,1,99,NA,NA,NA
7121,1,3,4671,8344,9,NA,requiere_revision_semantica,2,99,Repartidores,8344|9723,8344 Conductores de motocicleta || 9723 Repartidores de mercancías (a pie y en bicicleta)
7201,1,7,4661,4224,3,NA,requiere_revision_semantica,1,99,Vendedores ambulantes de artículos diversos,4224|9512|9661|9663,4224 Vendedores por catálogo || 9512 Vendedores ambulantes de artículos diversos (excluyendo los de venta de alimentos) || 9661 Recolectores de basura y material reciclable || 9663 Recolectores de otros materiales
2124,1,3,2123,1312,2,2,original_coincide_con_consenso_oficial,1,99,"Directores, gerentes y administradores de área o establecimientos en actividades de producción en industrias manufactureras, en la construcción y los servicios de reparación y mantenimiento",1312|1313|1314|1315,"1312 Directores y gerentes en producción minera, petrolera y gas || 1313 Directores y gerentes en generación y provisión de energía eléctrica y agua || 1314 Directores y gerentes en producción manufacturera || 1315 Directores y gerentes en construcción, reparación y mantenimiento"
5170,1,5,5150,1613,1,NA,requiere_revision_semantica,1,99,"Jefes, coordinadores y similares en la generación de energía, la instalación, reparación y mantenimiento de equipo eléctrico y de telecomunicaciones",1613|8101,1613 Coordinadores y jefes de área en generación y provisión de energía eléctrica y agua || 8101 Supervisores de operadores de maquinaria industrial
6160,1,2,7120,1711,2,2,original_coincide_con_consenso_oficial,1,98,"Jefes de departamento, coordinadores y supervisores en servicios de restaurante, hospedaje y comercio",1711|1712,"1711 Coordinadores y jefes de área de ventas, comercialización y alquiler || 1712 Coordinadores y jefes de área de restaurantes y hoteles"
1204,1,5,7210,2621,2,NA,requiere_revision_semantica,1,98,"Técnicos en ingeniería química, industrial y mecánica",2621|2631|2633|2635|2637|2645,"2621 Auxiliares y técnicos industriales y químicos || 2631 Técnicos en mantenimiento y reparación de vehículos de motor || 2633 Técnicos en mantenimiento y reparación de maquinaria e instrumentos industriales || 2635 Técnicos en mantenimiento y reparación de instrumentos de precisión y musicales || 2637 Técnicos en la instalación, reparación y mantenimiento de equipos de refrigeración, climas y aire acondicionado || 2645 Técnicos en reparación de equipos electromecánicos"
6121,1,6,6112,1623,1,NA,requiere_revision_semantica,1,98,"Jefes de departamento, coordinadores y supervisores en la coordinación del transporte",1623|2661|2662|8301,"1623 Coordinadores y jefes de área en servicios de transporte || 2661 Controladores de tráfico aéreo || 2662 Controladores de tráfico de otros transportes (terrestre, ferroviario y marítimo) || 8301 Supervisores de conductores de transporte y de maquinaria móvil"
6110,1,7,3260,1512,2,2,original_coincide_con_consenso_oficial,1,98,"Jefes de departamento, coordinadores y supervisores en contabilidad y finanzas",1512|3101,"1512 Coordinadores y jefes de área en servicios contables, financieros, banca y seguros || 3101 Supervisores de secretarias, capturistas, cajeros y trabajadores de control de archivo y transporte"
2123,1,2,4881,1322,2,2,original_coincide_con_consenso_oficial,1,98,"Directores, gerentes y administradores de área o establecimientos en comunicaciones y transportes",1322|1323,1322 Directores y gerentes en comunicación y telecomunicaciones || 1323 Directores y gerentes en servicios de transporte
6101,1,7,6132,1523,2,2,original_coincide_con_consenso_oficial,1,98,"Jefes de departamento, coordinadores y supervisores en servicios de educación",1523|2311,1523 Coordinadores y jefes de área en centros de enseñanza y capacitación || 2311 Supervisores e inspectores educativos
5400,1,5,6111,9236,10,10,original_coincide_con_consenso_oficial,1,98,"Ayudantes, peones y similares en la fabricación de alimentos, bebidas y productos de tabaco",9236|9411,"9236 Trabajadores de apoyo en la industria de alimentos, bebidas y productos de tabaco || 9411 Ayudantes en la preparación de alimentos"
1204,1,7,6222,2621,2,NA,requiere_revision_semantica,1,97,"Técnicos en ingeniería química, industrial y mecánica",2621|2631|2633|2635|2637|2645,"2621 Auxiliares y técnicos industriales y químicos || 2631 Técnicos en mantenimiento y reparación de vehículos de motor || 2633 Técnicos en mantenimiento y reparación de maquinaria e instrumentos industriales || 2635 Técnicos en mantenimiento y reparación de instrumentos de precisión y musicales || 2637 Técnicos en la instalación, reparación y mantenimiento de equipos de refrigeración, climas y aire acondicionado || 2645 Técnicos en reparación de equipos electromecánicos"
8150,1,7,7221,3222,4,NA,requiere_revision_semantica,1,97,"Trabajadores de apoyo para la realización de espectáculos, turismo y deporte",3222|4233|5251|5254|9713,"3222 Guías de turismo en museos, casinos, parques, cines y otros centros recreativos || 4233 Modelos de moda, arte y publicidad || 5251 Astrólogos, adivinadores y afines || 5254 Entrenadores de animales y ocupaciones relacionadas con el cuidado de mascotas || 9713 Trabajadores de apoyo a la realización de espectáculos, deportes y en parques de diversiones"
2123,1,2,4850,1322,2,2,original_coincide_con_consenso_oficial,1,97,"Directores, gerentes y administradores de área o establecimientos en comunicaciones y transportes",1322|1323,1322 Directores y gerentes en comunicación y telecomunicaciones || 1323 Directores y gerentes en servicios de transporte
6260,1,6,2361,3141,3,3,original_coincide_con_consenso_oficial,2,97,"Despachadores, checadores y similares en la operación del transporte",3141|3142,3141 Despachadores de transporte || 3142 Checadores y revisores de transporte
6130,1,7,8112,1621,2,2,original_coincide_con_consenso_oficial,1,97,"Jefes de departamento, coordinadores y supervisores en servicios estadísticos e informáticos",1621|3201,1621 Coordinadores y jefes de área en informática || 3201 Supervisores de trabajadores que brindan y manejan información
1204,1,6,2221,2621,2,NA,requiere_revision_semantica,1,96,"Técnicos en ingeniería química, industrial y mecánica",2621|2631|2633|2635|2637|2645,"2621 Auxiliares y técnicos industriales y químicos || 2631 Técnicos en mantenimiento y reparación de vehículos de motor || 2633 Técnicos en mantenimiento y reparación de maquinaria e instrumentos industriales || 2635 Técnicos en mantenimiento y reparación de instrumentos de precisión y musicales || 2637 Técnicos en la instalación, reparación y mantenimiento de equipos de refrigeración, climas y aire acondicionado || 2645 Técnicos en reparación de equipos electromecánicos"
1250,1,7,4310,2531,3,NA,requiere_revision_semantica,1,96,Técnicos en ciencias sociales,2531|2532|2711,2531 Auxiliares en ciencias sociales y humanistas || 2532 Auxiliares en servicios jurídicos || 2711 Auxiliares y técnicos en pedagogía y en educación
6180,1,5,8121,1723,1,NA,requiere_revision_semantica,1,96,"Otros jefes de departamento, coordinadores y supervisores en actividades no clasificadas anteriormente",1723|5201|9601,"1723 Coordinadores y jefes de área en servicios funerarios y otros servicios || 5201 Supervisores y encargados de trabajadores en cuidados personales y del hogar || 9601 Supervisores en limpieza, amas de llaves, mayordomos y en estacionamientos"
5246,1,6,4671,2634,8,8,original_coincide_con_consenso_oficial,1,96,"Mecánicos, ajustadores, instaladores y trabajadores de mantenimiento y reparación de maquinaria, instrumentos industriales y equipos de refrigeración",2634|2638,"2634 Mecánicos en mantenimiento y reparación de maquinaria e instrumentos industriales || 2638 Mecánicos en instalación, mantenimiento y reparación de equipos de refrigeración, climas y aire acondicionado."
6131,1,6,2131,NA,NA,NA,original_tampoco_resuelve,1,96,NA,NA,NA
8100,1,2,7222,5112,4,4,original_coincide_con_consenso_oficial,1,96,Fonderos (preparan y sirven alimentos) en establecimientos,5112|5114,"5112 Fonderos, vendedores y comerciantes de comida || 5114 Taqueros y preparadores de comida rápida, antojitos, pizzas, hot dogs, jugos, café, etcétera"
2121,2,2,5230,1211,2,NA,requiere_revision_semantica,1,95,"Directores, gerentes y administradores de área o establecimientos de finanzas, contabilidad, recursos humanos, administración e impartición de justicia",1211|1212|1224|1321,"1211 Directores y gerentes en administración, recursos humanos y mercadotecnia || 1212 Directores y gerentes en servicios contables, financieros, banca y seguros || 1224 Jueces de juzgado, directores y gerentes en servicios legales y procuración de justicia || 1321 Directores y gerentes en informática"
1204,1,6,3150,2621,2,NA,requiere_revision_semantica,1,94,"Técnicos en ingeniería química, industrial y mecánica",2621|2631|2633|2635|2637|2645,"2621 Auxiliares y técnicos industriales y químicos || 2631 Técnicos en mantenimiento y reparación de vehículos de motor || 2633 Técnicos en mantenimiento y reparación de maquinaria e instrumentos industriales || 2635 Técnicos en mantenimiento y reparación de instrumentos de precisión y musicales || 2637 Técnicos en la instalación, reparación y mantenimiento de equipos de refrigeración, climas y aire acondicionado || 2645 Técnicos en reparación de equipos electromecánicos"
6110,1,6,7113,1512,1,NA,requiere_revision_semantica,1,94,"Jefes de departamento, coordinadores y supervisores en contabilidad y finanzas",1512|3101,"1512 Coordinadores y jefes de área en servicios contables, financieros, banca y seguros || 3101 Supervisores de secretarias, capturistas, cajeros y trabajadores de control de archivo y transporte"
6180,1,5,5620,1723,1,NA,requiere_revision_semantica,1,94,"Otros jefes de departamento, coordinadores y supervisores en actividades no clasificadas anteriormente",1723|5201|9601,"1723 Coordinadores y jefes de área en servicios funerarios y otros servicios || 5201 Supervisores y encargados de trabajadores en cuidados personales y del hogar || 9601 Supervisores en limpieza, amas de llaves, mayordomos y en estacionamientos"
5246,1,5,7210,2634,8,8,original_coincide_con_consenso_oficial,1,94,"Mecánicos, ajustadores, instaladores y trabajadores de mantenimiento y reparación de maquinaria, instrumentos industriales y equipos de refrigeración",2634|2638,"2634 Mecánicos en mantenimiento y reparación de maquinaria e instrumentos industriales || 2638 Mecánicos en instalación, mantenimiento y reparación de equipos de refrigeración, climas y aire acondicionado."
6290,1,5,5611,NA,NA,NA,original_tampoco_resuelve,1,94,NA,NA,NA
6260,1,5,5170,3141,3,3,original_coincide_con_consenso_oficial,1,94,"Despachadores, checadores y similares en la operación del transporte",3141|3142,3141 Despachadores de transporte || 3142 Checadores y revisores de transporte
2121,2,2,4840,1211,2,NA,requiere_revision_semantica,1,94,"Directores, gerentes y administradores de área o establecimientos de finanzas, contabilidad, recursos humanos, administración e impartición de justicia",1211|1212|1224|1321,"1211 Directores y gerentes en administración, recursos humanos y mercadotecnia || 1212 Directores y gerentes en servicios contables, financieros, banca y seguros || 1224 Jueces de juzgado, directores y gerentes en servicios legales y procuración de justicia || 1321 Directores y gerentes en informática"
1250,4,6,9311,2531,3,NA,requiere_revision_semantica,1,94,Técnicos en ciencias sociales,2531|2532|2711,2531 Auxiliares en ciencias sociales y humanistas || 2532 Auxiliares en servicios jurídicos || 2711 Auxiliares y técnicos en pedagogía y en educación
1230,1,3,2221,2612,2,NA,requiere_revision_semantica,1,94,Técnicos laboratoristas químicos y biólogos,2612|2813|2827,"2612 Auxiliares y técnicos en ciencias biológicas, químicas y del medio ambiente || 2813 Técnicos de laboratorios médicos || 2827 Fumigadores y controladores de plagas"
7121,1,5,4850,8344,8,NA,requiere_revision_semantica,1,94,Repartidores,8344|9723,8344 Conductores de motocicleta || 9723 Repartidores de mercancías (a pie y en bicicleta)
6131,1,5,3260,NA,NA,NA,original_tampoco_resuelve,1,94,NA,NA,NA
1230,4,6,6131,2612,2,NA,requiere_revision_semantica,1,93,Técnicos laboratoristas químicos y biólogos,2612|2813|2827,"2612 Auxiliares y técnicos en ciencias biológicas, químicas y del medio ambiente || 2813 Técnicos de laboratorios médicos || 2827 Fumigadores y controladores de plagas"
2126,1,4,6242,1222,1,NA,requiere_revision_semantica,1,93,"Directores, gerentes y administradores de área o establecimientos en servicios asistenciales y de readaptación social",1222|1225|1226,1222 Directores y gerentes en desarrollo social y económico || 1225 Comandantes de las fuerzas armadas || 1226 Directores en servicios de vigilancia y seguridad
8150,1,4,5615,3222,4,NA,requiere_revision_semantica,1,93,"Trabajadores de apoyo para la realización de espectáculos, turismo y deporte",3222|4233|5251|5254|9713,"3222 Guías de turismo en museos, casinos, parques, cines y otros centros recreativos || 4233 Modelos de moda, arte y publicidad || 5251 Astrólogos, adivinadores y afines || 5254 Entrenadores de animales y ocupaciones relacionadas con el cuidado de mascotas || 9713 Trabajadores de apoyo a la realización de espectáculos, deportes y en parques de diversiones"
6110,1,5,9311,1512,1,NA,requiere_revision_semantica,1,93,"Jefes de departamento, coordinadores y supervisores en contabilidad y finanzas",1512|3101,"1512 Coordinadores y jefes de área en servicios contables, financieros, banca y seguros || 3101 Supervisores de secretarias, capturistas, cajeros y trabajadores de control de archivo y transporte"
5410,1,2,2122,9211,11,11,original_coincide_con_consenso_oficial,1,93,"Ayudantes, peones y similares en la extracción en minas, canteras y pozos",9211|9212,9211 Trabajadores de apoyo en la minería || 9212 Trabajadores de apoyo en la extracción
5380,1,6,3220,8131,8,NA,requiere_revision_semantica,1,93,Operadores de máquinas para el tratamiento de sustancias químicas y agua,8131|8134,8131 Operadores de máquinas para la elaboración de productos químicos || 8134 Operadores de máquinas para el tratamiento de agua
6101,1,7,9314,1523,2,2,original_coincide_con_consenso_oficial,1,93,"Jefes de departamento, coordinadores y supervisores en servicios de educación",1523|2311,1523 Coordinadores y jefes de área en centros de enseñanza y capacitación || 2311 Supervisores e inspectores educativos
5190,1,7,3310,NA,NA,NA,original_tampoco_resuelve,1,93,NA,NA,NA
2124,2,4,2370,1312,2,2,original_coincide_con_consenso_oficial,1,92,"Directores, gerentes y administradores de área o establecimientos en actividades de producción en industrias manufactureras, en la construcción y los servicios de reparación y mantenimiento",1312|1313|1314|1315,"1312 Directores y gerentes en producción minera, petrolera y gas || 1313 Directores y gerentes en generación y provisión de energía eléctrica y agua || 1314 Directores y gerentes en producción manufacturera || 1315 Directores y gerentes en construcción, reparación y mantenimiento"
1204,1,5,6131,2621,2,NA,requiere_revision_semantica,1,92,"Técnicos en ingeniería química, industrial y mecánica",2621|2631|2633|2635|2637|2645,"2621 Auxiliares y técnicos industriales y químicos || 2631 Técnicos en mantenimiento y reparación de vehículos de motor || 2633 Técnicos en mantenimiento y reparación de maquinaria e instrumentos industriales || 2635 Técnicos en mantenimiento y reparación de instrumentos de precisión y musicales || 2637 Técnicos en la instalación, reparación y mantenimiento de equipos de refrigeración, climas y aire acondicionado || 2645 Técnicos en reparación de equipos electromecánicos"
4109,1,6,9314,6119,13,NA,requiere_revision_semantica,1,92,Otros trabajadores que desempeñan una ocupación afín a las comprendidas en este subgrupo,6119|9111,"6119 Otros trabajadores en actividades agrícolas, no clasificados anteriormente || 9111 Trabajadores de apoyo en actividades agrícolas"
6260,1,3,5614,3141,3,3,original_coincide_con_consenso_oficial,1,92,"Despachadores, checadores y similares en la operación del transporte",3141|3142,3141 Despachadores de transporte || 3142 Checadores y revisores de transporte
2124,1,7,3110,1312,2,2,original_coincide_con_consenso_oficial,1,92,"Directores, gerentes y administradores de área o establecimientos en actividades de producción en industrias manufactureras, en la construcción y los servicios de reparación y mantenimiento",1312|1313|1314|1315,"1312 Directores y gerentes en producción minera, petrolera y gas || 1313 Directores y gerentes en generación y provisión de energía eléctrica y agua || 1314 Directores y gerentes en producción manufacturera || 1315 Directores y gerentes en construcción, reparación y mantenimiento"
6160,1,6,5120,1711,1,1,original_coincide_con_consenso_oficial,1,92,"Jefes de departamento, coordinadores y supervisores en servicios de restaurante, hospedaje y comercio",1711|1712,"1711 Coordinadores y jefes de área de ventas, comercialización y alquiler || 1712 Coordinadores y jefes de área de restaurantes y hoteles"
2124,1,3,5620,1312,2,2,original_coincide_con_consenso_oficial,1,91,"Directores, gerentes y administradores de área o establecimientos en actividades de producción en industrias manufactureras, en la construcción y los servicios de reparación y mantenimiento",1312|1313|1314|1315,"1312 Directores y gerentes en producción minera, petrolera y gas || 1313 Directores y gerentes en generación y provisión de energía eléctrica y agua || 1314 Directores y gerentes en producción manufacturera || 1315 Directores y gerentes en construcción, reparación y mantenimiento"
1204,1,3,9311,2621,2,NA,requiere_revision_semantica,1,91,"Técnicos en ingeniería química, industrial y mecánica",2621|2631|2633|2635|2637|2645,"2621 Auxiliares y técnicos industriales y químicos || 2631 Técnicos en mantenimiento y reparación de vehículos de motor || 2633 Técnicos en mantenimiento y reparación de maquinaria e instrumentos industriales || 2635 Técnicos en mantenimiento y reparación de instrumentos de precisión y musicales || 2637 Técnicos en la instalación, reparación y mantenimiento de equipos de refrigeración, climas y aire acondicionado || 2645 Técnicos en reparación de equipos electromecánicos"
6101,1,5,9800,1523,1,NA,requiere_revision_semantica,1,91,"Jefes de departamento, coordinadores y supervisores en servicios de educación",1523|2311,1523 Coordinadores y jefes de área en centros de enseñanza y capacitación || 2311 Supervisores e inspectores educativos
1250,1,2,9700,2531,3,NA,requiere_revision_semantica,2,90,Técnicos en ciencias sociales,2531|2532|2711,2531 Auxiliares en ciencias sociales y humanistas || 2532 Auxiliares en servicios jurídicos || 2711 Auxiliares y técnicos en pedagogía y en educación
8100,1,5,6111,5112,4,4,original_coincide_con_consenso_oficial,1,90,Fonderos (preparan y sirven alimentos) en establecimientos,5112|5114,"5112 Fonderos, vendedores y comerciantes de comida || 5114 Taqueros y preparadores de comida rápida, antojitos, pizzas, hot dogs, jugos, café, etcétera"
6150,3,2,7111,1721,2,2,original_coincide_con_consenso_oficial,1,90,"Jefes de departamento, coordinadores y supervisores en servicios culturales y de esparcimiento",1721|1722,"1721 Coordinadores y jefes de área en actividades artísticas, de cine, teatro y afines || 1722 Coordinadores y jefes de área en museos, cines, deportivos y servicios culturales"
4109,1,6,9312,6119,13,NA,requiere_revision_semantica,1,90,Otros trabajadores que desempeñan una ocupación afín a las comprendidas en este subgrupo,6119|9111,"6119 Otros trabajadores en actividades agrícolas, no clasificados anteriormente || 9111 Trabajadores de apoyo en actividades agrícolas"
2121,1,4,4840,1211,2,NA,requiere_revision_semantica,1,90,"Directores, gerentes y administradores de área o establecimientos de finanzas, contabilidad, recursos humanos, administración e impartición de justicia",1211|1212|1224|1321,"1211 Directores y gerentes en administración, recursos humanos y mercadotecnia || 1212 Directores y gerentes en servicios contables, financieros, banca y seguros || 1224 Jueces de juzgado, directores y gerentes en servicios legales y procuración de justicia || 1321 Directores y gerentes en informática"
1250,1,5,5611,2531,3,NA,requiere_revision_semantica,1,90,Técnicos en ciencias sociales,2531|2532|2711,2531 Auxiliares en ciencias sociales y humanistas || 2532 Auxiliares en servicios jurídicos || 2711 Auxiliares y técnicos en pedagogía y en educación
6160,1,5,3230,1711,1,1,original_coincide_con_consenso_oficial,1,90,"Jefes de departamento, coordinadores y supervisores en servicios de restaurante, hospedaje y comercio",1711|1712,"1711 Coordinadores y jefes de área de ventas, comercialización y alquiler || 1712 Coordinadores y jefes de área de restaurantes y hoteles"
7201,1,4,4662,4224,3,NA,requiere_revision_semantica,1,90,Vendedores ambulantes de artículos diversos,4224|9512|9661|9663,4224 Vendedores por catálogo || 9512 Vendedores ambulantes de artículos diversos (excluyendo los de venta de alimentos) || 9661 Recolectores de basura y material reciclable || 9663 Recolectores de otros materiales
6150,1,6,5190,1721,1,1,original_coincide_con_consenso_oficial,1,90,"Jefes de departamento, coordinadores y supervisores en servicios culturales y de esparcimiento",1721|1722,"1721 Coordinadores y jefes de área en actividades artísticas, de cine, teatro y afines || 1722 Coordinadores y jefes de área en museos, cines, deportivos y servicios culturales"
5141,1,6,9312,2630,2,NA,requiere_revision_semantica,1,90,"Supervisores, inspectores y similares en la fabricación metalúrgica y en la fabricación de productos eléctricos y electrónicos, la reparación y mantenimiento de maquinaria y productos metálicos y de precisión",2630|7201|8201,"2630 Supervisores de mecánicos y técnicos en mantenimiento y reparación de equipos mecánicos, vehículos de motor, instrumentos industriales y equipo de refrigeración || 7201 Supervisores de artesanos y trabajadores en el tratamiento y elaboración de productos de metal || 8201 Supervisores en procesos de ensamblado y montaje de maquinaria, herramientas y productos metálicos y electrónicos"
6260,1,5,4310,3141,3,3,original_coincide_con_consenso_oficial,1,89,"Despachadores, checadores y similares en la operación del transporte",3141|3142,3141 Despachadores de transporte || 3142 Checadores y revisores de transporte
8150,1,5,6111,3222,4,NA,requiere_revision_semantica,1,89,"Trabajadores de apoyo para la realización de espectáculos, turismo y deporte",3222|4233|5251|5254|9713,"3222 Guías de turismo en museos, casinos, parques, cines y otros centros recreativos || 4233 Modelos de moda, arte y publicidad || 5251 Astrólogos, adivinadores y afines || 5254 Entrenadores de animales y ocupaciones relacionadas con el cuidado de mascotas || 9713 Trabajadores de apoyo a la realización de espectáculos, deportes y en parques de diversiones"
2124,1,5,3210,1312,1,1,original_coincide_con_consenso_oficial,1,89,"Directores, gerentes y administradores de área o establecimientos en actividades de producción en industrias manufactureras, en la construcción y los servicios de reparación y mantenimiento",1312|1313|1314|1315,"1312 Directores y gerentes en producción minera, petrolera y gas || 1313 Directores y gerentes en generación y provisión de energía eléctrica y agua || 1314 Directores y gerentes en producción manufacturera || 1315 Directores y gerentes en construcción, reparación y mantenimiento"
6150,4,6,9313,1721,1,1,original_coincide_con_consenso_oficial,1,89,"Jefes de departamento, coordinadores y supervisores en servicios culturales y de esparcimiento",1721|1722,"1721 Coordinadores y jefes de área en actividades artísticas, de cine, teatro y afines || 1722 Coordinadores y jefes de área en museos, cines, deportivos y servicios culturales"
6160,1,2,4661,1711,2,2,original_coincide_con_consenso_oficial,1,89,"Jefes de departamento, coordinadores y supervisores en servicios de restaurante, hospedaje y comercio",1711|1712,"1711 Coordinadores y jefes de área de ventas, comercialización y alquiler || 1712 Coordinadores y jefes de área de restaurantes y hoteles"
8150,2,2,7112,3222,5,NA,requiere_revision_semantica,1,89,"Trabajadores de apoyo para la realización de espectáculos, turismo y deporte",3222|4233|5251|5254|9713,"3222 Guías de turismo en museos, casinos, parques, cines y otros centros recreativos || 4233 Modelos de moda, arte y publicidad || 5251 Astrólogos, adivinadores y afines || 5254 Entrenadores de animales y ocupaciones relacionadas con el cuidado de mascotas || 9713 Trabajadores de apoyo a la realización de espectáculos, deportes y en parques de diversiones"
2121,2,4,2361,1211,2,NA,requiere_revision_semantica,1,89,"Directores, gerentes y administradores de área o establecimientos de finanzas, contabilidad, recursos humanos, administración e impartición de justicia",1211|1212|1224|1321,"1211 Directores y gerentes en administración, recursos humanos y mercadotecnia || 1212 Directores y gerentes en servicios contables, financieros, banca y seguros || 1224 Jueces de juzgado, directores y gerentes en servicios legales y procuración de justicia || 1321 Directores y gerentes en informática"
8150,1,2,9314,3222,4,NA,requiere_revision_semantica,1,88,"Trabajadores de apoyo para la realización de espectáculos, turismo y deporte",3222|4233|5251|5254|9713,"3222 Guías de turismo en museos, casinos, parques, cines y otros centros recreativos || 4233 Modelos de moda, arte y publicidad || 5251 Astrólogos, adivinadores y afines || 5254 Entrenadores de animales y ocupaciones relacionadas con el cuidado de mascotas || 9713 Trabajadores de apoyo a la realización de espectáculos, deportes y en parques de diversiones"
5111,1,6,2123,7101,7,7,original_coincide_con_consenso_oficial,2,88,"Supervisores, inspectores y similares en la extracción en minas, canteras y pozos",7101|8101,"7101 Supervisores de trabajadores en la extracción, albañiles y en acabados de la construcción || 8101 Supervisores de operadores de maquinaria industrial"
7201,3,1,4611,4224,3,NA,requiere_revision_semantica,1,88,Vendedores ambulantes de artículos diversos,4224|9512|9661|9663,4224 Vendedores por catálogo || 9512 Vendedores ambulantes de artículos diversos (excluyendo los de venta de alimentos) || 9661 Recolectores de basura y material reciclable || 9663 Recolectores de otros materiales
6180,2,2,5310,1723,2,NA,requiere_revision_semantica,1,88,"Otros jefes de departamento, coordinadores y supervisores en actividades no clasificadas anteriormente",1723|5201|9601,"1723 Coordinadores y jefes de área en servicios funerarios y otros servicios || 5201 Supervisores y encargados de trabajadores en cuidados personales y del hogar || 9601 Supervisores en limpieza, amas de llaves, mayordomos y en estacionamientos"
6180,1,6,7221,1723,1,NA,requiere_revision_semantica,1,88,"Otros jefes de departamento, coordinadores y supervisores en actividades no clasificadas anteriormente",1723|5201|9601,"1723 Coordinadores y jefes de área en servicios funerarios y otros servicios || 5201 Supervisores y encargados de trabajadores en cuidados personales y del hogar || 9601 Supervisores en limpieza, amas de llaves, mayordomos y en estacionamientos"
4160,4,2,9700,6117,13,13,original_coincide_con_consenso_oficial,1,88,Trabajadores en actividades de beneficio de productos agropecuarios,6117|6128,6117 Trabajadores en actividades de beneficio de productos agrícolas || 6128 Trabajadores en actividades de beneficio de productos pecuarios
2123,2,2,4810,1322,2,2,original_coincide_con_consenso_oficial,1,88,"Directores, gerentes y administradores de área o establecimientos en comunicaciones y transportes",1322|1323,1322 Directores y gerentes en comunicación y telecomunicaciones || 1323 Directores y gerentes en servicios de transporte
5246,1,5,2121,2634,8,8,original_coincide_con_consenso_oficial,1,87,"Mecánicos, ajustadores, instaladores y trabajadores de mantenimiento y reparación de maquinaria, instrumentos industriales y equipos de refrigeración",2634|2638,"2634 Mecánicos en mantenimiento y reparación de maquinaria e instrumentos industriales || 2638 Mecánicos en instalación, mantenimiento y reparación de equipos de refrigeración, climas y aire acondicionado."
5170,1,6,4310,1613,1,NA,requiere_revision_semantica,1,87,"Jefes, coordinadores y similares en la generación de energía, la instalación, reparación y mantenimiento de equipo eléctrico y de telecomunicaciones",1613|8101,1613 Coordinadores y jefes de área en generación y provisión de energía eléctrica y agua || 8101 Supervisores de operadores de maquinaria industrial
1230,4,4,6211,2612,2,NA,requiere_revision_semantica,1,87,Técnicos laboratoristas químicos y biólogos,2612|2813|2827,"2612 Auxiliares y técnicos en ciencias biológicas, químicas y del medio ambiente || 2813 Técnicos de laboratorios médicos || 2827 Fumigadores y controladores de plagas"
1230,2,4,6211,2612,2,NA,requiere_revision_semantica,1,87,Técnicos laboratoristas químicos y biólogos,2612|2813|2827,"2612 Auxiliares y técnicos en ciencias biológicas, químicas y del medio ambiente || 2813 Técnicos de laboratorios médicos || 2827 Fumigadores y controladores de plagas"
7121,1,6,5611,8344,8,NA,requiere_revision_semantica,1,87,Repartidores,8344|9723,8344 Conductores de motocicleta || 9723 Repartidores de mercancías (a pie y en bicicleta)
6260,1,5,4651,3141,3,3,original_coincide_con_consenso_oficial,1,87,"Despachadores, checadores y similares en la operación del transporte",3141|3142,3141 Despachadores de transporte || 3142 Checadores y revisores de transporte
7201,3,2,4661,4224,3,NA,requiere_revision_semantica,1,87,Vendedores ambulantes de artículos diversos,4224|9512|9661|9663,4224 Vendedores por catálogo || 9512 Vendedores ambulantes de artículos diversos (excluyendo los de venta de alimentos) || 9661 Recolectores de basura y material reciclable || 9663 Recolectores de otros materiales
2124,2,3,3120,1312,2,2,original_coincide_con_consenso_oficial,1,86,"Directores, gerentes y administradores de área o establecimientos en actividades de producción en industrias manufactureras, en la construcción y los servicios de reparación y mantenimiento",1312|1313|1314|1315,"1312 Directores y gerentes en producción minera, petrolera y gas || 1313 Directores y gerentes en generación y provisión de energía eléctrica y agua || 1314 Directores y gerentes en producción manufacturera || 1315 Directores y gerentes en construcción, reparación y mantenimiento"
2121,2,4,2381,1211,2,NA,requiere_revision_semantica,1,86,"Directores, gerentes y administradores de área o establecimientos de finanzas, contabilidad, recursos humanos, administración e impartición de justicia",1211|1212|1224|1321,"1211 Directores y gerentes en administración, recursos humanos y mercadotecnia || 1212 Directores y gerentes en servicios contables, financieros, banca y seguros || 1224 Jueces de juzgado, directores y gerentes en servicios legales y procuración de justicia || 1321 Directores y gerentes en informática"
2125,3,2,6141,1223,2,2,original_coincide_con_consenso_oficial,1,86,Directores gerentes y administradores de área o establecimientos de enseñanza e investigación,1223|1324,1223 Directores y gerentes en centros de enseñanza y capacitación || 1324 Directores y gerentes en centros de investigación y desarrollo tecnológico
2121,1,3,4681,1211,2,NA,requiere_revision_semantica,1,86,"Directores, gerentes y administradores de área o establecimientos de finanzas, contabilidad, recursos humanos, administración e impartición de justicia",1211|1212|1224|1321,"1211 Directores y gerentes en administración, recursos humanos y mercadotecnia || 1212 Directores y gerentes en servicios contables, financieros, banca y seguros || 1224 Jueces de juzgado, directores y gerentes en servicios legales y procuración de justicia || 1321 Directores y gerentes en informática"
5100,3,2,3120,1614,2,NA,requiere_revision_semantica,1,86,"Jefes, coordinadores y similares en la fabricación de alimentos, bebidas y productos de tabaco",1614|5101,"1614 Coordinadores y jefes de área en producción manufacturera || 5101 Supervisores en la preparación y servicio de alimentos y bebidas, así como en servicios de esparcimiento y de hotelería"
6131,1,6,2221,NA,NA,NA,original_tampoco_resuelve,1,85,NA,NA,NA
2133,1,7,9314,1134,1,1,original_coincide_con_consenso_oficial,1,85,"Directivos de organizaciones humanitarias, religiosas, asociaciones civiles y ejidales",1134|1135,1134 Directores de organizaciones agrarias || 1135 Directores de organizaciones civiles y religiosas
2121,1,4,4671,1211,2,NA,requiere_revision_semantica,2,85,"Directores, gerentes y administradores de área o establecimientos de finanzas, contabilidad, recursos humanos, administración e impartición de justicia",1211|1212|1224|1321,"1211 Directores y gerentes en administración, recursos humanos y mercadotecnia || 1212 Directores y gerentes en servicios contables, financieros, banca y seguros || 1224 Jueces de juzgado, directores y gerentes en servicios legales y procuración de justicia || 1321 Directores y gerentes en informática"
2125,1,4,6141,1223,2,2,original_coincide_con_consenso_oficial,1,85,Directores gerentes y administradores de área o establecimientos de enseñanza e investigación,1223|1324,1223 Directores y gerentes en centros de enseñanza y capacitación || 1324 Directores y gerentes en centros de investigación y desarrollo tecnológico
6130,1,3,2370,1621,2,2,original_coincide_con_consenso_oficial,1,85,"Jefes de departamento, coordinadores y supervisores en servicios estadísticos e informáticos",1621|3201,1621 Coordinadores y jefes de área en informática || 3201 Supervisores de trabajadores que brindan y manejan información
6101,1,2,6131,1523,2,2,original_coincide_con_consenso_oficial,1,85,"Jefes de departamento, coordinadores y supervisores en servicios de educación",1523|2311,1523 Coordinadores y jefes de área en centros de enseñanza y capacitación || 2311 Supervisores e inspectores educativos
6180,2,7,5620,1723,2,NA,requiere_revision_semantica,1,85,"Otros jefes de departamento, coordinadores y supervisores en actividades no clasificadas anteriormente",1723|5201|9601,"1723 Coordinadores y jefes de área en servicios funerarios y otros servicios || 5201 Supervisores y encargados de trabajadores en cuidados personales y del hogar || 9601 Supervisores en limpieza, amas de llaves, mayordomos y en estacionamientos"
6110,1,3,5414,1512,2,2,original_coincide_con_consenso_oficial,1,85,"Jefes de departamento, coordinadores y supervisores en contabilidad y finanzas",1512|3101,"1512 Coordinadores y jefes de área en servicios contables, financieros, banca y seguros || 3101 Supervisores de secretarias, capturistas, cajeros y trabajadores de control de archivo y transporte"
6160,1,7,5411,1711,2,2,original_coincide_con_consenso_oficial,2,85,"Jefes de departamento, coordinadores y supervisores en servicios de restaurante, hospedaje y comercio",1711|1712,"1711 Coordinadores y jefes de área de ventas, comercialización y alquiler || 1712 Coordinadores y jefes de área de restaurantes y hoteles"
2124,1,2,3120,1312,2,2,original_coincide_con_consenso_oficial,1,84,"Directores, gerentes y administradores de área o establecimientos en actividades de producción en industrias manufactureras, en la construcción y los servicios de reparación y mantenimiento",1312|1313|1314|1315,"1312 Directores y gerentes en producción minera, petrolera y gas || 1313 Directores y gerentes en generación y provisión de energía eléctrica y agua || 1314 Directores y gerentes en producción manufacturera || 1315 Directores y gerentes en construcción, reparación y mantenimiento"
2125,2,4,6131,1223,2,2,original_coincide_con_consenso_oficial,1,84,Directores gerentes y administradores de área o establecimientos de enseñanza e investigación,1223|1324,1223 Directores y gerentes en centros de enseñanza y capacitación || 1324 Directores y gerentes en centros de investigación y desarrollo tecnológico
1204,1,5,2361,2621,2,NA,requiere_revision_semantica,1,84,"Técnicos en ingeniería química, industrial y mecánica",2621|2631|2633|2635|2637|2645,"2621 Auxiliares y técnicos industriales y químicos || 2631 Técnicos en mantenimiento y reparación de vehículos de motor || 2633 Técnicos en mantenimiento y reparación de maquinaria e instrumentos industriales || 2635 Técnicos en mantenimiento y reparación de instrumentos de precisión y musicales || 2637 Técnicos en la instalación, reparación y mantenimiento de equipos de refrigeración, climas y aire acondicionado || 2645 Técnicos en reparación de equipos electromecánicos"
6260,1,7,2370,3141,3,3,original_coincide_con_consenso_oficial,1,83,"Despachadores, checadores y similares en la operación del transporte",3141|3142,3141 Despachadores de transporte || 3142 Checadores y revisores de transporte
8150,3,5,5615,3222,6,NA,requiere_revision_semantica,1,83,"Trabajadores de apoyo para la realización de espectáculos, turismo y deporte",3222|4233|5251|5254|9713,"3222 Guías de turismo en museos, casinos, parques, cines y otros centros recreativos || 4233 Modelos de moda, arte y publicidad || 5251 Astrólogos, adivinadores y afines || 5254 Entrenadores de animales y ocupaciones relacionadas con el cuidado de mascotas || 9713 Trabajadores de apoyo a la realización de espectáculos, deportes y en parques de diversiones"
2100,1,6,8130,1111,1,1,original_coincide_con_consenso_oficial,1,83,Altas autoridades gubernamentales y legislativas,1111|1112,1111 Altas autoridades gubernamentales y jurisdiccionales || 1112 Legisladores
6180,2,3,8123,1723,2,NA,requiere_revision_semantica,1,83,"Otros jefes de departamento, coordinadores y supervisores en actividades no clasificadas anteriormente",1723|5201|9601,"1723 Coordinadores y jefes de área en servicios funerarios y otros servicios || 5201 Supervisores y encargados de trabajadores en cuidados personales y del hogar || 9601 Supervisores en limpieza, amas de llaves, mayordomos y en estacionamientos"
2121,1,4,4870,1211,2,NA,requiere_revision_semantica,1,83,"Directores, gerentes y administradores de área o establecimientos de finanzas, contabilidad, recursos humanos, administración e impartición de justicia",1211|1212|1224|1321,"1211 Directores y gerentes en administración, recursos humanos y mercadotecnia || 1212 Directores y gerentes en servicios contables, financieros, banca y seguros || 1224 Jueces de juzgado, directores y gerentes en servicios legales y procuración de justicia || 1321 Directores y gerentes en informática"
2133,1,4,8130,1134,1,1,original_coincide_con_consenso_oficial,1,83,"Directivos de organizaciones humanitarias, religiosas, asociaciones civiles y ejidales",1134|1135,1134 Directores de organizaciones agrarias || 1135 Directores de organizaciones civiles y religiosas
1423,2,3,2382,2541,5,5,original_coincide_con_consenso_oficial,1,83,Decoradores y diseñadores,2541|2542|2543|2544,"2541 Diseñadores de moda y vestuario || 2542 Diseñadores industriales || 2543 Diseñadores gráficos || 2544 Decoradores de interiores, jardines y diversos materiales (tazas, llaveros, etcétera)"
5410,1,7,2122,9211,11,11,original_coincide_con_consenso_oficial,1,82,"Ayudantes, peones y similares en la extracción en minas, canteras y pozos",9211|9212,9211 Trabajadores de apoyo en la minería || 9212 Trabajadores de apoyo en la extracción
6160,1,2,4830,1711,2,2,original_coincide_con_consenso_oficial,1,82,"Jefes de departamento, coordinadores y supervisores en servicios de restaurante, hospedaje y comercio",1711|1712,"1711 Coordinadores y jefes de área de ventas, comercialización y alquiler || 1712 Coordinadores y jefes de área de restaurantes y hoteles"
6100,1,7,1110,1521,2,2,original_coincide_con_consenso_oficial,1,82,"Jefes de departamento, coordinadores y supervisores en servicios de salud y asistencia social",1521|2524,"1521 Coordinadores y jefes de área en servicios de salud, protección civil y medio ambiente || 2524 Inspectores en seguridad social, de precios y otros inspectores públicos"
8150,1,3,7112,3222,4,NA,requiere_revision_semantica,1,82,"Trabajadores de apoyo para la realización de espectáculos, turismo y deporte",3222|4233|5251|5254|9713,"3222 Guías de turismo en museos, casinos, parques, cines y otros centros recreativos || 4233 Modelos de moda, arte y publicidad || 5251 Astrólogos, adivinadores y afines || 5254 Entrenadores de animales y ocupaciones relacionadas con el cuidado de mascotas || 9713 Trabajadores de apoyo a la realización de espectáculos, deportes y en parques de diversiones"
7121,1,2,4612,8344,9,NA,requiere_revision_semantica,1,82,Repartidores,8344|9723,8344 Conductores de motocicleta || 9723 Repartidores de mercancías (a pie y en bicicleta)
2123,2,2,2381,1322,2,2,original_coincide_con_consenso_oficial,1,82,"Directores, gerentes y administradores de área o establecimientos en comunicaciones y transportes",1322|1323,1322 Directores y gerentes en comunicación y telecomunicaciones || 1323 Directores y gerentes en servicios de transporte
6110,1,3,4330,1512,2,2,original_coincide_con_consenso_oficial,1,82,"Jefes de departamento, coordinadores y supervisores en contabilidad y finanzas",1512|3101,"1512 Coordinadores y jefes de área en servicios contables, financieros, banca y seguros || 3101 Supervisores de secretarias, capturistas, cajeros y trabajadores de control de archivo y transporte"
2124,2,7,4882,1312,2,2,original_coincide_con_consenso_oficial,1,82,"Directores, gerentes y administradores de área o establecimientos en actividades de producción en industrias manufactureras, en la construcción y los servicios de reparación y mantenimiento",1312|1313|1314|1315,"1312 Directores y gerentes en producción minera, petrolera y gas || 1313 Directores y gerentes en generación y provisión de energía eléctrica y agua || 1314 Directores y gerentes en producción manufacturera || 1315 Directores y gerentes en construcción, reparación y mantenimiento"
6121,1,7,4399,1623,2,2,original_coincide_con_consenso_oficial,1,82,"Jefes de departamento, coordinadores y supervisores en la coordinación del transporte",1623|2661|2662|8301,"1623 Coordinadores y jefes de área en servicios de transporte || 2661 Controladores de tráfico aéreo || 2662 Controladores de tráfico de otros transportes (terrestre, ferroviario y marítimo) || 8301 Supervisores de conductores de transporte y de maquinaria móvil"
5380,1,7,3220,8131,9,NA,requiere_revision_semantica,1,82,Operadores de máquinas para el tratamiento de sustancias químicas y agua,8131|8134,8131 Operadores de máquinas para la elaboración de productos químicos || 8134 Operadores de máquinas para el tratamiento de agua
5100,3,1,7221,1614,2,NA,requiere_revision_semantica,1,81,"Jefes, coordinadores y similares en la fabricación de alimentos, bebidas y productos de tabaco",1614|5101,"1614 Coordinadores y jefes de área en producción manufacturera || 5101 Supervisores en la preparación y servicio de alimentos y bebidas, así como en servicios de esparcimiento y de hotelería"
8150,1,2,4631,3222,4,NA,requiere_revision_semantica,1,81,"Trabajadores de apoyo para la realización de espectáculos, turismo y deporte",3222|4233|5251|5254|9713,"3222 Guías de turismo en museos, casinos, parques, cines y otros centros recreativos || 4233 Modelos de moda, arte y publicidad || 5251 Astrólogos, adivinadores y afines || 5254 Entrenadores de animales y ocupaciones relacionadas con el cuidado de mascotas || 9713 Trabajadores de apoyo a la realización de espectáculos, deportes y en parques de diversiones"
2124,4,2,3160,1312,2,2,original_coincide_con_consenso_oficial,1,81,"Directores, gerentes y administradores de área o establecimientos en actividades de producción en industrias manufactureras, en la construcción y los servicios de reparación y mantenimiento",1312|1313|1314|1315,"1312 Directores y gerentes en producción minera, petrolera y gas || 1313 Directores y gerentes en generación y provisión de energía eléctrica y agua || 1314 Directores y gerentes en producción manufacturera || 1315 Directores y gerentes en construcción, reparación y mantenimiento"
1204,1,7,2381,2621,2,NA,requiere_revision_semantica,2,80,"Técnicos en ingeniería química, industrial y mecánica",2621|2631|2633|2635|2637|2645,"2621 Auxiliares y técnicos industriales y químicos || 2631 Técnicos en mantenimiento y reparación de vehículos de motor || 2633 Técnicos en mantenimiento y reparación de maquinaria e instrumentos industriales || 2635 Técnicos en mantenimiento y reparación de instrumentos de precisión y musicales || 2637 Técnicos en la instalación, reparación y mantenimiento de equipos de refrigeración, climas y aire acondicionado || 2645 Técnicos en reparación de equipos electromecánicos"
6101,1,5,6141,1523,1,NA,requiere_revision_semantica,2,80,"Jefes de departamento, coordinadores y supervisores en servicios de educación",1523|2311,1523 Coordinadores y jefes de área en centros de enseñanza y capacitación || 2311 Supervisores e inspectores educativos
6100,1,3,6211,1521,2,2,original_coincide_con_consenso_oficial,1,80,"Jefes de departamento, coordinadores y supervisores en servicios de salud y asistencia social",1521|2524,"1521 Coordinadores y jefes de área en servicios de salud, protección civil y medio ambiente || 2524 Inspectores en seguridad social, de precios y otros inspectores públicos"
1429,1,6,9313,NA,NA,NA,original_tampoco_resuelve,1,80,NA,NA,NA
2123,1,3,5150,1322,2,2,original_coincide_con_consenso_oficial,1,80,"Directores, gerentes y administradores de área o establecimientos en comunicaciones y transportes",1322|1323,1322 Directores y gerentes en comunicación y telecomunicaciones || 1323 Directores y gerentes en servicios de transporte
1429,1,5,5411,NA,NA,NA,original_tampoco_resuelve,1,80,NA,NA,NA
4170,1,5,8130,6101,7,7,original_coincide_con_consenso_oficial,1,80,"Capataces, caporales, mayorales y similares en actividades agropecuarias,silvícolas y pesqueras",6101|6201,"6101 Supervisores, encargados y capataces agropecuarios || 6201 Supervisores, encargados y capataces de trabajadores en actividades pesqueras, acuícolas, forestales, caza y similares"
2121,1,4,5412,1211,2,NA,requiere_revision_semantica,1,80,"Directores, gerentes y administradores de área o establecimientos de finanzas, contabilidad, recursos humanos, administración e impartición de justicia",1211|1212|1224|1321,"1211 Directores y gerentes en administración, recursos humanos y mercadotecnia || 1212 Directores y gerentes en servicios contables, financieros, banca y seguros || 1224 Jueces de juzgado, directores y gerentes en servicios legales y procuración de justicia || 1321 Directores y gerentes en informática"
6110,2,2,5411,1512,2,2,original_coincide_con_consenso_oficial,1,80,"Jefes de departamento, coordinadores y supervisores en contabilidad y finanzas",1512|3101,"1512 Coordinadores y jefes de área en servicios contables, financieros, banca y seguros || 3101 Supervisores de secretarias, capturistas, cajeros y trabajadores de control de archivo y transporte"
1204,3,2,5411,2621,2,NA,requiere_revision_semantica,1,79,"Técnicos en ingeniería química, industrial y mecánica",2621|2631|2633|2635|2637|2645,"2621 Auxiliares y técnicos industriales y químicos || 2631 Técnicos en mantenimiento y reparación de vehículos de motor || 2633 Técnicos en mantenimiento y reparación de maquinaria e instrumentos industriales || 2635 Técnicos en mantenimiento y reparación de instrumentos de precisión y musicales || 2637 Técnicos en la instalación, reparación y mantenimiento de equipos de refrigeración, climas y aire acondicionado || 2645 Técnicos en reparación de equipos electromecánicos"
6160,1,2,7223,1711,2,2,original_coincide_con_consenso_oficial,1,79,"Jefes de departamento, coordinadores y supervisores en servicios de restaurante, hospedaje y comercio",1711|1712,"1711 Coordinadores y jefes de área de ventas, comercialización y alquiler || 1712 Coordinadores y jefes de área de restaurantes y hoteles"
2125,2,3,5411,1223,2,2,original_coincide_con_consenso_oficial,1,79,Directores gerentes y administradores de área o establecimientos de enseñanza e investigación,1223|1324,1223 Directores y gerentes en centros de enseñanza y capacitación || 1324 Directores y gerentes en centros de investigación y desarrollo tecnológico
1250,3,2,5180,2531,3,NA,requiere_revision_semantica,1,79,Técnicos en ciencias sociales,2531|2532|2711,2531 Auxiliares en ciencias sociales y humanistas || 2532 Auxiliares en servicios jurídicos || 2711 Auxiliares y técnicos en pedagogía y en educación
2121,1,2,5613,1211,2,NA,requiere_revision_semantica,1,79,"Directores, gerentes y administradores de área o establecimientos de finanzas, contabilidad, recursos humanos, administración e impartición de justicia",1211|1212|1224|1321,"1211 Directores y gerentes en administración, recursos humanos y mercadotecnia || 1212 Directores y gerentes en servicios contables, financieros, banca y seguros || 1224 Jueces de juzgado, directores y gerentes en servicios legales y procuración de justicia || 1321 Directores y gerentes en informática"
6110,1,6,6222,1512,1,NA,requiere_revision_semantica,2,78,"Jefes de departamento, coordinadores y supervisores en contabilidad y finanzas",1512|3101,"1512 Coordinadores y jefes de área en servicios contables, financieros, banca y seguros || 3101 Supervisores de secretarias, capturistas, cajeros y trabajadores de control de archivo y transporte"
6160,1,3,4310,1711,2,2,original_coincide_con_consenso_oficial,1,78,"Jefes de departamento, coordinadores y supervisores en servicios de restaurante, hospedaje y comercio",1711|1712,"1711 Coordinadores y jefes de área de ventas, comercialización y alquiler || 1712 Coordinadores y jefes de área de restaurantes y hoteles"
7121,1,6,3360,8344,8,NA,requiere_revision_semantica,1,77,Repartidores,8344|9723,8344 Conductores de motocicleta || 9723 Repartidores de mercancías (a pie y en bicicleta)
1230,1,5,5411,2612,2,NA,requiere_revision_semantica,1,77,Técnicos laboratoristas químicos y biólogos,2612|2813|2827,"2612 Auxiliares y técnicos en ciencias biológicas, químicas y del medio ambiente || 2813 Técnicos de laboratorios médicos || 2827 Fumigadores y controladores de plagas"
5141,1,3,2381,2630,2,NA,requiere_revision_semantica,1,77,"Supervisores, inspectores y similares en la fabricación metalúrgica y en la fabricación de productos eléctricos y electrónicos, la reparación y mantenimiento de maquinaria y productos metálicos y de precisión",2630|7201|8201,"2630 Supervisores de mecánicos y técnicos en mantenimiento y reparación de equipos mecánicos, vehículos de motor, instrumentos industriales y equipo de refrigeración || 7201 Supervisores de artesanos y trabajadores en el tratamiento y elaboración de productos de metal || 8201 Supervisores en procesos de ensamblado y montaje de maquinaria, herramientas y productos metálicos y electrónicos"
4110,2,7,1121,6121,NA,NA,original_tampoco_resuelve,1,76,Trabajadores en la cría de ganado bovino,6121,6121 Trabajadores en la cría de ganado bovino
6121,1,5,2123,1623,1,NA,requiere_revision_semantica,1,76,"Jefes de departamento, coordinadores y supervisores en la coordinación del transporte",1623|2661|2662|8301,"1623 Coordinadores y jefes de área en servicios de transporte || 2661 Controladores de tráfico aéreo || 2662 Controladores de tráfico de otros transportes (terrestre, ferroviario y marítimo) || 8301 Supervisores de conductores de transporte y de maquinaria móvil"
7201,1,2,4840,4224,3,NA,requiere_revision_semantica,1,76,Vendedores ambulantes de artículos diversos,4224|9512|9661|9663,4224 Vendedores por catálogo || 9512 Vendedores ambulantes de artículos diversos (excluyendo los de venta de alimentos) || 9661 Recolectores de basura y material reciclable || 9663 Recolectores de otros materiales
1250,1,4,2361,2531,3,NA,requiere_revision_semantica,1,76,Técnicos en ciencias sociales,2531|2532|2711,2531 Auxiliares en ciencias sociales y humanistas || 2532 Auxiliares en servicios jurídicos || 2711 Auxiliares y técnicos en pedagogía y en educación
5246,1,4,3140,2634,9,9,original_coincide_con_consenso_oficial,1,76,"Mecánicos, ajustadores, instaladores y trabajadores de mantenimiento y reparación de maquinaria, instrumentos industriales y equipos de refrigeración",2634|2638,"2634 Mecánicos en mantenimiento y reparación de maquinaria e instrumentos industriales || 2638 Mecánicos en instalación, mantenimiento y reparación de equipos de refrigeración, climas y aire acondicionado."
6180,1,5,5310,1723,1,NA,requiere_revision_semantica,1,75,"Otros jefes de departamento, coordinadores y supervisores en actividades no clasificadas anteriormente",1723|5201|9601,"1723 Coordinadores y jefes de área en servicios funerarios y otros servicios || 5201 Supervisores y encargados de trabajadores en cuidados personales y del hogar || 9601 Supervisores en limpieza, amas de llaves, mayordomos y en estacionamientos"
5246,1,2,3320,2634,9,9,original_coincide_con_consenso_oficial,1,75,"Mecánicos, ajustadores, instaladores y trabajadores de mantenimiento y reparación de maquinaria, instrumentos industriales y equipos de refrigeración",2634|2638,"2634 Mecánicos en mantenimiento y reparación de maquinaria e instrumentos industriales || 2638 Mecánicos en instalación, mantenimiento y reparación de equipos de refrigeración, climas y aire acondicionado."
6180,1,6,3120,1723,1,NA,requiere_revision_semantica,1,75,"Otros jefes de departamento, coordinadores y supervisores en actividades no clasificadas anteriormente",1723|5201|9601,"1723 Coordinadores y jefes de área en servicios funerarios y otros servicios || 5201 Supervisores y encargados de trabajadores en cuidados personales y del hogar || 9601 Supervisores en limpieza, amas de llaves, mayordomos y en estacionamientos"
6290,1,6,1121,NA,NA,NA,original_tampoco_resuelve,1,75,NA,NA,NA
2124,1,7,2123,1312,2,2,original_coincide_con_consenso_oficial,1,74,"Directores, gerentes y administradores de área o establecimientos en actividades de producción en industrias manufactureras, en la construcción y los servicios de reparación y mantenimiento",1312|1313|1314|1315,"1312 Directores y gerentes en producción minera, petrolera y gas || 1313 Directores y gerentes en generación y provisión de energía eléctrica y agua || 1314 Directores y gerentes en producción manufacturera || 1315 Directores y gerentes en construcción, reparación y mantenimiento"
8150,1,5,7210,3222,4,NA,requiere_revision_semantica,1,74,"Trabajadores de apoyo para la realización de espectáculos, turismo y deporte",3222|4233|5251|5254|9713,"3222 Guías de turismo en museos, casinos, parques, cines y otros centros recreativos || 4233 Modelos de moda, arte y publicidad || 5251 Astrólogos, adivinadores y afines || 5254 Entrenadores de animales y ocupaciones relacionadas con el cuidado de mascotas || 9713 Trabajadores de apoyo a la realización de espectáculos, deportes y en parques de diversiones"
1250,1,3,6141,2531,3,NA,requiere_revision_semantica,1,73,Técnicos en ciencias sociales,2531|2532|2711,2531 Auxiliares en ciencias sociales y humanistas || 2532 Auxiliares en servicios jurídicos || 2711 Auxiliares y técnicos en pedagogía y en educación
2124,3,2,8111,1312,2,2,original_coincide_con_consenso_oficial,1,72,"Directores, gerentes y administradores de área o establecimientos en actividades de producción en industrias manufactureras, en la construcción y los servicios de reparación y mantenimiento",1312|1313|1314|1315,"1312 Directores y gerentes en producción minera, petrolera y gas || 1313 Directores y gerentes en generación y provisión de energía eléctrica y agua || 1314 Directores y gerentes en producción manufacturera || 1315 Directores y gerentes en construcción, reparación y mantenimiento"
2126,1,4,8130,1222,1,NA,requiere_revision_semantica,1,72,"Directores, gerentes y administradores de área o establecimientos en servicios asistenciales y de readaptación social",1222|1225|1226,1222 Directores y gerentes en desarrollo social y económico || 1225 Comandantes de las fuerzas armadas || 1226 Directores en servicios de vigilancia y seguridad
1204,1,6,2361,2621,2,NA,requiere_revision_semantica,1,72,"Técnicos en ingeniería química, industrial y mecánica",2621|2631|2633|2635|2637|2645,"2621 Auxiliares y técnicos industriales y químicos || 2631 Técnicos en mantenimiento y reparación de vehículos de motor || 2633 Técnicos en mantenimiento y reparación de maquinaria e instrumentos industriales || 2635 Técnicos en mantenimiento y reparación de instrumentos de precisión y musicales || 2637 Técnicos en la instalación, reparación y mantenimiento de equipos de refrigeración, climas y aire acondicionado || 2645 Técnicos en reparación de equipos electromecánicos"
4120,1,4,1121,6131,13,NA,requiere_revision_semantica,1,72,Trabajadores que combinan actividades agrícolas con ganaderas,6131|9113,6131 Trabajadores que combinan actividades agrícolas con ganaderas || 9113 Trabajadores de apoyo que realizan actividades agrícolas y ganaderas
1250,4,7,6112,2531,3,NA,requiere_revision_semantica,2,71,Técnicos en ciencias sociales,2531|2532|2711,2531 Auxiliares en ciencias sociales y humanistas || 2532 Auxiliares en servicios jurídicos || 2711 Auxiliares y técnicos en pedagogía y en educación
1204,2,2,4350,2621,2,NA,requiere_revision_semantica,1,71,"Técnicos en ingeniería química, industrial y mecánica",2621|2631|2633|2635|2637|2645,"2621 Auxiliares y técnicos industriales y químicos || 2631 Técnicos en mantenimiento y reparación de vehículos de motor || 2633 Técnicos en mantenimiento y reparación de maquinaria e instrumentos industriales || 2635 Técnicos en mantenimiento y reparación de instrumentos de precisión y musicales || 2637 Técnicos en la instalación, reparación y mantenimiento de equipos de refrigeración, climas y aire acondicionado || 2645 Técnicos en reparación de equipos electromecánicos"
2121,1,7,7131,1211,2,NA,requiere_revision_semantica,1,71,"Directores, gerentes y administradores de área o establecimientos de finanzas, contabilidad, recursos humanos, administración e impartición de justicia",1211|1212|1224|1321,"1211 Directores y gerentes en administración, recursos humanos y mercadotecnia || 1212 Directores y gerentes en servicios contables, financieros, banca y seguros || 1224 Jueces de juzgado, directores y gerentes en servicios legales y procuración de justicia || 1321 Directores y gerentes en informática"
6121,1,6,4631,1623,1,NA,requiere_revision_semantica,1,71,"Jefes de departamento, coordinadores y supervisores en la coordinación del transporte",1623|2661|2662|8301,"1623 Coordinadores y jefes de área en servicios de transporte || 2661 Controladores de tráfico aéreo || 2662 Controladores de tráfico de otros transportes (terrestre, ferroviario y marítimo) || 8301 Supervisores de conductores de transporte y de maquinaria móvil"
5190,1,6,2132,NA,NA,NA,original_tampoco_resuelve,1,71,NA,NA,NA
6160,1,4,4310,1711,2,2,original_coincide_con_consenso_oficial,1,70,"Jefes de departamento, coordinadores y supervisores en servicios de restaurante, hospedaje y comercio",1711|1712,"1711 Coordinadores y jefes de área de ventas, comercialización y alquiler || 1712 Coordinadores y jefes de área de restaurantes y hoteles"
6160,1,5,7131,1711,1,1,original_coincide_con_consenso_oficial,1,70,"Jefes de departamento, coordinadores y supervisores en servicios de restaurante, hospedaje y comercio",1711|1712,"1711 Coordinadores y jefes de área de ventas, comercialización y alquiler || 1712 Coordinadores y jefes de área de restaurantes y hoteles"
6160,2,4,4641,1711,2,2,original_coincide_con_consenso_oficial,1,70,"Jefes de departamento, coordinadores y supervisores en servicios de restaurante, hospedaje y comercio",1711|1712,"1711 Coordinadores y jefes de área de ventas, comercialización y alquiler || 1712 Coordinadores y jefes de área de restaurantes y hoteles"
2124,1,3,4671,1312,2,2,original_coincide_con_consenso_oficial,1,70,"Directores, gerentes y administradores de área o establecimientos en actividades de producción en industrias manufactureras, en la construcción y los servicios de reparación y mantenimiento",1312|1313|1314|1315,"1312 Directores y gerentes en producción minera, petrolera y gas || 1313 Directores y gerentes en generación y provisión de energía eléctrica y agua || 1314 Directores y gerentes en producción manufacturera || 1315 Directores y gerentes en construcción, reparación y mantenimiento"
8150,1,6,4620,3222,4,NA,requiere_revision_semantica,1,70,"Trabajadores de apoyo para la realización de espectáculos, turismo y deporte",3222|4233|5251|5254|9713,"3222 Guías de turismo en museos, casinos, parques, cines y otros centros recreativos || 4233 Modelos de moda, arte y publicidad || 5251 Astrólogos, adivinadores y afines || 5254 Entrenadores de animales y ocupaciones relacionadas con el cuidado de mascotas || 9713 Trabajadores de apoyo a la realización de espectáculos, deportes y en parques de diversiones"
5170,1,6,5120,1613,1,NA,requiere_revision_semantica,1,70,"Jefes, coordinadores y similares en la generación de energía, la instalación, reparación y mantenimiento de equipo eléctrico y de telecomunicaciones",1613|8101,1613 Coordinadores y jefes de área en generación y provisión de energía eléctrica y agua || 8101 Supervisores de operadores de maquinaria industrial
6160,4,2,4681,1711,2,2,original_coincide_con_consenso_oficial,1,69,"Jefes de departamento, coordinadores y supervisores en servicios de restaurante, hospedaje y comercio",1711|1712,"1711 Coordinadores y jefes de área de ventas, comercialización y alquiler || 1712 Coordinadores y jefes de área de restaurantes y hoteles"
7121,1,6,8130,8344,8,NA,requiere_revision_semantica,1,68,Repartidores,8344|9723,8344 Conductores de motocicleta || 9723 Repartidores de mercancías (a pie y en bicicleta)
8150,1,5,4870,3222,4,NA,requiere_revision_semantica,1,68,"Trabajadores de apoyo para la realización de espectáculos, turismo y deporte",3222|4233|5251|5254|9713,"3222 Guías de turismo en museos, casinos, parques, cines y otros centros recreativos || 4233 Modelos de moda, arte y publicidad || 5251 Astrólogos, adivinadores y afines || 5254 Entrenadores de animales y ocupaciones relacionadas con el cuidado de mascotas || 9713 Trabajadores de apoyo a la realización de espectáculos, deportes y en parques de diversiones"
2124,1,5,2122,1312,1,1,original_coincide_con_consenso_oficial,1,68,"Directores, gerentes y administradores de área o establecimientos en actividades de producción en industrias manufactureras, en la construcción y los servicios de reparación y mantenimiento",1312|1313|1314|1315,"1312 Directores y gerentes en producción minera, petrolera y gas || 1313 Directores y gerentes en generación y provisión de energía eléctrica y agua || 1314 Directores y gerentes en producción manufacturera || 1315 Directores y gerentes en construcción, reparación y mantenimiento"
7201,2,3,4652,4224,3,NA,requiere_revision_semantica,1,67,Vendedores ambulantes de artículos diversos,4224|9512|9661|9663,4224 Vendedores por catálogo || 9512 Vendedores ambulantes de artículos diversos (excluyendo los de venta de alimentos) || 9661 Recolectores de basura y material reciclable || 9663 Recolectores de otros materiales
5246,1,6,3210,2634,8,8,original_coincide_con_consenso_oficial,1,67,"Mecánicos, ajustadores, instaladores y trabajadores de mantenimiento y reparación de maquinaria, instrumentos industriales y equipos de refrigeración",2634|2638,"2634 Mecánicos en mantenimiento y reparación de maquinaria e instrumentos industriales || 2638 Mecánicos en instalación, mantenimiento y reparación de equipos de refrigeración, climas y aire acondicionado."
6260,1,6,4310,3141,3,3,original_coincide_con_consenso_oficial,1,67,"Despachadores, checadores y similares en la operación del transporte",3141|3142,3141 Despachadores de transporte || 3142 Checadores y revisores de transporte
8100,1,7,7113,5112,4,4,original_coincide_con_consenso_oficial,1,67,Fonderos (preparan y sirven alimentos) en establecimientos,5112|5114,"5112 Fonderos, vendedores y comerciantes de comida || 5114 Taqueros y preparadores de comida rápida, antojitos, pizzas, hot dogs, jugos, café, etcétera"
2133,1,2,9314,1134,1,1,original_coincide_con_consenso_oficial,1,67,"Directivos de organizaciones humanitarias, religiosas, asociaciones civiles y ejidales",1134|1135,1134 Directores de organizaciones agrarias || 1135 Directores de organizaciones civiles y religiosas
5170,1,5,5120,1613,1,NA,requiere_revision_semantica,1,66,"Jefes, coordinadores y similares en la generación de energía, la instalación, reparación y mantenimiento de equipo eléctrico y de telecomunicaciones",1613|8101,1613 Coordinadores y jefes de área en generación y provisión de energía eléctrica y agua || 8101 Supervisores de operadores de maquinaria industrial
8150,1,4,5322,3222,4,NA,requiere_revision_semantica,1,66,"Trabajadores de apoyo para la realización de espectáculos, turismo y deporte",3222|4233|5251|5254|9713,"3222 Guías de turismo en museos, casinos, parques, cines y otros centros recreativos || 4233 Modelos de moda, arte y publicidad || 5251 Astrólogos, adivinadores y afines || 5254 Entrenadores de animales y ocupaciones relacionadas con el cuidado de mascotas || 9713 Trabajadores de apoyo a la realización de espectáculos, deportes y en parques de diversiones"
8100,1,6,7131,5112,4,4,original_coincide_con_consenso_oficial,1,66,Fonderos (preparan y sirven alimentos) en establecimientos,5112|5114,"5112 Fonderos, vendedores y comerciantes de comida || 5114 Taqueros y preparadores de comida rápida, antojitos, pizzas, hot dogs, jugos, café, etcétera"
2126,2,3,6251,1222,1,NA,requiere_revision_semantica,1,65,"Directores, gerentes y administradores de área o establecimientos en servicios asistenciales y de readaptación social",1222|1225|1226,1222 Directores y gerentes en desarrollo social y económico || 1225 Comandantes de las fuerzas armadas || 1226 Directores en servicios de vigilancia y seguridad
2124,2,3,3140,1312,2,2,original_coincide_con_consenso_oficial,1,65,"Directores, gerentes y administradores de área o establecimientos en actividades de producción en industrias manufactureras, en la construcción y los servicios de reparación y mantenimiento",1312|1313|1314|1315,"1312 Directores y gerentes en producción minera, petrolera y gas || 1313 Directores y gerentes en generación y provisión de energía eléctrica y agua || 1314 Directores y gerentes en producción manufacturera || 1315 Directores y gerentes en construcción, reparación y mantenimiento"
7121,1,5,3250,8344,8,NA,requiere_revision_semantica,1,65,Repartidores,8344|9723,8344 Conductores de motocicleta || 9723 Repartidores de mercancías (a pie y en bicicleta)
1204,1,3,2221,2621,2,NA,requiere_revision_semantica,1,64,"Técnicos en ingeniería química, industrial y mecánica",2621|2631|2633|2635|2637|2645,"2621 Auxiliares y técnicos industriales y químicos || 2631 Técnicos en mantenimiento y reparación de vehículos de motor || 2633 Técnicos en mantenimiento y reparación de maquinaria e instrumentos industriales || 2635 Técnicos en mantenimiento y reparación de instrumentos de precisión y musicales || 2637 Técnicos en la instalación, reparación y mantenimiento de equipos de refrigeración, climas y aire acondicionado || 2645 Técnicos en reparación de equipos electromecánicos"
2124,1,5,2382,1312,1,1,original_coincide_con_consenso_oficial,1,64,"Directores, gerentes y administradores de área o establecimientos en actividades de producción en industrias manufactureras, en la construcción y los servicios de reparación y mantenimiento",1312|1313|1314|1315,"1312 Directores y gerentes en producción minera, petrolera y gas || 1313 Directores y gerentes en generación y provisión de energía eléctrica y agua || 1314 Directores y gerentes en producción manufacturera || 1315 Directores y gerentes en construcción, reparación y mantenimiento"
1250,1,3,4631,2531,3,NA,requiere_revision_semantica,1,64,Técnicos en ciencias sociales,2531|2532|2711,2531 Auxiliares en ciencias sociales y humanistas || 2532 Auxiliares en servicios jurídicos || 2711 Auxiliares y técnicos en pedagogía y en educación
6150,1,4,9314,1721,2,2,original_coincide_con_consenso_oficial,1,64,"Jefes de departamento, coordinadores y supervisores en servicios culturales y de esparcimiento",1721|1722,"1721 Coordinadores y jefes de área en actividades artísticas, de cine, teatro y afines || 1722 Coordinadores y jefes de área en museos, cines, deportivos y servicios culturales"
8150,1,6,7113,3222,4,NA,requiere_revision_semantica,1,64,"Trabajadores de apoyo para la realización de espectáculos, turismo y deporte",3222|4233|5251|5254|9713,"3222 Guías de turismo en museos, casinos, parques, cines y otros centros recreativos || 4233 Modelos de moda, arte y publicidad || 5251 Astrólogos, adivinadores y afines || 5254 Entrenadores de animales y ocupaciones relacionadas con el cuidado de mascotas || 9713 Trabajadores de apoyo a la realización de espectáculos, deportes y en parques de diversiones"
2125,1,3,6131,1223,2,2,original_coincide_con_consenso_oficial,1,64,Directores gerentes y administradores de área o establecimientos de enseñanza e investigación,1223|1324,1223 Directores y gerentes en centros de enseñanza y capacitación || 1324 Directores y gerentes en centros de investigación y desarrollo tecnológico
1423,2,4,3230,2541,5,5,original_coincide_con_consenso_oficial,1,64,Decoradores y diseñadores,2541|2542|2543|2544,"2541 Diseñadores de moda y vestuario || 2542 Diseñadores industriales || 2543 Diseñadores gráficos || 2544 Decoradores de interiores, jardines y diversos materiales (tazas, llaveros, etcétera)"
2124,1,4,3230,1312,2,2,original_coincide_con_consenso_oficial,1,64,"Directores, gerentes y administradores de área o establecimientos en actividades de producción en industrias manufactureras, en la construcción y los servicios de reparación y mantenimiento",1312|1313|1314|1315,"1312 Directores y gerentes en producción minera, petrolera y gas || 1313 Directores y gerentes en generación y provisión de energía eléctrica y agua || 1314 Directores y gerentes en producción manufacturera || 1315 Directores y gerentes en construcción, reparación y mantenimiento"
6121,3,1,8121,1623,2,2,original_coincide_con_consenso_oficial,1,64,"Jefes de departamento, coordinadores y supervisores en la coordinación del transporte",1623|2661|2662|8301,"1623 Coordinadores y jefes de área en servicios de transporte || 2661 Controladores de tráfico aéreo || 2662 Controladores de tráfico de otros transportes (terrestre, ferroviario y marítimo) || 8301 Supervisores de conductores de transporte y de maquinaria móvil"
7121,1,3,5110,8344,9,NA,requiere_revision_semantica,1,64,Repartidores,8344|9723,8344 Conductores de motocicleta || 9723 Repartidores de mercancías (a pie y en bicicleta)
6110,1,6,6112,1512,1,NA,requiere_revision_semantica,1,63,"Jefes de departamento, coordinadores y supervisores en contabilidad y finanzas",1512|3101,"1512 Coordinadores y jefes de área en servicios contables, financieros, banca y seguros || 3101 Supervisores de secretarias, capturistas, cajeros y trabajadores de control de archivo y transporte"
2121,1,3,4330,1211,2,NA,requiere_revision_semantica,1,63,"Directores, gerentes y administradores de área o establecimientos de finanzas, contabilidad, recursos humanos, administración e impartición de justicia",1211|1212|1224|1321,"1211 Directores y gerentes en administración, recursos humanos y mercadotecnia || 1212 Directores y gerentes en servicios contables, financieros, banca y seguros || 1224 Jueces de juzgado, directores y gerentes en servicios legales y procuración de justicia || 1321 Directores y gerentes en informática"
8150,1,5,8130,3222,4,NA,requiere_revision_semantica,1,63,"Trabajadores de apoyo para la realización de espectáculos, turismo y deporte",3222|4233|5251|5254|9713,"3222 Guías de turismo en museos, casinos, parques, cines y otros centros recreativos || 4233 Modelos de moda, arte y publicidad || 5251 Astrólogos, adivinadores y afines || 5254 Entrenadores de animales y ocupaciones relacionadas con el cuidado de mascotas || 9713 Trabajadores de apoyo a la realización de espectáculos, deportes y en parques de diversiones"
6100,1,3,8130,1521,2,2,original_coincide_con_consenso_oficial,1,62,"Jefes de departamento, coordinadores y supervisores en servicios de salud y asistencia social",1521|2524,"1521 Coordinadores y jefes de área en servicios de salud, protección civil y medio ambiente || 2524 Inspectores en seguridad social, de precios y otros inspectores públicos"
6100,1,4,8130,1521,2,2,original_coincide_con_consenso_oficial,1,62,"Jefes de departamento, coordinadores y supervisores en servicios de salud y asistencia social",1521|2524,"1521 Coordinadores y jefes de área en servicios de salud, protección civil y medio ambiente || 2524 Inspectores en seguridad social, de precios y otros inspectores públicos"
2121,2,2,4661,1211,2,NA,requiere_revision_semantica,1,62,"Directores, gerentes y administradores de área o establecimientos de finanzas, contabilidad, recursos humanos, administración e impartición de justicia",1211|1212|1224|1321,"1211 Directores y gerentes en administración, recursos humanos y mercadotecnia || 1212 Directores y gerentes en servicios contables, financieros, banca y seguros || 1224 Jueces de juzgado, directores y gerentes en servicios legales y procuración de justicia || 1321 Directores y gerentes en informática"
1490,1,2,7114,NA,NA,NA,original_tampoco_resuelve,1,62,NA,NA,NA
5246,1,7,2132,2634,9,9,original_coincide_con_consenso_oficial,1,62,"Mecánicos, ajustadores, instaladores y trabajadores de mantenimiento y reparación de maquinaria, instrumentos industriales y equipos de refrigeración",2634|2638,"2634 Mecánicos en mantenimiento y reparación de maquinaria e instrumentos industriales || 2638 Mecánicos en instalación, mantenimiento y reparación de equipos de refrigeración, climas y aire acondicionado."
2121,1,2,9313,1211,2,NA,requiere_revision_semantica,1,62,"Directores, gerentes y administradores de área o establecimientos de finanzas, contabilidad, recursos humanos, administración e impartición de justicia",1211|1212|1224|1321,"1211 Directores y gerentes en administración, recursos humanos y mercadotecnia || 1212 Directores y gerentes en servicios contables, financieros, banca y seguros || 1224 Jueces de juzgado, directores y gerentes en servicios legales y procuración de justicia || 1321 Directores y gerentes en informática"
1230,1,6,3320,2612,2,NA,requiere_revision_semantica,1,62,Técnicos laboratoristas químicos y biólogos,2612|2813|2827,"2612 Auxiliares y técnicos en ciencias biológicas, químicas y del medio ambiente || 2813 Técnicos de laboratorios médicos || 2827 Fumigadores y controladores de plagas"
5141,1,5,2361,2630,2,NA,requiere_revision_semantica,1,61,"Supervisores, inspectores y similares en la fabricación metalúrgica y en la fabricación de productos eléctricos y electrónicos, la reparación y mantenimiento de maquinaria y productos metálicos y de precisión",2630|7201|8201,"2630 Supervisores de mecánicos y técnicos en mantenimiento y reparación de equipos mecánicos, vehículos de motor, instrumentos industriales y equipo de refrigeración || 7201 Supervisores de artesanos y trabajadores en el tratamiento y elaboración de productos de metal || 8201 Supervisores en procesos de ensamblado y montaje de maquinaria, herramientas y productos metálicos y electrónicos"
1250,1,5,5614,2531,3,NA,requiere_revision_semantica,1,61,Técnicos en ciencias sociales,2531|2532|2711,2531 Auxiliares en ciencias sociales y humanistas || 2532 Auxiliares en servicios jurídicos || 2711 Auxiliares y técnicos en pedagogía y en educación
2121,1,3,7221,1211,2,NA,requiere_revision_semantica,1,61,"Directores, gerentes y administradores de área o establecimientos de finanzas, contabilidad, recursos humanos, administración e impartición de justicia",1211|1212|1224|1321,"1211 Directores y gerentes en administración, recursos humanos y mercadotecnia || 1212 Directores y gerentes en servicios contables, financieros, banca y seguros || 1224 Jueces de juzgado, directores y gerentes en servicios legales y procuración de justicia || 1321 Directores y gerentes en informática"
8150,1,6,1121,3222,4,NA,requiere_revision_semantica,1,60,"Trabajadores de apoyo para la realización de espectáculos, turismo y deporte",3222|4233|5251|5254|9713,"3222 Guías de turismo en museos, casinos, parques, cines y otros centros recreativos || 4233 Modelos de moda, arte y publicidad || 5251 Astrólogos, adivinadores y afines || 5254 Entrenadores de animales y ocupaciones relacionadas con el cuidado de mascotas || 9713 Trabajadores de apoyo a la realización de espectáculos, deportes y en parques de diversiones"
2123,1,4,4881,1322,2,2,original_coincide_con_consenso_oficial,1,59,"Directores, gerentes y administradores de área o establecimientos en comunicaciones y transportes",1322|1323,1322 Directores y gerentes en comunicación y telecomunicaciones || 1323 Directores y gerentes en servicios de transporte
8100,1,6,6132,5112,4,4,original_coincide_con_consenso_oficial,1,59,Fonderos (preparan y sirven alimentos) en establecimientos,5112|5114,"5112 Fonderos, vendedores y comerciantes de comida || 5114 Taqueros y preparadores de comida rápida, antojitos, pizzas, hot dogs, jugos, café, etcétera"
6100,1,3,6212,1521,2,2,original_coincide_con_consenso_oficial,1,59,"Jefes de departamento, coordinadores y supervisores en servicios de salud y asistencia social",1521|2524,"1521 Coordinadores y jefes de área en servicios de salud, protección civil y medio ambiente || 2524 Inspectores en seguridad social, de precios y otros inspectores públicos"
5190,1,6,2110,NA,NA,NA,original_tampoco_resuelve,1,59,NA,NA,NA
2126,1,5,6232,1222,1,NA,requiere_revision_semantica,1,58,"Directores, gerentes y administradores de área o establecimientos en servicios asistenciales y de readaptación social",1222|1225|1226,1222 Directores y gerentes en desarrollo social y económico || 1225 Comandantes de las fuerzas armadas || 1226 Directores en servicios de vigilancia y seguridad
2124,1,3,4330,1312,2,2,original_coincide_con_consenso_oficial,1,58,"Directores, gerentes y administradores de área o establecimientos en actividades de producción en industrias manufactureras, en la construcción y los servicios de reparación y mantenimiento",1312|1313|1314|1315,"1312 Directores y gerentes en producción minera, petrolera y gas || 1313 Directores y gerentes en generación y provisión de energía eléctrica y agua || 1314 Directores y gerentes en producción manufacturera || 1315 Directores y gerentes en construcción, reparación y mantenimiento"
1250,1,3,9700,2531,3,NA,requiere_revision_semantica,1,58,Técnicos en ciencias sociales,2531|2532|2711,2531 Auxiliares en ciencias sociales y humanistas || 2532 Auxiliares en servicios jurídicos || 2711 Auxiliares y técnicos en pedagogía y en educación
1204,1,6,2381,2621,2,NA,requiere_revision_semantica,1,58,"Técnicos en ingeniería química, industrial y mecánica",2621|2631|2633|2635|2637|2645,"2621 Auxiliares y técnicos industriales y químicos || 2631 Técnicos en mantenimiento y reparación de vehículos de motor || 2633 Técnicos en mantenimiento y reparación de maquinaria e instrumentos industriales || 2635 Técnicos en mantenimiento y reparación de instrumentos de precisión y musicales || 2637 Técnicos en la instalación, reparación y mantenimiento de equipos de refrigeración, climas y aire acondicionado || 2645 Técnicos en reparación de equipos electromecánicos"
6160,1,4,7223,1711,2,2,original_coincide_con_consenso_oficial,1,57,"Jefes de departamento, coordinadores y supervisores en servicios de restaurante, hospedaje y comercio",1711|1712,"1711 Coordinadores y jefes de área de ventas, comercialización y alquiler || 1712 Coordinadores y jefes de área de restaurantes y hoteles"
8100,1,6,6111,5112,4,4,original_coincide_con_consenso_oficial,1,57,Fonderos (preparan y sirven alimentos) en establecimientos,5112|5114,"5112 Fonderos, vendedores y comerciantes de comida || 5114 Taqueros y preparadores de comida rápida, antojitos, pizzas, hot dogs, jugos, café, etcétera"
6100,1,7,6211,1521,2,2,original_coincide_con_consenso_oficial,1,57,"Jefes de departamento, coordinadores y supervisores en servicios de salud y asistencia social",1521|2524,"1521 Coordinadores y jefes de área en servicios de salud, protección civil y medio ambiente || 2524 Inspectores en seguridad social, de precios y otros inspectores públicos"
6160,3,3,4340,1711,2,2,original_coincide_con_consenso_oficial,1,57,"Jefes de departamento, coordinadores y supervisores en servicios de restaurante, hospedaje y comercio",1711|1712,"1711 Coordinadores y jefes de área de ventas, comercialización y alquiler || 1712 Coordinadores y jefes de área de restaurantes y hoteles"
1250,4,6,5412,2531,3,NA,requiere_revision_semantica,1,57,Técnicos en ciencias sociales,2531|2532|2711,2531 Auxiliares en ciencias sociales y humanistas || 2532 Auxiliares en servicios jurídicos || 2711 Auxiliares y técnicos en pedagogía y en educación
8150,1,5,6241,3222,4,NA,requiere_revision_semantica,1,57,"Trabajadores de apoyo para la realización de espectáculos, turismo y deporte",3222|4233|5251|5254|9713,"3222 Guías de turismo en museos, casinos, parques, cines y otros centros recreativos || 4233 Modelos de moda, arte y publicidad || 5251 Astrólogos, adivinadores y afines || 5254 Entrenadores de animales y ocupaciones relacionadas con el cuidado de mascotas || 9713 Trabajadores de apoyo a la realización de espectáculos, deportes y en parques de diversiones"
8150,1,2,6141,3222,4,NA,requiere_revision_semantica,1,57,"Trabajadores de apoyo para la realización de espectáculos, turismo y deporte",3222|4233|5251|5254|9713,"3222 Guías de turismo en museos, casinos, parques, cines y otros centros recreativos || 4233 Modelos de moda, arte y publicidad || 5251 Astrólogos, adivinadores y afines || 5254 Entrenadores de animales y ocupaciones relacionadas con el cuidado de mascotas || 9713 Trabajadores de apoyo a la realización de espectáculos, deportes y en parques de diversiones"
6110,1,5,5110,1512,1,NA,requiere_revision_semantica,1,57,"Jefes de departamento, coordinadores y supervisores en contabilidad y finanzas",1512|3101,"1512 Coordinadores y jefes de área en servicios contables, financieros, banca y seguros || 3101 Supervisores de secretarias, capturistas, cajeros y trabajadores de control de archivo y transporte"
1250,1,6,9700,2531,3,NA,requiere_revision_semantica,1,57,Técnicos en ciencias sociales,2531|2532|2711,2531 Auxiliares en ciencias sociales y humanistas || 2532 Auxiliares en servicios jurídicos || 2711 Auxiliares y técnicos en pedagogía y en educación
5190,1,6,4310,NA,NA,NA,original_tampoco_resuelve,1,57,NA,NA,NA
5100,1,5,6111,1614,1,NA,requiere_revision_semantica,1,57,"Jefes, coordinadores y similares en la fabricación de alimentos, bebidas y productos de tabaco",1614|5101,"1614 Coordinadores y jefes de área en producción manufacturera || 5101 Supervisores en la preparación y servicio de alimentos y bebidas, así como en servicios de esparcimiento y de hotelería"
1153,1,6,9312,2234,NA,NA,original_tampoco_resuelve,1,57,Profesionistas en pesca y en acuacultura,2234,2234 Especialistas en pesca y en acuacultura
2124,1,5,8112,1312,1,1,original_coincide_con_consenso_oficial,1,56,"Directores, gerentes y administradores de área o establecimientos en actividades de producción en industrias manufactureras, en la construcción y los servicios de reparación y mantenimiento",1312|1313|1314|1315,"1312 Directores y gerentes en producción minera, petrolera y gas || 1313 Directores y gerentes en generación y provisión de energía eléctrica y agua || 1314 Directores y gerentes en producción manufacturera || 1315 Directores y gerentes en construcción, reparación y mantenimiento"
6160,1,5,5170,1711,1,1,original_coincide_con_consenso_oficial,1,56,"Jefes de departamento, coordinadores y supervisores en servicios de restaurante, hospedaje y comercio",1711|1712,"1711 Coordinadores y jefes de área de ventas, comercialización y alquiler || 1712 Coordinadores y jefes de área de restaurantes y hoteles"
6160,2,2,5222,1711,2,2,original_coincide_con_consenso_oficial,1,56,"Jefes de departamento, coordinadores y supervisores en servicios de restaurante, hospedaje y comercio",1711|1712,"1711 Coordinadores y jefes de área de ventas, comercialización y alquiler || 1712 Coordinadores y jefes de área de restaurantes y hoteles"
2122,2,7,4661,1411,NA,NA,original_tampoco_resuelve,1,56,"Directores, gerentes y administradores de área o establecimientos en actividades comerciales (incluye la venta de seguros y bienes raíces)",1411,"1411 Directores y gerentes de ventas, comercialización y alquiler"
6121,1,4,4620,1623,2,2,original_coincide_con_consenso_oficial,1,56,"Jefes de departamento, coordinadores y supervisores en la coordinación del transporte",1623|2661|2662|8301,"1623 Coordinadores y jefes de área en servicios de transporte || 2661 Controladores de tráfico aéreo || 2662 Controladores de tráfico de otros transportes (terrestre, ferroviario y marítimo) || 8301 Supervisores de conductores de transporte y de maquinaria móvil"
2121,1,7,2132,1211,2,NA,requiere_revision_semantica,1,56,"Directores, gerentes y administradores de área o establecimientos de finanzas, contabilidad, recursos humanos, administración e impartición de justicia",1211|1212|1224|1321,"1211 Directores y gerentes en administración, recursos humanos y mercadotecnia || 1212 Directores y gerentes en servicios contables, financieros, banca y seguros || 1224 Jueces de juzgado, directores y gerentes en servicios legales y procuración de justicia || 1321 Directores y gerentes en informática"
2124,2,3,5411,1312,2,2,original_coincide_con_consenso_oficial,1,56,"Directores, gerentes y administradores de área o establecimientos en actividades de producción en industrias manufactureras, en la construcción y los servicios de reparación y mantenimiento",1312|1313|1314|1315,"1312 Directores y gerentes en producción minera, petrolera y gas || 1313 Directores y gerentes en generación y provisión de energía eléctrica y agua || 1314 Directores y gerentes en producción manufacturera || 1315 Directores y gerentes en construcción, reparación y mantenimiento"
2124,4,2,3320,1312,2,2,original_coincide_con_consenso_oficial,1,55,"Directores, gerentes y administradores de área o establecimientos en actividades de producción en industrias manufactureras, en la construcción y los servicios de reparación y mantenimiento",1312|1313|1314|1315,"1312 Directores y gerentes en producción minera, petrolera y gas || 1313 Directores y gerentes en generación y provisión de energía eléctrica y agua || 1314 Directores y gerentes en producción manufacturera || 1315 Directores y gerentes en construcción, reparación y mantenimiento"
6131,1,5,8130,NA,NA,NA,original_tampoco_resuelve,1,54,NA,NA,NA
6130,1,4,4641,1621,2,2,original_coincide_con_consenso_oficial,1,54,"Jefes de departamento, coordinadores y supervisores en servicios estadísticos e informáticos",1621|3201,1621 Coordinadores y jefes de área en informática || 3201 Supervisores de trabajadores que brindan y manejan información
2121,1,4,2131,1211,2,NA,requiere_revision_semantica,1,54,"Directores, gerentes y administradores de área o establecimientos de finanzas, contabilidad, recursos humanos, administración e impartición de justicia",1211|1212|1224|1321,"1211 Directores y gerentes en administración, recursos humanos y mercadotecnia || 1212 Directores y gerentes en servicios contables, financieros, banca y seguros || 1224 Jueces de juzgado, directores y gerentes en servicios legales y procuración de justicia || 1321 Directores y gerentes en informática"
6160,1,2,4370,1711,2,2,original_coincide_con_consenso_oficial,1,53,"Jefes de departamento, coordinadores y supervisores en servicios de restaurante, hospedaje y comercio",1711|1712,"1711 Coordinadores y jefes de área de ventas, comercialización y alquiler || 1712 Coordinadores y jefes de área de restaurantes y hoteles"
7121,1,4,4611,8344,9,NA,requiere_revision_semantica,1,53,Repartidores,8344|9723,8344 Conductores de motocicleta || 9723 Repartidores de mercancías (a pie y en bicicleta)
6160,4,4,7221,1711,2,2,original_coincide_con_consenso_oficial,1,53,"Jefes de departamento, coordinadores y supervisores en servicios de restaurante, hospedaje y comercio",1711|1712,"1711 Coordinadores y jefes de área de ventas, comercialización y alquiler || 1712 Coordinadores y jefes de área de restaurantes y hoteles"
2124,3,2,2361,1312,2,2,original_coincide_con_consenso_oficial,1,53,"Directores, gerentes y administradores de área o establecimientos en actividades de producción en industrias manufactureras, en la construcción y los servicios de reparación y mantenimiento",1312|1313|1314|1315,"1312 Directores y gerentes en producción minera, petrolera y gas || 1313 Directores y gerentes en generación y provisión de energía eléctrica y agua || 1314 Directores y gerentes en producción manufacturera || 1315 Directores y gerentes en construcción, reparación y mantenimiento"
6110,1,7,9311,1512,2,2,original_coincide_con_consenso_oficial,1,53,"Jefes de departamento, coordinadores y supervisores en contabilidad y finanzas",1512|3101,"1512 Coordinadores y jefes de área en servicios contables, financieros, banca y seguros || 3101 Supervisores de secretarias, capturistas, cajeros y trabajadores de control de archivo y transporte"
2121,3,1,5611,1211,2,NA,requiere_revision_semantica,1,53,"Directores, gerentes y administradores de área o establecimientos de finanzas, contabilidad, recursos humanos, administración e impartición de justicia",1211|1212|1224|1321,"1211 Directores y gerentes en administración, recursos humanos y mercadotecnia || 1212 Directores y gerentes en servicios contables, financieros, banca y seguros || 1224 Jueces de juzgado, directores y gerentes en servicios legales y procuración de justicia || 1321 Directores y gerentes en informática"
6160,3,2,4690,1711,2,2,original_coincide_con_consenso_oficial,1,52,"Jefes de departamento, coordinadores y supervisores en servicios de restaurante, hospedaje y comercio",1711|1712,"1711 Coordinadores y jefes de área de ventas, comercialización y alquiler || 1712 Coordinadores y jefes de área de restaurantes y hoteles"
1250,1,7,5411,2531,3,NA,requiere_revision_semantica,1,52,Técnicos en ciencias sociales,2531|2532|2711,2531 Auxiliares en ciencias sociales y humanistas || 2532 Auxiliares en servicios jurídicos || 2711 Auxiliares y técnicos en pedagogía y en educación
2124,1,6,1121,1312,1,1,original_coincide_con_consenso_oficial,1,52,"Directores, gerentes y administradores de área o establecimientos en actividades de producción en industrias manufactureras, en la construcción y los servicios de reparación y mantenimiento",1312|1313|1314|1315,"1312 Directores y gerentes en producción minera, petrolera y gas || 1313 Directores y gerentes en generación y provisión de energía eléctrica y agua || 1314 Directores y gerentes en producción manufacturera || 1315 Directores y gerentes en construcción, reparación y mantenimiento"
1250,3,2,5411,2531,3,NA,requiere_revision_semantica,1,52,Técnicos en ciencias sociales,2531|2532|2711,2531 Auxiliares en ciencias sociales y humanistas || 2532 Auxiliares en servicios jurídicos || 2711 Auxiliares y técnicos en pedagogía y en educación
8150,1,3,7111,3222,4,NA,requiere_revision_semantica,1,52,"Trabajadores de apoyo para la realización de espectáculos, turismo y deporte",3222|4233|5251|5254|9713,"3222 Guías de turismo en museos, casinos, parques, cines y otros centros recreativos || 4233 Modelos de moda, arte y publicidad || 5251 Astrólogos, adivinadores y afines || 5254 Entrenadores de animales y ocupaciones relacionadas con el cuidado de mascotas || 9713 Trabajadores de apoyo a la realización de espectáculos, deportes y en parques de diversiones"
7121,1,3,4350,8344,9,NA,requiere_revision_semantica,1,52,Repartidores,8344|9723,8344 Conductores de motocicleta || 9723 Repartidores de mercancías (a pie y en bicicleta)
8150,4,2,8121,3222,4,NA,requiere_revision_semantica,1,52,"Trabajadores de apoyo para la realización de espectáculos, turismo y deporte",3222|4233|5251|5254|9713,"3222 Guías de turismo en museos, casinos, parques, cines y otros centros recreativos || 4233 Modelos de moda, arte y publicidad || 5251 Astrólogos, adivinadores y afines || 5254 Entrenadores de animales y ocupaciones relacionadas con el cuidado de mascotas || 9713 Trabajadores de apoyo a la realización de espectáculos, deportes y en parques de diversiones"
8150,1,2,8121,3222,4,NA,requiere_revision_semantica,1,52,"Trabajadores de apoyo para la realización de espectáculos, turismo y deporte",3222|4233|5251|5254|9713,"3222 Guías de turismo en museos, casinos, parques, cines y otros centros recreativos || 4233 Modelos de moda, arte y publicidad || 5251 Astrólogos, adivinadores y afines || 5254 Entrenadores de animales y ocupaciones relacionadas con el cuidado de mascotas || 9713 Trabajadores de apoyo a la realización de espectáculos, deportes y en parques de diversiones"
4140,1,2,1110,6231,NA,NA,original_tampoco_resuelve,1,52,"Trabajadores en actividades de caza, trampería y similares",6231|9123,"6231 Trabajadores en actividades de caza, trampería y similares || 9123 Trabajadores de apoyo en actividades de caza y captura"
7201,1,6,4651,4224,3,NA,requiere_revision_semantica,1,52,Vendedores ambulantes de artículos diversos,4224|9512|9661|9663,4224 Vendedores por catálogo || 9512 Vendedores ambulantes de artículos diversos (excluyendo los de venta de alimentos) || 9661 Recolectores de basura y material reciclable || 9663 Recolectores de otros materiales
7121,1,2,5414,8344,9,NA,requiere_revision_semantica,1,52,Repartidores,8344|9723,8344 Conductores de motocicleta || 9723 Repartidores de mercancías (a pie y en bicicleta)
7121,1,5,3230,8344,8,NA,requiere_revision_semantica,1,51,Repartidores,8344|9723,8344 Conductores de motocicleta || 9723 Repartidores de mercancías (a pie y en bicicleta)
6160,1,7,4870,1711,2,2,original_coincide_con_consenso_oficial,1,51,"Jefes de departamento, coordinadores y supervisores en servicios de restaurante, hospedaje y comercio",1711|1712,"1711 Coordinadores y jefes de área de ventas, comercialización y alquiler || 1712 Coordinadores y jefes de área de restaurantes y hoteles"
6160,1,6,4661,1711,1,1,original_coincide_con_consenso_oficial,1,49,"Jefes de departamento, coordinadores y supervisores en servicios de restaurante, hospedaje y comercio",1711|1712,"1711 Coordinadores y jefes de área de ventas, comercialización y alquiler || 1712 Coordinadores y jefes de área de restaurantes y hoteles"
6160,3,2,5230,1711,2,2,original_coincide_con_consenso_oficial,1,49,"Jefes de departamento, coordinadores y supervisores en servicios de restaurante, hospedaje y comercio",1711|1712,"1711 Coordinadores y jefes de área de ventas, comercialización y alquiler || 1712 Coordinadores y jefes de área de restaurantes y hoteles"
5141,1,3,3380,2630,2,NA,requiere_revision_semantica,1,49,"Supervisores, inspectores y similares en la fabricación metalúrgica y en la fabricación de productos eléctricos y electrónicos, la reparación y mantenimiento de maquinaria y productos metálicos y de precisión",2630|7201|8201,"2630 Supervisores de mecánicos y técnicos en mantenimiento y reparación de equipos mecánicos, vehículos de motor, instrumentos industriales y equipo de refrigeración || 7201 Supervisores de artesanos y trabajadores en el tratamiento y elaboración de productos de metal || 8201 Supervisores en procesos de ensamblado y montaje de maquinaria, herramientas y productos metálicos y electrónicos"
6180,1,4,9314,1723,2,NA,requiere_revision_semantica,1,48,"Otros jefes de departamento, coordinadores y supervisores en actividades no clasificadas anteriormente",1723|5201|9601,"1723 Coordinadores y jefes de área en servicios funerarios y otros servicios || 5201 Supervisores y encargados de trabajadores en cuidados personales y del hogar || 9601 Supervisores en limpieza, amas de llaves, mayordomos y en estacionamientos"
2125,1,3,6141,1223,2,2,original_coincide_con_consenso_oficial,1,48,Directores gerentes y administradores de área o establecimientos de enseñanza e investigación,1223|1324,1223 Directores y gerentes en centros de enseñanza y capacitación || 1324 Directores y gerentes en centros de investigación y desarrollo tecnológico
6110,1,6,4681,1512,1,NA,requiere_revision_semantica,1,48,"Jefes de departamento, coordinadores y supervisores en contabilidad y finanzas",1512|3101,"1512 Coordinadores y jefes de área en servicios contables, financieros, banca y seguros || 3101 Supervisores de secretarias, capturistas, cajeros y trabajadores de control de archivo y transporte"
7121,1,2,4920,8344,9,NA,requiere_revision_semantica,1,48,Repartidores,8344|9723,8344 Conductores de motocicleta || 9723 Repartidores de mercancías (a pie y en bicicleta)
7201,2,4,4652,4224,3,NA,requiere_revision_semantica,1,48,Vendedores ambulantes de artículos diversos,4224|9512|9661|9663,4224 Vendedores por catálogo || 9512 Vendedores ambulantes de artículos diversos (excluyendo los de venta de alimentos) || 9661 Recolectores de basura y material reciclable || 9663 Recolectores de otros materiales
8150,1,4,8112,3222,4,NA,requiere_revision_semantica,1,48,"Trabajadores de apoyo para la realización de espectáculos, turismo y deporte",3222|4233|5251|5254|9713,"3222 Guías de turismo en museos, casinos, parques, cines y otros centros recreativos || 4233 Modelos de moda, arte y publicidad || 5251 Astrólogos, adivinadores y afines || 5254 Entrenadores de animales y ocupaciones relacionadas con el cuidado de mascotas || 9713 Trabajadores de apoyo a la realización de espectáculos, deportes y en parques de diversiones"
2124,1,3,7221,1312,2,2,original_coincide_con_consenso_oficial,1,48,"Directores, gerentes y administradores de área o establecimientos en actividades de producción en industrias manufactureras, en la construcción y los servicios de reparación y mantenimiento",1312|1313|1314|1315,"1312 Directores y gerentes en producción minera, petrolera y gas || 1313 Directores y gerentes en generación y provisión de energía eléctrica y agua || 1314 Directores y gerentes en producción manufacturera || 1315 Directores y gerentes en construcción, reparación y mantenimiento"
5246,1,2,7223,2634,9,9,original_coincide_con_consenso_oficial,1,48,"Mecánicos, ajustadores, instaladores y trabajadores de mantenimiento y reparación de maquinaria, instrumentos industriales y equipos de refrigeración",2634|2638,"2634 Mecánicos en mantenimiento y reparación de maquinaria e instrumentos industriales || 2638 Mecánicos en instalación, mantenimiento y reparación de equipos de refrigeración, climas y aire acondicionado."
8100,1,6,4620,5112,4,4,original_coincide_con_consenso_oficial,1,48,Fonderos (preparan y sirven alimentos) en establecimientos,5112|5114,"5112 Fonderos, vendedores y comerciantes de comida || 5114 Taqueros y preparadores de comida rápida, antojitos, pizzas, hot dogs, jugos, café, etcétera"
6121,1,5,9314,1623,1,NA,requiere_revision_semantica,1,47,"Jefes de departamento, coordinadores y supervisores en la coordinación del transporte",1623|2661|2662|8301,"1623 Coordinadores y jefes de área en servicios de transporte || 2661 Controladores de tráfico aéreo || 2662 Controladores de tráfico de otros transportes (terrestre, ferroviario y marítimo) || 8301 Supervisores de conductores de transporte y de maquinaria móvil"
1250,1,5,9700,2531,3,NA,requiere_revision_semantica,1,47,Técnicos en ciencias sociales,2531|2532|2711,2531 Auxiliares en ciencias sociales y humanistas || 2532 Auxiliares en servicios jurídicos || 2711 Auxiliares y técnicos en pedagogía y en educación
2125,1,3,6251,1223,2,2,original_coincide_con_consenso_oficial,1,47,Directores gerentes y administradores de área o establecimientos de enseñanza e investigación,1223|1324,1223 Directores y gerentes en centros de enseñanza y capacitación || 1324 Directores y gerentes en centros de investigación y desarrollo tecnológico
5141,1,4,8111,2630,2,NA,requiere_revision_semantica,1,47,"Supervisores, inspectores y similares en la fabricación metalúrgica y en la fabricación de productos eléctricos y electrónicos, la reparación y mantenimiento de maquinaria y productos metálicos y de precisión",2630|7201|8201,"2630 Supervisores de mecánicos y técnicos en mantenimiento y reparación de equipos mecánicos, vehículos de motor, instrumentos industriales y equipo de refrigeración || 7201 Supervisores de artesanos y trabajadores en el tratamiento y elaboración de productos de metal || 8201 Supervisores en procesos de ensamblado y montaje de maquinaria, herramientas y productos metálicos y electrónicos"
5400,1,6,4330,9236,10,10,original_coincide_con_consenso_oficial,1,47,"Ayudantes, peones y similares en la fabricación de alimentos, bebidas y productos de tabaco",9236|9411,"9236 Trabajadores de apoyo en la industria de alimentos, bebidas y productos de tabaco || 9411 Ayudantes en la preparación de alimentos"
1204,1,3,4671,2621,2,NA,requiere_revision_semantica,1,47,"Técnicos en ingeniería química, industrial y mecánica",2621|2631|2633|2635|2637|2645,"2621 Auxiliares y técnicos industriales y químicos || 2631 Técnicos en mantenimiento y reparación de vehículos de motor || 2633 Técnicos en mantenimiento y reparación de maquinaria e instrumentos industriales || 2635 Técnicos en mantenimiento y reparación de instrumentos de precisión y musicales || 2637 Técnicos en la instalación, reparación y mantenimiento de equipos de refrigeración, climas y aire acondicionado || 2645 Técnicos en reparación de equipos electromecánicos"
2126,1,6,6212,1222,1,NA,requiere_revision_semantica,1,47,"Directores, gerentes y administradores de área o establecimientos en servicios asistenciales y de readaptación social",1222|1225|1226,1222 Directores y gerentes en desarrollo social y económico || 1225 Comandantes de las fuerzas armadas || 1226 Directores en servicios de vigilancia y seguridad
8150,1,7,8130,3222,4,NA,requiere_revision_semantica,1,47,"Trabajadores de apoyo para la realización de espectáculos, turismo y deporte",3222|4233|5251|5254|9713,"3222 Guías de turismo en museos, casinos, parques, cines y otros centros recreativos || 4233 Modelos de moda, arte y publicidad || 5251 Astrólogos, adivinadores y afines || 5254 Entrenadores de animales y ocupaciones relacionadas con el cuidado de mascotas || 9713 Trabajadores de apoyo a la realización de espectáculos, deportes y en parques de diversiones"
6110,1,5,6112,1512,1,NA,requiere_revision_semantica,1,46,"Jefes de departamento, coordinadores y supervisores en contabilidad y finanzas",1512|3101,"1512 Coordinadores y jefes de área en servicios contables, financieros, banca y seguros || 3101 Supervisores de secretarias, capturistas, cajeros y trabajadores de control de archivo y transporte"
6160,1,2,5222,1711,2,2,original_coincide_con_consenso_oficial,1,46,"Jefes de departamento, coordinadores y supervisores en servicios de restaurante, hospedaje y comercio",1711|1712,"1711 Coordinadores y jefes de área de ventas, comercialización y alquiler || 1712 Coordinadores y jefes de área de restaurantes y hoteles"
6160,1,2,6211,1711,2,2,original_coincide_con_consenso_oficial,1,46,"Jefes de departamento, coordinadores y supervisores en servicios de restaurante, hospedaje y comercio",1711|1712,"1711 Coordinadores y jefes de área de ventas, comercialización y alquiler || 1712 Coordinadores y jefes de área de restaurantes y hoteles"
2121,1,3,9311,1211,2,NA,requiere_revision_semantica,1,46,"Directores, gerentes y administradores de área o establecimientos de finanzas, contabilidad, recursos humanos, administración e impartición de justicia",1211|1212|1224|1321,"1211 Directores y gerentes en administración, recursos humanos y mercadotecnia || 1212 Directores y gerentes en servicios contables, financieros, banca y seguros || 1224 Jueces de juzgado, directores y gerentes en servicios legales y procuración de justicia || 1321 Directores y gerentes en informática"
8100,1,6,9313,5112,4,4,original_coincide_con_consenso_oficial,1,46,Fonderos (preparan y sirven alimentos) en establecimientos,5112|5114,"5112 Fonderos, vendedores y comerciantes de comida || 5114 Taqueros y preparadores de comida rápida, antojitos, pizzas, hot dogs, jugos, café, etcétera"
6121,1,6,3240,1623,1,NA,requiere_revision_semantica,1,46,"Jefes de departamento, coordinadores y supervisores en la coordinación del transporte",1623|2661|2662|8301,"1623 Coordinadores y jefes de área en servicios de transporte || 2661 Controladores de tráfico aéreo || 2662 Controladores de tráfico de otros transportes (terrestre, ferroviario y marítimo) || 8301 Supervisores de conductores de transporte y de maquinaria móvil"
8150,1,4,1121,3222,4,NA,requiere_revision_semantica,1,46,"Trabajadores de apoyo para la realización de espectáculos, turismo y deporte",3222|4233|5251|5254|9713,"3222 Guías de turismo en museos, casinos, parques, cines y otros centros recreativos || 4233 Modelos de moda, arte y publicidad || 5251 Astrólogos, adivinadores y afines || 5254 Entrenadores de animales y ocupaciones relacionadas con el cuidado de mascotas || 9713 Trabajadores de apoyo a la realización de espectáculos, deportes y en parques de diversiones"
5170,1,6,2123,1613,1,NA,requiere_revision_semantica,1,45,"Jefes, coordinadores y similares en la generación de energía, la instalación, reparación y mantenimiento de equipo eléctrico y de telecomunicaciones",1613|8101,1613 Coordinadores y jefes de área en generación y provisión de energía eléctrica y agua || 8101 Supervisores de operadores de maquinaria industrial
5380,1,3,3250,8131,9,NA,requiere_revision_semantica,1,45,Operadores de máquinas para el tratamiento de sustancias químicas y agua,8131|8134,8131 Operadores de máquinas para la elaboración de productos químicos || 8134 Operadores de máquinas para el tratamiento de agua
6160,2,3,8111,1711,2,2,original_coincide_con_consenso_oficial,1,45,"Jefes de departamento, coordinadores y supervisores en servicios de restaurante, hospedaje y comercio",1711|1712,"1711 Coordinadores y jefes de área de ventas, comercialización y alquiler || 1712 Coordinadores y jefes de área de restaurantes y hoteles"
1204,1,6,2123,2621,2,NA,requiere_revision_semantica,1,44,"Técnicos en ingeniería química, industrial y mecánica",2621|2631|2633|2635|2637|2645,"2621 Auxiliares y técnicos industriales y químicos || 2631 Técnicos en mantenimiento y reparación de vehículos de motor || 2633 Técnicos en mantenimiento y reparación de maquinaria e instrumentos industriales || 2635 Técnicos en mantenimiento y reparación de instrumentos de precisión y musicales || 2637 Técnicos en la instalación, reparación y mantenimiento de equipos de refrigeración, climas y aire acondicionado || 2645 Técnicos en reparación de equipos electromecánicos"
1204,1,3,4310,2621,2,NA,requiere_revision_semantica,1,44,"Técnicos en ingeniería química, industrial y mecánica",2621|2631|2633|2635|2637|2645,"2621 Auxiliares y técnicos industriales y químicos || 2631 Técnicos en mantenimiento y reparación de vehículos de motor || 2633 Técnicos en mantenimiento y reparación de maquinaria e instrumentos industriales || 2635 Técnicos en mantenimiento y reparación de instrumentos de precisión y musicales || 2637 Técnicos en la instalación, reparación y mantenimiento de equipos de refrigeración, climas y aire acondicionado || 2645 Técnicos en reparación de equipos electromecánicos"
6290,1,5,1122,NA,NA,NA,original_tampoco_resuelve,1,44,NA,NA,NA
6160,1,5,5222,1711,1,1,original_coincide_con_consenso_oficial,1,44,"Jefes de departamento, coordinadores y supervisores en servicios de restaurante, hospedaje y comercio",1711|1712,"1711 Coordinadores y jefes de área de ventas, comercialización y alquiler || 1712 Coordinadores y jefes de área de restaurantes y hoteles"
2123,1,3,4810,1322,2,2,original_coincide_con_consenso_oficial,1,44,"Directores, gerentes y administradores de área o establecimientos en comunicaciones y transportes",1322|1323,1322 Directores y gerentes en comunicación y telecomunicaciones || 1323 Directores y gerentes en servicios de transporte
5246,1,2,5322,2634,9,9,original_coincide_con_consenso_oficial,1,44,"Mecánicos, ajustadores, instaladores y trabajadores de mantenimiento y reparación de maquinaria, instrumentos industriales y equipos de refrigeración",2634|2638,"2634 Mecánicos en mantenimiento y reparación de maquinaria e instrumentos industriales || 2638 Mecánicos en instalación, mantenimiento y reparación de equipos de refrigeración, climas y aire acondicionado."
2125,1,2,6251,1223,2,2,original_coincide_con_consenso_oficial,1,44,Directores gerentes y administradores de área o establecimientos de enseñanza e investigación,1223|1324,1223 Directores y gerentes en centros de enseñanza y capacitación || 1324 Directores y gerentes en centros de investigación y desarrollo tecnológico
5111,1,4,2122,7101,7,7,original_coincide_con_consenso_oficial,1,44,"Supervisores, inspectores y similares en la extracción en minas, canteras y pozos",7101|8101,"7101 Supervisores de trabajadores en la extracción, albañiles y en acabados de la construcción || 8101 Supervisores de operadores de maquinaria industrial"
6110,1,6,4641,1512,1,NA,requiere_revision_semantica,1,44,"Jefes de departamento, coordinadores y supervisores en contabilidad y finanzas",1512|3101,"1512 Coordinadores y jefes de área en servicios contables, financieros, banca y seguros || 3101 Supervisores de secretarias, capturistas, cajeros y trabajadores de control de archivo y transporte"
1204,1,5,2131,2621,2,NA,requiere_revision_semantica,1,44,"Técnicos en ingeniería química, industrial y mecánica",2621|2631|2633|2635|2637|2645,"2621 Auxiliares y técnicos industriales y químicos || 2631 Técnicos en mantenimiento y reparación de vehículos de motor || 2633 Técnicos en mantenimiento y reparación de maquinaria e instrumentos industriales || 2635 Técnicos en mantenimiento y reparación de instrumentos de precisión y musicales || 2637 Técnicos en la instalación, reparación y mantenimiento de equipos de refrigeración, climas y aire acondicionado || 2645 Técnicos en reparación de equipos electromecánicos"
6180,1,3,5613,1723,2,NA,requiere_revision_semantica,1,43,"Otros jefes de departamento, coordinadores y supervisores en actividades no clasificadas anteriormente",1723|5201|9601,"1723 Coordinadores y jefes de área en servicios funerarios y otros servicios || 5201 Supervisores y encargados de trabajadores en cuidados personales y del hogar || 9601 Supervisores en limpieza, amas de llaves, mayordomos y en estacionamientos"
2126,1,3,9314,1222,1,NA,requiere_revision_semantica,1,43,"Directores, gerentes y administradores de área o establecimientos en servicios asistenciales y de readaptación social",1222|1225|1226,1222 Directores y gerentes en desarrollo social y económico || 1225 Comandantes de las fuerzas armadas || 1226 Directores en servicios de vigilancia y seguridad
7201,2,2,4642,4224,3,NA,requiere_revision_semantica,1,43,Vendedores ambulantes de artículos diversos,4224|9512|9661|9663,4224 Vendedores por catálogo || 9512 Vendedores ambulantes de artículos diversos (excluyendo los de venta de alimentos) || 9661 Recolectores de basura y material reciclable || 9663 Recolectores de otros materiales
6260,1,6,2123,3141,3,3,original_coincide_con_consenso_oficial,1,43,"Despachadores, checadores y similares en la operación del transporte",3141|3142,3141 Despachadores de transporte || 3142 Checadores y revisores de transporte
1153,1,6,5615,2234,NA,NA,original_tampoco_resuelve,1,43,Profesionistas en pesca y en acuacultura,2234,2234 Especialistas en pesca y en acuacultura
5380,1,7,2221,8131,9,NA,requiere_revision_semantica,1,43,Operadores de máquinas para el tratamiento de sustancias químicas y agua,8131|8134,8131 Operadores de máquinas para la elaboración de productos químicos || 8134 Operadores de máquinas para el tratamiento de agua
6110,1,3,4671,1512,2,2,original_coincide_con_consenso_oficial,1,43,"Jefes de departamento, coordinadores y supervisores en contabilidad y finanzas",1512|3101,"1512 Coordinadores y jefes de área en servicios contables, financieros, banca y seguros || 3101 Supervisores de secretarias, capturistas, cajeros y trabajadores de control de archivo y transporte"
8131,2,7,8130,5212,NA,NA,original_tampoco_resuelve,1,42,"Maquillistas, manicuristas y pedicuristas",5212,"5212 Maquillistas, manicuristas, pedicuristas y tatuadores"
8150,1,5,5615,3222,4,NA,requiere_revision_semantica,1,42,"Trabajadores de apoyo para la realización de espectáculos, turismo y deporte",3222|4233|5251|5254|9713,"3222 Guías de turismo en museos, casinos, parques, cines y otros centros recreativos || 4233 Modelos de moda, arte y publicidad || 5251 Astrólogos, adivinadores y afines || 5254 Entrenadores de animales y ocupaciones relacionadas con el cuidado de mascotas || 9713 Trabajadores de apoyo a la realización de espectáculos, deportes y en parques de diversiones"
5170,1,3,2361,1613,2,NA,requiere_revision_semantica,1,42,"Jefes, coordinadores y similares en la generación de energía, la instalación, reparación y mantenimiento de equipo eléctrico y de telecomunicaciones",1613|8101,1613 Coordinadores y jefes de área en generación y provisión de energía eléctrica y agua || 8101 Supervisores de operadores de maquinaria industrial
2124,2,2,3380,1312,2,2,original_coincide_con_consenso_oficial,1,42,"Directores, gerentes y administradores de área o establecimientos en actividades de producción en industrias manufactureras, en la construcción y los servicios de reparación y mantenimiento",1312|1313|1314|1315,"1312 Directores y gerentes en producción minera, petrolera y gas || 1313 Directores y gerentes en generación y provisión de energía eléctrica y agua || 1314 Directores y gerentes en producción manufacturera || 1315 Directores y gerentes en construcción, reparación y mantenimiento"
6160,1,5,8121,1711,1,1,original_coincide_con_consenso_oficial,1,42,"Jefes de departamento, coordinadores y supervisores en servicios de restaurante, hospedaje y comercio",1711|1712,"1711 Coordinadores y jefes de área de ventas, comercialización y alquiler || 1712 Coordinadores y jefes de área de restaurantes y hoteles"
6160,4,5,7221,1711,1,1,original_coincide_con_consenso_oficial,1,42,"Jefes de departamento, coordinadores y supervisores en servicios de restaurante, hospedaje y comercio",1711|1712,"1711 Coordinadores y jefes de área de ventas, comercialización y alquiler || 1712 Coordinadores y jefes de área de restaurantes y hoteles"
6150,1,7,9314,1721,2,2,original_coincide_con_consenso_oficial,1,42,"Jefes de departamento, coordinadores y supervisores en servicios culturales y de esparcimiento",1721|1722,"1721 Coordinadores y jefes de área en actividades artísticas, de cine, teatro y afines || 1722 Coordinadores y jefes de área en museos, cines, deportivos y servicios culturales"
1250,4,5,8130,2531,3,NA,requiere_revision_semantica,1,41,Técnicos en ciencias sociales,2531|2532|2711,2531 Auxiliares en ciencias sociales y humanistas || 2532 Auxiliares en servicios jurídicos || 2711 Auxiliares y técnicos en pedagogía y en educación
2100,1,6,9312,1111,1,1,original_coincide_con_consenso_oficial,1,41,Altas autoridades gubernamentales y legislativas,1111|1112,1111 Altas autoridades gubernamentales y jurisdiccionales || 1112 Legisladores
6160,1,6,3240,1711,1,1,original_coincide_con_consenso_oficial,1,41,"Jefes de departamento, coordinadores y supervisores en servicios de restaurante, hospedaje y comercio",1711|1712,"1711 Coordinadores y jefes de área de ventas, comercialización y alquiler || 1712 Coordinadores y jefes de área de restaurantes y hoteles"
6180,1,6,2370,1723,1,NA,requiere_revision_semantica,1,40,"Otros jefes de departamento, coordinadores y supervisores en actividades no clasificadas anteriormente",1723|5201|9601,"1723 Coordinadores y jefes de área en servicios funerarios y otros servicios || 5201 Supervisores y encargados de trabajadores en cuidados personales y del hogar || 9601 Supervisores en limpieza, amas de llaves, mayordomos y en estacionamientos"
2121,1,7,8130,1211,2,NA,requiere_revision_semantica,1,40,"Directores, gerentes y administradores de área o establecimientos de finanzas, contabilidad, recursos humanos, administración e impartición de justicia",1211|1212|1224|1321,"1211 Directores y gerentes en administración, recursos humanos y mercadotecnia || 1212 Directores y gerentes en servicios contables, financieros, banca y seguros || 1224 Jueces de juzgado, directores y gerentes en servicios legales y procuración de justicia || 1321 Directores y gerentes en informática"
2121,1,3,9312,1211,2,NA,requiere_revision_semantica,1,40,"Directores, gerentes y administradores de área o establecimientos de finanzas, contabilidad, recursos humanos, administración e impartición de justicia",1211|1212|1224|1321,"1211 Directores y gerentes en administración, recursos humanos y mercadotecnia || 1212 Directores y gerentes en servicios contables, financieros, banca y seguros || 1224 Jueces de juzgado, directores y gerentes en servicios legales y procuración de justicia || 1321 Directores y gerentes en informática"
5249,3,1,8112,2639,6,6,original_coincide_con_consenso_oficial,1,40,Otros trabajadores que desempeñan una ocupación afín a las comprendidas en este subgrupo,2639|7214,"2639 Otras ocupaciones de mecánicos y técnicos en el mantenimiento y reparación de equipos mecánicos, vehículos de motor e instrumentos industriales, no clasificados anteriormente || 7214 Montadores de estructuras metálicas"
5170,1,6,9314,1613,1,NA,requiere_revision_semantica,1,40,"Jefes, coordinadores y similares en la generación de energía, la instalación, reparación y mantenimiento de equipo eléctrico y de telecomunicaciones",1613|8101,1613 Coordinadores y jefes de área en generación y provisión de energía eléctrica y agua || 8101 Supervisores de operadores de maquinaria industrial
6290,1,6,9312,NA,NA,NA,original_tampoco_resuelve,1,40,NA,NA,NA
1204,1,2,4661,2621,2,NA,requiere_revision_semantica,1,40,"Técnicos en ingeniería química, industrial y mecánica",2621|2631|2633|2635|2637|2645,"2621 Auxiliares y técnicos industriales y químicos || 2631 Técnicos en mantenimiento y reparación de vehículos de motor || 2633 Técnicos en mantenimiento y reparación de maquinaria e instrumentos industriales || 2635 Técnicos en mantenimiento y reparación de instrumentos de precisión y musicales || 2637 Técnicos en la instalación, reparación y mantenimiento de equipos de refrigeración, climas y aire acondicionado || 2645 Técnicos en reparación de equipos electromecánicos"
2126,1,2,6231,1222,1,NA,requiere_revision_semantica,1,40,"Directores, gerentes y administradores de área o establecimientos en servicios asistenciales y de readaptación social",1222|1225|1226,1222 Directores y gerentes en desarrollo social y económico || 1225 Comandantes de las fuerzas armadas || 1226 Directores en servicios de vigilancia y seguridad
5246,1,6,3370,2634,8,8,original_coincide_con_consenso_oficial,1,40,"Mecánicos, ajustadores, instaladores y trabajadores de mantenimiento y reparación de maquinaria, instrumentos industriales y equipos de refrigeración",2634|2638,"2634 Mecánicos en mantenimiento y reparación de maquinaria e instrumentos industriales || 2638 Mecánicos en instalación, mantenimiento y reparación de equipos de refrigeración, climas y aire acondicionado."
2133,1,4,9320,1134,1,1,original_coincide_con_consenso_oficial,1,40,"Directivos de organizaciones humanitarias, religiosas, asociaciones civiles y ejidales",1134|1135,1134 Directores de organizaciones agrarias || 1135 Directores de organizaciones civiles y religiosas
5410,1,2,3270,9211,11,11,original_coincide_con_consenso_oficial,1,40,"Ayudantes, peones y similares en la extracción en minas, canteras y pozos",9211|9212,9211 Trabajadores de apoyo en la minería || 9212 Trabajadores de apoyo en la extracción
2124,3,1,3260,1312,2,2,original_coincide_con_consenso_oficial,1,39,"Directores, gerentes y administradores de área o establecimientos en actividades de producción en industrias manufactureras, en la construcción y los servicios de reparación y mantenimiento",1312|1313|1314|1315,"1312 Directores y gerentes en producción minera, petrolera y gas || 1313 Directores y gerentes en generación y provisión de energía eléctrica y agua || 1314 Directores y gerentes en producción manufacturera || 1315 Directores y gerentes en construcción, reparación y mantenimiento"
5111,1,6,2370,7101,7,7,original_coincide_con_consenso_oficial,1,39,"Supervisores, inspectores y similares en la extracción en minas, canteras y pozos",7101|8101,"7101 Supervisores de trabajadores en la extracción, albañiles y en acabados de la construcción || 8101 Supervisores de operadores de maquinaria industrial"
1250,4,7,5412,2531,3,NA,requiere_revision_semantica,1,39,Técnicos en ciencias sociales,2531|2532|2711,2531 Auxiliares en ciencias sociales y humanistas || 2532 Auxiliares en servicios jurídicos || 2711 Auxiliares y técnicos en pedagogía y en educación
6121,1,2,4820,1623,2,2,original_coincide_con_consenso_oficial,1,39,"Jefes de departamento, coordinadores y supervisores en la coordinación del transporte",1623|2661|2662|8301,"1623 Coordinadores y jefes de área en servicios de transporte || 2661 Controladores de tráfico aéreo || 2662 Controladores de tráfico de otros transportes (terrestre, ferroviario y marítimo) || 8301 Supervisores de conductores de transporte y de maquinaria móvil"
6260,1,6,5616,3141,3,3,original_coincide_con_consenso_oficial,1,39,"Despachadores, checadores y similares en la operación del transporte",3141|3142,3141 Despachadores de transporte || 3142 Checadores y revisores de transporte
1230,4,6,9312,2612,2,NA,requiere_revision_semantica,1,39,Técnicos laboratoristas químicos y biólogos,2612|2813|2827,"2612 Auxiliares y técnicos en ciencias biológicas, químicas y del medio ambiente || 2813 Técnicos de laboratorios médicos || 2827 Fumigadores y controladores de plagas"
2125,1,2,6141,1223,2,2,original_coincide_con_consenso_oficial,1,39,Directores gerentes y administradores de área o establecimientos de enseñanza e investigación,1223|1324,1223 Directores y gerentes en centros de enseñanza y capacitación || 1324 Directores y gerentes en centros de investigación y desarrollo tecnológico
2124,1,2,6141,1312,2,2,original_coincide_con_consenso_oficial,1,39,"Directores, gerentes y administradores de área o establecimientos en actividades de producción en industrias manufactureras, en la construcción y los servicios de reparación y mantenimiento",1312|1313|1314|1315,"1312 Directores y gerentes en producción minera, petrolera y gas || 1313 Directores y gerentes en generación y provisión de energía eléctrica y agua || 1314 Directores y gerentes en producción manufacturera || 1315 Directores y gerentes en construcción, reparación y mantenimiento"
6160,1,5,2361,1711,1,1,original_coincide_con_consenso_oficial,1,39,"Jefes de departamento, coordinadores y supervisores en servicios de restaurante, hospedaje y comercio",1711|1712,"1711 Coordinadores y jefes de área de ventas, comercialización y alquiler || 1712 Coordinadores y jefes de área de restaurantes y hoteles"
2124,2,2,3310,1312,2,2,original_coincide_con_consenso_oficial,1,39,"Directores, gerentes y administradores de área o establecimientos en actividades de producción en industrias manufactureras, en la construcción y los servicios de reparación y mantenimiento",1312|1313|1314|1315,"1312 Directores y gerentes en producción minera, petrolera y gas || 1313 Directores y gerentes en generación y provisión de energía eléctrica y agua || 1314 Directores y gerentes en producción manufacturera || 1315 Directores y gerentes en construcción, reparación y mantenimiento"
7121,1,4,4340,8344,9,NA,requiere_revision_semantica,1,39,Repartidores,8344|9723,8344 Conductores de motocicleta || 9723 Repartidores de mercancías (a pie y en bicicleta)
2121,1,2,5321,1211,2,NA,requiere_revision_semantica,1,39,"Directores, gerentes y administradores de área o establecimientos de finanzas, contabilidad, recursos humanos, administración e impartición de justicia",1211|1212|1224|1321,"1211 Directores y gerentes en administración, recursos humanos y mercadotecnia || 1212 Directores y gerentes en servicios contables, financieros, banca y seguros || 1224 Jueces de juzgado, directores y gerentes en servicios legales y procuración de justicia || 1321 Directores y gerentes en informática"
5190,1,6,6112,NA,NA,NA,original_tampoco_resuelve,1,39,NA,NA,NA
6180,1,6,5611,1723,1,NA,requiere_revision_semantica,1,38,"Otros jefes de departamento, coordinadores y supervisores en actividades no clasificadas anteriormente",1723|5201|9601,"1723 Coordinadores y jefes de área en servicios funerarios y otros servicios || 5201 Supervisores y encargados de trabajadores en cuidados personales y del hogar || 9601 Supervisores en limpieza, amas de llaves, mayordomos y en estacionamientos"
6260,1,3,3120,3141,3,3,original_coincide_con_consenso_oficial,1,38,"Despachadores, checadores y similares en la operación del transporte",3141|3142,3141 Despachadores de transporte || 3142 Checadores y revisores de transporte
1204,1,3,4661,2621,2,NA,requiere_revision_semantica,1,38,"Técnicos en ingeniería química, industrial y mecánica",2621|2631|2633|2635|2637|2645,"2621 Auxiliares y técnicos industriales y químicos || 2631 Técnicos en mantenimiento y reparación de vehículos de motor || 2633 Técnicos en mantenimiento y reparación de maquinaria e instrumentos industriales || 2635 Técnicos en mantenimiento y reparación de instrumentos de precisión y musicales || 2637 Técnicos en la instalación, reparación y mantenimiento de equipos de refrigeración, climas y aire acondicionado || 2645 Técnicos en reparación de equipos electromecánicos"
5100,1,4,6111,1614,2,NA,requiere_revision_semantica,1,38,"Jefes, coordinadores y similares en la fabricación de alimentos, bebidas y productos de tabaco",1614|5101,"1614 Coordinadores y jefes de área en producción manufacturera || 5101 Supervisores en la preparación y servicio de alimentos y bebidas, así como en servicios de esparcimiento y de hotelería"
6100,1,4,6212,1521,2,2,original_coincide_con_consenso_oficial,1,38,"Jefes de departamento, coordinadores y supervisores en servicios de salud y asistencia social",1521|2524,"1521 Coordinadores y jefes de área en servicios de salud, protección civil y medio ambiente || 2524 Inspectores en seguridad social, de precios y otros inspectores públicos"
2126,1,3,6231,1222,1,NA,requiere_revision_semantica,1,38,"Directores, gerentes y administradores de área o establecimientos en servicios asistenciales y de readaptación social",1222|1225|1226,1222 Directores y gerentes en desarrollo social y económico || 1225 Comandantes de las fuerzas armadas || 1226 Directores en servicios de vigilancia y seguridad
8150,1,7,7120,3222,4,NA,requiere_revision_semantica,1,38,"Trabajadores de apoyo para la realización de espectáculos, turismo y deporte",3222|4233|5251|5254|9713,"3222 Guías de turismo en museos, casinos, parques, cines y otros centros recreativos || 4233 Modelos de moda, arte y publicidad || 5251 Astrólogos, adivinadores y afines || 5254 Entrenadores de animales y ocupaciones relacionadas con el cuidado de mascotas || 9713 Trabajadores de apoyo a la realización de espectáculos, deportes y en parques de diversiones"
4151,2,4,1121,6212,12,NA,requiere_revision_semantica,1,38,Trabajadores en actividades de acuacultura,6212|9122,6212 Trabajadores en actividades de acuacultura || 9122 Trabajadores de apoyo en actividades de acuicultura y pesca
8150,4,3,7131,3222,4,NA,requiere_revision_semantica,1,38,"Trabajadores de apoyo para la realización de espectáculos, turismo y deporte",3222|4233|5251|5254|9713,"3222 Guías de turismo en museos, casinos, parques, cines y otros centros recreativos || 4233 Modelos de moda, arte y publicidad || 5251 Astrólogos, adivinadores y afines || 5254 Entrenadores de animales y ocupaciones relacionadas con el cuidado de mascotas || 9713 Trabajadores de apoyo a la realización de espectáculos, deportes y en parques de diversiones"
1204,1,4,3120,2621,2,NA,requiere_revision_semantica,1,37,"Técnicos en ingeniería química, industrial y mecánica",2621|2631|2633|2635|2637|2645,"2621 Auxiliares y técnicos industriales y químicos || 2631 Técnicos en mantenimiento y reparación de vehículos de motor || 2633 Técnicos en mantenimiento y reparación de maquinaria e instrumentos industriales || 2635 Técnicos en mantenimiento y reparación de instrumentos de precisión y musicales || 2637 Técnicos en la instalación, reparación y mantenimiento de equipos de refrigeración, climas y aire acondicionado || 2645 Técnicos en reparación de equipos electromecánicos"
2123,1,6,3150,1322,1,1,original_coincide_con_consenso_oficial,1,37,"Directores, gerentes y administradores de área o establecimientos en comunicaciones y transportes",1322|1323,1322 Directores y gerentes en comunicación y telecomunicaciones || 1323 Directores y gerentes en servicios de transporte
5159,1,6,8130,7601,7,7,original_coincide_con_consenso_oficial,1,37,Otros trabajadores que desempeñan una ocupación afín a las comprendidas en este grupo,7601,"7601 Supervisores de artesanos y trabajadores en la elaboración de productos de cerámica, vidrio, azulejo y similares"
1204,1,4,5614,2621,2,NA,requiere_revision_semantica,1,37,"Técnicos en ingeniería química, industrial y mecánica",2621|2631|2633|2635|2637|2645,"2621 Auxiliares y técnicos industriales y químicos || 2631 Técnicos en mantenimiento y reparación de vehículos de motor || 2633 Técnicos en mantenimiento y reparación de maquinaria e instrumentos industriales || 2635 Técnicos en mantenimiento y reparación de instrumentos de precisión y musicales || 2637 Técnicos en la instalación, reparación y mantenimiento de equipos de refrigeración, climas y aire acondicionado || 2645 Técnicos en reparación de equipos electromecánicos"
2124,1,6,6132,1312,1,1,original_coincide_con_consenso_oficial,1,37,"Directores, gerentes y administradores de área o establecimientos en actividades de producción en industrias manufactureras, en la construcción y los servicios de reparación y mantenimiento",1312|1313|1314|1315,"1312 Directores y gerentes en producción minera, petrolera y gas || 1313 Directores y gerentes en generación y provisión de energía eléctrica y agua || 1314 Directores y gerentes en producción manufacturera || 1315 Directores y gerentes en construcción, reparación y mantenimiento"
2123,1,5,6132,1322,1,1,original_coincide_con_consenso_oficial,1,37,"Directores, gerentes y administradores de área o establecimientos en comunicaciones y transportes",1322|1323,1322 Directores y gerentes en comunicación y telecomunicaciones || 1323 Directores y gerentes en servicios de transporte
5400,2,2,3110,9236,5,5,original_coincide_con_consenso_oficial,1,37,"Ayudantes, peones y similares en la fabricación de alimentos, bebidas y productos de tabaco",9236|9411,"9236 Trabajadores de apoyo en la industria de alimentos, bebidas y productos de tabaco || 9411 Ayudantes en la preparación de alimentos"
1230,1,4,6132,2612,2,NA,requiere_revision_semantica,1,37,Técnicos laboratoristas químicos y biólogos,2612|2813|2827,"2612 Auxiliares y técnicos en ciencias biológicas, químicas y del medio ambiente || 2813 Técnicos de laboratorios médicos || 2827 Fumigadores y controladores de plagas"
2121,1,3,4310,1211,2,NA,requiere_revision_semantica,1,37,"Directores, gerentes y administradores de área o establecimientos de finanzas, contabilidad, recursos humanos, administración e impartición de justicia",1211|1212|1224|1321,"1211 Directores y gerentes en administración, recursos humanos y mercadotecnia || 1212 Directores y gerentes en servicios contables, financieros, banca y seguros || 1224 Jueces de juzgado, directores y gerentes en servicios legales y procuración de justicia || 1321 Directores y gerentes en informática"
5170,1,2,2382,1613,2,NA,requiere_revision_semantica,1,37,"Jefes, coordinadores y similares en la generación de energía, la instalación, reparación y mantenimiento de equipo eléctrico y de telecomunicaciones",1613|8101,1613 Coordinadores y jefes de área en generación y provisión de energía eléctrica y agua || 8101 Supervisores de operadores de maquinaria industrial
6130,1,3,5411,1621,2,2,original_coincide_con_consenso_oficial,1,37,"Jefes de departamento, coordinadores y supervisores en servicios estadísticos e informáticos",1621|3201,1621 Coordinadores y jefes de área en informática || 3201 Supervisores de trabajadores que brindan y manejan información
5400,1,5,3260,9236,10,10,original_coincide_con_consenso_oficial,1,36,"Ayudantes, peones y similares en la fabricación de alimentos, bebidas y productos de tabaco",9236|9411,"9236 Trabajadores de apoyo en la industria de alimentos, bebidas y productos de tabaco || 9411 Ayudantes en la preparación de alimentos"
6110,1,3,4661,1512,2,2,original_coincide_con_consenso_oficial,1,35,"Jefes de departamento, coordinadores y supervisores en contabilidad y finanzas",1512|3101,"1512 Coordinadores y jefes de área en servicios contables, financieros, banca y seguros || 3101 Supervisores de secretarias, capturistas, cajeros y trabajadores de control de archivo y transporte"
8150,1,5,7113,3222,4,NA,requiere_revision_semantica,1,35,"Trabajadores de apoyo para la realización de espectáculos, turismo y deporte",3222|4233|5251|5254|9713,"3222 Guías de turismo en museos, casinos, parques, cines y otros centros recreativos || 4233 Modelos de moda, arte y publicidad || 5251 Astrólogos, adivinadores y afines || 5254 Entrenadores de animales y ocupaciones relacionadas con el cuidado de mascotas || 9713 Trabajadores de apoyo a la realización de espectáculos, deportes y en parques de diversiones"
2121,2,2,4651,1211,2,NA,requiere_revision_semantica,1,35,"Directores, gerentes y administradores de área o establecimientos de finanzas, contabilidad, recursos humanos, administración e impartición de justicia",1211|1212|1224|1321,"1211 Directores y gerentes en administración, recursos humanos y mercadotecnia || 1212 Directores y gerentes en servicios contables, financieros, banca y seguros || 1224 Jueces de juzgado, directores y gerentes en servicios legales y procuración de justicia || 1321 Directores y gerentes en informática"
2121,2,2,7210,1211,2,NA,requiere_revision_semantica,1,35,"Directores, gerentes y administradores de área o establecimientos de finanzas, contabilidad, recursos humanos, administración e impartición de justicia",1211|1212|1224|1321,"1211 Directores y gerentes en administración, recursos humanos y mercadotecnia || 1212 Directores y gerentes en servicios contables, financieros, banca y seguros || 1224 Jueces de juzgado, directores y gerentes en servicios legales y procuración de justicia || 1321 Directores y gerentes en informática"
6110,1,5,4671,1512,1,NA,requiere_revision_semantica,1,35,"Jefes de departamento, coordinadores y supervisores en contabilidad y finanzas",1512|3101,"1512 Coordinadores y jefes de área en servicios contables, financieros, banca y seguros || 3101 Supervisores de secretarias, capturistas, cajeros y trabajadores de control de archivo y transporte"
6131,1,2,5411,NA,NA,NA,original_tampoco_resuelve,1,34,NA,NA,NA
2133,4,4,8130,1134,1,1,original_coincide_con_consenso_oficial,1,34,"Directivos de organizaciones humanitarias, religiosas, asociaciones civiles y ejidales",1134|1135,1134 Directores de organizaciones agrarias || 1135 Directores de organizaciones civiles y religiosas
5141,1,6,4620,2630,2,NA,requiere_revision_semantica,1,34,"Supervisores, inspectores y similares en la fabricación metalúrgica y en la fabricación de productos eléctricos y electrónicos, la reparación y mantenimiento de maquinaria y productos metálicos y de precisión",2630|7201|8201,"2630 Supervisores de mecánicos y técnicos en mantenimiento y reparación de equipos mecánicos, vehículos de motor, instrumentos industriales y equipo de refrigeración || 7201 Supervisores de artesanos y trabajadores en el tratamiento y elaboración de productos de metal || 8201 Supervisores en procesos de ensamblado y montaje de maquinaria, herramientas y productos metálicos y electrónicos"
8131,2,7,8121,5212,NA,NA,original_tampoco_resuelve,1,34,"Maquillistas, manicuristas y pedicuristas",5212,"5212 Maquillistas, manicuristas, pedicuristas y tatuadores"
2121,2,7,4310,1211,2,NA,requiere_revision_semantica,1,34,"Directores, gerentes y administradores de área o establecimientos de finanzas, contabilidad, recursos humanos, administración e impartición de justicia",1211|1212|1224|1321,"1211 Directores y gerentes en administración, recursos humanos y mercadotecnia || 1212 Directores y gerentes en servicios contables, financieros, banca y seguros || 1224 Jueces de juzgado, directores y gerentes en servicios legales y procuración de justicia || 1321 Directores y gerentes en informática"
6160,1,7,6132,1711,2,2,original_coincide_con_consenso_oficial,1,34,"Jefes de departamento, coordinadores y supervisores en servicios de restaurante, hospedaje y comercio",1711|1712,"1711 Coordinadores y jefes de área de ventas, comercialización y alquiler || 1712 Coordinadores y jefes de área de restaurantes y hoteles"
8100,1,7,5110,5112,4,4,original_coincide_con_consenso_oficial,1,34,Fonderos (preparan y sirven alimentos) en establecimientos,5112|5114,"5112 Fonderos, vendedores y comerciantes de comida || 5114 Taqueros y preparadores de comida rápida, antojitos, pizzas, hot dogs, jugos, café, etcétera"
2124,3,2,3150,1312,2,2,original_coincide_con_consenso_oficial,1,34,"Directores, gerentes y administradores de área o establecimientos en actividades de producción en industrias manufactureras, en la construcción y los servicios de reparación y mantenimiento",1312|1313|1314|1315,"1312 Directores y gerentes en producción minera, petrolera y gas || 1313 Directores y gerentes en generación y provisión de energía eléctrica y agua || 1314 Directores y gerentes en producción manufacturera || 1315 Directores y gerentes en construcción, reparación y mantenimiento"
7201,4,2,1141,4224,3,NA,requiere_revision_semantica,1,33,Vendedores ambulantes de artículos diversos,4224|9512|9661|9663,4224 Vendedores por catálogo || 9512 Vendedores ambulantes de artículos diversos (excluyendo los de venta de alimentos) || 9661 Recolectores de basura y material reciclable || 9663 Recolectores de otros materiales
6101,1,2,6132,1523,2,2,original_coincide_con_consenso_oficial,1,33,"Jefes de departamento, coordinadores y supervisores en servicios de educación",1523|2311,1523 Coordinadores y jefes de área en centros de enseñanza y capacitación || 2311 Supervisores e inspectores educativos
1250,1,6,5222,2531,3,NA,requiere_revision_semantica,1,32,Técnicos en ciencias sociales,2531|2532|2711,2531 Auxiliares en ciencias sociales y humanistas || 2532 Auxiliares en servicios jurídicos || 2711 Auxiliares y técnicos en pedagogía y en educación
7210,3,5,4612,9521,NA,NA,original_tampoco_resuelve,1,32,Vendedores y preparadores de alimentos en la vía pública,9521,9521 Preparadores y vendedores ambulantes de alimentos
6110,1,5,5322,1512,1,NA,requiere_revision_semantica,1,31,"Jefes de departamento, coordinadores y supervisores en contabilidad y finanzas",1512|3101,"1512 Coordinadores y jefes de área en servicios contables, financieros, banca y seguros || 3101 Supervisores de secretarias, capturistas, cajeros y trabajadores de control de archivo y transporte"
7201,3,2,7222,4224,3,NA,requiere_revision_semantica,1,31,Vendedores ambulantes de artículos diversos,4224|9512|9661|9663,4224 Vendedores por catálogo || 9512 Vendedores ambulantes de artículos diversos (excluyendo los de venta de alimentos) || 9661 Recolectores de basura y material reciclable || 9663 Recolectores de otros materiales
1423,2,2,3370,2541,5,5,original_coincide_con_consenso_oficial,1,30,Decoradores y diseñadores,2541|2542|2543|2544,"2541 Diseñadores de moda y vestuario || 2542 Diseñadores industriales || 2543 Diseñadores gráficos || 2544 Decoradores de interiores, jardines y diversos materiales (tazas, llaveros, etcétera)"
8150,1,2,5120,3222,4,NA,requiere_revision_semantica,1,30,"Trabajadores de apoyo para la realización de espectáculos, turismo y deporte",3222|4233|5251|5254|9713,"3222 Guías de turismo en museos, casinos, parques, cines y otros centros recreativos || 4233 Modelos de moda, arte y publicidad || 5251 Astrólogos, adivinadores y afines || 5254 Entrenadores de animales y ocupaciones relacionadas con el cuidado de mascotas || 9713 Trabajadores de apoyo a la realización de espectáculos, deportes y en parques de diversiones"
5509,1,3,5613,NA,NA,NA,original_tampoco_resuelve,1,30,NA,NA,NA
7121,1,2,8121,8344,9,NA,requiere_revision_semantica,1,28,Repartidores,8344|9723,8344 Conductores de motocicleta || 9723 Repartidores de mercancías (a pie y en bicicleta)
6180,1,6,6142,1723,1,NA,requiere_revision_semantica,1,27,"Otros jefes de departamento, coordinadores y supervisores en actividades no clasificadas anteriormente",1723|5201|9601,"1723 Coordinadores y jefes de área en servicios funerarios y otros servicios || 5201 Supervisores y encargados de trabajadores en cuidados personales y del hogar || 9601 Supervisores en limpieza, amas de llaves, mayordomos y en estacionamientos"
2124,2,3,3250,1312,2,2,original_coincide_con_consenso_oficial,1,26,"Directores, gerentes y administradores de área o establecimientos en actividades de producción en industrias manufactureras, en la construcción y los servicios de reparación y mantenimiento",1312|1313|1314|1315,"1312 Directores y gerentes en producción minera, petrolera y gas || 1313 Directores y gerentes en generación y provisión de energía eléctrica y agua || 1314 Directores y gerentes en producción manufacturera || 1315 Directores y gerentes en construcción, reparación y mantenimiento"
